"id","UREH","probabilidad"
1,"aporte_conservada",0.391113578845694
1,"aporte_degradada",0.129151052601675
1,"transferencia_conservada",0.208443210577153
1,"transferencia_degradada",0.0754244736991627
1,"receptora_conservada",0.140443210577153
1,"receptora_degradada",0.0554244736991627
2,"aporte_conservada",0.116033285913842
2,"aporte_degradada",0.0696723892657801
2,"transferencia_conservada",0.409023563627144
2,"transferencia_degradada",0.22121908463473
2,"receptora_conservada",0.114943150459014
2,"receptora_degradada",0.0691085260994901
3,"aporte_conservada",0.363873197915033
3,"aporte_degradada",0.197865447197431
3,"transferencia_conservada",0.167063401042483
3,"transferencia_degradada",0.0960672764012845
3,"receptora_conservada",0.109063401042483
3,"receptora_degradada",0.0660672764012845
4,"aporte_conservada",0.190358567543064
4,"aporte_degradada",0.108116500453309
4,"transferencia_conservada",0.314311876699909
4,"transferencia_degradada",0.172230281051677
4,"receptora_conservada",0.135329555757026
4,"receptora_degradada",0.0796532184950136
5,"aporte_conservada",0.336431689003934
5,"aporte_degradada",0.183671563277897
5,"transferencia_conservada",0.180784155498033
5,"transferencia_degradada",0.103164218361052
5,"receptora_conservada",0.122784155498033
5,"receptora_degradada",0.0731642183610516
6,"aporte_conservada",0.312970988213962
6,"aporte_degradada",0.171536718041704
6,"transferencia_conservada",0.192514505893019
6,"transferencia_degradada",0.109231640979148
6,"receptora_conservada",0.134514505893019
6,"receptora_degradada",0.0792316409791478
7,"aporte_conservada",0.377277987421384
7,"aporte_degradada",0.125081761006289
7,"transferencia_conservada",0.215361006289308
7,"transferencia_degradada",0.0774591194968553
7,"receptora_conservada",0.147361006289308
7,"receptora_degradada",0.0574591194968554
8,"aporte_conservada",0.368063697371787
8,"aporte_degradada",0.200032946916442
8,"transferencia_conservada",0.164968151314106
8,"transferencia_degradada",0.0949835265417792
8,"receptora_conservada",0.106968151314106
8,"receptora_degradada",0.0649835265417792
9,"aporte_conservada",0.324737106918239
9,"aporte_degradada",0.177622641509434
9,"transferencia_conservada",0.186631446540881
9,"transferencia_degradada",0.106188679245283
9,"receptora_conservada",0.128631446540881
9,"receptora_degradada",0.076188679245283
10,"aporte_conservada",0.312970988213962
10,"aporte_degradada",0.171536718041704
10,"transferencia_conservada",0.192514505893019
10,"transferencia_degradada",0.109231640979148
10,"receptora_conservada",0.134514505893019
10,"receptora_degradada",0.0792316409791478
11,"aporte_conservada",0.341188002039073
11,"aporte_degradada",0.186131725192624
11,"transferencia_conservada",0.178405998980464
11,"transferencia_degradada",0.101934137403688
11,"receptora_conservada",0.120405998980464
11,"receptora_degradada",0.0719341374036881
12,"aporte_conservada",0.363483227561197
12,"aporte_degradada",0.12102447869447
12,"transferencia_conservada",0.222258386219402
12,"transferencia_degradada",0.0794877606527652
12,"receptora_conservada",0.154258386219402
12,"receptora_degradada",0.0594877606527652
13,"aporte_conservada",0.324737106918239
13,"aporte_degradada",0.177622641509434
13,"transferencia_conservada",0.186631446540881
13,"transferencia_degradada",0.106188679245283
13,"receptora_conservada",0.128631446540881
13,"receptora_degradada",0.076188679245283
14,"aporte_conservada",0.324737106918239
14,"aporte_degradada",0.177622641509434
14,"transferencia_conservada",0.186631446540881
14,"transferencia_degradada",0.106188679245283
14,"receptora_conservada",0.128631446540881
14,"receptora_degradada",0.076188679245283
15,"aporte_conservada",0.167427128427128
15,"aporte_degradada",0.0962554112554113
15,"transferencia_conservada",0.338623376623377
15,"transferencia_degradada",0.184805194805195
15,"receptora_conservada",0.133949494949495
15,"receptora_degradada",0.0789393939393939
16,"aporte_conservada",0.34294123283667
16,"aporte_degradada",0.187038568708623
16,"transferencia_conservada",0.177529383581665
16,"transferencia_degradada",0.101480715645689
16,"receptora_conservada",0.119529383581665
16,"receptora_degradada",0.0714807156456886
17,"aporte_conservada",0.388750360750361
17,"aporte_degradada",0.128455988455988
17,"transferencia_conservada",0.20962481962482
17,"transferencia_degradada",0.0757720057720058
17,"receptora_conservada",0.14162481962482
17,"receptora_degradada",0.0557720057720058
18,"aporte_conservada",0.334522366522366
18,"aporte_degradada",0.182683982683983
18,"transferencia_conservada",0.181738816738817
18,"transferencia_degradada",0.103658008658009
18,"receptora_conservada",0.123738816738817
18,"receptora_degradada",0.0736580086580087
19,"aporte_conservada",0.167427128427128
19,"aporte_degradada",0.0962554112554113
19,"transferencia_conservada",0.338623376623377
19,"transferencia_degradada",0.184805194805195
19,"receptora_conservada",0.133949494949495
19,"receptora_degradada",0.0789393939393939
20,"aporte_conservada",0.388750360750361
20,"aporte_degradada",0.128455988455988
20,"transferencia_conservada",0.20962481962482
20,"transferencia_degradada",0.0757720057720058
20,"receptora_conservada",0.14162481962482
20,"receptora_degradada",0.0557720057720058
21,"aporte_conservada",0.219730734360834
21,"aporte_degradada",0.0787443336355395
21,"transferencia_conservada",0.365055303717135
21,"transferencia_degradada",0.121486854034452
21,"receptora_conservada",0.155213961922031
21,"receptora_degradada",0.0597688123300091
22,"aporte_conservada",0.219730734360834
22,"aporte_degradada",0.0787443336355395
22,"transferencia_conservada",0.365055303717135
22,"transferencia_degradada",0.121486854034452
22,"receptora_conservada",0.155213961922031
22,"receptora_degradada",0.0597688123300091
23,"aporte_conservada",0.324737106918239
23,"aporte_degradada",0.177622641509434
23,"transferencia_conservada",0.186631446540881
23,"transferencia_degradada",0.106188679245283
23,"receptora_conservada",0.128631446540881
23,"receptora_degradada",0.076188679245283
24,"aporte_conservada",0.377277987421384
24,"aporte_degradada",0.125081761006289
24,"transferencia_conservada",0.215361006289308
24,"transferencia_degradada",0.0774591194968553
24,"receptora_conservada",0.147361006289308
24,"receptora_degradada",0.0574591194968554
25,"aporte_conservada",0.079485494106981
25,"aporte_degradada",0.0507683590208522
25,"transferencia_conservada",0.137485494106981
25,"transferencia_degradada",0.0807683590208522
25,"receptora_conservada",0.423029011786038
25,"receptora_degradada",0.228463281958296
26,"aporte_conservada",0.089466268146883
26,"aporte_degradada",0.0404312553373185
26,"transferencia_conservada",0.157466268146883
26,"transferencia_degradada",0.0604312553373185
26,"receptora_conservada",0.493067463706234
26,"receptora_degradada",0.159137489325363
27,"aporte_conservada",0.324737106918239
27,"aporte_degradada",0.177622641509434
27,"transferencia_conservada",0.186631446540881
27,"transferencia_degradada",0.106188679245283
27,"receptora_conservada",0.128631446540881
27,"receptora_degradada",0.076188679245283
28,"aporte_conservada",0.0792506404782237
28,"aporte_degradada",0.0506468830059778
28,"transferencia_conservada",0.137250640478224
28,"transferencia_degradada",0.0806468830059778
28,"receptora_conservada",0.423498719043553
28,"receptora_degradada",0.228706233988044
29,"aporte_conservada",0.388750360750361
29,"aporte_degradada",0.128455988455988
29,"transferencia_conservada",0.20962481962482
29,"transferencia_degradada",0.0757720057720058
29,"receptora_conservada",0.14162481962482
29,"receptora_degradada",0.0557720057720058
30,"aporte_conservada",0.130834562170775
30,"aporte_degradada",0.0773282218124698
30,"transferencia_conservada",0.393205849947811
30,"transferencia_degradada",0.213037508593695
30,"receptora_conservada",0.115959587881414
30,"receptora_degradada",0.0696342695938347
31,"aporte_conservada",0.0853685534591195
31,"aporte_degradada",0.053811320754717
31,"transferencia_conservada",0.14336855345912
31,"transferencia_degradada",0.083811320754717
31,"receptora_conservada",0.411262893081761
31,"receptora_degradada",0.222377358490566
32,"aporte_conservada",0.112771141018758
32,"aporte_degradada",0.067985072940737
32,"transferencia_conservada",0.413492106927597
32,"transferencia_degradada",0.223530400134964
32,"receptora_conservada",0.113736752053645
32,"receptora_degradada",0.0684845269242992
33,"aporte_conservada",0.190358567543064
33,"aporte_degradada",0.108116500453309
33,"transferencia_conservada",0.314311876699909
33,"transferencia_degradada",0.172230281051677
33,"receptora_conservada",0.135329555757026
33,"receptora_degradada",0.0796532184950136
34,"aporte_conservada",0.0509430255402751
34,"aporte_degradada",0.0798231827111984
34,"transferencia_conservada",0.0809430255402751
34,"transferencia_degradada",0.137823182711198
34,"receptora_conservada",0.22811394891945
34,"receptora_degradada",0.422353634577603
35,"aporte_conservada",0.0509430255402751
35,"aporte_degradada",0.0798231827111984
35,"transferencia_conservada",0.0809430255402751
35,"transferencia_degradada",0.137823182711198
35,"receptora_conservada",0.22811394891945
35,"receptora_degradada",0.422353634577603
36,"aporte_conservada",0.0509430255402751
36,"aporte_degradada",0.0798231827111984
36,"transferencia_conservada",0.0809430255402751
36,"transferencia_degradada",0.137823182711198
36,"receptora_conservada",0.22811394891945
36,"receptora_degradada",0.422353634577603
37,"aporte_conservada",0.312970988213962
37,"aporte_degradada",0.171536718041704
37,"transferencia_conservada",0.192514505893019
37,"transferencia_degradada",0.109231640979148
37,"receptora_conservada",0.134514505893019
37,"receptora_degradada",0.0792316409791478
38,"aporte_conservada",0.324737106918239
38,"aporte_degradada",0.177622641509434
38,"transferencia_conservada",0.186631446540881
38,"transferencia_degradada",0.106188679245283
38,"receptora_conservada",0.128631446540881
38,"receptora_degradada",0.076188679245283
39,"aporte_conservada",0.0509430255402751
39,"aporte_degradada",0.0798231827111984
39,"transferencia_conservada",0.0809430255402751
39,"transferencia_degradada",0.137823182711198
39,"receptora_conservada",0.22811394891945
39,"receptora_degradada",0.422353634577603
40,"aporte_conservada",0.190358567543064
40,"aporte_degradada",0.108116500453309
40,"transferencia_conservada",0.314311876699909
40,"transferencia_degradada",0.172230281051677
40,"receptora_conservada",0.135329555757026
40,"receptora_degradada",0.0796532184950136
41,"aporte_conservada",0.10770137524558
41,"aporte_degradada",0.189555992141454
41,"transferencia_conservada",0.172711198428291
41,"transferencia_degradada",0.315241650294695
41,"receptora_conservada",0.0795874263261297
41,"receptora_degradada",0.135202357563851
42,"aporte_conservada",0.106320524835989
42,"aporte_degradada",0.0646485473289597
42,"transferencia_conservada",0.422629803186504
42,"transferencia_degradada",0.22825679475164
42,"receptora_conservada",0.111049671977507
42,"receptora_degradada",0.0670946579194002
43,"aporte_conservada",0.130518444534033
43,"aporte_degradada",0.0771647126900169
43,"transferencia_conservada",0.188518444534033
43,"transferencia_degradada",0.107164712690017
43,"receptora_conservada",0.320963110931935
43,"receptora_degradada",0.175670574619966
44,"aporte_conservada",0.342205632291901
44,"aporte_degradada",0.186658085668225
44,"transferencia_conservada",0.177897183854049
44,"transferencia_degradada",0.101670957165888
44,"receptora_conservada",0.119897183854049
44,"receptora_degradada",0.0716709571658876
45,"aporte_conservada",0.106348586296809
45,"aporte_degradada",0.06466306187766
45,"transferencia_conservada",0.164348586296809
45,"transferencia_degradada",0.0946630618776601
45,"receptora_conservada",0.369302827406381
45,"receptora_degradada",0.20067387624468
46,"aporte_conservada",0.101086100168824
46,"aporte_degradada",0.176766460326393
46,"transferencia_conservada",0.180770962296005
46,"transferencia_degradada",0.330823860438942
46,"receptora_conservada",0.0781429375351716
46,"receptora_degradada",0.132409679234665
47,"aporte_conservada",0.156119630842515
47,"aporte_degradada",0.0904067056081975
47,"transferencia_conservada",0.354643842339276
47,"transferencia_degradada",0.193091642589281
47,"receptora_conservada",0.129236526818209
47,"receptora_degradada",0.0765016518025218
48,"aporte_conservada",0.0664864864864865
48,"aporte_degradada",0.109873873873874
48,"transferencia_conservada",0.0964864864864865
48,"transferencia_degradada",0.167873873873874
48,"receptora_conservada",0.197027027027027
48,"receptora_degradada",0.362252252252252
49,"aporte_conservada",0.171536718041704
49,"aporte_degradada",0.312970988213962
49,"transferencia_conservada",0.109231640979148
49,"transferencia_degradada",0.192514505893019
49,"receptora_conservada",0.0792316409791478
49,"receptora_degradada",0.134514505893019
50,"aporte_conservada",0.106017424975799
50,"aporte_degradada",0.0644917715392062
50,"transferencia_conservada",0.422743465634076
50,"transferencia_degradada",0.228315585672798
50,"receptora_conservada",0.111239109390126
50,"receptora_degradada",0.0671926427879961
51,"aporte_conservada",0.359964059365218
51,"aporte_degradada",0.195843478982009
51,"transferencia_conservada",0.169017970317391
51,"transferencia_degradada",0.0970782605089954
51,"receptora_conservada",0.111017970317391
51,"receptora_degradada",0.0670782605089954
52,"aporte_conservada",0.0922754203267265
52,"aporte_degradada",0.0573838381000309
52,"transferencia_conservada",0.150275420326726
52,"transferencia_degradada",0.0873838381000309
52,"receptora_conservada",0.397449159346547
52,"receptora_degradada",0.215232323799938
53,"aporte_conservada",0.197712429228257
53,"aporte_degradada",0.36357736317463
53,"transferencia_conservada",0.0961437853858716
53,"transferencia_degradada",0.167211318412685
53,"receptora_conservada",0.0661437853858716
53,"receptora_degradada",0.109211318412685
54,"aporte_conservada",0.167427128427128
54,"aporte_degradada",0.0962554112554113
54,"transferencia_conservada",0.338623376623377
54,"transferencia_degradada",0.184805194805195
54,"receptora_conservada",0.133949494949495
54,"receptora_degradada",0.0789393939393939
55,"aporte_conservada",0.10770137524558
55,"aporte_degradada",0.189555992141454
55,"transferencia_conservada",0.172711198428291
55,"transferencia_degradada",0.315241650294695
55,"receptora_conservada",0.0795874263261297
55,"receptora_degradada",0.135202357563851
56,"aporte_conservada",0.167427128427128
56,"aporte_degradada",0.0962554112554113
56,"transferencia_conservada",0.338623376623377
56,"transferencia_degradada",0.184805194805195
56,"receptora_conservada",0.133949494949495
56,"receptora_degradada",0.0789393939393939
57,"aporte_conservada",0.10770137524558
57,"aporte_degradada",0.189555992141454
57,"transferencia_conservada",0.172711198428291
57,"transferencia_degradada",0.315241650294695
57,"receptora_conservada",0.0795874263261297
57,"receptora_degradada",0.135202357563851
58,"aporte_conservada",0.312729111697449
58,"aporte_degradada",0.171411609498681
58,"transferencia_conservada",0.192635444151275
58,"transferencia_degradada",0.10929419525066
58,"receptora_conservada",0.134635444151275
58,"receptora_degradada",0.0792941952506596
59,"aporte_conservada",0.373221684414327
59,"aporte_degradada",0.20270087124879
59,"transferencia_conservada",0.162389157792836
59,"transferencia_degradada",0.093649564375605
59,"receptora_conservada",0.104389157792836
59,"receptora_degradada",0.063649564375605
60,"aporte_conservada",0.079485494106981
60,"aporte_degradada",0.0507683590208522
60,"transferencia_conservada",0.137485494106981
60,"transferencia_degradada",0.0807683590208522
60,"receptora_conservada",0.423029011786038
60,"receptora_degradada",0.228463281958296
61,"aporte_conservada",0.0643243243243243
61,"aporte_degradada",0.105693693693694
61,"transferencia_conservada",0.228378378378378
61,"transferencia_degradada",0.422864864864865
61,"receptora_conservada",0.0672972972972973
61,"receptora_degradada",0.111441441441441
62,"aporte_conservada",0.0647083416672307
62,"aporte_degradada",0.106436127223313
62,"transferencia_conservada",0.0947083416672307
62,"transferencia_degradada",0.164436127223313
62,"receptora_conservada",0.200583316665538
62,"receptora_degradada",0.369127745553374
63,"aporte_conservada",0.223150081950342
63,"aporte_degradada",0.412756825103995
63,"transferencia_conservada",0.083424959024829
63,"transferencia_degradada",0.142621587448003
63,"receptora_conservada",0.053424959024829
63,"receptora_degradada",0.0846215874480026
64,"aporte_conservada",0.10770137524558
64,"aporte_degradada",0.189555992141454
64,"transferencia_conservada",0.172711198428291
64,"transferencia_degradada",0.315241650294695
64,"receptora_conservada",0.0795874263261297
64,"receptora_degradada",0.135202357563851
65,"aporte_conservada",0.0946364833581017
65,"aporte_degradada",0.0586050775990181
65,"transferencia_conservada",0.152636483358102
65,"transferencia_degradada",0.0886050775990181
65,"receptora_conservada",0.392727033283797
65,"receptora_degradada",0.212789844801964
66,"aporte_conservada",0.17188605108055
66,"aporte_degradada",0.313646365422397
66,"transferencia_conservada",0.109056974459725
66,"transferencia_degradada",0.192176817288802
66,"receptora_conservada",0.079056974459725
66,"receptora_degradada",0.134176817288802
67,"aporte_conservada",0.186377981020773
67,"aporte_degradada",0.341664096640161
67,"transferencia_conservada",0.101811009489613
67,"transferencia_degradada",0.178167951679919
67,"receptora_conservada",0.0718110094896135
67,"receptora_degradada",0.120167951679919
68,"aporte_conservada",0.202972972972973
68,"aporte_degradada",0.373747747747748
68,"transferencia_conservada",0.0935135135135135
68,"transferencia_degradada",0.162126126126126
68,"receptora_conservada",0.0635135135135135
68,"receptora_degradada",0.104126126126126
69,"aporte_conservada",0.0967182623885339
69,"aporte_degradada",0.0596818598561382
69,"transferencia_conservada",0.154718262388534
69,"transferencia_degradada",0.0896818598561382
69,"receptora_conservada",0.388563475222932
69,"receptora_degradada",0.210636280287724
70,"aporte_conservada",0.324737106918239
70,"aporte_degradada",0.177622641509434
70,"transferencia_conservada",0.186631446540881
70,"transferencia_degradada",0.106188679245283
70,"receptora_conservada",0.128631446540881
70,"receptora_degradada",0.076188679245283
71,"aporte_conservada",0.17188605108055
71,"aporte_degradada",0.313646365422397
71,"transferencia_conservada",0.109056974459725
71,"transferencia_degradada",0.192176817288802
71,"receptora_conservada",0.079056974459725
71,"receptora_degradada",0.134176817288802
72,"aporte_conservada",0.324737106918239
72,"aporte_degradada",0.177622641509434
72,"transferencia_conservada",0.186631446540881
72,"transferencia_degradada",0.106188679245283
72,"receptora_conservada",0.128631446540881
72,"receptora_degradada",0.076188679245283
73,"aporte_conservada",0.202972972972973
73,"aporte_degradada",0.373747747747748
73,"transferencia_conservada",0.0935135135135135
73,"transferencia_degradada",0.162126126126126
73,"receptora_conservada",0.0635135135135135
73,"receptora_degradada",0.104126126126126
74,"aporte_conservada",0.0853685534591195
74,"aporte_degradada",0.053811320754717
74,"transferencia_conservada",0.14336855345912
74,"transferencia_degradada",0.083811320754717
74,"receptora_conservada",0.411262893081761
74,"receptora_degradada",0.222377358490566
75,"aporte_conservada",0.0902611832611833
75,"aporte_degradada",0.0563419913419913
75,"transferencia_conservada",0.148261183261183
75,"transferencia_degradada",0.0863419913419913
75,"receptora_conservada",0.401477633477633
75,"receptora_degradada",0.217316017316017
76,"aporte_conservada",0.200087862860699
76,"aporte_degradada",0.368169868197351
76,"transferencia_conservada",0.0949560685696507
76,"transferencia_degradada",0.164915065901325
76,"receptora_conservada",0.0649560685696507
76,"receptora_degradada",0.106915065901325
77,"aporte_conservada",0.0850663449939686
77,"aporte_degradada",0.0536550060313631
77,"transferencia_conservada",0.143066344993969
77,"transferencia_degradada",0.0836550060313631
77,"receptora_conservada",0.411867310012063
77,"receptora_degradada",0.222689987937274
78,"aporte_conservada",0.142120598590876
78,"aporte_degradada",0.0831658268573498
78,"transferencia_conservada",0.373288705109527
78,"transferencia_degradada",0.202735537125618
78,"receptora_conservada",0.124590696299597
78,"receptora_degradada",0.0740986360170327
79,"aporte_conservada",0.0897416137805984
79,"aporte_degradada",0.0405122393472348
79,"transferencia_conservada",0.157741613780598
79,"transferencia_degradada",0.0605122393472348
79,"receptora_conservada",0.492516772438803
79,"receptora_degradada",0.15897552130553
80,"aporte_conservada",0.0535284186831739
80,"aporte_degradada",0.0848216094541362
80,"transferencia_conservada",0.0835284186831739
80,"transferencia_degradada",0.142821609454136
80,"receptora_conservada",0.222943162633652
80,"receptora_degradada",0.412356781091728
81,"aporte_conservada",0.174593710691824
81,"aporte_degradada",0.0999622641509434
81,"transferencia_conservada",0.334075471698113
81,"transferencia_degradada",0.182452830188679
81,"receptora_conservada",0.131330817610063
81,"receptora_degradada",0.0775849056603774
82,"aporte_conservada",0.079485494106981
82,"aporte_degradada",0.0507683590208522
82,"transferencia_conservada",0.137485494106981
82,"transferencia_degradada",0.0807683590208522
82,"receptora_conservada",0.423029011786038
82,"receptora_degradada",0.228463281958296
83,"aporte_conservada",0.334522366522366
83,"aporte_degradada",0.182683982683983
83,"transferencia_conservada",0.181738816738817
83,"transferencia_degradada",0.103658008658009
83,"receptora_conservada",0.123738816738817
83,"receptora_degradada",0.0736580086580087
84,"aporte_conservada",0.171536718041704
84,"aporte_degradada",0.312970988213962
84,"transferencia_conservada",0.109231640979148
84,"transferencia_degradada",0.192514505893019
84,"receptora_conservada",0.0792316409791478
84,"receptora_degradada",0.134514505893019
85,"aporte_conservada",0.0509430255402751
85,"aporte_degradada",0.0798231827111984
85,"transferencia_conservada",0.0809430255402751
85,"transferencia_degradada",0.137823182711198
85,"receptora_conservada",0.22811394891945
85,"receptora_degradada",0.422353634577603
86,"aporte_conservada",0.079485494106981
86,"aporte_degradada",0.0507683590208522
86,"transferencia_conservada",0.137485494106981
86,"transferencia_degradada",0.0807683590208522
86,"receptora_conservada",0.423029011786038
86,"receptora_degradada",0.228463281958296
87,"aporte_conservada",0.0902611832611833
87,"aporte_degradada",0.0563419913419913
87,"transferencia_conservada",0.148261183261183
87,"transferencia_degradada",0.0863419913419913
87,"receptora_conservada",0.401477633477633
87,"receptora_degradada",0.217316017316017
88,"aporte_conservada",0.177056837366348
88,"aporte_degradada",0.323643218908272
88,"transferencia_conservada",0.106471581316826
88,"transferencia_degradada",0.187178390545864
88,"receptora_conservada",0.0764715813168261
88,"receptora_degradada",0.129178390545864
89,"aporte_conservada",0.0535826296743064
89,"aporte_degradada",0.0849264173703257
89,"transferencia_conservada",0.0835826296743064
89,"transferencia_degradada",0.142926417370326
89,"receptora_conservada",0.222834740651387
89,"receptora_degradada",0.412147165259349
90,"aporte_conservada",0.377277987421384
90,"aporte_degradada",0.125081761006289
90,"transferencia_conservada",0.215361006289308
90,"transferencia_degradada",0.0774591194968553
90,"receptora_conservada",0.147361006289308
90,"receptora_degradada",0.0574591194968554
91,"aporte_conservada",0.363483227561197
91,"aporte_degradada",0.12102447869447
91,"transferencia_conservada",0.222258386219402
91,"transferencia_degradada",0.0794877606527652
91,"receptora_conservada",0.154258386219402
91,"receptora_degradada",0.0594877606527652
92,"aporte_conservada",0.0853685534591195
92,"aporte_degradada",0.053811320754717
92,"transferencia_conservada",0.14336855345912
92,"transferencia_degradada",0.083811320754717
92,"receptora_conservada",0.411262893081761
92,"receptora_degradada",0.222377358490566
93,"aporte_conservada",0.191736305865216
93,"aporte_degradada",0.352023524672751
93,"transferencia_conservada",0.099131847067392
93,"transferencia_degradada",0.172988237663625
93,"receptora_conservada",0.069131847067392
93,"receptora_degradada",0.114988237663625
94,"aporte_conservada",0.089466268146883
94,"aporte_degradada",0.0404312553373185
94,"transferencia_conservada",0.157466268146883
94,"transferencia_degradada",0.0604312553373185
94,"receptora_conservada",0.493067463706234
94,"receptora_degradada",0.159137489325363
95,"aporte_conservada",0.0942352376380221
95,"aporte_degradada",0.0418338934229477
95,"transferencia_conservada",0.162235237638022
95,"transferencia_degradada",0.0618338934229477
95,"receptora_conservada",0.483529524723956
95,"receptora_degradada",0.156332213154105
96,"aporte_conservada",0.363483227561197
96,"aporte_degradada",0.12102447869447
96,"transferencia_conservada",0.222258386219402
96,"transferencia_degradada",0.0794877606527652
96,"receptora_conservada",0.154258386219402
96,"receptora_degradada",0.0594877606527652
97,"aporte_conservada",0.10237518037518
97,"aporte_degradada",0.0442279942279942
97,"transferencia_conservada",0.17037518037518
97,"transferencia_degradada",0.0642279942279942
97,"receptora_conservada",0.467249639249639
97,"receptora_degradada",0.151544011544012
98,"aporte_conservada",0.370337476139699
98,"aporte_degradada",0.201209039382603
98,"transferencia_conservada",0.16383126193015
98,"transferencia_degradada",0.0943954803086985
98,"receptora_conservada",0.10583126193015
98,"receptora_degradada",0.0643954803086985
99,"aporte_conservada",0.324132689987937
99,"aporte_degradada",0.177310012062726
99,"transferencia_conservada",0.186933655006031
99,"transferencia_degradada",0.106344993968637
99,"receptora_conservada",0.128933655006031
99,"receptora_degradada",0.0763449939686369
100,"aporte_conservada",0.0962846803377563
100,"aporte_degradada",0.0424366706875754
100,"transferencia_conservada",0.164284680337756
100,"transferencia_degradada",0.0624366706875754
100,"receptora_conservada",0.479430639324487
100,"receptora_degradada",0.155126658624849
101,"aporte_conservada",0.363483227561197
101,"aporte_degradada",0.12102447869447
101,"transferencia_conservada",0.222258386219402
101,"transferencia_degradada",0.0794877606527652
101,"receptora_conservada",0.154258386219402
101,"receptora_degradada",0.0594877606527652
102,"aporte_conservada",0.0507058047493404
102,"aporte_degradada",0.0793645558487247
102,"transferencia_conservada",0.0807058047493404
102,"transferencia_degradada",0.137364555848725
102,"receptora_conservada",0.228588390501319
102,"receptora_degradada",0.423270888302551
103,"aporte_conservada",0.167427128427128
103,"aporte_degradada",0.0962554112554113
103,"transferencia_conservada",0.338623376623377
103,"transferencia_degradada",0.184805194805195
103,"receptora_conservada",0.133949494949495
103,"receptora_degradada",0.0789393939393939
104,"aporte_conservada",0.312729111697449
104,"aporte_degradada",0.171411609498681
104,"transferencia_conservada",0.192635444151275
104,"transferencia_degradada",0.10929419525066
104,"receptora_conservada",0.134635444151275
104,"receptora_degradada",0.0792941952506596
105,"aporte_conservada",0.17188605108055
105,"aporte_degradada",0.313646365422397
105,"transferencia_conservada",0.109056974459725
105,"transferencia_degradada",0.192176817288802
105,"receptora_conservada",0.079056974459725
105,"receptora_degradada",0.134176817288802
106,"aporte_conservada",0.0850663449939686
106,"aporte_degradada",0.0536550060313631
106,"transferencia_conservada",0.143066344993969
106,"transferencia_degradada",0.0836550060313631
106,"receptora_conservada",0.411867310012063
106,"receptora_degradada",0.222689987937274
107,"aporte_conservada",0.312970988213962
107,"aporte_degradada",0.171536718041704
107,"transferencia_conservada",0.192514505893019
107,"transferencia_degradada",0.109231640979148
107,"receptora_conservada",0.134514505893019
107,"receptora_degradada",0.0792316409791478
108,"aporte_conservada",0.377277987421384
108,"aporte_degradada",0.125081761006289
108,"transferencia_conservada",0.215361006289308
108,"transferencia_degradada",0.0774591194968553
108,"receptora_conservada",0.147361006289308
108,"receptora_degradada",0.0574591194968554
109,"aporte_conservada",0.312970988213962
109,"aporte_degradada",0.171536718041704
109,"transferencia_conservada",0.192514505893019
109,"transferencia_degradada",0.109231640979148
109,"receptora_conservada",0.134514505893019
109,"receptora_degradada",0.0792316409791478
110,"aporte_conservada",0.334522366522366
110,"aporte_degradada",0.182683982683983
110,"transferencia_conservada",0.181738816738817
110,"transferencia_degradada",0.103658008658009
110,"receptora_conservada",0.123738816738817
110,"receptora_degradada",0.0736580086580087
111,"aporte_conservada",0.377277987421384
111,"aporte_degradada",0.125081761006289
111,"transferencia_conservada",0.215361006289308
111,"transferencia_degradada",0.0774591194968553
111,"receptora_conservada",0.147361006289308
111,"receptora_degradada",0.0574591194968554
112,"aporte_conservada",0.388750360750361
112,"aporte_degradada",0.128455988455988
112,"transferencia_conservada",0.20962481962482
112,"transferencia_degradada",0.0757720057720058
112,"receptora_conservada",0.14162481962482
112,"receptora_degradada",0.0557720057720058
113,"aporte_conservada",0.312970988213962
113,"aporte_degradada",0.171536718041704
113,"transferencia_conservada",0.192514505893019
113,"transferencia_degradada",0.109231640979148
113,"receptora_conservada",0.134514505893019
113,"receptora_degradada",0.0792316409791478
114,"aporte_conservada",0.334522366522366
114,"aporte_degradada",0.182683982683983
114,"transferencia_conservada",0.181738816738817
114,"transferencia_degradada",0.103658008658009
114,"receptora_conservada",0.123738816738817
114,"receptora_degradada",0.0736580086580087
115,"aporte_conservada",0.373221684414327
115,"aporte_degradada",0.20270087124879
115,"transferencia_conservada",0.162389157792836
115,"transferencia_degradada",0.093649564375605
115,"receptora_conservada",0.104389157792836
115,"receptora_degradada",0.063649564375605
116,"aporte_conservada",0.10237518037518
116,"aporte_degradada",0.0442279942279942
116,"transferencia_conservada",0.17037518037518
116,"transferencia_degradada",0.0642279942279942
116,"receptora_conservada",0.467249639249639
116,"receptora_degradada",0.151544011544012
117,"aporte_conservada",0.377277987421384
117,"aporte_degradada",0.125081761006289
117,"transferencia_conservada",0.215361006289308
117,"transferencia_degradada",0.0774591194968553
117,"receptora_conservada",0.147361006289308
117,"receptora_degradada",0.0574591194968554
118,"aporte_conservada",0.0507058047493404
118,"aporte_degradada",0.0793645558487247
118,"transferencia_conservada",0.0807058047493404
118,"transferencia_degradada",0.137364555848725
118,"receptora_conservada",0.228588390501319
118,"receptora_degradada",0.423270888302551
119,"aporte_conservada",0.334522366522366
119,"aporte_degradada",0.182683982683983
119,"transferencia_conservada",0.181738816738817
119,"transferencia_degradada",0.103658008658009
119,"receptora_conservada",0.123738816738817
119,"receptora_degradada",0.0736580086580087
120,"aporte_conservada",0.361598870295199
120,"aporte_degradada",0.196689070842344
120,"transferencia_conservada",0.168200564852401
120,"transferencia_degradada",0.0966554645788279
120,"receptora_conservada",0.110200564852401
120,"receptora_degradada",0.0666554645788279
121,"aporte_conservada",0.388750360750361
121,"aporte_degradada",0.128455988455988
121,"transferencia_conservada",0.20962481962482
121,"transferencia_degradada",0.0757720057720058
121,"receptora_conservada",0.14162481962482
121,"receptora_degradada",0.0557720057720058
122,"aporte_conservada",0.202972972972973
122,"aporte_degradada",0.373747747747748
122,"transferencia_conservada",0.0935135135135135
122,"transferencia_degradada",0.162126126126126
122,"receptora_conservada",0.0635135135135135
122,"receptora_degradada",0.104126126126126
123,"aporte_conservada",0.220385140905209
123,"aporte_degradada",0.078936806148591
123,"transferencia_conservada",0.364297181895816
123,"transferencia_degradada",0.121263877028181
123,"receptora_conservada",0.155317677198975
123,"receptora_degradada",0.059799316823228
124,"aporte_conservada",0.424784790759762
124,"aporte_degradada",0.139054350223459
124,"transferencia_conservada",0.191607604620119
124,"transferencia_degradada",0.0704728248882703
124,"receptora_conservada",0.123607604620119
124,"receptora_degradada",0.0504728248882703
125,"aporte_conservada",0.202789298981023
125,"aporte_degradada",0.0737615585238303
125,"transferencia_conservada",0.386571679924901
125,"transferencia_degradada",0.127815199977912
125,"receptora_conservada",0.150639021094076
125,"receptora_degradada",0.0584232414982576
126,"aporte_conservada",0.122
126,"aporte_degradada",0.05
126,"transferencia_conservada",0.49175
126,"transferencia_degradada",0.15875
126,"receptora_conservada",0.12625
126,"receptora_degradada",0.05125
127,"aporte_conservada",0.373205205205205
127,"aporte_degradada",0.123883883883884
127,"transferencia_conservada",0.217397397397397
127,"transferencia_degradada",0.0780580580580581
127,"receptora_conservada",0.149397397397397
127,"receptora_degradada",0.0580580580580581
128,"aporte_conservada",0.362932536293766
128,"aporte_degradada",0.120862510674637
128,"transferencia_conservada",0.222533731853117
128,"transferencia_degradada",0.0795687446626815
128,"receptora_conservada",0.154533731853117
128,"receptora_degradada",0.0595687446626815
129,"aporte_conservada",0.406380996862996
129,"aporte_degradada",0.133641469665587
129,"transferencia_conservada",0.200809501568502
129,"transferencia_degradada",0.0731792651672065
129,"receptora_conservada",0.132809501568502
129,"receptora_degradada",0.0531792651672065
130,"aporte_conservada",0.411957515860319
130,"aporte_degradada",0.135281622311859
130,"transferencia_conservada",0.19802124206984
130,"transferencia_degradada",0.0723591888440707
130,"receptora_conservada",0.13002124206984
130,"receptora_degradada",0.0523591888440706
131,"aporte_conservada",0.124343349972887
131,"aporte_degradada",0.0506892205802609
131,"transferencia_conservada",0.491982650824827
131,"transferencia_degradada",0.158818426713185
131,"receptora_conservada",0.123673999202285
131,"receptora_degradada",0.0504923527065545
132,"aporte_conservada",0.362932536293766
132,"aporte_degradada",0.120862510674637
132,"transferencia_conservada",0.222533731853117
132,"transferencia_degradada",0.0795687446626815
132,"receptora_conservada",0.154533731853117
132,"receptora_degradada",0.0595687446626815
133,"aporte_conservada",0.122
133,"aporte_degradada",0.05
133,"transferencia_conservada",0.49175
133,"transferencia_degradada",0.15875
133,"receptora_conservada",0.12625
133,"receptora_degradada",0.05125
134,"aporte_conservada",0.425626614584958
134,"aporte_degradada",0.139301945466164
134,"transferencia_conservada",0.191186692707521
134,"transferencia_degradada",0.0703490272669179
134,"receptora_conservada",0.123186692707521
134,"receptora_degradada",0.0503490272669179
135,"aporte_conservada",0.121773635153129
135,"aporte_degradada",0.0499334221038615
135,"transferencia_conservada",0.491834886817576
135,"transferencia_degradada",0.158774966711052
135,"receptora_conservada",0.126391478029294
135,"receptora_degradada",0.0512916111850866
136,"aporte_conservada",0.355694758540331
136,"aporte_degradada",0.193635219934654
136,"transferencia_conservada",0.171152620729835
136,"transferencia_degradada",0.0981823900326731
136,"receptora_conservada",0.113152620729835
136,"receptora_degradada",0.0681823900326731
137,"aporte_conservada",0.104864606305328
137,"aporte_degradada",0.0449601783250965
137,"transferencia_conservada",0.492781296842735
137,"transferencia_degradada",0.159053322600804
137,"receptora_conservada",0.142354096851937
137,"receptora_degradada",0.0559864990740991
138,"aporte_conservada",0.439792193479131
138,"aporte_degradada",0.143468292199744
138,"transferencia_conservada",0.184103903260434
138,"transferencia_degradada",0.0682658539001278
138,"receptora_conservada",0.116103903260434
138,"receptora_degradada",0.0482658539001278
139,"aporte_conservada",0.432617842876165
139,"aporte_degradada",0.141358189081225
139,"transferencia_conservada",0.187691078561917
139,"transferencia_degradada",0.0693209054593875
139,"receptora_conservada",0.119691078561917
139,"receptora_degradada",0.0493209054593875
140,"aporte_conservada",0.372729147141518
140,"aporte_degradada",0.20244611059044
140,"transferencia_conservada",0.162635426429241
140,"transferencia_degradada",0.0937769447047798
140,"receptora_conservada",0.104635426429241
140,"receptora_degradada",0.0637769447047798
141,"aporte_conservada",0.357524178803794
141,"aporte_degradada",0.194581471795066
141,"transferencia_conservada",0.170237910598103
141,"transferencia_degradada",0.0977092641024671
141,"receptora_conservada",0.112237910598103
141,"receptora_degradada",0.0677092641024671
142,"aporte_conservada",0.107927609427609
142,"aporte_degradada",0.065479797979798
142,"transferencia_conservada",0.424193602693603
142,"transferencia_degradada",0.229065656565657
142,"receptora_conservada",0.107878787878788
142,"receptora_degradada",0.0654545454545455
143,"aporte_conservada",0.121773635153129
143,"aporte_degradada",0.0499334221038615
143,"transferencia_conservada",0.491834886817576
143,"transferencia_degradada",0.158774966711052
143,"receptora_conservada",0.126391478029294
143,"receptora_degradada",0.0512916111850866
144,"aporte_conservada",0.411604857533581
144,"aporte_degradada",0.222554236655301
144,"transferencia_conservada",0.143197571233209
144,"transferencia_degradada",0.0837228816723497
144,"receptora_conservada",0.0851975712332094
144,"receptora_degradada",0.0537228816723497
145,"aporte_conservada",0.18978570167634
145,"aporte_degradada",0.107820190522245
145,"transferencia_conservada",0.315071242480608
145,"transferencia_degradada",0.172623056455487
145,"receptora_conservada",0.135143055843052
145,"receptora_degradada",0.0795567530222681
146,"aporte_conservada",0.108116500453309
146,"aporte_degradada",0.190358567543064
146,"transferencia_conservada",0.172230281051677
146,"transferencia_degradada",0.314311876699909
146,"receptora_conservada",0.0796532184950136
146,"receptora_degradada",0.135329555757026
147,"aporte_conservada",0.133341887703522
147,"aporte_degradada",0.078625114329408
147,"transferencia_conservada",0.389909135455274
147,"transferencia_degradada",0.211332311442383
147,"receptora_conservada",0.116748976841204
147,"receptora_degradada",0.0700425742282089
148,"aporte_conservada",0.423029011786038
148,"aporte_degradada",0.228463281958296
148,"transferencia_conservada",0.137485494106981
148,"transferencia_degradada",0.0807683590208522
148,"receptora_conservada",0.079485494106981
148,"receptora_degradada",0.0507683590208522
149,"aporte_conservada",0.364272186031197
149,"aporte_degradada",0.198071820360964
149,"transferencia_conservada",0.166863906984401
149,"transferencia_degradada",0.095964089819518
149,"receptora_conservada",0.108863906984401
149,"receptora_degradada",0.065964089819518
150,"aporte_conservada",0.423029011786038
150,"aporte_degradada",0.228463281958296
150,"transferencia_conservada",0.137485494106981
150,"transferencia_degradada",0.0807683590208522
150,"receptora_conservada",0.079485494106981
150,"receptora_degradada",0.0507683590208522
151,"aporte_conservada",0.0768135755765753
151,"aporte_degradada",0.129839579448046
151,"transferencia_conservada",0.213732934067493
151,"transferencia_degradada",0.394550339197153
151,"receptora_conservada",0.0694534903559317
151,"receptora_degradada",0.115610081354801
152,"aporte_conservada",0.459952122312504
152,"aporte_degradada",0.149397683033089
152,"transferencia_conservada",0.174023938843748
152,"transferencia_degradada",0.0653011584834553
152,"receptora_conservada",0.106023938843748
152,"receptora_degradada",0.0453011584834553
153,"aporte_conservada",0.190358567543064
153,"aporte_degradada",0.108116500453309
153,"transferencia_conservada",0.314311876699909
153,"transferencia_degradada",0.172230281051677
153,"receptora_conservada",0.135329555757026
153,"receptora_degradada",0.0796532184950136
154,"aporte_conservada",0.0644917715392062
154,"aporte_degradada",0.106017424975799
154,"transferencia_conservada",0.228315585672798
154,"transferencia_degradada",0.422743465634076
154,"receptora_conservada",0.0671926427879961
154,"receptora_degradada",0.111239109390126
155,"aporte_conservada",0.108116500453309
155,"aporte_degradada",0.190358567543064
155,"transferencia_conservada",0.172230281051677
155,"transferencia_degradada",0.314311876699909
155,"receptora_conservada",0.0796532184950136
155,"receptora_degradada",0.135329555757026
156,"aporte_conservada",0.107927609427609
156,"aporte_degradada",0.065479797979798
156,"transferencia_conservada",0.424193602693603
156,"transferencia_degradada",0.229065656565657
156,"receptora_conservada",0.107878787878788
156,"receptora_degradada",0.0654545454545455
157,"aporte_conservada",0.106017424975799
157,"aporte_degradada",0.0644917715392062
157,"transferencia_conservada",0.422743465634076
157,"transferencia_degradada",0.228315585672798
157,"receptora_conservada",0.111239109390126
157,"receptora_degradada",0.0671926427879961
158,"aporte_conservada",0.12596009401333
158,"aporte_degradada",0.0748069451793086
158,"transferencia_conservada",0.39975526601449
158,"transferencia_degradada",0.216425137593702
158,"receptora_conservada",0.11428463997218
158,"receptora_degradada",0.0687679172269894
159,"aporte_conservada",0.11212155383071
159,"aporte_degradada",0.0676490795676085
159,"transferencia_conservada",0.418492156896987
159,"transferencia_degradada",0.226116632877752
159,"receptora_conservada",0.109386289272303
159,"receptora_degradada",0.0662342875546396
160,"aporte_conservada",0.0525672944133709
160,"aporte_degradada",0.0829634358658504
160,"transferencia_conservada",0.2291334009679
160,"transferencia_degradada",0.424324575204607
160,"receptora_conservada",0.0782993046187292
160,"receptora_degradada",0.132711988929543
161,"aporte_conservada",0.196498300252457
161,"aporte_degradada",0.361230047154749
161,"transferencia_conservada",0.0967508498737717
161,"transferencia_degradada",0.168384976422625
161,"receptora_conservada",0.0667508498737717
161,"receptora_degradada",0.110384976422625
162,"aporte_conservada",0.485257139273323
162,"aporte_degradada",0.156840335080389
162,"transferencia_conservada",0.161371430363339
162,"transferencia_degradada",0.0615798324598055
162,"receptora_conservada",0.0933714303633386
162,"receptora_degradada",0.0415798324598055
163,"aporte_conservada",0.217301847627818
163,"aporte_degradada",0.401450238747114
163,"transferencia_conservada",0.0863490761860913
163,"transferencia_degradada",0.148274880626443
163,"receptora_conservada",0.0563490761860912
163,"receptora_degradada",0.090274880626443
164,"aporte_conservada",0.0747192116759102
164,"aporte_degradada",0.12579047590676
164,"transferencia_conservada",0.21656298295611
164,"transferencia_degradada",0.40002176704848
164,"receptora_conservada",0.0687178053679793
164,"receptora_degradada",0.11418775704476
165,"aporte_conservada",0.106314925498149
165,"aporte_degradada",0.186875522629755
165,"transferencia_conservada",0.174618369523652
165,"transferencia_degradada",0.318928847745728
165,"receptora_conservada",0.0790667049781985
165,"receptora_degradada",0.134195629624517
166,"aporte_conservada",0.421496104477779
166,"aporte_degradada",0.138087089552288
166,"transferencia_conservada",0.19325194776111
166,"transferencia_degradada",0.070956455223856
166,"receptora_conservada",0.12525194776111
166,"receptora_degradada",0.050956455223856
167,"aporte_conservada",0.107
167,"aporte_degradada",0.065
167,"transferencia_conservada",0.422375
167,"transferencia_degradada",0.228125
167,"receptora_conservada",0.110625
167,"receptora_degradada",0.066875
168,"aporte_conservada",0.312970988213962
168,"aporte_degradada",0.171536718041704
168,"transferencia_conservada",0.192514505893019
168,"transferencia_degradada",0.109231640979148
168,"receptora_conservada",0.134514505893019
168,"receptora_degradada",0.0792316409791478
169,"aporte_conservada",0.179109021822459
169,"aporte_degradada",0.32761077552342
169,"transferencia_conservada",0.105445489088771
169,"transferencia_degradada",0.18519461223829
169,"receptora_conservada",0.0754454890887706
169,"receptora_degradada",0.12719461223829
170,"aporte_conservada",0.0792941952506596
170,"aporte_degradada",0.134635444151275
170,"transferencia_conservada",0.10929419525066
170,"transferencia_degradada",0.192635444151275
170,"receptora_conservada",0.171411609498681
170,"receptora_degradada",0.312729111697449
171,"aporte_conservada",0.190916737830914
171,"aporte_degradada",0.108405209222886
171,"transferencia_conservada",0.313665243381725
171,"transferencia_degradada",0.171895815542272
171,"receptora_conservada",0.135418018787361
171,"receptora_degradada",0.079698975234842
172,"aporte_conservada",0.17188605108055
172,"aporte_degradada",0.313646365422397
172,"transferencia_conservada",0.109056974459725
172,"transferencia_degradada",0.192176817288802
172,"receptora_conservada",0.079056974459725
172,"receptora_degradada",0.134176817288802
173,"aporte_conservada",0.106574552805828
173,"aporte_degradada",0.187377468757935
173,"transferencia_conservada",0.174274218990974
173,"transferencia_degradada",0.318263490049216
173,"receptora_conservada",0.0791512282031977
173,"receptora_degradada",0.134359041192849
174,"aporte_conservada",0.101648272421768
174,"aporte_degradada",0.177853326682086
174,"transferencia_conservada",0.180804279459008
174,"transferencia_degradada",0.330888273620749
174,"receptora_conservada",0.0775474481192233
174,"receptora_degradada",0.131258399697165
175,"aporte_conservada",0.107829966329966
175,"aporte_degradada",0.0654292929292929
175,"transferencia_conservada",0.424291245791246
175,"transferencia_degradada",0.229116161616162
175,"receptora_conservada",0.107878787878788
175,"receptora_degradada",0.0654545454545455
176,"aporte_conservada",0.0546034619653656
176,"aporte_degradada",0.0869000264663735
176,"transferencia_conservada",0.228993754679862
176,"transferencia_degradada",0.424054592381067
176,"receptora_conservada",0.0764027833547721
176,"receptora_degradada",0.129045381152559
177,"aporte_conservada",0.114626432625345
177,"aporte_degradada",0.0689447065303511
177,"transferencia_conservada",0.172626432625345
177,"transferencia_degradada",0.0989447065303511
177,"receptora_conservada",0.352747134749309
177,"receptora_degradada",0.192110586939298
178,"aporte_conservada",0.064191063174114
178,"aporte_degradada",0.105436055469954
178,"transferencia_conservada",0.228428351309707
178,"transferencia_degradada",0.422961479198767
178,"receptora_conservada",0.0673805855161787
178,"receptora_degradada",0.111602465331279
179,"aporte_conservada",0.17602439249341
179,"aporte_degradada",0.321647158820593
179,"transferencia_conservada",0.106987803753295
179,"transferencia_degradada",0.188176420589704
179,"receptora_conservada",0.076987803753295
179,"receptora_degradada",0.130176420589704
180,"aporte_conservada",0.190645998240985
180,"aporte_degradada",0.108265171503958
180,"transferencia_conservada",0.31397889182058
180,"transferencia_degradada",0.172058047493404
180,"receptora_conservada",0.135375109938434
180,"receptora_degradada",0.0796767810026385
181,"aporte_conservada",0.0507058047493404
181,"aporte_degradada",0.0793645558487247
181,"transferencia_conservada",0.0807058047493404
181,"transferencia_degradada",0.137364555848725
181,"receptora_conservada",0.228588390501319
181,"receptora_degradada",0.423270888302551
182,"aporte_conservada",0.0511899365367181
182,"aporte_degradada",0.0803005439709882
182,"transferencia_conservada",0.229156844968268
182,"transferencia_degradada",0.424369900271985
182,"receptora_conservada",0.0796532184950136
182,"receptora_degradada",0.135329555757026
183,"aporte_conservada",0.317191754639391
183,"aporte_degradada",0.17371987308934
183,"transferencia_conservada",0.190404122680304
183,"transferencia_degradada",0.10814006345533
183,"receptora_conservada",0.132404122680304
183,"receptora_degradada",0.0781400634553298
184,"aporte_conservada",0.107829966329966
184,"aporte_degradada",0.0654292929292929
184,"transferencia_conservada",0.424291245791246
184,"transferencia_degradada",0.229116161616162
184,"receptora_conservada",0.107878787878788
184,"receptora_degradada",0.0654545454545455
185,"aporte_conservada",0.368050259965338
185,"aporte_degradada",0.200025996533795
185,"transferencia_conservada",0.164974870017331
185,"transferencia_degradada",0.0949870017331022
185,"receptora_conservada",0.106974870017331
185,"receptora_degradada",0.0649870017331022
186,"aporte_conservada",0.190358567543064
186,"aporte_degradada",0.108116500453309
186,"transferencia_conservada",0.314311876699909
186,"transferencia_degradada",0.172230281051677
186,"receptora_conservada",0.135329555757026
186,"receptora_degradada",0.0796532184950136
187,"aporte_conservada",0.0511899365367181
187,"aporte_degradada",0.0803005439709882
187,"transferencia_conservada",0.229156844968268
187,"transferencia_degradada",0.424369900271985
187,"receptora_conservada",0.0796532184950136
187,"receptora_degradada",0.135329555757026
188,"aporte_conservada",0.198110157869724
188,"aporte_degradada",0.3643463052148
188,"transferencia_conservada",0.0959449210651379
188,"transferencia_degradada",0.1668268473926
188,"receptora_conservada",0.0659449210651379
188,"receptora_degradada",0.1088268473926
189,"aporte_conservada",0.398438720214316
189,"aporte_degradada",0.215744165628094
189,"transferencia_conservada",0.149780639892842
189,"transferencia_degradada",0.0871279171859528
189,"receptora_conservada",0.0917806398928422
189,"receptora_degradada",0.0571279171859528
190,"aporte_conservada",0.104619120069228
190,"aporte_degradada",0.183596965467175
190,"transferencia_conservada",0.176890334109342
190,"transferencia_degradada",0.323321312611394
190,"receptora_conservada",0.0784905458214296
190,"receptora_degradada",0.133081721921431
191,"aporte_conservada",0.368050259965338
191,"aporte_degradada",0.200025996533795
191,"transferencia_conservada",0.164974870017331
191,"transferencia_degradada",0.0949870017331022
191,"receptora_conservada",0.106974870017331
191,"receptora_degradada",0.0649870017331022
192,"aporte_conservada",0.0511899365367181
192,"aporte_degradada",0.0803005439709882
192,"transferencia_conservada",0.229156844968268
192,"transferencia_degradada",0.424369900271985
192,"receptora_conservada",0.0796532184950136
192,"receptora_degradada",0.135329555757026
193,"aporte_conservada",0.0743206516096253
193,"aporte_degradada",0.125019926445276
193,"transferencia_conservada",0.104320651609625
193,"transferencia_degradada",0.183019926445276
193,"receptora_conservada",0.181358696780749
193,"receptora_degradada",0.331960147109449
194,"aporte_conservada",0.376483439070628
194,"aporte_degradada",0.204387985726187
194,"transferencia_conservada",0.160758280464686
194,"transferencia_degradada",0.0928060071369066
194,"receptora_conservada",0.102758280464686
194,"receptora_degradada",0.0628060071369066
195,"aporte_conservada",0.373221684414327
195,"aporte_degradada",0.20270087124879
195,"transferencia_conservada",0.162389157792836
195,"transferencia_degradada",0.093649564375605
195,"receptora_conservada",0.104389157792836
195,"receptora_degradada",0.063649564375605
196,"aporte_conservada",0.200085551330798
196,"aporte_degradada",0.368165399239544
196,"transferencia_conservada",0.0949572243346008
196,"transferencia_degradada",0.164917300380228
196,"receptora_conservada",0.0649572243346008
196,"receptora_degradada",0.106917300380228
197,"aporte_conservada",0.0511899365367181
197,"aporte_degradada",0.0803005439709882
197,"transferencia_conservada",0.229156844968268
197,"transferencia_degradada",0.424369900271985
197,"receptora_conservada",0.0796532184950136
197,"receptora_degradada",0.135329555757026
198,"aporte_conservada",0.42327088830255
198,"aporte_degradada",0.228588390501319
198,"transferencia_conservada",0.137364555848725
198,"transferencia_degradada",0.0807058047493404
198,"receptora_conservada",0.0793645558487247
198,"receptora_degradada",0.0507058047493404
199,"aporte_conservada",0.0801042216358839
199,"aporte_degradada",0.0510883905013193
199,"transferencia_conservada",0.424520668425682
199,"transferencia_degradada",0.229234828496042
199,"receptora_conservada",0.135375109938434
199,"receptora_degradada",0.0796767810026385
200,"aporte_conservada",0.107829966329966
200,"aporte_degradada",0.0654292929292929
200,"transferencia_conservada",0.424291245791246
200,"transferencia_degradada",0.229116161616162
200,"receptora_conservada",0.107878787878788
200,"receptora_degradada",0.0654545454545455
201,"aporte_conservada",0.130750802618509
201,"aporte_degradada",0.0772848979061254
201,"transferencia_conservada",0.393285074999784
201,"transferencia_degradada",0.213078487068854
201,"receptora_conservada",0.115964122381707
201,"receptora_degradada",0.0696366150250209
202,"aporte_conservada",0.0511473764908436
202,"aporte_degradada",0.080218261215631
202,"transferencia_conservada",0.229344977892968
202,"transferencia_degradada",0.424733623926405
202,"receptora_conservada",0.0795076456161882
202,"receptora_degradada",0.135048114857964
203,"aporte_conservada",0.124640169698377
203,"aporte_degradada",0.0741242257060572
203,"transferencia_conservada",0.401576140099681
203,"transferencia_degradada",0.217366969017077
203,"receptora_conservada",0.113783690201941
203,"receptora_degradada",0.0685088052768662
204,"aporte_conservada",0.0856029901888617
204,"aporte_degradada",0.0539325811321698
204,"transferencia_conservada",0.424143546898306
204,"transferencia_degradada",0.229039765637055
204,"receptora_conservada",0.130253462912832
204,"receptora_degradada",0.0770276532307754
205,"aporte_conservada",0.368048821548822
205,"aporte_degradada",0.200025252525252
205,"transferencia_conservada",0.164975589225589
205,"transferencia_degradada",0.0949873737373737
205,"receptora_conservada",0.106975589225589
205,"receptora_degradada",0.0649873737373737
206,"aporte_conservada",0.392696252875077
206,"aporte_degradada",0.212773923900902
206,"transferencia_conservada",0.152651873562462
206,"transferencia_degradada",0.0886130380495492
206,"receptora_conservada",0.0946518735624617
206,"receptora_degradada",0.0586130380495492
207,"aporte_conservada",0.43412197483059
207,"aporte_degradada",0.141800580832527
207,"transferencia_conservada",0.186939012584705
207,"transferencia_degradada",0.0690997095837367
207,"receptora_conservada",0.118939012584705
207,"receptora_degradada",0.0490997095837367
208,"aporte_conservada",0.387228776958888
208,"aporte_degradada",0.209945919116666
208,"transferencia_conservada",0.155385611520556
208,"transferencia_degradada",0.0900270404416671
208,"receptora_conservada",0.0973856115205563
208,"receptora_degradada",0.0600270404416671
209,"aporte_conservada",0.373221684414327
209,"aporte_degradada",0.20270087124879
209,"transferencia_conservada",0.162389157792836
209,"transferencia_degradada",0.093649564375605
209,"receptora_conservada",0.104389157792836
209,"receptora_degradada",0.063649564375605
210,"aporte_conservada",0.106017424975799
210,"aporte_degradada",0.0644917715392062
210,"transferencia_conservada",0.422743465634076
210,"transferencia_degradada",0.228315585672798
210,"receptora_conservada",0.111239109390126
210,"receptora_degradada",0.0671926427879961
211,"aporte_conservada",0.106017424975799
211,"aporte_degradada",0.0644917715392062
211,"transferencia_conservada",0.422743465634076
211,"transferencia_degradada",0.228315585672798
211,"receptora_conservada",0.111239109390126
211,"receptora_degradada",0.0671926427879961
212,"aporte_conservada",0.0528629119860014
212,"aporte_degradada",0.0835349631729361
212,"transferencia_conservada",0.229044964036515
212,"transferencia_degradada",0.424153597137262
212,"receptora_conservada",0.0780921239774835
212,"receptora_degradada",0.132311439689801
213,"aporte_conservada",0.064191063174114
213,"aporte_degradada",0.105436055469954
213,"transferencia_conservada",0.228428351309707
213,"transferencia_degradada",0.422961479198767
213,"receptora_conservada",0.0673805855161787
213,"receptora_degradada",0.111602465331279
214,"aporte_conservada",0.354613464053948
214,"aporte_degradada",0.193075929683077
214,"transferencia_conservada",0.171693267973026
214,"transferencia_degradada",0.0984620351584616
214,"receptora_conservada",0.113693267973026
214,"receptora_degradada",0.0684620351584616
215,"aporte_conservada",0.0793951107396573
215,"aporte_degradada",0.134830547430004
215,"transferencia_conservada",0.109395110739657
215,"transferencia_degradada",0.192830547430004
215,"receptora_conservada",0.171209778520685
215,"receptora_degradada",0.312338905139992
216,"aporte_conservada",0.190916737830914
216,"aporte_degradada",0.108405209222886
216,"transferencia_conservada",0.313665243381725
216,"transferencia_degradada",0.171895815542272
216,"receptora_conservada",0.135418018787361
216,"receptora_degradada",0.079698975234842
217,"aporte_conservada",0.107829966329966
217,"aporte_degradada",0.0654292929292929
217,"transferencia_conservada",0.424291245791246
217,"transferencia_degradada",0.229116161616162
217,"receptora_conservada",0.107878787878788
217,"receptora_degradada",0.0654545454545455
218,"aporte_conservada",0.104308006311637
218,"aporte_degradada",0.182995478869164
218,"transferencia_conservada",0.177302668074937
218,"transferencia_degradada",0.324118491611545
218,"receptora_conservada",0.0783893256134264
218,"receptora_degradada",0.132886029519291
219,"aporte_conservada",0.136329027465706
219,"aporte_degradada",0.0801701866201926
219,"transferencia_conservada",0.385751287566892
219,"transferencia_degradada",0.209181700465634
219,"receptora_conservada",0.117919684967402
219,"receptora_degradada",0.0706481129141736
220,"aporte_conservada",0.0751002190422181
220,"aporte_degradada",0.126527090148288
220,"transferencia_conservada",0.21588349406916
220,"transferencia_degradada",0.39870808853371
220,"receptora_conservada",0.0690162868886216
220,"receptora_degradada",0.114764821318002
221,"aporte_conservada",0.204976420649479
221,"aporte_degradada",0.377621079922325
221,"transferencia_conservada",0.0925117896752607
221,"transferencia_degradada",0.160189460038837
221,"receptora_conservada",0.0625117896752607
221,"receptora_degradada",0.102189460038837
222,"aporte_conservada",0.127963856638895
222,"aporte_degradada",0.0758433741235666
222,"transferencia_conservada",0.397084945169737
222,"transferencia_degradada",0.21504393715676
222,"receptora_conservada",0.114951198191368
222,"receptora_degradada",0.0691126887196729
223,"aporte_conservada",0.17188605108055
223,"aporte_degradada",0.313646365422397
223,"transferencia_conservada",0.109056974459725
223,"transferencia_degradada",0.192176817288802
223,"receptora_conservada",0.079056974459725
223,"receptora_degradada",0.134176817288802
224,"aporte_conservada",0.421810423030712
224,"aporte_degradada",0.227832977429678
224,"transferencia_conservada",0.138094788484644
224,"transferencia_degradada",0.0810835112851608
224,"receptora_conservada",0.0800947884846441
224,"receptora_degradada",0.0510835112851608
225,"aporte_conservada",0.203189522342065
225,"aporte_degradada",0.374166409861325
225,"transferencia_conservada",0.0934052388289676
225,"transferencia_degradada",0.161916795069337
225,"receptora_conservada",0.0634052388289676
225,"receptora_degradada",0.103916795069337
226,"aporte_conservada",0.080674892189746
226,"aporte_degradada",0.0513835649257307
226,"transferencia_conservada",0.424082414949688
226,"transferencia_degradada",0.229008145663632
226,"receptora_conservada",0.135242692860565
226,"receptora_degradada",0.0796082894106373
227,"aporte_conservada",0.146336075050421
227,"aporte_degradada",0.085346245715735
227,"transferencia_conservada",0.372401761024962
227,"transferencia_degradada",0.202276772943946
227,"receptora_conservada",0.121262163924616
227,"receptora_degradada",0.0723769813403189
228,"aporte_conservada",0.491976042165788
228,"aporte_degradada",0.158816482989938
228,"transferencia_conservada",0.158011978917106
228,"transferencia_degradada",0.0605917585050311
228,"receptora_conservada",0.0900119789171059
228,"receptora_degradada",0.0405917585050311
229,"aporte_conservada",0.106017424975799
229,"aporte_degradada",0.0644917715392062
229,"transferencia_conservada",0.422743465634076
229,"transferencia_degradada",0.228315585672798
229,"receptora_conservada",0.111239109390126
229,"receptora_degradada",0.0671926427879961
230,"aporte_conservada",0.106017424975799
230,"aporte_degradada",0.0644917715392062
230,"transferencia_conservada",0.422743465634076
230,"transferencia_degradada",0.228315585672798
230,"receptora_conservada",0.111239109390126
230,"receptora_degradada",0.0671926427879961
231,"aporte_conservada",0.134635444151275
231,"aporte_degradada",0.0792941952506596
231,"transferencia_conservada",0.192635444151275
231,"transferencia_degradada",0.10929419525066
231,"receptora_conservada",0.312729111697449
231,"receptora_degradada",0.171411609498681
232,"aporte_conservada",0.0801042216358839
232,"aporte_degradada",0.0510883905013193
232,"transferencia_conservada",0.424520668425682
232,"transferencia_degradada",0.229234828496042
232,"receptora_conservada",0.135375109938434
232,"receptora_degradada",0.0796767810026385
233,"aporte_conservada",0.105962652491192
233,"aporte_degradada",0.186194461482971
233,"transferencia_conservada",0.175017382145927
233,"transferencia_degradada",0.319700272148792
233,"receptora_conservada",0.079019965362881
233,"receptora_degradada",0.134105266368237
234,"aporte_conservada",0.109864742770864
234,"aporte_degradada",0.066481763502171
234,"transferencia_conservada",0.421493176952127
234,"transferencia_degradada",0.22766888463041
234,"receptora_conservada",0.108642080277009
234,"receptora_degradada",0.0658493518674186
235,"aporte_conservada",0.0973235922696219
235,"aporte_degradada",0.05999496151877
235,"transferencia_conservada",0.155323592269622
235,"transferencia_degradada",0.08999496151877
235,"receptora_conservada",0.387352815460756
235,"receptora_degradada",0.21001007696246
236,"aporte_conservada",0.422567800670819
236,"aporte_degradada",0.228224724484907
236,"transferencia_conservada",0.13771609966459
236,"transferencia_degradada",0.0808876377575467
236,"receptora_conservada",0.0797160996645903
236,"receptora_degradada",0.0508876377575467
237,"aporte_conservada",0.0792506404782237
237,"aporte_degradada",0.0506468830059778
237,"transferencia_conservada",0.137250640478224
237,"transferencia_degradada",0.0806468830059778
237,"receptora_conservada",0.423498719043553
237,"receptora_degradada",0.228706233988044
238,"aporte_conservada",0.10770137524558
238,"aporte_degradada",0.189555992141454
238,"transferencia_conservada",0.172711198428291
238,"transferencia_degradada",0.315241650294695
238,"receptora_conservada",0.0795874263261297
238,"receptora_degradada",0.135202357563851
239,"aporte_conservada",0.109610842207164
239,"aporte_degradada",0.066350435624395
239,"transferencia_conservada",0.167610842207164
239,"transferencia_degradada",0.096350435624395
239,"receptora_conservada",0.362778315585673
239,"receptora_degradada",0.19729912875121
240,"aporte_conservada",0.0976628170540208
240,"aporte_degradada",0.0601704226141487
240,"transferencia_conservada",0.155662817054021
240,"transferencia_degradada",0.0901704226141487
240,"receptora_conservada",0.386674365891958
240,"receptora_degradada",0.209659154771703
241,"aporte_conservada",0.17188605108055
241,"aporte_degradada",0.313646365422397
241,"transferencia_conservada",0.109056974459725
241,"transferencia_degradada",0.192176817288802
241,"receptora_conservada",0.079056974459725
241,"receptora_degradada",0.134176817288802
242,"aporte_conservada",0.414339877984884
242,"aporte_degradada",0.223968902405975
242,"transferencia_conservada",0.141830061007558
242,"transferencia_degradada",0.0830155487970127
242,"receptora_conservada",0.0838300610075579
242,"receptora_degradada",0.0530155487970127
243,"aporte_conservada",0.171411609498681
243,"aporte_degradada",0.312729111697449
243,"transferencia_conservada",0.10929419525066
243,"transferencia_degradada",0.192635444151275
243,"receptora_conservada",0.0792941952506596
243,"receptora_degradada",0.134635444151275
244,"aporte_conservada",0.0646958875138537
244,"aporte_degradada",0.106412049193451
244,"transferencia_conservada",0.0946958875138537
244,"transferencia_degradada",0.164412049193451
244,"receptora_conservada",0.200608224972293
244,"receptora_degradada",0.369175901613099
245,"aporte_conservada",0.422567800670819
245,"aporte_degradada",0.228224724484907
245,"transferencia_conservada",0.13771609966459
245,"transferencia_degradada",0.0808876377575467
245,"receptora_conservada",0.0797160996645903
245,"receptora_degradada",0.0508876377575467
246,"aporte_conservada",0.199781378112901
246,"aporte_degradada",0.367577331018276
246,"transferencia_conservada",0.0951093109435493
246,"transferencia_degradada",0.165211334490862
246,"receptora_conservada",0.0651093109435493
246,"receptora_degradada",0.107211334490862
247,"aporte_conservada",0.367726327528693
247,"aporte_degradada",0.199858445273462
247,"transferencia_conservada",0.165136836235654
247,"transferencia_degradada",0.0950707773632691
247,"receptora_conservada",0.107136836235654
247,"receptora_degradada",0.0650707773632691
248,"aporte_conservada",0.0604011149869539
248,"aporte_degradada",0.098108822308111
248,"transferencia_conservada",0.0904011149869539
248,"transferencia_degradada",0.156108822308111
248,"receptora_conservada",0.209197770026092
248,"receptora_degradada",0.385782355383778
249,"aporte_conservada",0.0588610295366338
249,"aporte_degradada",0.0951313237708253
249,"transferencia_conservada",0.0888610295366338
249,"transferencia_degradada",0.153131323770825
249,"receptora_conservada",0.212277940926732
249,"receptora_degradada",0.391737352458349
250,"aporte_conservada",0.371938748335553
250,"aporte_degradada",0.202037283621838
250,"transferencia_conservada",0.163030625832224
250,"transferencia_degradada",0.0939813581890812
250,"receptora_conservada",0.105030625832224
250,"receptora_degradada",0.0639813581890812
251,"aporte_conservada",0.103012857490903
251,"aporte_degradada",0.0629376849090879
251,"transferencia_conservada",0.422684788083106
251,"transferencia_degradada",0.228285235215399
251,"receptora_conservada",0.114302354425991
251,"receptora_degradada",0.0687770798755126
252,"aporte_conservada",0.0508876377575467
252,"aporte_degradada",0.0797160996645903
252,"transferencia_conservada",0.0808876377575467
252,"transferencia_degradada",0.13771609966459
252,"receptora_conservada",0.228224724484906
252,"receptora_degradada",0.422567800670819
253,"aporte_conservada",0.0895403986722097
253,"aporte_degradada",0.055969171727005
253,"transferencia_conservada",0.423527723872023
253,"transferencia_degradada",0.228721236485529
253,"receptora_conservada",0.126931877455767
253,"receptora_degradada",0.0753095917874659
254,"aporte_conservada",0.190916737830914
254,"aporte_degradada",0.108405209222886
254,"transferencia_conservada",0.313665243381725
254,"transferencia_degradada",0.171895815542272
254,"receptora_conservada",0.135418018787361
254,"receptora_degradada",0.079698975234842
255,"aporte_conservada",0.0612922814994594
255,"aporte_degradada",0.0998317442322881
255,"transferencia_conservada",0.0912922814994594
255,"transferencia_degradada",0.157831744232288
255,"receptora_conservada",0.207415437001081
255,"receptora_degradada",0.382336511535424
256,"aporte_conservada",0.0848047426186508
256,"aporte_degradada",0.0535196944579228
256,"transferencia_conservada",0.424198293036464
256,"transferencia_degradada",0.229068082605068
256,"receptora_conservada",0.130996964344885
256,"receptora_degradada",0.0774122229370095
257,"aporte_conservada",0.0672363482882272
257,"aporte_degradada",0.111323606690573
257,"transferencia_conservada",0.226509280062878
257,"transferencia_degradada",0.41925127478823
257,"receptora_conservada",0.0662543716488949
257,"receptora_degradada",0.109425118521197
258,"aporte_conservada",0.422567800670819
258,"aporte_degradada",0.228224724484907
258,"transferencia_conservada",0.13771609966459
258,"transferencia_degradada",0.0808876377575467
258,"receptora_conservada",0.0797160996645903
258,"receptora_degradada",0.0508876377575467
259,"aporte_conservada",0.190916737830914
259,"aporte_degradada",0.108405209222886
259,"transferencia_conservada",0.313665243381725
259,"transferencia_degradada",0.171895815542272
259,"receptora_conservada",0.135418018787361
259,"receptora_degradada",0.079698975234842
260,"aporte_conservada",0.106806924101198
260,"aporte_degradada",0.0649001331557923
260,"transferencia_conservada",0.422447403462051
260,"transferencia_degradada",0.228162450066578
260,"receptora_conservada",0.110745672436751
260,"receptora_degradada",0.0669374167776298
261,"aporte_conservada",0.373221684414327
261,"aporte_degradada",0.20270087124879
261,"transferencia_conservada",0.162389157792836
261,"transferencia_degradada",0.093649564375605
261,"receptora_conservada",0.104389157792836
261,"receptora_degradada",0.063649564375605
262,"aporte_conservada",0.145895350823555
262,"aporte_degradada",0.0851182849087356
262,"transferencia_conservada",0.372993979861504
262,"transferencia_degradada",0.202583093031813
262,"receptora_conservada",0.12111066931494
262,"receptora_degradada",0.0722986220594518
263,"aporte_conservada",0.141864638181652
263,"aporte_degradada",0.0830334335422338
263,"transferencia_conservada",0.378367843013654
263,"transferencia_degradada",0.205362677420856
263,"receptora_conservada",0.119767518804694
263,"receptora_degradada",0.0716038890369107
264,"aporte_conservada",0.361931944423278
264,"aporte_degradada",0.196861350563765
264,"transferencia_conservada",0.168034027788361
264,"transferencia_degradada",0.0965693247181177
264,"receptora_conservada",0.110034027788361
264,"receptora_degradada",0.0665693247181177
265,"aporte_conservada",0.179563151672721
265,"aporte_degradada",0.328488759900594
265,"transferencia_conservada",0.105218424163639
265,"transferencia_degradada",0.184755620049703
265,"receptora_conservada",0.0752184241636395
265,"receptora_degradada",0.126755620049703
266,"aporte_conservada",0.177132836783236
266,"aporte_degradada",0.323790151114257
266,"transferencia_conservada",0.106433581608382
266,"transferencia_degradada",0.187104924442871
266,"receptora_conservada",0.0764335816083818
266,"receptora_degradada",0.129104924442871
267,"aporte_conservada",0.107
267,"aporte_degradada",0.065
267,"transferencia_conservada",0.422375
267,"transferencia_degradada",0.228125
267,"receptora_conservada",0.110625
267,"receptora_degradada",0.066875
268,"aporte_conservada",0.0692319259160263
268,"aporte_degradada",0.115181723437651
268,"transferencia_conservada",0.223812824148202
268,"transferencia_degradada",0.414038126686524
268,"receptora_conservada",0.0669552499357715
268,"receptora_degradada",0.110780149875825
269,"aporte_conservada",0.161909343509766
269,"aporte_degradada",0.0934013845740169
269,"transferencia_conservada",0.351406628683932
269,"transferencia_degradada",0.191417221733069
269,"receptora_conservada",0.126684027806302
269,"receptora_degradada",0.0751813936929146
270,"aporte_conservada",0.373221684414327
270,"aporte_degradada",0.20270087124879
270,"transferencia_conservada",0.162389157792836
270,"transferencia_degradada",0.093649564375605
270,"receptora_conservada",0.104389157792836
270,"receptora_degradada",0.063649564375605
271,"aporte_conservada",0.422567800670819
271,"aporte_degradada",0.228224724484907
271,"transferencia_conservada",0.13771609966459
271,"transferencia_degradada",0.0808876377575467
271,"receptora_conservada",0.0797160996645903
271,"receptora_degradada",0.0508876377575467
272,"aporte_conservada",0.0771076607093627
272,"aporte_degradada",0.130408144038101
272,"transferencia_conservada",0.2131710072777
272,"transferencia_degradada",0.393463947403554
272,"receptora_conservada",0.0697213320129371
272,"receptora_degradada",0.116127908558345
273,"aporte_conservada",0.382598395478128
273,"aporte_degradada",0.207550894212825
273,"transferencia_conservada",0.157700802260936
273,"transferencia_degradada",0.0912245528935876
273,"receptora_conservada",0.0997008022609361
273,"receptora_degradada",0.0612245528935876
274,"aporte_conservada",0.065479797979798
274,"aporte_degradada",0.107927609427609
274,"transferencia_conservada",0.229065656565657
274,"transferencia_degradada",0.424193602693603
274,"receptora_conservada",0.0654545454545455
274,"receptora_degradada",0.107878787878788
275,"aporte_conservada",0.106017424975799
275,"aporte_degradada",0.0644917715392062
275,"transferencia_conservada",0.422743465634076
275,"transferencia_degradada",0.228315585672798
275,"receptora_conservada",0.111239109390126
275,"receptora_degradada",0.0671926427879961
276,"aporte_conservada",0.0839967489431066
276,"aporte_degradada",0.0531017666947103
276,"transferencia_conservada",0.423874575239006
276,"transferencia_degradada",0.228900642365003
276,"receptora_conservada",0.132128675817888
276,"receptora_degradada",0.0779975909402868
277,"aporte_conservada",0.0875535479985157
277,"aporte_degradada",0.150603526130464
277,"transferencia_conservada",0.199056359883133
277,"transferencia_degradada",0.36617562910739
277,"receptora_conservada",0.0733900921183517
277,"receptora_degradada",0.123220844762147
278,"aporte_conservada",0.109610842207164
278,"aporte_degradada",0.066350435624395
278,"transferencia_conservada",0.167610842207164
278,"transferencia_degradada",0.096350435624395
278,"receptora_conservada",0.362778315585673
278,"receptora_degradada",0.19729912875121
279,"aporte_conservada",0.190358567543064
279,"aporte_degradada",0.108116500453309
279,"transferencia_conservada",0.314311876699909
279,"transferencia_degradada",0.172230281051677
279,"receptora_conservada",0.135329555757026
279,"receptora_degradada",0.0796532184950136
280,"aporte_conservada",0.0989965477094732
280,"aporte_degradada",0.0608602832980034
280,"transferencia_conservada",0.422856689258226
280,"transferencia_degradada",0.228374149616324
280,"receptora_conservada",0.118146763032301
280,"receptora_degradada",0.0707655670856727
281,"aporte_conservada",0.371938748335553
281,"aporte_degradada",0.202037283621838
281,"transferencia_conservada",0.163030625832224
281,"transferencia_degradada",0.0939813581890812
281,"receptora_conservada",0.105030625832224
281,"receptora_degradada",0.0639813581890812
282,"aporte_conservada",0.351272575978208
282,"aporte_degradada",0.191347884126659
282,"transferencia_conservada",0.173363712010896
282,"transferencia_degradada",0.0993260579366704
282,"receptora_conservada",0.115363712010896
282,"receptora_degradada",0.0693260579366704
283,"aporte_conservada",0.14835400156492
283,"aporte_degradada",0.0863900008094412
283,"transferencia_conservada",0.369639297785587
283,"transferencia_degradada",0.200847912647717
283,"receptora_conservada",0.122006700649494
283,"receptora_degradada",0.0727620865428416
284,"aporte_conservada",0.203189522342065
284,"aporte_degradada",0.374166409861325
284,"transferencia_conservada",0.0934052388289676
284,"transferencia_degradada",0.161916795069337
284,"receptora_conservada",0.0634052388289676
284,"receptora_degradada",0.103916795069337
285,"aporte_conservada",0.190358567543064
285,"aporte_degradada",0.108116500453309
285,"transferencia_conservada",0.314311876699909
285,"transferencia_degradada",0.172230281051677
285,"receptora_conservada",0.135329555757026
285,"receptora_degradada",0.0796532184950136
286,"aporte_conservada",0.17188605108055
286,"aporte_degradada",0.313646365422397
286,"transferencia_conservada",0.109056974459725
286,"transferencia_degradada",0.192176817288802
286,"receptora_conservada",0.079056974459725
286,"receptora_degradada",0.134176817288802
287,"aporte_conservada",0.161453401143195
287,"aporte_degradada",0.0931655523154459
287,"transferencia_conservada",0.352088003068068
287,"transferencia_degradada",0.191769656759346
287,"receptora_conservada",0.126458595788736
287,"receptora_degradada",0.0750647909252085
288,"aporte_conservada",0.179485485485485
288,"aporte_degradada",0.102492492492492
288,"transferencia_conservada",0.327765765765766
288,"transferencia_degradada",0.179189189189189
288,"receptora_conservada",0.132748748748749
288,"receptora_degradada",0.0783183183183183
289,"aporte_conservada",0.384022728881588
289,"aporte_degradada",0.208287618387028
289,"transferencia_conservada",0.156988635559206
289,"transferencia_degradada",0.090856190806486
289,"receptora_conservada",0.0989886355592062
289,"receptora_degradada",0.060856190806486
290,"aporte_conservada",0.0655217391304348
290,"aporte_degradada",0.108008695652174
290,"transferencia_conservada",0.228826086956522
290,"transferencia_degradada",0.423730434782609
290,"receptora_conservada",0.0656521739130435
290,"receptora_degradada",0.108260869565217
291,"aporte_conservada",0.367834600760456
291,"aporte_degradada",0.199914448669202
291,"transferencia_conservada",0.165082699619772
291,"transferencia_degradada",0.0950427756653992
291,"receptora_conservada",0.107082699619772
291,"receptora_degradada",0.0650427756653992
292,"aporte_conservada",0.374890579499406
292,"aporte_degradada",0.20356409284452
292,"transferencia_conservada",0.161554710250297
292,"transferencia_degradada",0.0932179535777398
292,"receptora_conservada",0.103554710250297
292,"receptora_degradada",0.0632179535777398
293,"aporte_conservada",0.127095801019941
293,"aporte_degradada",0.0753943798379005
293,"transferencia_conservada",0.185095801019941
293,"transferencia_degradada",0.105394379837901
293,"receptora_conservada",0.327808397960118
293,"receptora_degradada",0.179211240324199
294,"aporte_conservada",0.360230902581903
294,"aporte_degradada",0.195981501335467
294,"transferencia_conservada",0.168884548709049
294,"transferencia_degradada",0.0970092493322665
294,"receptora_conservada",0.110884548709049
294,"receptora_degradada",0.0670092493322665
295,"aporte_conservada",0.190916737830914
295,"aporte_degradada",0.108405209222886
295,"transferencia_conservada",0.313665243381725
295,"transferencia_degradada",0.171895815542272
295,"receptora_conservada",0.135418018787361
295,"receptora_degradada",0.079698975234842
296,"aporte_conservada",0.371938748335553
296,"aporte_degradada",0.202037283621838
296,"transferencia_conservada",0.163030625832224
296,"transferencia_degradada",0.0939813581890812
296,"receptora_conservada",0.105030625832224
296,"receptora_degradada",0.0639813581890812
297,"aporte_conservada",0.106017424975799
297,"aporte_degradada",0.0644917715392062
297,"transferencia_conservada",0.422743465634076
297,"transferencia_degradada",0.228315585672798
297,"receptora_conservada",0.111239109390126
297,"receptora_degradada",0.0671926427879961
298,"aporte_conservada",0.0792506404782237
298,"aporte_degradada",0.0506468830059778
298,"transferencia_conservada",0.137250640478224
298,"transferencia_degradada",0.0806468830059778
298,"receptora_conservada",0.423498719043553
298,"receptora_degradada",0.228706233988044
299,"aporte_conservada",0.400596832802684
299,"aporte_degradada",0.131940244941966
299,"transferencia_conservada",0.203701583598658
299,"transferencia_degradada",0.074029877529017
299,"receptora_conservada",0.135701583598658
299,"receptora_degradada",0.054029877529017
300,"aporte_conservada",0.373221684414327
300,"aporte_degradada",0.20270087124879
300,"transferencia_conservada",0.162389157792836
300,"transferencia_degradada",0.093649564375605
300,"receptora_conservada",0.104389157792836
300,"receptora_degradada",0.063649564375605
301,"aporte_conservada",0.0509927412467976
301,"aporte_degradada",0.0799192997438087
301,"transferencia_conservada",0.22930828351836
301,"transferencia_degradada",0.42466268146883
301,"receptora_conservada",0.079698975234842
301,"receptora_degradada",0.135418018787361
302,"aporte_conservada",0.409488549449301
302,"aporte_degradada",0.221459594542742
302,"transferencia_conservada",0.144255725275349
302,"transferencia_degradada",0.084270202728629
302,"receptora_conservada",0.0862557252753495
302,"receptora_degradada",0.054270202728629
303,"aporte_conservada",0.0514324107711879
303,"aporte_degradada",0.0807693274909633
303,"transferencia_conservada",0.22927761567132
303,"transferencia_degradada",0.424603390297886
303,"receptora_conservada",0.0792899735574918
303,"receptora_degradada",0.134627282211151
304,"aporte_conservada",0.0534474069526239
304,"aporte_degradada",0.0846649867750728
304,"transferencia_conservada",0.229137065573461
304,"transferencia_degradada",0.424331660108692
304,"receptora_conservada",0.0774155274739148
304,"receptora_degradada",0.131003353116235
305,"aporte_conservada",0.334522366522366
305,"aporte_degradada",0.182683982683983
305,"transferencia_conservada",0.181738816738817
305,"transferencia_degradada",0.103658008658009
305,"receptora_conservada",0.123738816738817
305,"receptora_degradada",0.0736580086580087
306,"aporte_conservada",0.324132689987937
306,"aporte_degradada",0.177310012062726
306,"transferencia_conservada",0.186933655006031
306,"transferencia_degradada",0.106344993968637
306,"receptora_conservada",0.128933655006031
306,"receptora_degradada",0.0763449939686369
307,"aporte_conservada",0.377277987421384
307,"aporte_degradada",0.125081761006289
307,"transferencia_conservada",0.215361006289308
307,"transferencia_degradada",0.0774591194968553
307,"receptora_conservada",0.147361006289308
307,"receptora_degradada",0.0574591194968554
308,"aporte_conservada",0.089466268146883
308,"aporte_degradada",0.0404312553373185
308,"transferencia_conservada",0.157466268146883
308,"transferencia_degradada",0.0604312553373185
308,"receptora_conservada",0.493067463706234
308,"receptora_degradada",0.159137489325363
309,"aporte_conservada",0.0846535341830823
309,"aporte_degradada",0.053441483198146
309,"transferencia_conservada",0.142653534183082
309,"transferencia_degradada",0.083441483198146
309,"receptora_conservada",0.412692931633835
309,"receptora_degradada",0.223117033603708
310,"aporte_conservada",0.320636581853096
310,"aporte_degradada",0.175501680268843
310,"transferencia_conservada",0.188681709073452
310,"transferencia_degradada",0.107249159865578
310,"receptora_conservada",0.130681709073452
310,"receptora_degradada",0.0772491598655785
311,"aporte_conservada",0.324737106918239
311,"aporte_degradada",0.177622641509434
311,"transferencia_conservada",0.186631446540881
311,"transferencia_degradada",0.106188679245283
311,"receptora_conservada",0.128631446540881
311,"receptora_degradada",0.076188679245283
312,"aporte_conservada",0.362742164646887
312,"aporte_degradada",0.12080651901379
312,"transferencia_conservada",0.222628917676557
312,"transferencia_degradada",0.0795967404931049
312,"receptora_conservada",0.154628917676557
312,"receptora_degradada",0.0595967404931049
313,"aporte_conservada",0.171411609498681
313,"aporte_degradada",0.312729111697449
313,"transferencia_conservada",0.10929419525066
313,"transferencia_degradada",0.192635444151275
313,"receptora_conservada",0.0792941952506596
313,"receptora_degradada",0.134635444151275
314,"aporte_conservada",0.177227272727273
314,"aporte_degradada",0.323972727272727
314,"transferencia_conservada",0.106386363636364
314,"transferencia_degradada",0.187013636363636
314,"receptora_conservada",0.0763863636363636
314,"receptora_degradada",0.129013636363636
315,"aporte_conservada",0.388750360750361
315,"aporte_degradada",0.128455988455988
315,"transferencia_conservada",0.20962481962482
315,"transferencia_degradada",0.0757720057720058
315,"receptora_conservada",0.14162481962482
315,"receptora_degradada",0.0557720057720058
316,"aporte_conservada",0.364023957834212
316,"aporte_degradada",0.121183517010062
316,"transferencia_conservada",0.221988021082894
316,"transferencia_degradada",0.0794082414949688
316,"receptora_conservada",0.153988021082894
316,"receptora_degradada",0.0594082414949689
317,"aporte_conservada",0.177056837366348
317,"aporte_degradada",0.323643218908272
317,"transferencia_conservada",0.106471581316826
317,"transferencia_degradada",0.187178390545864
317,"receptora_conservada",0.0764715813168261
317,"receptora_degradada",0.129178390545864
318,"aporte_conservada",0.0535826296743064
318,"aporte_degradada",0.0849264173703257
318,"transferencia_conservada",0.0835826296743064
318,"transferencia_degradada",0.142926417370326
318,"receptora_conservada",0.222834740651387
318,"receptora_degradada",0.412147165259349
319,"aporte_conservada",0.0559215955983494
319,"aporte_degradada",0.0894484181568088
319,"transferencia_conservada",0.0859215955983494
319,"transferencia_degradada",0.147448418156809
319,"receptora_conservada",0.218156808803301
319,"receptora_degradada",0.403103163686382
320,"aporte_conservada",0.323319955406912
320,"aporte_degradada",0.176889632107023
320,"transferencia_conservada",0.187340022296544
320,"transferencia_degradada",0.106555183946488
320,"receptora_conservada",0.148191750278707
320,"receptora_degradada",0.0577034559643255
321,"aporte_conservada",0.0507058047493404
321,"aporte_degradada",0.0793645558487247
321,"transferencia_conservada",0.0807058047493404
321,"transferencia_degradada",0.137364555848725
321,"receptora_conservada",0.228588390501319
321,"receptora_degradada",0.423270888302551
322,"aporte_conservada",0.171411609498681
322,"aporte_degradada",0.312729111697449
322,"transferencia_conservada",0.10929419525066
322,"transferencia_degradada",0.192635444151275
322,"receptora_conservada",0.0792941952506596
322,"receptora_degradada",0.134635444151275
323,"aporte_conservada",0.0507058047493404
323,"aporte_degradada",0.0793645558487247
323,"transferencia_conservada",0.0807058047493404
323,"transferencia_degradada",0.137364555848725
323,"receptora_conservada",0.228588390501319
323,"receptora_degradada",0.423270888302551
324,"aporte_conservada",0.18361153262519
324,"aporte_degradada",0.336315629742033
324,"transferencia_conservada",0.103194233687405
324,"transferencia_degradada",0.180842185128983
324,"receptora_conservada",0.0731942336874052
324,"receptora_degradada",0.122842185128983
325,"aporte_conservada",0.171411609498681
325,"aporte_degradada",0.312729111697449
325,"transferencia_conservada",0.10929419525066
325,"transferencia_degradada",0.192635444151275
325,"receptora_conservada",0.0792941952506596
325,"receptora_degradada",0.134635444151275
326,"aporte_conservada",0.0507058047493404
326,"aporte_degradada",0.0793645558487247
326,"transferencia_conservada",0.0807058047493404
326,"transferencia_degradada",0.137364555848725
326,"receptora_conservada",0.228588390501319
326,"receptora_degradada",0.423270888302551
327,"aporte_conservada",0.177056837366348
327,"aporte_degradada",0.323643218908272
327,"transferencia_conservada",0.106471581316826
327,"transferencia_degradada",0.187178390545864
327,"receptora_conservada",0.0764715813168261
327,"receptora_degradada",0.129178390545864
328,"aporte_conservada",0.313432199329181
328,"aporte_degradada",0.171775275515093
328,"transferencia_conservada",0.19228390033541
328,"transferencia_degradada",0.109112362242453
328,"receptora_conservada",0.153988021082894
328,"receptora_degradada",0.0594082414949689
329,"aporte_conservada",0.181843191196699
329,"aporte_degradada",0.332896836313618
329,"transferencia_conservada",0.104078404401651
329,"transferencia_degradada",0.182551581843191
329,"receptora_conservada",0.0740784044016506
329,"receptora_degradada",0.124551581843191
330,"aporte_conservada",0.363483227561197
330,"aporte_degradada",0.12102447869447
330,"transferencia_conservada",0.222258386219402
330,"transferencia_degradada",0.0794877606527652
330,"receptora_conservada",0.154258386219402
330,"receptora_degradada",0.0594877606527652
331,"aporte_conservada",0.0797160996645903
331,"aporte_degradada",0.0508876377575467
331,"transferencia_conservada",0.13771609966459
331,"transferencia_degradada",0.0808876377575467
331,"receptora_conservada",0.491976042165788
331,"receptora_degradada",0.158816482989938
332,"aporte_conservada",0.313432199329181
332,"aporte_degradada",0.171775275515093
332,"transferencia_conservada",0.19228390033541
332,"transferencia_degradada",0.109112362242453
332,"receptora_conservada",0.153988021082894
332,"receptora_degradada",0.0594082414949689
333,"aporte_conservada",0.382778325123153
333,"aporte_degradada",0.126699507389163
333,"transferencia_conservada",0.212610837438424
333,"transferencia_degradada",0.0766502463054187
333,"receptora_conservada",0.144610837438424
333,"receptora_degradada",0.0566502463054187
334,"aporte_conservada",0.372470475276044
334,"aporte_degradada",0.123667786845895
334,"transferencia_conservada",0.217764762361978
334,"transferencia_degradada",0.0781661065770523
334,"receptora_conservada",0.149764762361978
334,"receptora_degradada",0.0581661065770523
335,"aporte_conservada",0.334522366522366
335,"aporte_degradada",0.182683982683983
335,"transferencia_conservada",0.181738816738817
335,"transferencia_degradada",0.103658008658009
335,"receptora_conservada",0.123738816738817
335,"receptora_degradada",0.0736580086580087
336,"aporte_conservada",0.363483227561197
336,"aporte_degradada",0.12102447869447
336,"transferencia_conservada",0.222258386219402
336,"transferencia_degradada",0.0794877606527652
336,"receptora_conservada",0.154258386219402
336,"receptora_degradada",0.0594877606527652
337,"aporte_conservada",0.177165259348613
337,"aporte_degradada",0.323852834740651
337,"transferencia_conservada",0.106417370325694
337,"transferencia_degradada",0.187073582629674
337,"receptora_conservada",0.0764173703256936
337,"receptora_degradada",0.129073582629674
338,"aporte_conservada",0.362932536293766
338,"aporte_degradada",0.120862510674637
338,"transferencia_conservada",0.222533731853117
338,"transferencia_degradada",0.0795687446626815
338,"receptora_conservada",0.154533731853117
338,"receptora_degradada",0.0595687446626815
339,"aporte_conservada",0.171536718041704
339,"aporte_degradada",0.312970988213962
339,"transferencia_conservada",0.109231640979148
339,"transferencia_degradada",0.192514505893019
339,"receptora_conservada",0.0792316409791478
339,"receptora_degradada",0.134514505893019
340,"aporte_conservada",0.181843191196699
340,"aporte_degradada",0.332896836313618
340,"transferencia_conservada",0.104078404401651
340,"transferencia_degradada",0.182551581843191
340,"receptora_conservada",0.0740784044016506
340,"receptora_degradada",0.124551581843191
341,"aporte_conservada",0.0792316409791478
341,"aporte_degradada",0.134514505893019
341,"transferencia_conservada",0.109231640979148
341,"transferencia_degradada",0.192514505893019
341,"receptora_conservada",0.171536718041704
341,"receptora_degradada",0.312970988213962
342,"aporte_conservada",0.139906334908944
342,"aporte_degradada",0.0820205180563505
342,"transferencia_conservada",0.380919880695044
342,"transferencia_degradada",0.206682696911229
342,"receptora_conservada",0.119173784396012
342,"receptora_degradada",0.07129678503242
343,"aporte_conservada",0.18896733351685
343,"aporte_degradada",0.346670178132578
343,"transferencia_conservada",0.100516333241575
343,"transferencia_degradada",0.175664910933711
343,"receptora_conservada",0.0705163332415748
343,"receptora_degradada",0.117664910933711
344,"aporte_conservada",0.225070166470502
344,"aporte_degradada",0.416468988509637
344,"transferencia_conservada",0.0824649167647491
344,"transferencia_degradada",0.140765505745182
344,"receptora_conservada",0.0524649167647491
344,"receptora_degradada",0.0827655057451816
345,"aporte_conservada",0.0801042216358839
345,"aporte_degradada",0.0510883905013193
345,"transferencia_conservada",0.424520668425682
345,"transferencia_degradada",0.229234828496042
345,"receptora_conservada",0.135375109938434
345,"receptora_degradada",0.0796767810026385
346,"aporte_conservada",0.0792316409791478
346,"aporte_degradada",0.134514505893019
346,"transferencia_conservada",0.109231640979148
346,"transferencia_degradada",0.192514505893019
346,"receptora_conservada",0.171536718041704
346,"receptora_degradada",0.312970988213962
347,"aporte_conservada",0.0766639607315017
347,"aporte_degradada",0.129550324080903
347,"transferencia_conservada",0.106663960731502
347,"transferencia_degradada",0.187550324080903
347,"receptora_conservada",0.176672078536997
347,"receptora_degradada",0.322899351838193
348,"aporte_conservada",0.0801042216358839
348,"aporte_degradada",0.0510883905013193
348,"transferencia_conservada",0.424520668425682
348,"transferencia_degradada",0.229234828496042
348,"receptora_conservada",0.135375109938434
348,"receptora_degradada",0.0796767810026385
349,"aporte_conservada",0.0793951107396573
349,"aporte_degradada",0.134830547430004
349,"transferencia_conservada",0.109395110739657
349,"transferencia_degradada",0.192830547430004
349,"receptora_conservada",0.171209778520685
349,"receptora_degradada",0.312338905139992
350,"aporte_conservada",0.0793951107396573
350,"aporte_degradada",0.134830547430004
350,"transferencia_conservada",0.109395110739657
350,"transferencia_degradada",0.192830547430004
350,"receptora_conservada",0.171209778520685
350,"receptora_degradada",0.312338905139992
351,"aporte_conservada",0.0507058047493404
351,"aporte_degradada",0.0793645558487247
351,"transferencia_conservada",0.0807058047493404
351,"transferencia_degradada",0.137364555848725
351,"receptora_conservada",0.228588390501319
351,"receptora_degradada",0.423270888302551
352,"aporte_conservada",0.0507058047493404
352,"aporte_degradada",0.0793645558487247
352,"transferencia_conservada",0.0807058047493404
352,"transferencia_degradada",0.137364555848725
352,"receptora_conservada",0.228588390501319
352,"receptora_degradada",0.423270888302551
353,"aporte_conservada",0.0507803263470524
353,"aporte_degradada",0.0795086309376346
353,"transferencia_conservada",0.0807803263470524
353,"transferencia_degradada",0.137508630937635
353,"receptora_conservada",0.228439347305895
353,"receptora_degradada",0.422982738124731
354,"aporte_conservada",0.0696946228229725
354,"aporte_degradada",0.11607627079108
354,"transferencia_conservada",0.0996946228229724
354,"transferencia_degradada",0.17407627079108
354,"receptora_conservada",0.190610754354055
354,"receptora_degradada",0.34984745841784
355,"aporte_conservada",0.107024410774411
355,"aporte_degradada",0.0650126262626263
355,"transferencia_conservada",0.165024410774411
355,"transferencia_degradada",0.0950126262626263
355,"receptora_conservada",0.367951178451178
355,"receptora_degradada",0.199974747474747
356,"aporte_conservada",0.125848795583176
356,"aporte_degradada",0.0747493770257807
356,"transferencia_conservada",0.183848795583176
356,"transferencia_degradada",0.104749377025781
356,"receptora_conservada",0.330302408833648
356,"receptora_degradada",0.180501245948439
357,"aporte_conservada",0.198974304577352
357,"aporte_degradada",0.366016988849546
357,"transferencia_conservada",0.0955128477113242
357,"transferencia_degradada",0.165991505575227
357,"receptora_conservada",0.0655128477113242
357,"receptora_degradada",0.107991505575227
358,"aporte_conservada",0.0649873737373737
358,"aporte_degradada",0.106975589225589
358,"transferencia_conservada",0.0949873737373737
358,"transferencia_degradada",0.164975589225589
358,"receptora_conservada",0.200025252525252
358,"receptora_degradada",0.368048821548822
359,"aporte_conservada",0.0662230552952202
359,"aporte_degradada",0.109364573570759
359,"transferencia_conservada",0.0962230552952203
359,"transferencia_degradada",0.167364573570759
359,"receptora_conservada",0.19755388940956
359,"receptora_degradada",0.363270852858482
360,"aporte_conservada",0.0507058047493404
360,"aporte_degradada",0.0793645558487247
360,"transferencia_conservada",0.0807058047493404
360,"transferencia_degradada",0.137364555848725
360,"receptora_conservada",0.228588390501319
360,"receptora_degradada",0.423270888302551
361,"aporte_conservada",0.171411609498681
361,"aporte_degradada",0.312729111697449
361,"transferencia_conservada",0.10929419525066
361,"transferencia_degradada",0.192635444151275
361,"receptora_conservada",0.0792941952506596
361,"receptora_degradada",0.134635444151275
362,"aporte_conservada",0.318137048222137
362,"aporte_degradada",0.174208818045933
362,"transferencia_conservada",0.189931475888931
362,"transferencia_degradada",0.107895590977034
362,"receptora_conservada",0.131931475888931
362,"receptora_degradada",0.0778955909770335
363,"aporte_conservada",0.199974003466205
363,"aporte_degradada",0.367949740034662
363,"transferencia_conservada",0.0950129982668977
363,"transferencia_degradada",0.165025129982669
363,"receptora_conservada",0.0650129982668977
363,"receptora_degradada",0.107025129982669
364,"aporte_conservada",0.42327088830255
364,"aporte_degradada",0.228588390501319
364,"transferencia_conservada",0.137364555848725
364,"transferencia_degradada",0.0807058047493404
364,"receptora_conservada",0.0793645558487247
364,"receptora_degradada",0.0507058047493404
365,"aporte_conservada",0.109610842207164
365,"aporte_degradada",0.066350435624395
365,"transferencia_conservada",0.167610842207164
365,"transferencia_degradada",0.096350435624395
365,"receptora_conservada",0.362778315585673
365,"receptora_degradada",0.19729912875121
366,"aporte_conservada",0.368050259965338
366,"aporte_degradada",0.200025996533795
366,"transferencia_conservada",0.164974870017331
366,"transferencia_degradada",0.0949870017331022
366,"receptora_conservada",0.106974870017331
366,"receptora_degradada",0.0649870017331022
367,"aporte_conservada",0.419595800252128
367,"aporte_degradada",0.226687482889032
367,"transferencia_conservada",0.139202099873936
367,"transferencia_degradada",0.0816562585554842
367,"receptora_conservada",0.0812020998739361
367,"receptora_degradada",0.0516562585554842
368,"aporte_conservada",0.0690911121435689
368,"aporte_degradada",0.114909483477567
368,"transferencia_conservada",0.224003093934915
368,"transferencia_degradada",0.414405981607503
368,"receptora_conservada",0.0669057939215159
368,"receptora_degradada",0.110684534914931
369,"aporte_conservada",0.0801722316033032
369,"aporte_degradada",0.13633298109972
369,"transferencia_conservada",0.209245213358587
369,"transferencia_degradada",0.385874079159935
369,"receptora_conservada",0.0705825550381096
369,"receptora_degradada",0.117792939740345
370,"aporte_conservada",0.0801042216358839
370,"aporte_degradada",0.0510883905013193
370,"transferencia_conservada",0.424520668425682
370,"transferencia_degradada",0.229234828496042
370,"receptora_conservada",0.135375109938434
370,"receptora_degradada",0.0796767810026385
371,"aporte_conservada",0.0657663876299267
371,"aporte_degradada",0.108481682751192
371,"transferencia_conservada",0.228495514051573
371,"transferencia_degradada",0.423091327166375
371,"receptora_conservada",0.0657380983184999
371,"receptora_degradada",0.108426990082433
372,"aporte_conservada",0.49280035180299
372,"aporte_degradada",0.15905892700088
372,"transferencia_conservada",0.157599824098505
372,"transferencia_degradada",0.0604705364995603
372,"receptora_conservada",0.0895998240985048
372,"receptora_degradada",0.0404705364995602
373,"aporte_conservada",0.0962571408342082
373,"aporte_degradada",0.0594433487073491
373,"transferencia_conservada",0.423412854284941
373,"transferencia_degradada",0.228661821181866
373,"receptora_conservada",0.120330004880851
373,"receptora_degradada",0.071894830110785
374,"aporte_conservada",0.373221684414327
374,"aporte_degradada",0.20270087124879
374,"transferencia_conservada",0.162389157792836
374,"transferencia_degradada",0.093649564375605
374,"receptora_conservada",0.104389157792836
374,"receptora_degradada",0.063649564375605
375,"aporte_conservada",0.416774232837701
375,"aporte_degradada",0.225228051467776
375,"transferencia_conservada",0.14061288358115
375,"transferencia_degradada",0.0823859742661118
375,"receptora_conservada",0.0826128835811495
375,"receptora_degradada",0.0523859742661118
376,"aporte_conservada",0.0638186989631542
376,"aporte_degradada",0.104716151328765
376,"transferencia_conservada",0.0938186989631542
376,"transferencia_degradada",0.162716151328765
376,"receptora_conservada",0.202362602073692
376,"receptora_degradada",0.37256769734247
377,"aporte_conservada",0.191109694943585
377,"aporte_degradada",0.108505014625992
377,"transferencia_conservada",0.313441704972837
377,"transferencia_degradada",0.17178019222733
377,"receptora_conservada",0.135448600083577
377,"receptora_degradada",0.0797147931466778
378,"aporte_conservada",0.107002002574231
378,"aporte_degradada",0.188203871643513
378,"transferencia_conservada",0.173732185783019
378,"transferencia_degradada",0.317215559180504
378,"receptora_conservada",0.0792658116427499
378,"receptora_degradada",0.134580569175983
379,"aporte_conservada",0.0932588416199756
379,"aporte_degradada",0.0578925042861943
379,"transferencia_conservada",0.423202014161761
379,"transferencia_degradada",0.228552765945738
379,"receptora_conservada",0.123539144218264
379,"receptora_degradada",0.0735547297680674
380,"aporte_conservada",0.070999754278727
380,"aporte_degradada",0.118599524938872
380,"transferencia_conservada",0.221588970211628
380,"transferencia_degradada",0.40973867574248
380,"receptora_conservada",0.0674112755096452
380,"receptora_degradada",0.111661799318647
381,"aporte_conservada",0.0516585401120012
381,"aporte_degradada",0.0812065108832022
381,"transferencia_conservada",0.0816585401120012
381,"transferencia_degradada",0.139206510883202
381,"receptora_conservada",0.226682919775998
381,"receptora_degradada",0.419586978233595
382,"aporte_conservada",0.218990686316039
382,"aporte_degradada",0.404715326877676
382,"transferencia_conservada",0.0855046568419803
382,"transferencia_degradada",0.146642336561162
382,"receptora_conservada",0.0555046568419803
382,"receptora_degradada",0.0886423365611618
383,"aporte_conservada",0.0610312293351259
383,"aporte_degradada",0.0993270433812434
383,"transferencia_conservada",0.228498704402957
383,"transferencia_degradada",0.423097495179051
383,"receptora_conservada",0.0704700662619169
383,"receptora_degradada",0.117575461439706
384,"aporte_conservada",0.0563816724385288
384,"aporte_degradada",0.0903379000478223
384,"transferencia_conservada",0.228932394564659
384,"transferencia_degradada",0.423935962825007
384,"receptora_conservada",0.0746859329968127
384,"receptora_degradada",0.125726137127171
385,"aporte_conservada",0.357352640442412
385,"aporte_degradada",0.19449274505642
385,"transferencia_conservada",0.170323679778794
385,"transferencia_degradada",0.09775362747179
385,"receptora_conservada",0.112323679778794
385,"receptora_degradada",0.06775362747179
386,"aporte_conservada",0.0623504318902858
386,"aporte_degradada",0.101877501654553
386,"transferencia_conservada",0.228462444968884
386,"transferencia_degradada",0.423027393606509
386,"receptora_conservada",0.0691871231408303
386,"receptora_degradada",0.115095104738939
387,"aporte_conservada",0.107829966329966
387,"aporte_degradada",0.0654292929292929
387,"transferencia_conservada",0.424291245791246
387,"transferencia_degradada",0.229116161616162
387,"receptora_conservada",0.107878787878788
387,"receptora_degradada",0.0654545454545455
388,"aporte_conservada",0.0654292929292929
388,"aporte_degradada",0.107829966329966
388,"transferencia_conservada",0.229116161616162
388,"transferencia_degradada",0.424291245791246
388,"receptora_conservada",0.0654545454545455
388,"receptora_degradada",0.107878787878788
389,"aporte_conservada",0.0816414333417103
389,"aporte_degradada",0.0518835000043329
389,"transferencia_conservada",0.13964143334171
389,"transferencia_degradada",0.0818835000043329
389,"receptora_conservada",0.418717133316579
389,"receptora_degradada",0.226232999991334
390,"aporte_conservada",0.228706233988044
390,"aporte_degradada",0.423498719043553
390,"transferencia_conservada",0.0806468830059778
390,"transferencia_degradada",0.137250640478224
390,"receptora_conservada",0.0506468830059778
390,"receptora_degradada",0.0792506404782237
391,"aporte_conservada",0.368048821548822
391,"aporte_degradada",0.200025252525252
391,"transferencia_conservada",0.164975589225589
391,"transferencia_degradada",0.0949873737373737
391,"receptora_conservada",0.106975589225589
391,"receptora_degradada",0.0649873737373737
392,"aporte_conservada",0.0649873737373737
392,"aporte_degradada",0.106975589225589
392,"transferencia_conservada",0.0949873737373737
392,"transferencia_degradada",0.164975589225589
392,"receptora_conservada",0.200025252525252
392,"receptora_degradada",0.368048821548822
393,"aporte_conservada",0.0654292929292929
393,"aporte_degradada",0.107829966329966
393,"transferencia_conservada",0.229116161616162
393,"transferencia_degradada",0.424291245791246
393,"receptora_conservada",0.0654545454545455
393,"receptora_degradada",0.107878787878788
394,"aporte_conservada",0.0509927412467976
394,"aporte_degradada",0.0799192997438087
394,"transferencia_conservada",0.22930828351836
394,"transferencia_degradada",0.42466268146883
394,"receptora_conservada",0.079698975234842
394,"receptora_degradada",0.135418018787361
395,"aporte_conservada",0.0654292929292929
395,"aporte_degradada",0.107829966329966
395,"transferencia_conservada",0.229116161616162
395,"transferencia_degradada",0.424291245791246
395,"receptora_conservada",0.0654545454545455
395,"receptora_degradada",0.107878787878788
396,"aporte_conservada",0.0616543692600316
396,"aporte_degradada",0.100531780569394
396,"transferencia_conservada",0.0916543692600316
396,"transferencia_degradada",0.158531780569394
396,"receptora_conservada",0.206691261479937
396,"receptora_degradada",0.380936438861211
397,"aporte_conservada",0.200085551330798
397,"aporte_degradada",0.368165399239544
397,"transferencia_conservada",0.0949572243346008
397,"transferencia_degradada",0.164917300380228
397,"receptora_conservada",0.0649572243346008
397,"receptora_degradada",0.106917300380228
398,"aporte_conservada",0.0793531169940222
398,"aporte_degradada",0.134749359521776
398,"transferencia_conservada",0.109353116994022
398,"transferencia_degradada",0.192749359521776
398,"receptora_conservada",0.171293766011956
398,"receptora_degradada",0.312501280956447
399,"aporte_conservada",0.0542290889311598
399,"aporte_degradada",0.0861762386002423
399,"transferencia_conservada",0.229019430270516
399,"transferencia_degradada",0.424104231856332
399,"receptora_conservada",0.0767514807983237
399,"receptora_degradada",0.129719529543426
400,"aporte_conservada",0.0508876377575467
400,"aporte_degradada",0.0797160996645903
400,"transferencia_conservada",0.0808876377575467
400,"transferencia_degradada",0.13771609966459
400,"receptora_conservada",0.228224724484906
400,"receptora_degradada",0.422567800670819
401,"aporte_conservada",0.0614680168939966
401,"aporte_degradada",0.100171499328393
401,"transferencia_conservada",0.0914680168939966
401,"transferencia_degradada",0.158171499328393
401,"receptora_conservada",0.207063966212007
401,"receptora_degradada",0.381657001343213
402,"aporte_conservada",0.0510883905013193
402,"aporte_degradada",0.0801042216358839
402,"transferencia_conservada",0.229234828496042
402,"transferencia_degradada",0.424520668425682
402,"receptora_conservada",0.0796767810026385
402,"receptora_degradada",0.135375109938434
403,"aporte_conservada",0.368048821548822
403,"aporte_degradada",0.200025252525252
403,"transferencia_conservada",0.164975589225589
403,"transferencia_degradada",0.0949873737373737
403,"receptora_conservada",0.106975589225589
403,"receptora_degradada",0.0649873737373737
404,"aporte_conservada",0.111199542348786
404,"aporte_degradada",0.0671721770769584
404,"transferencia_conservada",0.419738042375094
404,"transferencia_degradada",0.226761056400911
404,"receptora_conservada",0.10906241527612
404,"receptora_degradada",0.0660667665221309
405,"aporte_conservada",0.353433326578364
405,"aporte_degradada",0.19246551374743
405,"transferencia_conservada",0.172283336710818
405,"transferencia_degradada",0.0987672431262852
405,"receptora_conservada",0.114283336710818
405,"receptora_degradada",0.0687672431262852
406,"aporte_conservada",0.373221684414327
406,"aporte_degradada",0.20270087124879
406,"transferencia_conservada",0.162389157792836
406,"transferencia_degradada",0.093649564375605
406,"receptora_conservada",0.104389157792836
406,"receptora_degradada",0.063649564375605
407,"aporte_conservada",0.364511081379321
407,"aporte_degradada",0.121326788640977
407,"transferencia_conservada",0.221744459310339
407,"transferencia_degradada",0.0793366056795116
407,"receptora_conservada",0.153744459310339
407,"receptora_degradada",0.0593366056795116
408,"aporte_conservada",0.0995598398081118
408,"aporte_degradada",0.0611516412800578
408,"transferencia_conservada",0.423186345591312
408,"transferencia_degradada",0.228544661512748
408,"receptora_conservada",0.117253814600576
408,"receptora_degradada",0.0703036972071945
409,"aporte_conservada",0.364589220932341
409,"aporte_degradada",0.121349770862453
409,"transferencia_conservada",0.221705389533829
409,"transferencia_degradada",0.0793251145687733
409,"receptora_conservada",0.153705389533829
409,"receptora_degradada",0.0593251145687733
410,"aporte_conservada",0.492296087660016
410,"aporte_degradada",0.158910614017652
410,"transferencia_conservada",0.157851956169992
410,"transferencia_degradada",0.0605446929911741
410,"receptora_conservada",0.0898519561699919
410,"receptora_degradada",0.0405446929911741
411,"aporte_conservada",0.139973598512539
411,"aporte_degradada",0.0820553095754511
411,"transferencia_conservada",0.380856553995074
411,"transferencia_degradada",0.20664994172159
411,"receptora_conservada",0.119169847492387
411,"receptora_degradada",0.071294748702959
412,"aporte_conservada",0.0801042216358839
412,"aporte_degradada",0.0510883905013193
412,"transferencia_conservada",0.424520668425682
412,"transferencia_degradada",0.229234828496042
412,"receptora_conservada",0.135375109938434
412,"receptora_degradada",0.0796767810026385
413,"aporte_conservada",0.49280035180299
413,"aporte_degradada",0.15905892700088
413,"transferencia_conservada",0.157599824098505
413,"transferencia_degradada",0.0604705364995603
413,"receptora_conservada",0.0895998240985048
413,"receptora_degradada",0.0404705364995602
414,"aporte_conservada",0.219730734360834
414,"aporte_degradada",0.0787443336355395
414,"transferencia_conservada",0.365055303717135
414,"transferencia_degradada",0.121486854034452
414,"receptora_conservada",0.155213961922031
414,"receptora_degradada",0.0597688123300091
415,"aporte_conservada",0.0917342554890742
415,"aporte_degradada",0.041098310437963
415,"transferencia_conservada",0.494178700460177
415,"transferencia_degradada",0.159464323664758
415,"receptora_conservada",0.154087044050749
415,"receptora_degradada",0.0594373658972791
416,"aporte_conservada",0.428058925476603
416,"aporte_degradada",0.14001733102253
416,"transferencia_conservada",0.189970537261698
416,"transferencia_degradada",0.0699913344887348
416,"receptora_conservada",0.121970537261698
416,"receptora_degradada",0.0499913344887348
417,"aporte_conservada",0.364932854779083
417,"aporte_degradada",0.198413545575388
417,"transferencia_conservada",0.166533572610458
417,"transferencia_degradada",0.0957932272123061
417,"receptora_conservada",0.108533572610458
417,"receptora_degradada",0.0657932272123061
418,"aporte_conservada",0.49280035180299
418,"aporte_degradada",0.15905892700088
418,"transferencia_conservada",0.157599824098505
418,"transferencia_degradada",0.0604705364995603
418,"receptora_conservada",0.0895998240985048
418,"receptora_degradada",0.0404705364995602
419,"aporte_conservada",0.351300810426733
419,"aporte_degradada",0.191362488151759
419,"transferencia_conservada",0.173349594786633
419,"transferencia_degradada",0.0993187559241206
419,"receptora_conservada",0.115349594786633
419,"receptora_degradada",0.0693187559241206
420,"aporte_conservada",0.356834707364358
420,"aporte_degradada",0.194224848636737
420,"transferencia_conservada",0.170582646317821
420,"transferencia_degradada",0.0978875756816316
420,"receptora_conservada",0.112582646317821
420,"receptora_degradada",0.0678875756816316
421,"aporte_conservada",0.356965096933606
421,"aporte_degradada",0.194292291517382
421,"transferencia_conservada",0.170517451533197
421,"transferencia_degradada",0.0978538542413088
421,"receptora_conservada",0.112517451533197
421,"receptora_degradada",0.0678538542413088
422,"aporte_conservada",0.368048821548822
422,"aporte_degradada",0.200025252525252
422,"transferencia_conservada",0.164975589225589
422,"transferencia_degradada",0.0949873737373737
422,"receptora_conservada",0.106975589225589
422,"receptora_degradada",0.0649873737373737
423,"aporte_conservada",0.492146138844189
423,"aporte_degradada",0.158866511424761
423,"transferencia_conservada",0.157926930577906
423,"transferencia_degradada",0.0605667442876193
423,"receptora_conservada",0.0899269305779056
423,"receptora_degradada",0.0405667442876193
424,"aporte_conservada",0.190358567543064
424,"aporte_degradada",0.108116500453309
424,"transferencia_conservada",0.314311876699909
424,"transferencia_degradada",0.172230281051677
424,"receptora_conservada",0.135329555757026
424,"receptora_degradada",0.0796532184950136
425,"aporte_conservada",0.356905933711048
425,"aporte_degradada",0.194261689850542
425,"transferencia_conservada",0.170547033144476
425,"transferencia_degradada",0.0978691550747291
425,"receptora_conservada",0.112547033144476
425,"receptora_degradada",0.0678691550747291
426,"aporte_conservada",0.189167346925454
426,"aporte_degradada",0.347056870722545
426,"transferencia_conservada",0.100416326537273
426,"transferencia_degradada",0.175471564638727
426,"receptora_conservada",0.0704163265372728
426,"receptora_degradada",0.117471564638727
427,"aporte_conservada",0.107
427,"aporte_degradada",0.065
427,"transferencia_conservada",0.422375
427,"transferencia_degradada",0.228125
427,"receptora_conservada",0.110625
427,"receptora_degradada",0.066875
428,"aporte_conservada",0.101086100168824
428,"aporte_degradada",0.176766460326393
428,"transferencia_conservada",0.180770962296005
428,"transferencia_degradada",0.330823860438942
428,"receptora_conservada",0.0781429375351716
428,"receptora_degradada",0.132409679234665
429,"aporte_conservada",0.0801042216358839
429,"aporte_degradada",0.0510883905013193
429,"transferencia_conservada",0.424520668425682
429,"transferencia_degradada",0.229234828496042
429,"receptora_conservada",0.135375109938434
429,"receptora_degradada",0.0796767810026385
430,"aporte_conservada",0.101086100168824
430,"aporte_degradada",0.176766460326393
430,"transferencia_conservada",0.180770962296005
430,"transferencia_degradada",0.330823860438942
430,"receptora_conservada",0.0781429375351716
430,"receptora_degradada",0.132409679234665
431,"aporte_conservada",0.371625
431,"aporte_degradada",0.201875
431,"transferencia_conservada",0.1631875
431,"transferencia_degradada",0.0940625
431,"receptora_conservada",0.1051875
431,"receptora_degradada",0.0640625
432,"aporte_conservada",0.098889254219919
432,"aporte_degradada",0.172519224825177
432,"transferencia_conservada",0.183739375135493
432,"transferencia_degradada",0.336562791928621
432,"receptora_conservada",0.0773713706445875
432,"receptora_degradada",0.130917983246203
433,"aporte_conservada",0.312501280956447
433,"aporte_degradada",0.171293766011956
433,"transferencia_conservada",0.192749359521776
433,"transferencia_degradada",0.109353116994022
433,"receptora_conservada",0.134749359521776
433,"receptora_degradada",0.0793531169940222
434,"aporte_conservada",0.101086100168824
434,"aporte_degradada",0.176766460326393
434,"transferencia_conservada",0.180770962296005
434,"transferencia_degradada",0.330823860438942
434,"receptora_conservada",0.0781429375351716
434,"receptora_degradada",0.132409679234665
435,"aporte_conservada",0.202972972972973
435,"aporte_degradada",0.373747747747748
435,"transferencia_conservada",0.0935135135135135
435,"transferencia_degradada",0.162126126126126
435,"receptora_conservada",0.0635135135135135
435,"receptora_degradada",0.104126126126126
436,"aporte_conservada",0.373221684414327
436,"aporte_degradada",0.20270087124879
436,"transferencia_conservada",0.162389157792836
436,"transferencia_degradada",0.093649564375605
436,"receptora_conservada",0.104389157792836
436,"receptora_degradada",0.063649564375605
437,"aporte_conservada",0.10770137524558
437,"aporte_degradada",0.189555992141454
437,"transferencia_conservada",0.172711198428291
437,"transferencia_degradada",0.315241650294695
437,"receptora_conservada",0.0795874263261297
437,"receptora_degradada",0.135202357563851
438,"aporte_conservada",0.373221684414327
438,"aporte_degradada",0.20270087124879
438,"transferencia_conservada",0.162389157792836
438,"transferencia_degradada",0.093649564375605
438,"receptora_conservada",0.104389157792836
438,"receptora_degradada",0.063649564375605
439,"aporte_conservada",0.17188605108055
439,"aporte_degradada",0.313646365422397
439,"transferencia_conservada",0.109056974459725
439,"transferencia_degradada",0.192176817288802
439,"receptora_conservada",0.079056974459725
439,"receptora_degradada",0.134176817288802
440,"aporte_conservada",0.312970988213962
440,"aporte_degradada",0.171536718041704
440,"transferencia_conservada",0.192514505893019
440,"transferencia_degradada",0.109231640979148
440,"receptora_conservada",0.134514505893019
440,"receptora_degradada",0.0792316409791478
441,"aporte_conservada",0.344424820612669
441,"aporte_degradada",0.187805941696208
441,"transferencia_conservada",0.176787589693665
441,"transferencia_degradada",0.101097029151896
441,"receptora_conservada",0.118787589693665
441,"receptora_degradada",0.0710970291518959
442,"aporte_conservada",0.0609562445748974
442,"aporte_degradada",0.0991820728448017
442,"transferencia_conservada",0.22861330881782
442,"transferencia_degradada",0.423319063714453
442,"receptora_conservada",0.0704304466072822
442,"receptora_degradada",0.117498863440746
443,"aporte_conservada",0.17188605108055
443,"aporte_degradada",0.313646365422397
443,"transferencia_conservada",0.109056974459725
443,"transferencia_degradada",0.192176817288802
443,"receptora_conservada",0.079056974459725
443,"receptora_degradada",0.134176817288802
444,"aporte_conservada",0.106017424975799
444,"aporte_degradada",0.0644917715392062
444,"transferencia_conservada",0.422743465634076
444,"transferencia_degradada",0.228315585672798
444,"receptora_conservada",0.111239109390126
444,"receptora_degradada",0.0671926427879961
445,"aporte_conservada",0.0947806092066141
445,"aporte_degradada",0.164575844466121
445,"transferencia_conservada",0.189291040975548
445,"transferencia_degradada",0.347296012552725
445,"receptora_conservada",0.0759283498178382
445,"receptora_degradada",0.128128142981154
446,"aporte_conservada",0.175669481302774
446,"aporte_degradada",0.100518697225573
446,"transferencia_conservada",0.3328082026538
446,"transferencia_degradada",0.181797346200241
446,"receptora_conservada",0.131522316043426
446,"receptora_degradada",0.0776839565741858
447,"aporte_conservada",0.0773334460882513
447,"aporte_degradada",0.130844662437286
447,"transferencia_conservada",0.107333446088251
447,"transferencia_degradada",0.188844662437286
447,"receptora_conservada",0.175333107823497
447,"receptora_degradada",0.320310675125428
448,"aporte_conservada",0.373221684414327
448,"aporte_degradada",0.20270087124879
448,"transferencia_conservada",0.162389157792836
448,"transferencia_degradada",0.093649564375605
448,"receptora_conservada",0.104389157792836
448,"receptora_degradada",0.063649564375605
449,"aporte_conservada",0.190358567543064
449,"aporte_degradada",0.108116500453309
449,"transferencia_conservada",0.314311876699909
449,"transferencia_degradada",0.172230281051677
449,"receptora_conservada",0.135329555757026
449,"receptora_degradada",0.0796532184950136
450,"aporte_conservada",0.123060658578856
450,"aporte_degradada",0.0503119584055459
450,"transferencia_conservada",0.493819757365685
450,"transferencia_degradada",0.159358752166378
450,"receptora_conservada",0.123119584055459
450,"receptora_degradada",0.0503292894280763
451,"aporte_conservada",0.106017424975799
451,"aporte_degradada",0.0644917715392062
451,"transferencia_conservada",0.422743465634076
451,"transferencia_degradada",0.228315585672798
451,"receptora_conservada",0.111239109390126
451,"receptora_degradada",0.0671926427879961
452,"aporte_conservada",0.368050259965338
452,"aporte_degradada",0.200025996533795
452,"transferencia_conservada",0.164974870017331
452,"transferencia_degradada",0.0949870017331022
452,"receptora_conservada",0.106974870017331
452,"receptora_degradada",0.0649870017331022
453,"aporte_conservada",0.090467018469657
453,"aporte_degradada",0.0407255936675462
453,"transferencia_conservada",0.494265611257696
453,"transferencia_degradada",0.159489885664028
453,"receptora_conservada",0.155267370272647
453,"receptora_degradada",0.0597845206684257
454,"aporte_conservada",0.105736990251256
454,"aporte_degradada",0.0452167618386047
454,"transferencia_conservada",0.493218352216734
454,"transferencia_degradada",0.159181868299039
454,"receptora_conservada",0.14104465753201
454,"receptora_degradada",0.0556013698623558
455,"aporte_conservada",0.10770137524558
455,"aporte_degradada",0.189555992141454
455,"transferencia_conservada",0.172711198428291
455,"transferencia_degradada",0.315241650294695
455,"receptora_conservada",0.0795874263261297
455,"receptora_degradada",0.135202357563851
456,"aporte_conservada",0.312970988213962
456,"aporte_degradada",0.171536718041704
456,"transferencia_conservada",0.192514505893019
456,"transferencia_degradada",0.109231640979148
456,"receptora_conservada",0.134514505893019
456,"receptora_degradada",0.0792316409791478
457,"aporte_conservada",0.106017424975799
457,"aporte_degradada",0.0644917715392062
457,"transferencia_conservada",0.422743465634076
457,"transferencia_degradada",0.228315585672798
457,"receptora_conservada",0.111239109390126
457,"receptora_degradada",0.0671926427879961
458,"aporte_conservada",0.390884545065785
458,"aporte_degradada",0.211836833654717
458,"transferencia_conservada",0.153557727467107
458,"transferencia_degradada",0.0890815831726417
458,"receptora_conservada",0.0955577274671073
458,"receptora_degradada",0.0590815831726417
459,"aporte_conservada",0.107829966329966
459,"aporte_degradada",0.0654292929292929
459,"transferencia_conservada",0.424291245791246
459,"transferencia_degradada",0.229116161616162
459,"receptora_conservada",0.107878787878788
459,"receptora_degradada",0.0654545454545455
460,"aporte_conservada",0.10770137524558
460,"aporte_degradada",0.189555992141454
460,"transferencia_conservada",0.172711198428291
460,"transferencia_degradada",0.315241650294695
460,"receptora_conservada",0.0795874263261297
460,"receptora_degradada",0.135202357563851
461,"aporte_conservada",0.10770137524558
461,"aporte_degradada",0.189555992141454
461,"transferencia_conservada",0.172711198428291
461,"transferencia_degradada",0.315241650294695
461,"receptora_conservada",0.0795874263261297
461,"receptora_degradada",0.135202357563851
462,"aporte_conservada",0.324737106918239
462,"aporte_degradada",0.177622641509434
462,"transferencia_conservada",0.186631446540881
462,"transferencia_degradada",0.106188679245283
462,"receptora_conservada",0.128631446540881
462,"receptora_degradada",0.076188679245283
463,"aporte_conservada",0.106017424975799
463,"aporte_degradada",0.0644917715392062
463,"transferencia_conservada",0.422743465634076
463,"transferencia_degradada",0.228315585672798
463,"receptora_conservada",0.111239109390126
463,"receptora_degradada",0.0671926427879961
464,"aporte_conservada",0.133637185021847
464,"aporte_degradada",0.078777854321645
464,"transferencia_conservada",0.389418752737832
464,"transferencia_degradada",0.211078665209223
464,"receptora_conservada",0.116944062240321
464,"receptora_degradada",0.0701434804691316
465,"aporte_conservada",0.0844258615350165
465,"aporte_degradada",0.144556665634365
465,"transferencia_conservada",0.203282539083716
465,"transferencia_degradada",0.374346242228517
465,"receptora_conservada",0.0722915993812678
465,"receptora_degradada",0.121097092137118
466,"aporte_conservada",0.419128777650102
466,"aporte_degradada",0.226445919474191
466,"transferencia_conservada",0.139435611174949
466,"transferencia_degradada",0.0817770402629045
466,"receptora_conservada",0.0814356111749488
466,"receptora_degradada",0.0517770402629045
467,"aporte_conservada",0.227432709856111
467,"aporte_degradada",0.421036572388481
467,"transferencia_conservada",0.0812836450719446
467,"transferencia_degradada",0.13848171380576
467,"receptora_conservada",0.0512836450719446
467,"receptora_degradada",0.0804817138057596
468,"aporte_conservada",0.108265171503958
468,"aporte_degradada",0.190645998240985
468,"transferencia_conservada",0.172058047493404
468,"transferencia_degradada",0.31397889182058
468,"receptora_conservada",0.0796767810026385
468,"receptora_degradada",0.135375109938434
469,"aporte_conservada",0.0969776332877457
469,"aporte_degradada",0.168823424356308
469,"transferencia_conservada",0.186485869172327
469,"transferencia_degradada",0.341872680399831
469,"receptora_conservada",0.0765364975399278
469,"receptora_degradada",0.12930389524386
470,"aporte_conservada",0.0510883905013193
470,"aporte_degradada",0.0801042216358839
470,"transferencia_conservada",0.229234828496042
470,"transferencia_degradada",0.424520668425682
470,"receptora_conservada",0.0796767810026385
470,"receptora_degradada",0.135375109938434
471,"aporte_conservada",0.0510883905013193
471,"aporte_degradada",0.0801042216358839
471,"transferencia_conservada",0.229234828496042
471,"transferencia_degradada",0.424520668425682
471,"receptora_conservada",0.0796767810026385
471,"receptora_degradada",0.135375109938434
472,"aporte_conservada",0.0654292929292929
472,"aporte_degradada",0.107829966329966
472,"transferencia_conservada",0.229116161616162
472,"transferencia_degradada",0.424291245791246
472,"receptora_conservada",0.0654545454545455
472,"receptora_degradada",0.107878787878788
473,"aporte_conservada",0.363483227561197
473,"aporte_degradada",0.12102447869447
473,"transferencia_conservada",0.222258386219402
473,"transferencia_degradada",0.0794877606527652
473,"receptora_conservada",0.154258386219402
473,"receptora_degradada",0.0594877606527652
474,"aporte_conservada",0.090467018469657
474,"aporte_degradada",0.0407255936675462
474,"transferencia_conservada",0.494265611257696
474,"transferencia_degradada",0.159489885664028
474,"receptora_conservada",0.155267370272647
474,"receptora_degradada",0.0597845206684257
475,"aporte_conservada",0.362742164646887
475,"aporte_degradada",0.12080651901379
475,"transferencia_conservada",0.222628917676557
475,"transferencia_degradada",0.0795967404931049
475,"receptora_conservada",0.154628917676557
475,"receptora_degradada",0.0595967404931049
476,"aporte_conservada",0.362742164646887
476,"aporte_degradada",0.12080651901379
476,"transferencia_conservada",0.222628917676557
476,"transferencia_degradada",0.0795967404931049
476,"receptora_conservada",0.154628917676557
476,"receptora_degradada",0.0595967404931049
477,"aporte_conservada",0.363483227561197
477,"aporte_degradada",0.12102447869447
477,"transferencia_conservada",0.222258386219402
477,"transferencia_degradada",0.0794877606527652
477,"receptora_conservada",0.154258386219402
477,"receptora_degradada",0.0594877606527652
478,"aporte_conservada",0.362932536293766
478,"aporte_degradada",0.120862510674637
478,"transferencia_conservada",0.222533731853117
478,"transferencia_degradada",0.0795687446626815
478,"receptora_conservada",0.154533731853117
478,"receptora_degradada",0.0595687446626815
479,"aporte_conservada",0.362742164646887
479,"aporte_degradada",0.12080651901379
479,"transferencia_conservada",0.222628917676557
479,"transferencia_degradada",0.0795967404931049
479,"receptora_conservada",0.154628917676557
479,"receptora_degradada",0.0595967404931049
480,"aporte_conservada",0.313432199329181
480,"aporte_degradada",0.171775275515093
480,"transferencia_conservada",0.19228390033541
480,"transferencia_degradada",0.109112362242453
480,"receptora_conservada",0.153988021082894
480,"receptora_degradada",0.0594082414949689
481,"aporte_conservada",0.362932536293766
481,"aporte_degradada",0.120862510674637
481,"transferencia_conservada",0.222533731853117
481,"transferencia_degradada",0.0795687446626815
481,"receptora_conservada",0.154533731853117
481,"receptora_degradada",0.0595687446626815
482,"aporte_conservada",0.20638438681039
482,"aporte_degradada",0.380343147833421
482,"transferencia_conservada",0.0918078065948049
482,"transferencia_degradada",0.15882842608329
482,"receptora_conservada",0.0618078065948049
482,"receptora_degradada",0.10082842608329
483,"aporte_conservada",0.0801042216358839
483,"aporte_degradada",0.0510883905013193
483,"transferencia_conservada",0.424520668425682
483,"transferencia_degradada",0.229234828496042
483,"receptora_conservada",0.135375109938434
483,"receptora_degradada",0.0796767810026385
484,"aporte_conservada",0.372729147141518
484,"aporte_degradada",0.20244611059044
484,"transferencia_conservada",0.162635426429241
484,"transferencia_degradada",0.0937769447047798
484,"receptora_conservada",0.104635426429241
484,"receptora_degradada",0.0637769447047798
485,"aporte_conservada",0.110880670993789
485,"aporte_degradada",0.067007243617477
485,"transferencia_conservada",0.420209852243589
485,"transferencia_degradada",0.227005095988063
485,"receptora_conservada",0.108909476762622
485,"receptora_degradada",0.0659876603944599
486,"aporte_conservada",0.0510883905013193
486,"aporte_degradada",0.0801042216358839
486,"transferencia_conservada",0.229234828496042
486,"transferencia_degradada",0.424520668425682
486,"receptora_conservada",0.0796767810026385
486,"receptora_degradada",0.135375109938434
487,"aporte_conservada",0.0510883905013193
487,"aporte_degradada",0.0801042216358839
487,"transferencia_conservada",0.229234828496042
487,"transferencia_degradada",0.424520668425682
487,"receptora_conservada",0.0796767810026385
487,"receptora_degradada",0.135375109938434
488,"aporte_conservada",0.371641249892937
488,"aporte_degradada",0.201883405117036
488,"transferencia_conservada",0.163179375053531
488,"transferencia_degradada",0.0940582974414818
488,"receptora_conservada",0.105179375053531
488,"receptora_degradada",0.0640582974414818
489,"aporte_conservada",0.377277987421384
489,"aporte_degradada",0.125081761006289
489,"transferencia_conservada",0.215361006289308
489,"transferencia_degradada",0.0774591194968553
489,"receptora_conservada",0.147361006289308
489,"receptora_degradada",0.0574591194968554
490,"aporte_conservada",0.190645998240985
490,"aporte_degradada",0.108265171503958
490,"transferencia_conservada",0.31397889182058
490,"transferencia_degradada",0.172058047493404
490,"receptora_conservada",0.135375109938434
490,"receptora_degradada",0.0796767810026385
491,"aporte_conservada",0.120078223723712
491,"aporte_degradada",0.0717645984777819
491,"transferencia_conservada",0.407740556002493
491,"transferencia_degradada",0.22055546000129
491,"receptora_conservada",0.112181220273795
491,"receptora_degradada",0.0676799415209284
492,"aporte_conservada",0.317048985473318
492,"aporte_degradada",0.173646026968958
492,"transferencia_conservada",0.190475507263341
492,"transferencia_degradada",0.108176986515521
492,"receptora_conservada",0.132475507263341
492,"receptora_degradada",0.0781769865155213
493,"aporte_conservada",0.373221684414327
493,"aporte_degradada",0.20270087124879
493,"transferencia_conservada",0.162389157792836
493,"transferencia_degradada",0.093649564375605
493,"receptora_conservada",0.104389157792836
493,"receptora_degradada",0.063649564375605
494,"aporte_conservada",0.410632654815866
494,"aporte_degradada",0.134891957298784
494,"transferencia_conservada",0.198683672592067
494,"transferencia_degradada",0.072554021350608
494,"receptora_conservada",0.130683672592067
494,"receptora_degradada",0.052554021350608
495,"aporte_conservada",0.107829966329966
495,"aporte_degradada",0.0654292929292929
495,"transferencia_conservada",0.424291245791246
495,"transferencia_degradada",0.229116161616162
495,"receptora_conservada",0.107878787878788
495,"receptora_degradada",0.0654545454545455
496,"aporte_conservada",0.0507683590208522
496,"aporte_degradada",0.079485494106981
496,"transferencia_conservada",0.0807683590208522
496,"transferencia_degradada",0.137485494106981
496,"receptora_conservada",0.228463281958296
496,"receptora_degradada",0.423029011786038
497,"aporte_conservada",0.0791694525699958
497,"aporte_degradada",0.0506048892603427
497,"transferencia_conservada",0.137169452569996
497,"transferencia_degradada",0.0806048892603427
497,"receptora_conservada",0.423661094860008
497,"receptora_degradada",0.228790221479315
498,"aporte_conservada",0.422705300575853
498,"aporte_degradada",0.138442735463486
498,"transferencia_conservada",0.192647349712073
498,"transferencia_degradada",0.0707786322682569
498,"receptora_conservada",0.124647349712073
498,"receptora_degradada",0.0507786322682569
499,"aporte_conservada",0.111922177808657
499,"aporte_degradada",0.0675459540389608
499,"transferencia_conservada",0.418714465326777
499,"transferencia_degradada",0.226231619996609
499,"receptora_conservada",0.109363356864566
499,"receptora_degradada",0.0662224259644305
500,"aporte_conservada",0.109518447947072
500,"aporte_degradada",0.0663026454898649
500,"transferencia_conservada",0.422009653025813
500,"transferencia_degradada",0.227936027427145
500,"receptora_conservada",0.108471899027115
500,"receptora_degradada",0.0657613270829905
501,"aporte_conservada",0.204056302858564
501,"aporte_degradada",0.375842185526558
501,"transferencia_conservada",0.0929718485707178
501,"transferencia_degradada",0.161078907236721
501,"receptora_conservada",0.0629718485707178
501,"receptora_degradada",0.103078907236721
502,"aporte_conservada",0.173670376585029
502,"aporte_degradada",0.317096061397723
502,"transferencia_conservada",0.108164811707485
502,"transferencia_degradada",0.190451969301138
502,"receptora_conservada",0.0781648117074853
502,"receptora_degradada",0.132451969301138
503,"aporte_conservada",0.190358567543064
503,"aporte_degradada",0.108116500453309
503,"transferencia_conservada",0.314311876699909
503,"transferencia_degradada",0.172230281051677
503,"receptora_conservada",0.135329555757026
503,"receptora_degradada",0.0796532184950136
504,"aporte_conservada",0.106320524835989
504,"aporte_degradada",0.0646485473289597
504,"transferencia_conservada",0.422629803186504
504,"transferencia_degradada",0.22825679475164
504,"receptora_conservada",0.111049671977507
504,"receptora_degradada",0.0670946579194002
505,"aporte_conservada",0.399525278311879
505,"aporte_degradada",0.131625081856435
505,"transferencia_conservada",0.20423736084406
505,"transferencia_degradada",0.0741874590717825
505,"receptora_conservada",0.13623736084406
505,"receptora_degradada",0.0541874590717824
506,"aporte_conservada",0.43412197483059
506,"aporte_degradada",0.141800580832527
506,"transferencia_conservada",0.186939012584705
506,"transferencia_degradada",0.0690997095837367
506,"receptora_conservada",0.118939012584705
506,"receptora_degradada",0.0490997095837367
507,"aporte_conservada",0.312970988213962
507,"aporte_degradada",0.171536718041704
507,"transferencia_conservada",0.192514505893019
507,"transferencia_degradada",0.109231640979148
507,"receptora_conservada",0.134514505893019
507,"receptora_degradada",0.0792316409791478
508,"aporte_conservada",0.190358567543064
508,"aporte_degradada",0.108116500453309
508,"transferencia_conservada",0.314311876699909
508,"transferencia_degradada",0.172230281051677
508,"receptora_conservada",0.135329555757026
508,"receptora_degradada",0.0796532184950136
509,"aporte_conservada",0.175901802736577
509,"aporte_degradada",0.321410151957382
509,"transferencia_conservada",0.107049098631712
509,"transferencia_degradada",0.188294924021309
509,"receptora_conservada",0.0770490986317115
509,"receptora_degradada",0.130294924021309
510,"aporte_conservada",0.0701704465173891
510,"aporte_degradada",0.116996196600286
510,"transferencia_conservada",0.100170446517389
510,"transferencia_degradada",0.174996196600286
510,"receptora_conservada",0.189659106965222
510,"receptora_degradada",0.348007606799429
511,"aporte_conservada",0.0646485473289597
511,"aporte_degradada",0.106320524835989
511,"transferencia_conservada",0.22825679475164
511,"transferencia_degradada",0.422629803186504
511,"receptora_conservada",0.0670946579194002
511,"receptora_degradada",0.111049671977507
512,"aporte_conservada",0.0633962861568456
512,"aporte_degradada",0.103899486569901
512,"transferencia_conservada",0.228340540240431
512,"transferencia_degradada",0.422791711131499
512,"receptora_conservada",0.0682631736027239
512,"receptora_degradada",0.1133088022986
513,"aporte_conservada",0.0544666838847075
513,"aporte_degradada",0.0866355888437679
513,"transferencia_conservada",0.0844666838847075
513,"transferencia_degradada",0.144635588843768
513,"receptora_conservada",0.221066632230585
513,"receptora_degradada",0.408728822312464
514,"aporte_conservada",0.0792506404782237
514,"aporte_degradada",0.0506468830059778
514,"transferencia_conservada",0.137250640478224
514,"transferencia_degradada",0.0806468830059778
514,"receptora_conservada",0.423498719043553
514,"receptora_degradada",0.228706233988044
515,"aporte_conservada",0.10770137524558
515,"aporte_degradada",0.189555992141454
515,"transferencia_conservada",0.172711198428291
515,"transferencia_degradada",0.315241650294695
515,"receptora_conservada",0.0795874263261297
515,"receptora_degradada",0.135202357563851
516,"aporte_conservada",0.312501280956447
516,"aporte_degradada",0.171293766011956
516,"transferencia_conservada",0.192749359521776
516,"transferencia_degradada",0.109353116994022
516,"receptora_conservada",0.134749359521776
516,"receptora_degradada",0.0793531169940222
517,"aporte_conservada",0.416512482642892
517,"aporte_degradada",0.225092663435979
517,"transferencia_conservada",0.140743758678554
517,"transferencia_degradada",0.0824536682820106
517,"receptora_conservada",0.0827437586785539
517,"receptora_degradada",0.0524536682820106
518,"aporte_conservada",0.200025996533795
518,"aporte_degradada",0.368050259965338
518,"transferencia_conservada",0.0949870017331022
518,"transferencia_degradada",0.164974870017331
518,"receptora_conservada",0.0649870017331022
518,"receptora_degradada",0.106974870017331
519,"aporte_conservada",0.0973219961737066
519,"aporte_degradada",0.1694891926025
519,"transferencia_conservada",0.186561561947572
519,"transferencia_degradada",0.342019019765306
519,"receptora_conservada",0.0761164418787214
519,"receptora_degradada",0.128491787632195
520,"aporte_conservada",0.065479797979798
520,"aporte_degradada",0.107927609427609
520,"transferencia_conservada",0.229065656565657
520,"transferencia_degradada",0.424193602693603
520,"receptora_conservada",0.0654545454545455
520,"receptora_degradada",0.107878787878788
521,"aporte_conservada",0.0801042216358839
521,"aporte_degradada",0.0510883905013193
521,"transferencia_conservada",0.424520668425682
521,"transferencia_degradada",0.229234828496042
521,"receptora_conservada",0.135375109938434
521,"receptora_degradada",0.0796767810026385
522,"aporte_conservada",0.0850596509893912
522,"aporte_degradada",0.0536515436152023
522,"transferencia_conservada",0.424180810679608
522,"transferencia_degradada",0.229059040006694
522,"receptora_conservada",0.130759538331001
522,"receptora_degradada",0.0772894163781041
523,"aporte_conservada",0.42327088830255
523,"aporte_degradada",0.228588390501319
523,"transferencia_conservada",0.137364555848725
523,"transferencia_degradada",0.0807058047493404
523,"receptora_conservada",0.0793645558487247
523,"receptora_degradada",0.0507058047493404
524,"aporte_conservada",0.108265171503958
524,"aporte_degradada",0.190645998240985
524,"transferencia_conservada",0.172058047493404
524,"transferencia_degradada",0.31397889182058
524,"receptora_conservada",0.0796767810026385
524,"receptora_degradada",0.135375109938434
525,"aporte_conservada",0.367949740034662
525,"aporte_degradada",0.199974003466205
525,"transferencia_conservada",0.165025129982669
525,"transferencia_degradada",0.0950129982668977
525,"receptora_conservada",0.107025129982669
525,"receptora_degradada",0.0650129982668977
526,"aporte_conservada",0.0628440177530994
526,"aporte_degradada",0.102831767655992
526,"transferencia_conservada",0.0928440177530994
526,"transferencia_degradada",0.160831767655992
526,"receptora_conservada",0.204311964493801
526,"receptora_degradada",0.376336464688016
527,"aporte_conservada",0.190645998240985
527,"aporte_degradada",0.108265171503958
527,"transferencia_conservada",0.31397889182058
527,"transferencia_degradada",0.172058047493404
527,"receptora_conservada",0.135375109938434
527,"receptora_degradada",0.0796767810026385
528,"aporte_conservada",0.312729111697449
528,"aporte_degradada",0.171411609498681
528,"transferencia_conservada",0.192635444151275
528,"transferencia_degradada",0.10929419525066
528,"receptora_conservada",0.134635444151275
528,"receptora_degradada",0.0792941952506596
529,"aporte_conservada",0.188348025071993
529,"aporte_degradada",0.34547284847252
529,"transferencia_conservada",0.100825987464003
529,"transferencia_degradada",0.17626357576374
529,"receptora_conservada",0.0708259874640034
529,"receptora_degradada",0.11826357576374
530,"aporte_conservada",0.171536718041704
530,"aporte_degradada",0.312970988213962
530,"transferencia_conservada",0.109231640979148
530,"transferencia_degradada",0.192514505893019
530,"receptora_conservada",0.0792316409791478
530,"receptora_degradada",0.134514505893019
531,"aporte_conservada",0.200130434782609
531,"aporte_degradada",0.368252173913043
531,"transferencia_conservada",0.0949347826086956
531,"transferencia_degradada",0.164873913043478
531,"receptora_conservada",0.0649347826086956
531,"receptora_degradada",0.106873913043478
532,"aporte_conservada",0.0512662725957182
532,"aporte_degradada",0.0804481270183886
532,"transferencia_conservada",0.229289204148279
532,"transferencia_degradada",0.424625794686673
532,"receptora_conservada",0.0794445232560028
532,"receptora_degradada",0.134926078294939
533,"aporte_conservada",0.0509927412467976
533,"aporte_degradada",0.0799192997438087
533,"transferencia_conservada",0.22930828351836
533,"transferencia_degradada",0.42466268146883
533,"receptora_conservada",0.079698975234842
533,"receptora_degradada",0.135418018787361
534,"aporte_conservada",0.368048821548822
534,"aporte_degradada",0.200025252525252
534,"transferencia_conservada",0.164975589225589
534,"transferencia_degradada",0.0949873737373737
534,"receptora_conservada",0.106975589225589
534,"receptora_degradada",0.0649873737373737
535,"aporte_conservada",0.193821220313407
535,"aporte_degradada",0.356054359272587
535,"transferencia_conservada",0.0980893898432964
535,"transferencia_degradada",0.170972820363706
535,"receptora_conservada",0.0680893898432964
535,"receptora_degradada",0.112972820363706
536,"aporte_conservada",0.200085551330798
536,"aporte_degradada",0.368165399239544
536,"transferencia_conservada",0.0949572243346008
536,"transferencia_degradada",0.164917300380228
536,"receptora_conservada",0.0649572243346008
536,"receptora_degradada",0.106917300380228
537,"aporte_conservada",0.076305969699299
537,"aporte_degradada",0.128858208085311
537,"transferencia_conservada",0.214254264794579
537,"transferencia_degradada",0.395558245269519
537,"receptora_conservada",0.069439765506122
537,"receptora_degradada",0.115583546645169
538,"aporte_conservada",0.0649873737373737
538,"aporte_degradada",0.106975589225589
538,"transferencia_conservada",0.0949873737373737
538,"transferencia_degradada",0.164975589225589
538,"receptora_conservada",0.200025252525252
538,"receptora_degradada",0.368048821548822
539,"aporte_conservada",0.0643243243243243
539,"aporte_degradada",0.105693693693694
539,"transferencia_conservada",0.228378378378378
539,"transferencia_degradada",0.422864864864865
539,"receptora_conservada",0.0672972972972973
539,"receptora_degradada",0.111441441441441
540,"aporte_conservada",0.368048821548822
540,"aporte_degradada",0.200025252525252
540,"transferencia_conservada",0.164975589225589
540,"transferencia_degradada",0.0949873737373737
540,"receptora_conservada",0.106975589225589
540,"receptora_degradada",0.0649873737373737
541,"aporte_conservada",0.155005689520611
541,"aporte_degradada",0.479019344370076
541,"transferencia_conservada",0.0624971552396947
541,"transferencia_degradada",0.164490327814962
541,"receptora_conservada",0.0424971552396947
541,"receptora_degradada",0.0964903278149619
542,"aporte_conservada",0.0654292929292929
542,"aporte_degradada",0.107829966329966
542,"transferencia_conservada",0.229116161616162
542,"transferencia_degradada",0.424291245791246
542,"receptora_conservada",0.0654545454545455
542,"receptora_degradada",0.107878787878788
543,"aporte_conservada",0.21086891645419
543,"aporte_degradada",0.389013238478101
543,"transferencia_conservada",0.0895655417729048
543,"transferencia_degradada",0.154493380760949
543,"receptora_conservada",0.0595655417729048
543,"receptora_degradada",0.0964933807609493
544,"aporte_conservada",0.0654292929292929
544,"aporte_degradada",0.107829966329966
544,"transferencia_conservada",0.229116161616162
544,"transferencia_degradada",0.424291245791246
544,"receptora_conservada",0.0654545454545455
544,"receptora_degradada",0.107878787878788
545,"aporte_conservada",0.0507058047493404
545,"aporte_degradada",0.0793645558487247
545,"transferencia_conservada",0.0807058047493404
545,"transferencia_degradada",0.137364555848725
545,"receptora_conservada",0.228588390501319
545,"receptora_degradada",0.423270888302551
546,"aporte_conservada",0.0792316409791478
546,"aporte_degradada",0.134514505893019
546,"transferencia_conservada",0.109231640979148
546,"transferencia_degradada",0.192514505893019
546,"receptora_conservada",0.171536718041704
546,"receptora_degradada",0.312970988213962
547,"aporte_conservada",0.0528446018441637
547,"aporte_degradada",0.0834995635653832
547,"transferencia_conservada",0.0828446018441637
547,"transferencia_degradada",0.141499563565383
547,"receptora_conservada",0.224310796311673
547,"receptora_degradada",0.415000872869234
548,"aporte_conservada",0.0514293357572128
548,"aporte_degradada",0.0807633824639447
548,"transferencia_conservada",0.0814293357572128
548,"transferencia_degradada",0.138763382463945
548,"receptora_conservada",0.227141328485574
548,"receptora_degradada",0.42047323507211
549,"aporte_conservada",0.108116500453309
549,"aporte_degradada",0.190358567543064
549,"transferencia_conservada",0.172230281051677
549,"transferencia_degradada",0.314311876699909
549,"receptora_conservada",0.0796532184950136
549,"receptora_degradada",0.135329555757026
550,"aporte_conservada",0.0522008575788567
550,"aporte_degradada",0.082254991319123
550,"transferencia_conservada",0.229270946003543
550,"transferencia_degradada",0.424590495606849
550,"receptora_conservada",0.0785281964176005
550,"receptora_degradada",0.133154513074028
551,"aporte_conservada",0.0801042216358839
551,"aporte_degradada",0.0510883905013193
551,"transferencia_conservada",0.424520668425682
551,"transferencia_degradada",0.229234828496042
551,"receptora_conservada",0.135375109938434
551,"receptora_degradada",0.0796767810026385
552,"aporte_conservada",0.40007317262499
552,"aporte_degradada",0.131786227242644
552,"transferencia_conservada",0.203963413687505
552,"transferencia_degradada",0.074106886378678
552,"receptora_conservada",0.135963413687505
552,"receptora_degradada",0.054106886378678
553,"aporte_conservada",0.360849855214193
553,"aporte_degradada",0.196301649248721
553,"transferencia_conservada",0.168575072392903
553,"transferencia_degradada",0.0968491753756397
553,"receptora_conservada",0.110575072392903
553,"receptora_degradada",0.0668491753756396
554,"aporte_conservada",0.108265171503958
554,"aporte_degradada",0.190645998240985
554,"transferencia_conservada",0.172058047493404
554,"transferencia_degradada",0.31397889182058
554,"receptora_conservada",0.0796767810026385
554,"receptora_degradada",0.135375109938434
555,"aporte_conservada",0.367699717707148
555,"aporte_degradada",0.199844681572663
555,"transferencia_conservada",0.165150141146426
555,"transferencia_degradada",0.0950776592136685
555,"receptora_conservada",0.107150141146426
555,"receptora_degradada",0.0650776592136685
556,"aporte_conservada",0.368050259965338
556,"aporte_degradada",0.200025996533795
556,"transferencia_conservada",0.164974870017331
556,"transferencia_degradada",0.0949870017331022
556,"receptora_conservada",0.106974870017331
556,"receptora_degradada",0.0649870017331022
557,"aporte_conservada",0.106017424975799
557,"aporte_degradada",0.0644917715392062
557,"transferencia_conservada",0.422743465634076
557,"transferencia_degradada",0.228315585672798
557,"receptora_conservada",0.111239109390126
557,"receptora_degradada",0.0671926427879961
558,"aporte_conservada",0.0793951107396573
558,"aporte_degradada",0.134830547430004
558,"transferencia_conservada",0.109395110739657
558,"transferencia_degradada",0.192830547430004
558,"receptora_conservada",0.171209778520685
558,"receptora_degradada",0.312338905139992
559,"aporte_conservada",0.17188605108055
559,"aporte_degradada",0.313646365422397
559,"transferencia_conservada",0.109056974459725
559,"transferencia_degradada",0.192176817288802
559,"receptora_conservada",0.079056974459725
559,"receptora_degradada",0.134176817288802
560,"aporte_conservada",0.37803440331855
560,"aporte_degradada",0.205190208613043
560,"transferencia_conservada",0.159982798340725
560,"transferencia_degradada",0.0924048956934786
560,"receptora_conservada",0.101982798340725
560,"receptora_degradada",0.0624048956934786
561,"aporte_conservada",0.371938748335553
561,"aporte_degradada",0.202037283621838
561,"transferencia_conservada",0.163030625832224
561,"transferencia_degradada",0.0939813581890812
561,"receptora_conservada",0.105030625832224
561,"receptora_degradada",0.0639813581890812
562,"aporte_conservada",0.108116500453309
562,"aporte_degradada",0.190358567543064
562,"transferencia_conservada",0.172230281051677
562,"transferencia_degradada",0.314311876699909
562,"receptora_conservada",0.0796532184950136
562,"receptora_degradada",0.135329555757026
563,"aporte_conservada",0.0643243243243243
563,"aporte_degradada",0.105693693693694
563,"transferencia_conservada",0.228378378378378
563,"transferencia_degradada",0.422864864864865
563,"receptora_conservada",0.0672972972972973
563,"receptora_degradada",0.111441441441441
564,"aporte_conservada",0.106017424975799
564,"aporte_degradada",0.0644917715392062
564,"transferencia_conservada",0.422743465634076
564,"transferencia_degradada",0.228315585672798
564,"receptora_conservada",0.111239109390126
564,"receptora_degradada",0.0671926427879961
565,"aporte_conservada",0.0677603801795914
565,"aporte_degradada",0.112336735013877
565,"transferencia_conservada",0.225835361144109
565,"transferencia_degradada",0.41794836487861
565,"receptora_conservada",0.0664042586763
565,"receptora_degradada",0.109714900107513
566,"aporte_conservada",0.368050259965338
566,"aporte_degradada",0.200025996533795
566,"transferencia_conservada",0.164974870017331
566,"transferencia_degradada",0.0949870017331022
566,"receptora_conservada",0.106974870017331
566,"receptora_degradada",0.0649870017331022
567,"aporte_conservada",0.190916737830914
567,"aporte_degradada",0.108405209222886
567,"transferencia_conservada",0.313665243381725
567,"transferencia_degradada",0.171895815542272
567,"receptora_conservada",0.135418018787361
567,"receptora_degradada",0.079698975234842
568,"aporte_conservada",0.190037614598695
568,"aporte_degradada",0.348739388224143
568,"transferencia_conservada",0.0999811927006526
568,"transferencia_degradada",0.174630305887928
568,"receptora_conservada",0.0699811927006526
568,"receptora_degradada",0.116630305887928
569,"aporte_conservada",0.312970988213962
569,"aporte_degradada",0.171536718041704
569,"transferencia_conservada",0.192514505893019
569,"transferencia_degradada",0.109231640979148
569,"receptora_conservada",0.134514505893019
569,"receptora_degradada",0.0792316409791478
570,"aporte_conservada",0.190358567543064
570,"aporte_degradada",0.108116500453309
570,"transferencia_conservada",0.314311876699909
570,"transferencia_degradada",0.172230281051677
570,"receptora_conservada",0.135329555757026
570,"receptora_degradada",0.0796532184950136
571,"aporte_conservada",0.0509430255402751
571,"aporte_degradada",0.0798231827111984
571,"transferencia_conservada",0.0809430255402751
571,"transferencia_degradada",0.137823182711198
571,"receptora_conservada",0.22811394891945
571,"receptora_degradada",0.422353634577603
572,"aporte_conservada",0.163699057152029
572,"aporte_degradada",0.0943270985269117
572,"transferencia_conservada",0.343730154052258
572,"transferencia_degradada",0.18744663140634
572,"receptora_conservada",0.132570788795712
572,"receptora_degradada",0.0782262700667478
573,"aporte_conservada",0.177922158198088
573,"aporte_degradada",0.325316172516304
573,"transferencia_conservada",0.106038920900956
573,"transferencia_degradada",0.186341913741848
573,"receptora_conservada",0.0760389209009559
573,"receptora_degradada",0.128341913741848
574,"aporte_conservada",0.176889632107023
574,"aporte_degradada",0.323319955406912
574,"transferencia_conservada",0.106555183946488
574,"transferencia_degradada",0.187340022296544
574,"receptora_conservada",0.0765551839464883
574,"receptora_degradada",0.129340022296544
575,"aporte_conservada",0.176889632107023
575,"aporte_degradada",0.323319955406912
575,"transferencia_conservada",0.106555183946488
575,"transferencia_degradada",0.187340022296544
575,"receptora_conservada",0.0765551839464883
575,"receptora_degradada",0.129340022296544
576,"aporte_conservada",0.177056837366348
576,"aporte_degradada",0.323643218908272
576,"transferencia_conservada",0.106471581316826
576,"transferencia_degradada",0.187178390545864
576,"receptora_conservada",0.0764715813168261
576,"receptora_degradada",0.129178390545864
577,"aporte_conservada",0.0897416137805984
577,"aporte_degradada",0.0405122393472348
577,"transferencia_conservada",0.157741613780598
577,"transferencia_degradada",0.0605122393472348
577,"receptora_conservada",0.492516772438803
577,"receptora_degradada",0.15897552130553
578,"aporte_conservada",0.0853685534591195
578,"aporte_degradada",0.053811320754717
578,"transferencia_conservada",0.14336855345912
578,"transferencia_degradada",0.083811320754717
578,"receptora_conservada",0.411262893081761
578,"receptora_degradada",0.222377358490566
579,"aporte_conservada",0.0509430255402751
579,"aporte_degradada",0.0798231827111984
579,"transferencia_conservada",0.0809430255402751
579,"transferencia_degradada",0.137823182711198
579,"receptora_conservada",0.22811394891945
579,"receptora_degradada",0.422353634577603
580,"aporte_conservada",0.363483227561197
580,"aporte_degradada",0.12102447869447
580,"transferencia_conservada",0.222258386219402
580,"transferencia_degradada",0.0794877606527652
580,"receptora_conservada",0.154258386219402
580,"receptora_degradada",0.0594877606527652
581,"aporte_conservada",0.175529553679131
581,"aporte_degradada",0.100446320868516
581,"transferencia_conservada",0.3328082026538
581,"transferencia_degradada",0.181797346200241
581,"receptora_conservada",0.131662243667069
581,"receptora_degradada",0.0777563329312425
582,"aporte_conservada",0.324737106918239
582,"aporte_degradada",0.177622641509434
582,"transferencia_conservada",0.186631446540881
582,"transferencia_degradada",0.106188679245283
582,"receptora_conservada",0.128631446540881
582,"receptora_degradada",0.076188679245283
583,"aporte_conservada",0.324737106918239
583,"aporte_degradada",0.177622641509434
583,"transferencia_conservada",0.186631446540881
583,"transferencia_degradada",0.106188679245283
583,"receptora_conservada",0.128631446540881
583,"receptora_degradada",0.076188679245283
584,"aporte_conservada",0.0914007316532213
584,"aporte_degradada",0.05693141292408
584,"transferencia_conservada",0.149400731653221
584,"transferencia_degradada",0.08693141292408
584,"receptora_conservada",0.399198536693557
584,"receptora_degradada",0.21613717415184
585,"aporte_conservada",0.079485494106981
585,"aporte_degradada",0.0507683590208522
585,"transferencia_conservada",0.137485494106981
585,"transferencia_degradada",0.0807683590208522
585,"receptora_conservada",0.423029011786038
585,"receptora_degradada",0.228463281958296
586,"aporte_conservada",0.312970988213962
586,"aporte_degradada",0.171536718041704
586,"transferencia_conservada",0.192514505893019
586,"transferencia_degradada",0.109231640979148
586,"receptora_conservada",0.134514505893019
586,"receptora_degradada",0.0792316409791478
587,"aporte_conservada",0.17188605108055
587,"aporte_degradada",0.313646365422397
587,"transferencia_conservada",0.109056974459725
587,"transferencia_degradada",0.192176817288802
587,"receptora_conservada",0.079056974459725
587,"receptora_degradada",0.134176817288802
588,"aporte_conservada",0.0966389937106918
588,"aporte_degradada",0.0425408805031447
588,"transferencia_conservada",0.164638993710692
588,"transferencia_degradada",0.0625408805031447
588,"receptora_conservada",0.478722012578616
588,"receptora_degradada",0.154918238993711
589,"aporte_conservada",0.0536136363636364
589,"aporte_degradada",0.0849863636363636
589,"transferencia_conservada",0.0836136363636364
589,"transferencia_degradada",0.142986363636364
589,"receptora_conservada",0.222772727272727
589,"receptora_degradada",0.412027272727273
590,"aporte_conservada",0.324737106918239
590,"aporte_degradada",0.177622641509434
590,"transferencia_conservada",0.186631446540881
590,"transferencia_degradada",0.106188679245283
590,"receptora_conservada",0.128631446540881
590,"receptora_degradada",0.076188679245283
591,"aporte_conservada",0.334522366522366
591,"aporte_degradada",0.182683982683983
591,"transferencia_conservada",0.181738816738817
591,"transferencia_degradada",0.103658008658009
591,"receptora_conservada",0.123738816738817
591,"receptora_degradada",0.0736580086580087
592,"aporte_conservada",0.312970988213962
592,"aporte_degradada",0.171536718041704
592,"transferencia_conservada",0.192514505893019
592,"transferencia_degradada",0.109231640979148
592,"receptora_conservada",0.134514505893019
592,"receptora_degradada",0.0792316409791478
593,"aporte_conservada",0.174593710691824
593,"aporte_degradada",0.0999622641509434
593,"transferencia_conservada",0.334075471698113
593,"transferencia_degradada",0.182452830188679
593,"receptora_conservada",0.131330817610063
593,"receptora_degradada",0.0775849056603774
594,"aporte_conservada",0.0902611832611833
594,"aporte_degradada",0.0563419913419913
594,"transferencia_conservada",0.148261183261183
594,"transferencia_degradada",0.0863419913419913
594,"receptora_conservada",0.401477633477633
594,"receptora_degradada",0.217316017316017
595,"aporte_conservada",0.363483227561197
595,"aporte_degradada",0.12102447869447
595,"transferencia_conservada",0.222258386219402
595,"transferencia_degradada",0.0794877606527652
595,"receptora_conservada",0.154258386219402
595,"receptora_degradada",0.0594877606527652
596,"aporte_conservada",0.0507058047493404
596,"aporte_degradada",0.0793645558487247
596,"transferencia_conservada",0.0807058047493404
596,"transferencia_degradada",0.137364555848725
596,"receptora_conservada",0.228588390501319
596,"receptora_degradada",0.423270888302551
597,"aporte_conservada",0.312970988213962
597,"aporte_degradada",0.171536718041704
597,"transferencia_conservada",0.192514505893019
597,"transferencia_degradada",0.109231640979148
597,"receptora_conservada",0.134514505893019
597,"receptora_degradada",0.0792316409791478
598,"aporte_conservada",0.177056837366348
598,"aporte_degradada",0.323643218908272
598,"transferencia_conservada",0.106471581316826
598,"transferencia_degradada",0.187178390545864
598,"receptora_conservada",0.0764715813168261
598,"receptora_degradada",0.129178390545864
599,"aporte_conservada",0.312970988213962
599,"aporte_degradada",0.171536718041704
599,"transferencia_conservada",0.192514505893019
599,"transferencia_degradada",0.109231640979148
599,"receptora_conservada",0.134514505893019
599,"receptora_degradada",0.0792316409791478
600,"aporte_conservada",0.324737106918239
600,"aporte_degradada",0.177622641509434
600,"transferencia_conservada",0.186631446540881
600,"transferencia_degradada",0.106188679245283
600,"receptora_conservada",0.128631446540881
600,"receptora_degradada",0.076188679245283
601,"aporte_conservada",0.324737106918239
601,"aporte_degradada",0.177622641509434
601,"transferencia_conservada",0.186631446540881
601,"transferencia_degradada",0.106188679245283
601,"receptora_conservada",0.128631446540881
601,"receptora_degradada",0.076188679245283
602,"aporte_conservada",0.362932536293766
602,"aporte_degradada",0.120862510674637
602,"transferencia_conservada",0.222533731853117
602,"transferencia_degradada",0.0795687446626815
602,"receptora_conservada",0.154533731853117
602,"receptora_degradada",0.0595687446626815
603,"aporte_conservada",0.312970988213962
603,"aporte_degradada",0.171536718041704
603,"transferencia_conservada",0.192514505893019
603,"transferencia_degradada",0.109231640979148
603,"receptora_conservada",0.134514505893019
603,"receptora_degradada",0.0792316409791478
604,"aporte_conservada",0.17188605108055
604,"aporte_degradada",0.313646365422397
604,"transferencia_conservada",0.109056974459725
604,"transferencia_degradada",0.192176817288802
604,"receptora_conservada",0.079056974459725
604,"receptora_degradada",0.134176817288802
605,"aporte_conservada",0.177165259348613
605,"aporte_degradada",0.323852834740651
605,"transferencia_conservada",0.106417370325694
605,"transferencia_degradada",0.187073582629674
605,"receptora_conservada",0.0764173703256936
605,"receptora_degradada",0.129073582629674
606,"aporte_conservada",0.372470475276044
606,"aporte_degradada",0.123667786845895
606,"transferencia_conservada",0.217764762361978
606,"transferencia_degradada",0.0781661065770523
606,"receptora_conservada",0.149764762361978
606,"receptora_degradada",0.0581661065770523
607,"aporte_conservada",0.382778325123153
607,"aporte_degradada",0.126699507389163
607,"transferencia_conservada",0.212610837438424
607,"transferencia_degradada",0.0766502463054187
607,"receptora_conservada",0.144610837438424
607,"receptora_degradada",0.0566502463054187
608,"aporte_conservada",0.312729111697449
608,"aporte_degradada",0.171411609498681
608,"transferencia_conservada",0.192635444151275
608,"transferencia_degradada",0.10929419525066
608,"receptora_conservada",0.134635444151275
608,"receptora_degradada",0.0792941952506596
609,"aporte_conservada",0.312970988213962
609,"aporte_degradada",0.171536718041704
609,"transferencia_conservada",0.192514505893019
609,"transferencia_degradada",0.109231640979148
609,"receptora_conservada",0.134514505893019
609,"receptora_degradada",0.0792316409791478
610,"aporte_conservada",0.313432199329181
610,"aporte_degradada",0.171775275515093
610,"transferencia_conservada",0.19228390033541
610,"transferencia_degradada",0.109112362242453
610,"receptora_conservada",0.153988021082894
610,"receptora_degradada",0.0594082414949689
611,"aporte_conservada",0.363483227561197
611,"aporte_degradada",0.12102447869447
611,"transferencia_conservada",0.222258386219402
611,"transferencia_degradada",0.0794877606527652
611,"receptora_conservada",0.154258386219402
611,"receptora_degradada",0.0594877606527652
612,"aporte_conservada",0.362932536293766
612,"aporte_degradada",0.120862510674637
612,"transferencia_conservada",0.222533731853117
612,"transferencia_degradada",0.0795687446626815
612,"receptora_conservada",0.154533731853117
612,"receptora_degradada",0.0595687446626815
613,"aporte_conservada",0.377277987421384
613,"aporte_degradada",0.125081761006289
613,"transferencia_conservada",0.215361006289308
613,"transferencia_degradada",0.0774591194968553
613,"receptora_conservada",0.147361006289308
613,"receptora_degradada",0.0574591194968554
614,"aporte_conservada",0.0785228772800657
614,"aporte_degradada",0.133144229408127
614,"transferencia_conservada",0.211258744362212
614,"transferencia_degradada",0.389766905766942
614,"receptora_conservada",0.0702183783577228
614,"receptora_degradada",0.117088864824931
615,"aporte_conservada",0.344976362896743
615,"aporte_degradada",0.18809122218797
615,"transferencia_conservada",0.176511818551629
615,"transferencia_degradada",0.100954388906015
615,"receptora_conservada",0.118511818551629
615,"receptora_degradada",0.0709543889060148
616,"aporte_conservada",0.389740351523713
616,"aporte_degradada",0.211245009408817
616,"transferencia_conservada",0.154129824238144
616,"transferencia_degradada",0.0893774952955915
616,"receptora_conservada",0.0961298242381435
616,"receptora_degradada",0.0593774952955915
617,"aporte_conservada",0.110480048234224
617,"aporte_degradada",0.0668000249487365
617,"transferencia_conservada",0.42070257536512
617,"transferencia_degradada",0.227259952775062
617,"receptora_conservada",0.108817376400656
617,"receptora_degradada",0.0659400222762015
618,"aporte_conservada",0.372470475276044
618,"aporte_degradada",0.123667786845895
618,"transferencia_conservada",0.217764762361978
618,"transferencia_degradada",0.0781661065770523
618,"receptora_conservada",0.149764762361978
618,"receptora_degradada",0.0581661065770523
619,"aporte_conservada",0.107829966329966
619,"aporte_degradada",0.0654292929292929
619,"transferencia_conservada",0.424291245791246
619,"transferencia_degradada",0.229116161616162
619,"receptora_conservada",0.107878787878788
619,"receptora_degradada",0.0654545454545455
620,"aporte_conservada",0.107829966329966
620,"aporte_degradada",0.0654292929292929
620,"transferencia_conservada",0.424291245791246
620,"transferencia_degradada",0.229116161616162
620,"receptora_conservada",0.107878787878788
620,"receptora_degradada",0.0654545454545455
621,"aporte_conservada",0.352718747436017
621,"aporte_degradada",0.192095903846216
621,"transferencia_conservada",0.172640626281992
621,"transferencia_degradada",0.0989520480768922
621,"receptora_conservada",0.114640626281992
621,"receptora_degradada",0.0689520480768922
622,"aporte_conservada",0.106873913043478
622,"aporte_degradada",0.0649347826086956
622,"transferencia_conservada",0.164873913043478
622,"transferencia_degradada",0.0949347826086956
622,"receptora_conservada",0.368252173913043
622,"receptora_degradada",0.200130434782609
623,"aporte_conservada",0.195680654211938
623,"aporte_degradada",0.359649264809747
623,"transferencia_conservada",0.097159672894031
623,"transferencia_degradada",0.169175367595127
623,"receptora_conservada",0.067159672894031
623,"receptora_degradada",0.111175367595127
624,"aporte_conservada",0.0650126262626263
624,"aporte_degradada",0.107024410774411
624,"transferencia_conservada",0.0950126262626263
624,"transferencia_degradada",0.165024410774411
624,"receptora_conservada",0.199974747474747
624,"receptora_degradada",0.367951178451178
625,"aporte_conservada",0.0732863966635502
625,"aporte_degradada",0.123020366882864
625,"transferencia_conservada",0.10328639666355
625,"transferencia_degradada",0.181020366882864
625,"receptora_conservada",0.183427206672899
625,"receptora_degradada",0.335959266234272
626,"aporte_conservada",0.384330335138796
626,"aporte_degradada",0.208446725071791
626,"transferencia_conservada",0.156834832430602
626,"transferencia_degradada",0.0907766374641046
626,"receptora_conservada",0.0988348324306022
626,"receptora_degradada",0.0607766374641046
627,"aporte_conservada",0.194781216034548
627,"aporte_degradada",0.357910351000127
627,"transferencia_conservada",0.0976093919827259
627,"transferencia_degradada",0.170044824499937
627,"receptora_conservada",0.0676093919827259
627,"receptora_degradada",0.112044824499937
628,"aporte_conservada",0.0694644136594504
628,"aporte_degradada",0.115631199741604
628,"transferencia_conservada",0.223498683048346
628,"transferencia_degradada",0.413430787226802
628,"receptora_conservada",0.0670369032922037
628,"receptora_degradada",0.110938013031594
629,"aporte_conservada",0.079485494106981
629,"aporte_degradada",0.0507683590208522
629,"transferencia_conservada",0.137485494106981
629,"transferencia_degradada",0.0807683590208522
629,"receptora_conservada",0.423029011786038
629,"receptora_degradada",0.228463281958296
630,"aporte_conservada",0.0966800494055298
630,"aporte_degradada",0.0596620945201016
630,"transferencia_conservada",0.15468004940553
630,"transferencia_degradada",0.0896620945201016
630,"receptora_conservada",0.38863990118894
630,"receptora_degradada",0.210675810959797
631,"aporte_conservada",0.0801042216358839
631,"aporte_degradada",0.0510883905013193
631,"transferencia_conservada",0.424520668425682
631,"transferencia_degradada",0.229234828496042
631,"receptora_conservada",0.135375109938434
631,"receptora_degradada",0.0796767810026385
632,"aporte_conservada",0.108116500453309
632,"aporte_degradada",0.190358567543064
632,"transferencia_conservada",0.172230281051677
632,"transferencia_degradada",0.314311876699909
632,"receptora_conservada",0.0796532184950136
632,"receptora_degradada",0.135329555757026
633,"aporte_conservada",0.0649873737373737
633,"aporte_degradada",0.106975589225589
633,"transferencia_conservada",0.0949873737373737
633,"transferencia_degradada",0.164975589225589
633,"receptora_conservada",0.200025252525252
633,"receptora_degradada",0.368048821548822
634,"aporte_conservada",0.210047956699626
634,"aporte_degradada",0.387426049619277
634,"transferencia_conservada",0.0899760216501869
634,"transferencia_degradada",0.155286975190361
634,"receptora_conservada",0.059976021650187
634,"receptora_degradada",0.0972869751903614
635,"aporte_conservada",0.199974747474747
635,"aporte_degradada",0.367951178451178
635,"transferencia_conservada",0.0950126262626263
635,"transferencia_degradada",0.165024410774411
635,"receptora_conservada",0.0650126262626263
635,"receptora_degradada",0.107024410774411
636,"aporte_conservada",0.199974747474747
636,"aporte_degradada",0.367951178451178
636,"transferencia_conservada",0.0950126262626263
636,"transferencia_degradada",0.165024410774411
636,"receptora_conservada",0.0650126262626263
636,"receptora_degradada",0.107024410774411
637,"aporte_conservada",0.197995722418688
637,"aporte_degradada",0.364125063342796
637,"transferencia_conservada",0.0960021387906562
637,"transferencia_degradada",0.166937468328602
637,"receptora_conservada",0.0660021387906562
637,"receptora_degradada",0.108937468328602
638,"aporte_conservada",0.065479797979798
638,"aporte_degradada",0.107927609427609
638,"transferencia_conservada",0.229065656565657
638,"transferencia_degradada",0.424193602693603
638,"receptora_conservada",0.0654545454545455
638,"receptora_degradada",0.107878787878788
639,"aporte_conservada",0.200176817288802
639,"aporte_degradada",0.36834184675835
639,"transferencia_conservada",0.0949115913555992
639,"transferencia_degradada",0.164829076620825
639,"receptora_conservada",0.0649115913555992
639,"receptora_degradada",0.106829076620825
640,"aporte_conservada",0.35877905804729
640,"aporte_degradada",0.195230547265839
640,"transferencia_conservada",0.169610470976355
640,"transferencia_degradada",0.0973847263670803
640,"receptora_conservada",0.111610470976355
640,"receptora_degradada",0.0673847263670803
641,"aporte_conservada",0.191109694943585
641,"aporte_degradada",0.108505014625992
641,"transferencia_conservada",0.313441704972837
641,"transferencia_degradada",0.17178019222733
641,"receptora_conservada",0.135448600083577
641,"receptora_degradada",0.0797147931466778
642,"aporte_conservada",0.104653282921661
642,"aporte_degradada",0.0637861808215486
642,"transferencia_conservada",0.162653282921661
642,"transferencia_degradada",0.0937861808215486
642,"receptora_conservada",0.372693434156679
642,"receptora_degradada",0.202427638356903
643,"aporte_conservada",0.106917300380228
643,"aporte_degradada",0.0649572243346008
643,"transferencia_conservada",0.164917300380228
643,"transferencia_degradada",0.0949572243346008
643,"receptora_conservada",0.368165399239544
643,"receptora_degradada",0.200085551330798
644,"aporte_conservada",0.0801042216358839
644,"aporte_degradada",0.0510883905013193
644,"transferencia_conservada",0.424520668425682
644,"transferencia_degradada",0.229234828496042
644,"receptora_conservada",0.135375109938434
644,"receptora_degradada",0.0796767810026385
645,"aporte_conservada",0.212983218539442
645,"aporte_degradada",0.393100889176255
645,"transferencia_conservada",0.0885083907302789
645,"transferencia_degradada",0.152449555411873
645,"receptora_conservada",0.0585083907302789
645,"receptora_degradada",0.0944495554118725
646,"aporte_conservada",0.0727618161678908
646,"aporte_degradada",0.122006177924589
646,"transferencia_conservada",0.102761816167891
646,"transferencia_degradada",0.180006177924589
646,"receptora_conservada",0.184476367664218
646,"receptora_degradada",0.337987644150822
647,"aporte_conservada",0.0509430255402751
647,"aporte_degradada",0.0798231827111984
647,"transferencia_conservada",0.0809430255402751
647,"transferencia_degradada",0.137823182711198
647,"receptora_conservada",0.22811394891945
647,"receptora_degradada",0.422353634577603
648,"aporte_conservada",0.106017424975799
648,"aporte_degradada",0.0644917715392062
648,"transferencia_conservada",0.422743465634076
648,"transferencia_degradada",0.228315585672798
648,"receptora_conservada",0.111239109390126
648,"receptora_degradada",0.0671926427879961
649,"aporte_conservada",0.10770137524558
649,"aporte_degradada",0.189555992141454
649,"transferencia_conservada",0.172711198428291
649,"transferencia_degradada",0.315241650294695
649,"receptora_conservada",0.0795874263261297
649,"receptora_degradada",0.135202357563851
650,"aporte_conservada",0.0688207667064204
650,"aporte_degradada",0.114386815632413
650,"transferencia_conservada",0.0988207667064204
650,"transferencia_degradada",0.172386815632413
650,"receptora_conservada",0.192358466587159
650,"receptora_degradada",0.353226368735174
651,"aporte_conservada",0.0894294510238185
651,"aporte_degradada",0.0559117850123199
651,"transferencia_conservada",0.147429451023818
651,"transferencia_degradada",0.0859117850123199
651,"receptora_conservada",0.403141097952363
651,"receptora_degradada",0.21817642997536
652,"aporte_conservada",0.0792506404782237
652,"aporte_degradada",0.0506468830059778
652,"transferencia_conservada",0.137250640478224
652,"transferencia_degradada",0.0806468830059778
652,"receptora_conservada",0.423498719043553
652,"receptora_degradada",0.228706233988044
653,"aporte_conservada",0.191109694943585
653,"aporte_degradada",0.108505014625992
653,"transferencia_conservada",0.313441704972837
653,"transferencia_degradada",0.17178019222733
653,"receptora_conservada",0.135448600083577
653,"receptora_degradada",0.0797147931466778
654,"aporte_conservada",0.0792506404782237
654,"aporte_degradada",0.0506468830059778
654,"transferencia_conservada",0.137250640478224
654,"transferencia_degradada",0.0806468830059778
654,"receptora_conservada",0.423498719043553
654,"receptora_degradada",0.228706233988044
655,"aporte_conservada",0.312970988213962
655,"aporte_degradada",0.171536718041704
655,"transferencia_conservada",0.192514505893019
655,"transferencia_degradada",0.109231640979148
655,"receptora_conservada",0.134514505893019
655,"receptora_degradada",0.0792316409791478
656,"aporte_conservada",0.312501280956447
656,"aporte_degradada",0.171293766011956
656,"transferencia_conservada",0.192749359521776
656,"transferencia_degradada",0.109353116994022
656,"receptora_conservada",0.134749359521776
656,"receptora_degradada",0.0793531169940222
657,"aporte_conservada",0.0792506404782237
657,"aporte_degradada",0.0506468830059778
657,"transferencia_conservada",0.137250640478224
657,"transferencia_degradada",0.0806468830059778
657,"receptora_conservada",0.423498719043553
657,"receptora_degradada",0.228706233988044
658,"aporte_conservada",0.312970988213962
658,"aporte_degradada",0.171536718041704
658,"transferencia_conservada",0.192514505893019
658,"transferencia_degradada",0.109231640979148
658,"receptora_conservada",0.134514505893019
658,"receptora_degradada",0.0792316409791478
659,"aporte_conservada",0.392577552031797
659,"aporte_degradada",0.212712526912998
659,"transferencia_conservada",0.152711223984101
659,"transferencia_degradada",0.0886437365435008
659,"receptora_conservada",0.0947112239841015
659,"receptora_degradada",0.0586437365435008
660,"aporte_conservada",0.10770137524558
660,"aporte_degradada",0.189555992141454
660,"transferencia_conservada",0.172711198428291
660,"transferencia_degradada",0.315241650294695
660,"receptora_conservada",0.0795874263261297
660,"receptora_degradada",0.135202357563851
661,"aporte_conservada",0.349286572013726
661,"aporte_degradada",0.190320640696755
661,"transferencia_conservada",0.174356713993137
661,"transferencia_degradada",0.0998396796516227
661,"receptora_conservada",0.116356713993137
661,"receptora_degradada",0.0698396796516227
662,"aporte_conservada",0.10770137524558
662,"aporte_degradada",0.189555992141454
662,"transferencia_conservada",0.172711198428291
662,"transferencia_degradada",0.315241650294695
662,"receptora_conservada",0.0795874263261297
662,"receptora_degradada",0.135202357563851
663,"aporte_conservada",0.398749382271467
663,"aporte_degradada",0.215904852899035
663,"transferencia_conservada",0.149625308864266
663,"transferencia_degradada",0.0870475735504826
663,"receptora_conservada",0.0916253088642664
663,"receptora_degradada",0.0570475735504826
664,"aporte_conservada",0.109610842207164
664,"aporte_degradada",0.066350435624395
664,"transferencia_conservada",0.167610842207164
664,"transferencia_degradada",0.096350435624395
664,"receptora_conservada",0.362778315585673
664,"receptora_degradada",0.19729912875121
665,"aporte_conservada",0.109610842207164
665,"aporte_degradada",0.066350435624395
665,"transferencia_conservada",0.167610842207164
665,"transferencia_degradada",0.096350435624395
665,"receptora_conservada",0.362778315585673
665,"receptora_degradada",0.19729912875121
666,"aporte_conservada",0.330278085737855
666,"aporte_degradada",0.180488665036822
666,"transferencia_conservada",0.183860957131072
666,"transferencia_degradada",0.104755667481589
666,"receptora_conservada",0.125860957131072
666,"receptora_degradada",0.0747556674815891
667,"aporte_conservada",0.103871160280689
667,"aporte_degradada",0.0633816346279425
667,"transferencia_conservada",0.161871160280689
667,"transferencia_degradada",0.0933816346279425
667,"receptora_conservada",0.374257679438622
667,"receptora_degradada",0.203236730744115
668,"aporte_conservada",0.0664864864864865
668,"aporte_degradada",0.109873873873874
668,"transferencia_conservada",0.0964864864864865
668,"transferencia_degradada",0.167873873873874
668,"receptora_conservada",0.197027027027027
668,"receptora_degradada",0.362252252252252
669,"aporte_conservada",0.422567800670819
669,"aporte_degradada",0.228224724484907
669,"transferencia_conservada",0.13771609966459
669,"transferencia_degradada",0.0808876377575467
669,"receptora_conservada",0.0797160996645903
669,"receptora_degradada",0.0508876377575467
670,"aporte_conservada",0.108265171503958
670,"aporte_degradada",0.190645998240985
670,"transferencia_conservada",0.172058047493404
670,"transferencia_degradada",0.31397889182058
670,"receptora_conservada",0.0796767810026385
670,"receptora_degradada",0.135375109938434
671,"aporte_conservada",0.197641526477558
671,"aporte_degradada",0.363440284523279
671,"transferencia_conservada",0.0961792367612209
671,"transferencia_degradada",0.16727985773836
671,"receptora_conservada",0.0661792367612209
671,"receptora_degradada",0.10927985773836
672,"aporte_conservada",0.190358567543064
672,"aporte_degradada",0.108116500453309
672,"transferencia_conservada",0.314311876699909
672,"transferencia_degradada",0.172230281051677
672,"receptora_conservada",0.135329555757026
672,"receptora_degradada",0.0796532184950136
673,"aporte_conservada",0.367747826086956
673,"aporte_degradada",0.199869565217391
673,"transferencia_conservada",0.165126086956522
673,"transferencia_degradada",0.0950652173913043
673,"receptora_conservada",0.107126086956522
673,"receptora_degradada",0.0650652173913043
674,"aporte_conservada",0.10770137524558
674,"aporte_degradada",0.189555992141454
674,"transferencia_conservada",0.172711198428291
674,"transferencia_degradada",0.315241650294695
674,"receptora_conservada",0.0795874263261297
674,"receptora_degradada",0.135202357563851
675,"aporte_conservada",0.108265171503958
675,"aporte_degradada",0.190645998240985
675,"transferencia_conservada",0.172058047493404
675,"transferencia_degradada",0.31397889182058
675,"receptora_conservada",0.0796767810026385
675,"receptora_degradada",0.135375109938434
676,"aporte_conservada",0.316474135086172
676,"aporte_degradada",0.173348690561813
676,"transferencia_conservada",0.190762932456914
676,"transferencia_degradada",0.108325654719094
676,"receptora_conservada",0.132762932456914
676,"receptora_degradada",0.0783256547190935
677,"aporte_conservada",0.191109694943585
677,"aporte_degradada",0.108505014625992
677,"transferencia_conservada",0.313441704972837
677,"transferencia_degradada",0.17178019222733
677,"receptora_conservada",0.135448600083577
677,"receptora_degradada",0.0797147931466778
678,"aporte_conservada",0.312970988213962
678,"aporte_degradada",0.171536718041704
678,"transferencia_conservada",0.192514505893019
678,"transferencia_degradada",0.109231640979148
678,"receptora_conservada",0.134514505893019
678,"receptora_degradada",0.0792316409791478
679,"aporte_conservada",0.108265171503958
679,"aporte_degradada",0.190645998240985
679,"transferencia_conservada",0.172058047493404
679,"transferencia_degradada",0.31397889182058
679,"receptora_conservada",0.0796767810026385
679,"receptora_degradada",0.135375109938434
680,"aporte_conservada",0.070145125588005
680,"aporte_degradada",0.116947242803476
680,"transferencia_conservada",0.222743803416875
680,"transferencia_degradada",0.411971353272624
680,"receptora_conservada",0.0671110709951204
680,"receptora_degradada",0.111081403923899
681,"aporte_conservada",0.10770137524558
681,"aporte_degradada",0.189555992141454
681,"transferencia_conservada",0.172711198428291
681,"transferencia_degradada",0.315241650294695
681,"receptora_conservada",0.0795874263261297
681,"receptora_degradada",0.135202357563851
682,"aporte_conservada",0.108116500453309
682,"aporte_degradada",0.190358567543064
682,"transferencia_conservada",0.172230281051677
682,"transferencia_degradada",0.314311876699909
682,"receptora_conservada",0.0796532184950136
682,"receptora_degradada",0.135329555757026
683,"aporte_conservada",0.108265171503958
683,"aporte_degradada",0.190645998240985
683,"transferencia_conservada",0.172058047493404
683,"transferencia_degradada",0.31397889182058
683,"receptora_conservada",0.0796767810026385
683,"receptora_degradada",0.135375109938434
684,"aporte_conservada",0.108265171503958
684,"aporte_degradada",0.190645998240985
684,"transferencia_conservada",0.172058047493404
684,"transferencia_degradada",0.31397889182058
684,"receptora_conservada",0.0796767810026385
684,"receptora_degradada",0.135375109938434
685,"aporte_conservada",0.17188605108055
685,"aporte_degradada",0.313646365422397
685,"transferencia_conservada",0.109056974459725
685,"transferencia_degradada",0.192176817288802
685,"receptora_conservada",0.079056974459725
685,"receptora_degradada",0.134176817288802
686,"aporte_conservada",0.108265171503958
686,"aporte_degradada",0.190645998240985
686,"transferencia_conservada",0.172058047493404
686,"transferencia_degradada",0.31397889182058
686,"receptora_conservada",0.0796767810026385
686,"receptora_degradada",0.135375109938434
687,"aporte_conservada",0.197169605011229
687,"aporte_degradada",0.362527903021709
687,"transferencia_conservada",0.0964151974943856
687,"transferencia_degradada",0.167736048489146
687,"receptora_conservada",0.0664151974943856
687,"receptora_degradada",0.109736048489146
688,"aporte_conservada",0.108265171503958
688,"aporte_degradada",0.190645998240985
688,"transferencia_conservada",0.172058047493404
688,"transferencia_degradada",0.31397889182058
688,"receptora_conservada",0.0796767810026385
688,"receptora_degradada",0.135375109938434
689,"aporte_conservada",0.224288363261069
689,"aporte_degradada",0.414957502304733
689,"transferencia_conservada",0.0828558183694657
689,"transferencia_degradada",0.141521248847634
689,"receptora_conservada",0.0528558183694657
689,"receptora_degradada",0.0835212488476336
690,"aporte_conservada",0.111893913992554
690,"aporte_degradada",0.0675313348237349
690,"transferencia_conservada",0.414693747896037
690,"transferencia_degradada",0.224151938566916
690,"receptora_conservada",0.113412338111409
690,"receptora_degradada",0.0683167266093495
691,"aporte_conservada",0.312970988213962
691,"aporte_degradada",0.171536718041704
691,"transferencia_conservada",0.192514505893019
691,"transferencia_degradada",0.109231640979148
691,"receptora_conservada",0.134514505893019
691,"receptora_degradada",0.0792316409791478
692,"aporte_conservada",0.119817721355436
692,"aporte_degradada",0.0716298558735012
692,"transferencia_conservada",0.403839577574281
692,"transferencia_degradada",0.218537712538421
692,"receptora_conservada",0.116342701070283
692,"receptora_degradada",0.0698324315880774
693,"aporte_conservada",0.35557589874915
693,"aporte_degradada",0.193573740732319
693,"transferencia_conservada",0.171212050625425
693,"transferencia_degradada",0.0982131296338404
693,"receptora_conservada",0.113212050625425
693,"receptora_degradada",0.0682131296338404
694,"aporte_conservada",0.373221684414327
694,"aporte_degradada",0.20270087124879
694,"transferencia_conservada",0.162389157792836
694,"transferencia_degradada",0.093649564375605
694,"receptora_conservada",0.104389157792836
694,"receptora_degradada",0.063649564375605
695,"aporte_conservada",0.312970988213962
695,"aporte_degradada",0.171536718041704
695,"transferencia_conservada",0.192514505893019
695,"transferencia_degradada",0.109231640979148
695,"receptora_conservada",0.134514505893019
695,"receptora_degradada",0.0792316409791478
696,"aporte_conservada",0.0792506404782237
696,"aporte_degradada",0.0506468830059778
696,"transferencia_conservada",0.137250640478224
696,"transferencia_degradada",0.0806468830059778
696,"receptora_conservada",0.423498719043553
696,"receptora_degradada",0.228706233988044
697,"aporte_conservada",0.0792506404782237
697,"aporte_degradada",0.0506468830059778
697,"transferencia_conservada",0.137250640478224
697,"transferencia_degradada",0.0806468830059778
697,"receptora_conservada",0.423498719043553
697,"receptora_degradada",0.228706233988044
698,"aporte_conservada",0.177056837366348
698,"aporte_degradada",0.323643218908272
698,"transferencia_conservada",0.106471581316826
698,"transferencia_degradada",0.187178390545864
698,"receptora_conservada",0.0764715813168261
698,"receptora_degradada",0.129178390545864
699,"aporte_conservada",0.0792506404782237
699,"aporte_degradada",0.0506468830059778
699,"transferencia_conservada",0.137250640478224
699,"transferencia_degradada",0.0806468830059778
699,"receptora_conservada",0.423498719043553
699,"receptora_degradada",0.228706233988044
700,"aporte_conservada",0.312970988213962
700,"aporte_degradada",0.171536718041704
700,"transferencia_conservada",0.192514505893019
700,"transferencia_degradada",0.109231640979148
700,"receptora_conservada",0.134514505893019
700,"receptora_degradada",0.0792316409791478
701,"aporte_conservada",0.10237518037518
701,"aporte_degradada",0.0442279942279942
701,"transferencia_conservada",0.17037518037518
701,"transferencia_degradada",0.0642279942279942
701,"receptora_conservada",0.467249639249639
701,"receptora_degradada",0.151544011544012
702,"aporte_conservada",0.312970988213962
702,"aporte_degradada",0.171536718041704
702,"transferencia_conservada",0.192514505893019
702,"transferencia_degradada",0.109231640979148
702,"receptora_conservada",0.134514505893019
702,"receptora_degradada",0.0792316409791478
703,"aporte_conservada",0.0792506404782237
703,"aporte_degradada",0.0506468830059778
703,"transferencia_conservada",0.137250640478224
703,"transferencia_degradada",0.0806468830059778
703,"receptora_conservada",0.423498719043553
703,"receptora_degradada",0.228706233988044
704,"aporte_conservada",0.363483227561197
704,"aporte_degradada",0.12102447869447
704,"transferencia_conservada",0.222258386219402
704,"transferencia_degradada",0.0794877606527652
704,"receptora_conservada",0.154258386219402
704,"receptora_degradada",0.0594877606527652
705,"aporte_conservada",0.363483227561197
705,"aporte_degradada",0.12102447869447
705,"transferencia_conservada",0.222258386219402
705,"transferencia_degradada",0.0794877606527652
705,"receptora_conservada",0.154258386219402
705,"receptora_degradada",0.0594877606527652
706,"aporte_conservada",0.362932536293766
706,"aporte_degradada",0.120862510674637
706,"transferencia_conservada",0.222533731853117
706,"transferencia_degradada",0.0795687446626815
706,"receptora_conservada",0.154533731853117
706,"receptora_degradada",0.0595687446626815
707,"aporte_conservada",0.177622641509434
707,"aporte_degradada",0.324737106918239
707,"transferencia_conservada",0.106188679245283
707,"transferencia_degradada",0.186631446540881
707,"receptora_conservada",0.076188679245283
707,"receptora_degradada",0.128631446540881
708,"aporte_conservada",0.171411609498681
708,"aporte_degradada",0.312729111697449
708,"transferencia_conservada",0.10929419525066
708,"transferencia_degradada",0.192635444151275
708,"receptora_conservada",0.0792941952506596
708,"receptora_degradada",0.134635444151275
709,"aporte_conservada",0.17188605108055
709,"aporte_degradada",0.313646365422397
709,"transferencia_conservada",0.109056974459725
709,"transferencia_degradada",0.192176817288802
709,"receptora_conservada",0.079056974459725
709,"receptora_degradada",0.134176817288802
710,"aporte_conservada",0.171411609498681
710,"aporte_degradada",0.312729111697449
710,"transferencia_conservada",0.10929419525066
710,"transferencia_degradada",0.192635444151275
710,"receptora_conservada",0.0792941952506596
710,"receptora_degradada",0.134635444151275
711,"aporte_conservada",0.17188605108055
711,"aporte_degradada",0.313646365422397
711,"transferencia_conservada",0.109056974459725
711,"transferencia_degradada",0.192176817288802
711,"receptora_conservada",0.079056974459725
711,"receptora_degradada",0.134176817288802
712,"aporte_conservada",0.177056837366348
712,"aporte_degradada",0.323643218908272
712,"transferencia_conservada",0.106471581316826
712,"transferencia_degradada",0.187178390545864
712,"receptora_conservada",0.0764715813168261
712,"receptora_degradada",0.129178390545864
713,"aporte_conservada",0.0559215955983494
713,"aporte_degradada",0.0894484181568088
713,"transferencia_conservada",0.0859215955983494
713,"transferencia_degradada",0.147448418156809
713,"receptora_conservada",0.218156808803301
713,"receptora_degradada",0.403103163686382
714,"aporte_conservada",0.362932536293766
714,"aporte_degradada",0.120862510674637
714,"transferencia_conservada",0.222533731853117
714,"transferencia_degradada",0.0795687446626815
714,"receptora_conservada",0.154533731853117
714,"receptora_degradada",0.0595687446626815
715,"aporte_conservada",0.362932536293766
715,"aporte_degradada",0.120862510674637
715,"transferencia_conservada",0.222533731853117
715,"transferencia_degradada",0.0795687446626815
715,"receptora_conservada",0.154533731853117
715,"receptora_degradada",0.0595687446626815
716,"aporte_conservada",0.362932536293766
716,"aporte_degradada",0.120862510674637
716,"transferencia_conservada",0.222533731853117
716,"transferencia_degradada",0.0795687446626815
716,"receptora_conservada",0.154533731853117
716,"receptora_degradada",0.0595687446626815
717,"aporte_conservada",0.362932536293766
717,"aporte_degradada",0.120862510674637
717,"transferencia_conservada",0.222533731853117
717,"transferencia_degradada",0.0795687446626815
717,"receptora_conservada",0.154533731853117
717,"receptora_degradada",0.0595687446626815
718,"aporte_conservada",0.362932536293766
718,"aporte_degradada",0.120862510674637
718,"transferencia_conservada",0.222533731853117
718,"transferencia_degradada",0.0795687446626815
718,"receptora_conservada",0.154533731853117
718,"receptora_degradada",0.0595687446626815
719,"aporte_conservada",0.362932536293766
719,"aporte_degradada",0.120862510674637
719,"transferencia_conservada",0.222533731853117
719,"transferencia_degradada",0.0795687446626815
719,"receptora_conservada",0.154533731853117
719,"receptora_degradada",0.0595687446626815
720,"aporte_conservada",0.362932536293766
720,"aporte_degradada",0.120862510674637
720,"transferencia_conservada",0.222533731853117
720,"transferencia_degradada",0.0795687446626815
720,"receptora_conservada",0.154533731853117
720,"receptora_degradada",0.0595687446626815
721,"aporte_conservada",0.362932536293766
721,"aporte_degradada",0.120862510674637
721,"transferencia_conservada",0.222533731853117
721,"transferencia_degradada",0.0795687446626815
721,"receptora_conservada",0.154533731853117
721,"receptora_degradada",0.0595687446626815
722,"aporte_conservada",0.373205205205205
722,"aporte_degradada",0.123883883883884
722,"transferencia_conservada",0.217397397397397
722,"transferencia_degradada",0.0780580580580581
722,"receptora_conservada",0.149397397397397
722,"receptora_degradada",0.0580580580580581
723,"aporte_conservada",0.220385140905209
723,"aporte_degradada",0.078936806148591
723,"transferencia_conservada",0.364297181895816
723,"transferencia_degradada",0.121263877028181
723,"receptora_conservada",0.155317677198975
723,"receptora_degradada",0.059799316823228
724,"aporte_conservada",0.220385140905209
724,"aporte_degradada",0.078936806148591
724,"transferencia_conservada",0.364297181895816
724,"transferencia_degradada",0.121263877028181
724,"receptora_conservada",0.155317677198975
724,"receptora_degradada",0.059799316823228
725,"aporte_conservada",0.362932536293766
725,"aporte_degradada",0.120862510674637
725,"transferencia_conservada",0.222533731853117
725,"transferencia_degradada",0.0795687446626815
725,"receptora_conservada",0.154533731853117
725,"receptora_degradada",0.0595687446626815
726,"aporte_conservada",0.184467577594818
726,"aporte_degradada",0.0683728169396522
726,"transferencia_conservada",0.411191312478235
726,"transferencia_degradada",0.135056268375951
726,"receptora_conservada",0.144341109926948
726,"receptora_degradada",0.0565709146843964
727,"aporte_conservada",0.362932536293766
727,"aporte_degradada",0.120862510674637
727,"transferencia_conservada",0.222533731853117
727,"transferencia_degradada",0.0795687446626815
727,"receptora_conservada",0.154533731853117
727,"receptora_degradada",0.0595687446626815
728,"aporte_conservada",0.220385140905209
728,"aporte_degradada",0.078936806148591
728,"transferencia_conservada",0.364297181895816
728,"transferencia_degradada",0.121263877028181
728,"receptora_conservada",0.155317677198975
728,"receptora_degradada",0.059799316823228
729,"aporte_conservada",0.421499951296754
729,"aporte_degradada",0.138088220969633
729,"transferencia_conservada",0.193250024351623
729,"transferencia_degradada",0.0709558895151833
729,"receptora_conservada",0.125250024351623
729,"receptora_degradada",0.0509558895151833
730,"aporte_conservada",0.0833307482637005
730,"aporte_degradada",0.0527572835846726
730,"transferencia_conservada",0.424299383852913
730,"transferencia_degradada",0.229120370958403
730,"receptora_conservada",0.132369867883387
730,"receptora_degradada",0.0781223454569242
731,"aporte_conservada",0.174345520776736
731,"aporte_degradada",0.0998338900569327
731,"transferencia_conservada",0.335538066747867
731,"transferencia_degradada",0.183209344869587
731,"receptora_conservada",0.130116412475396
731,"receptora_degradada",0.0769567650734808
732,"aporte_conservada",0.314812340790063
732,"aporte_degradada",0.172489141787963
732,"transferencia_conservada",0.191593829604969
732,"transferencia_degradada",0.108755429106018
732,"receptora_conservada",0.133593829604969
732,"receptora_degradada",0.0787554291060183
733,"aporte_conservada",0.190645998240985
733,"aporte_degradada",0.108265171503958
733,"transferencia_conservada",0.31397889182058
733,"transferencia_degradada",0.172058047493404
733,"receptora_conservada",0.135375109938434
733,"receptora_degradada",0.0796767810026385
734,"aporte_conservada",0.171536718041704
734,"aporte_degradada",0.312970988213962
734,"transferencia_conservada",0.109231640979148
734,"transferencia_degradada",0.192514505893019
734,"receptora_conservada",0.0792316409791478
734,"receptora_degradada",0.134514505893019
735,"aporte_conservada",0.171536718041704
735,"aporte_degradada",0.312970988213962
735,"transferencia_conservada",0.109231640979148
735,"transferencia_degradada",0.192514505893019
735,"receptora_conservada",0.0792316409791478
735,"receptora_degradada",0.134514505893019
736,"aporte_conservada",0.0654292929292929
736,"aporte_degradada",0.107829966329966
736,"transferencia_conservada",0.229116161616162
736,"transferencia_degradada",0.424291245791246
736,"receptora_conservada",0.0654545454545455
736,"receptora_degradada",0.107878787878788
737,"aporte_conservada",0.108116500453309
737,"aporte_degradada",0.190358567543064
737,"transferencia_conservada",0.172230281051677
737,"transferencia_degradada",0.314311876699909
737,"receptora_conservada",0.0796532184950136
737,"receptora_degradada",0.135329555757026
738,"aporte_conservada",0.41114385314153
738,"aporte_degradada",0.135042309747509
738,"transferencia_conservada",0.198428073429235
738,"transferencia_degradada",0.0724788451262455
738,"receptora_conservada",0.130428073429235
738,"receptora_degradada",0.0524788451262455
739,"aporte_conservada",0.363483227561197
739,"aporte_degradada",0.12102447869447
739,"transferencia_conservada",0.222258386219402
739,"transferencia_degradada",0.0794877606527652
739,"receptora_conservada",0.154258386219402
739,"receptora_degradada",0.0594877606527652
740,"aporte_conservada",0.0801042216358839
740,"aporte_degradada",0.0510883905013193
740,"transferencia_conservada",0.424520668425682
740,"transferencia_degradada",0.229234828496042
740,"receptora_conservada",0.135375109938434
740,"receptora_degradada",0.0796767810026385
741,"aporte_conservada",0.368048821548822
741,"aporte_degradada",0.200025252525252
741,"transferencia_conservada",0.164975589225589
741,"transferencia_degradada",0.0949873737373737
741,"receptora_conservada",0.106975589225589
741,"receptora_degradada",0.0649873737373737
742,"aporte_conservada",0.0994239379692303
742,"aporte_degradada",0.173552946740512
742,"transferencia_conservada",0.183752759314764
742,"transferencia_degradada",0.336588668008544
742,"receptora_conservada",0.0768233027160055
742,"receptora_degradada",0.129858385250944
743,"aporte_conservada",0.199974747474747
743,"aporte_degradada",0.367951178451178
743,"transferencia_conservada",0.0950126262626263
743,"transferencia_degradada",0.165024410774411
743,"receptora_conservada",0.0650126262626263
743,"receptora_degradada",0.107024410774411
744,"aporte_conservada",0.108116500453309
744,"aporte_degradada",0.190358567543064
744,"transferencia_conservada",0.172230281051677
744,"transferencia_degradada",0.314311876699909
744,"receptora_conservada",0.0796532184950136
744,"receptora_degradada",0.135329555757026
745,"aporte_conservada",0.108116500453309
745,"aporte_degradada",0.190358567543064
745,"transferencia_conservada",0.172230281051677
745,"transferencia_degradada",0.314311876699909
745,"receptora_conservada",0.0796532184950136
745,"receptora_degradada",0.135329555757026
746,"aporte_conservada",0.203854587864099
746,"aporte_degradada",0.375452203203924
746,"transferencia_conservada",0.0930727060679506
746,"transferencia_degradada",0.161273898398038
746,"receptora_conservada",0.0630727060679506
746,"receptora_degradada",0.103273898398038
747,"aporte_conservada",0.190358567543064
747,"aporte_degradada",0.108116500453309
747,"transferencia_conservada",0.314311876699909
747,"transferencia_degradada",0.172230281051677
747,"receptora_conservada",0.135329555757026
747,"receptora_degradada",0.0796532184950136
748,"aporte_conservada",0.356228679478011
748,"aporte_degradada",0.193911385936902
748,"transferencia_conservada",0.170885660260994
748,"transferencia_degradada",0.0980443070315488
748,"receptora_conservada",0.112885660260994
748,"receptora_degradada",0.0680443070315488
749,"aporte_conservada",0.126409417559023
749,"aporte_degradada",0.0750393539098393
749,"transferencia_conservada",0.399261202941489
749,"transferencia_degradada",0.216169587728356
749,"receptora_conservada",0.114329379499488
749,"receptora_degradada",0.0687910583618043
750,"aporte_conservada",0.333594229178968
750,"aporte_degradada",0.182203911644294
750,"transferencia_conservada",0.182202885410516
750,"transferencia_degradada",0.103898044177853
750,"receptora_conservada",0.124202885410516
750,"receptora_degradada",0.0738980441778532
751,"aporte_conservada",0.372729147141518
751,"aporte_degradada",0.20244611059044
751,"transferencia_conservada",0.162635426429241
751,"transferencia_degradada",0.0937769447047798
751,"receptora_conservada",0.104635426429241
751,"receptora_degradada",0.0637769447047798
752,"aporte_conservada",0.352635558341248
752,"aporte_degradada",0.192052875004094
752,"transferencia_conservada",0.172682220829376
752,"transferencia_degradada",0.098973562497953
752,"receptora_conservada",0.114682220829376
752,"receptora_degradada",0.068973562497953
753,"aporte_conservada",0.13838317054334
753,"aporte_degradada",0.0812326744189689
753,"transferencia_conservada",0.382977021966713
753,"transferencia_degradada",0.207746735500024
753,"receptora_conservada",0.118639807489947
753,"receptora_degradada",0.0710205900810071
754,"aporte_conservada",0.0910796217894259
754,"aporte_degradada",0.0567653216152203
754,"transferencia_conservada",0.423767943587459
754,"transferencia_degradada",0.228845488062479
754,"receptora_conservada",0.125152434623115
754,"receptora_degradada",0.0743891903223009
755,"aporte_conservada",0.42327088830255
755,"aporte_degradada",0.228588390501319
755,"transferencia_conservada",0.137364555848725
755,"transferencia_degradada",0.0807058047493404
755,"receptora_conservada",0.0793645558487247
755,"receptora_degradada",0.0507058047493404
756,"aporte_conservada",0.341290748209684
756,"aporte_degradada",0.186184869763629
756,"transferencia_conservada",0.178354625895158
756,"transferencia_degradada",0.101907565118185
756,"receptora_conservada",0.120354625895158
756,"receptora_degradada",0.0719075651181853
757,"aporte_conservada",0.312970988213962
757,"aporte_degradada",0.171536718041704
757,"transferencia_conservada",0.192514505893019
757,"transferencia_degradada",0.109231640979148
757,"receptora_conservada",0.134514505893019
757,"receptora_degradada",0.0792316409791478
758,"aporte_conservada",0.107829966329966
758,"aporte_degradada",0.0654292929292929
758,"transferencia_conservada",0.424291245791246
758,"transferencia_degradada",0.229116161616162
758,"receptora_conservada",0.107878787878788
758,"receptora_degradada",0.0654545454545455
759,"aporte_conservada",0.189947595928313
759,"aporte_degradada",0.107903928928438
759,"transferencia_conservada",0.31490451785973
759,"transferencia_degradada",0.172536819582619
759,"receptora_conservada",0.135147886211957
759,"receptora_degradada",0.0795592514889431
760,"aporte_conservada",0.190645998240985
760,"aporte_degradada",0.108265171503958
760,"transferencia_conservada",0.31397889182058
760,"transferencia_degradada",0.172058047493404
760,"receptora_conservada",0.135375109938434
760,"receptora_degradada",0.0796767810026385
761,"aporte_conservada",0.0775493017144959
761,"aporte_degradada",0.131261983314692
761,"transferencia_conservada",0.212574254997125
761,"transferencia_degradada",0.392310226327774
761,"receptora_conservada",0.0698764432883795
761,"receptora_degradada",0.116427790357534
762,"aporte_conservada",0.0914753563458182
762,"aporte_degradada",0.0569700119030094
762,"transferencia_conservada",0.423740802961534
762,"transferencia_degradada",0.22883144980769
762,"receptora_conservada",0.124783840692647
762,"receptora_degradada",0.0741985382893004
763,"aporte_conservada",0.312970988213962
763,"aporte_degradada",0.171536718041704
763,"transferencia_conservada",0.192514505893019
763,"transferencia_degradada",0.109231640979148
763,"receptora_conservada",0.134514505893019
763,"receptora_degradada",0.0792316409791478
764,"aporte_conservada",0.190358567543064
764,"aporte_degradada",0.108116500453309
764,"transferencia_conservada",0.314311876699909
764,"transferencia_degradada",0.172230281051677
764,"receptora_conservada",0.135329555757026
764,"receptora_degradada",0.0796532184950136
765,"aporte_conservada",0.42327088830255
765,"aporte_degradada",0.228588390501319
765,"transferencia_conservada",0.137364555848725
765,"transferencia_degradada",0.0807058047493404
765,"receptora_conservada",0.0793645558487247
765,"receptora_degradada",0.0507058047493404
766,"aporte_conservada",0.312970988213962
766,"aporte_degradada",0.171536718041704
766,"transferencia_conservada",0.192514505893019
766,"transferencia_degradada",0.109231640979148
766,"receptora_conservada",0.134514505893019
766,"receptora_degradada",0.0792316409791478
767,"aporte_conservada",0.0522311593945861
767,"aporte_degradada",0.0823135748295332
767,"transferencia_conservada",0.0822311593945861
767,"transferencia_degradada",0.140313574829533
767,"receptora_conservada",0.225537681210828
767,"receptora_degradada",0.417372850340934
768,"aporte_conservada",0.17188605108055
768,"aporte_degradada",0.313646365422397
768,"transferencia_conservada",0.109056974459725
768,"transferencia_degradada",0.192176817288802
768,"receptora_conservada",0.079056974459725
768,"receptora_degradada",0.134176817288802
769,"aporte_conservada",0.373221684414327
769,"aporte_degradada",0.20270087124879
769,"transferencia_conservada",0.162389157792836
769,"transferencia_degradada",0.093649564375605
769,"receptora_conservada",0.104389157792836
769,"receptora_degradada",0.063649564375605
770,"aporte_conservada",0.34481621853255
770,"aporte_degradada",0.188008388896147
770,"transferencia_conservada",0.176591890733725
770,"transferencia_degradada",0.100995805551927
770,"receptora_conservada",0.118591890733725
770,"receptora_degradada",0.0709958055519267
771,"aporte_conservada",0.360088773497964
771,"aporte_degradada",0.19590798629205
771,"transferencia_conservada",0.168955613251018
771,"transferencia_degradada",0.0970460068539749
771,"receptora_conservada",0.110955613251018
771,"receptora_degradada",0.0670460068539749
772,"aporte_conservada",0.190358567543064
772,"aporte_degradada",0.108116500453309
772,"transferencia_conservada",0.314311876699909
772,"transferencia_degradada",0.172230281051677
772,"receptora_conservada",0.135329555757026
772,"receptora_degradada",0.0796532184950136
773,"aporte_conservada",0.0727018010304943
773,"aporte_degradada",0.121890148658956
773,"transferencia_conservada",0.219289047301056
773,"transferencia_degradada",0.405292158115375
773,"receptora_conservada",0.0680091516684497
773,"receptora_degradada",0.112817693225669
774,"aporte_conservada",0.200025996533795
774,"aporte_degradada",0.368050259965338
774,"transferencia_conservada",0.0949870017331022
774,"transferencia_degradada",0.164974870017331
774,"receptora_conservada",0.0649870017331022
774,"receptora_degradada",0.106974870017331
775,"aporte_conservada",0.0801042216358839
775,"aporte_degradada",0.0510883905013193
775,"transferencia_conservada",0.424520668425682
775,"transferencia_degradada",0.229234828496042
775,"receptora_conservada",0.135375109938434
775,"receptora_degradada",0.0796767810026385
776,"aporte_conservada",0.173980556658347
776,"aporte_degradada",0.317695742872805
776,"transferencia_conservada",0.108009721670826
776,"transferencia_degradada",0.190152128563597
776,"receptora_conservada",0.0780097216708263
776,"receptora_degradada",0.132152128563597
777,"aporte_conservada",0.171411609498681
777,"aporte_degradada",0.312729111697449
777,"transferencia_conservada",0.10929419525066
777,"transferencia_degradada",0.192635444151275
777,"receptora_conservada",0.0792941952506596
777,"receptora_degradada",0.134635444151275
778,"aporte_conservada",0.190358567543064
778,"aporte_degradada",0.108116500453309
778,"transferencia_conservada",0.314311876699909
778,"transferencia_degradada",0.172230281051677
778,"receptora_conservada",0.135329555757026
778,"receptora_degradada",0.0796532184950136
779,"aporte_conservada",0.0509927412467976
779,"aporte_degradada",0.0799192997438087
779,"transferencia_conservada",0.22930828351836
779,"transferencia_degradada",0.42466268146883
779,"receptora_conservada",0.079698975234842
779,"receptora_degradada",0.135418018787361
780,"aporte_conservada",0.109678422553389
780,"aporte_degradada",0.066385390975891
780,"transferencia_conservada",0.421793484309063
780,"transferencia_degradada",0.227824216021929
780,"receptora_conservada",0.108528093137548
780,"receptora_degradada",0.06579039300218
781,"aporte_conservada",0.186102781691358
781,"aporte_degradada",0.341132044603292
781,"transferencia_conservada",0.101948609154321
781,"transferencia_degradada",0.178433977698354
781,"receptora_conservada",0.071948609154321
781,"receptora_degradada",0.120433977698354
782,"aporte_conservada",0.193414566572945
782,"aporte_degradada",0.355268162041027
782,"transferencia_conservada",0.0982927167135276
782,"transferencia_degradada",0.171365918979487
782,"receptora_conservada",0.0682927167135276
782,"receptora_degradada",0.113365918979487
783,"aporte_conservada",0.190303597462413
783,"aporte_degradada",0.349253621760665
783,"transferencia_conservada",0.0998482012687935
783,"transferencia_degradada",0.174373189119667
783,"receptora_conservada",0.0698482012687935
783,"receptora_degradada",0.116373189119667
784,"aporte_conservada",0.42327088830255
784,"aporte_degradada",0.228588390501319
784,"transferencia_conservada",0.137364555848725
784,"transferencia_degradada",0.0807058047493404
784,"receptora_conservada",0.0793645558487247
784,"receptora_degradada",0.0507058047493404
785,"aporte_conservada",0.312970988213962
785,"aporte_degradada",0.171536718041704
785,"transferencia_conservada",0.192514505893019
785,"transferencia_degradada",0.109231640979148
785,"receptora_conservada",0.134514505893019
785,"receptora_degradada",0.0792316409791478
786,"aporte_conservada",0.0515697488247705
786,"aporte_degradada",0.0810348477278897
786,"transferencia_conservada",0.0815697488247705
786,"transferencia_degradada",0.13903484772789
786,"receptora_conservada",0.226860502350459
786,"receptora_degradada",0.419930304544221
787,"aporte_conservada",0.171411609498681
787,"aporte_degradada",0.312729111697449
787,"transferencia_conservada",0.10929419525066
787,"transferencia_degradada",0.192635444151275
787,"receptora_conservada",0.0792941952506596
787,"receptora_degradada",0.134635444151275
788,"aporte_conservada",0.171411609498681
788,"aporte_degradada",0.312729111697449
788,"transferencia_conservada",0.10929419525066
788,"transferencia_degradada",0.192635444151275
788,"receptora_conservada",0.0792941952506596
788,"receptora_degradada",0.134635444151275
789,"aporte_conservada",0.0624749630808219
789,"aporte_degradada",0.102118261956256
789,"transferencia_conservada",0.092474963080822
789,"transferencia_degradada",0.160118261956256
789,"receptora_conservada",0.205050073838356
789,"receptora_degradada",0.377763476087488
790,"aporte_conservada",0.063219120432103
790,"aporte_degradada",0.103556966168733
790,"transferencia_conservada",0.093219120432103
790,"transferencia_degradada",0.161556966168732
790,"receptora_conservada",0.203561759135794
790,"receptora_degradada",0.374886067662535
791,"aporte_conservada",0.0646485473289597
791,"aporte_degradada",0.106320524835989
791,"transferencia_conservada",0.22825679475164
791,"transferencia_degradada",0.422629803186504
791,"receptora_conservada",0.0670946579194002
791,"receptora_degradada",0.111049671977507
792,"aporte_conservada",0.0569641292821421
792,"aporte_degradada",0.091463983278808
792,"transferencia_conservada",0.228770693417295
792,"transferencia_degradada",0.42362334060677
792,"receptora_conservada",0.074265177300563
792,"receptora_degradada",0.124912676114422
793,"aporte_conservada",0.200176817288802
793,"aporte_degradada",0.36834184675835
793,"transferencia_conservada",0.0949115913555992
793,"transferencia_degradada",0.164829076620825
793,"receptora_conservada",0.0649115913555992
793,"receptora_degradada",0.106829076620825
794,"aporte_conservada",0.312970988213962
794,"aporte_degradada",0.171536718041704
794,"transferencia_conservada",0.192514505893019
794,"transferencia_degradada",0.109231640979148
794,"receptora_conservada",0.134514505893019
794,"receptora_degradada",0.0792316409791478
795,"aporte_conservada",0.1124266229759
795,"aporte_degradada",0.0678068739530518
795,"transferencia_conservada",0.1704266229759
795,"transferencia_degradada",0.0978068739530518
795,"receptora_conservada",0.3571467540482
795,"receptora_degradada",0.194386252093897
796,"aporte_conservada",0.108378326996198
796,"aporte_degradada",0.065712927756654
796,"transferencia_conservada",0.423408745247148
796,"transferencia_degradada",0.22865969581749
796,"receptora_conservada",0.108212927756654
796,"receptora_degradada",0.0656273764258555
797,"aporte_conservada",0.108265171503958
797,"aporte_degradada",0.190645998240985
797,"transferencia_conservada",0.172058047493404
797,"transferencia_degradada",0.31397889182058
797,"receptora_conservada",0.0796767810026385
797,"receptora_degradada",0.135375109938434
798,"aporte_conservada",0.171411609498681
798,"aporte_degradada",0.312729111697449
798,"transferencia_conservada",0.10929419525066
798,"transferencia_degradada",0.192635444151275
798,"receptora_conservada",0.0792941952506596
798,"receptora_degradada",0.134635444151275
799,"aporte_conservada",0.0614849476318821
799,"aporte_degradada",0.100204232088305
799,"transferencia_conservada",0.228576430700094
799,"transferencia_degradada",0.423247766020181
799,"receptora_conservada",0.069938621668024
799,"receptora_degradada",0.116548001891513
800,"aporte_conservada",0.190358567543064
800,"aporte_degradada",0.108116500453309
800,"transferencia_conservada",0.314311876699909
800,"transferencia_degradada",0.172230281051677
800,"receptora_conservada",0.135329555757026
800,"receptora_degradada",0.0796532184950136
801,"aporte_conservada",0.189692993904109
801,"aporte_degradada",0.348073121547944
801,"transferencia_conservada",0.100153503047946
801,"transferencia_degradada",0.174963439226028
801,"receptora_conservada",0.0701535030479456
801,"receptora_degradada",0.116963439226028
802,"aporte_conservada",0.360708468164431
802,"aporte_degradada",0.196228518016085
802,"transferencia_conservada",0.168645765917784
802,"transferencia_degradada",0.0968857409919574
802,"receptora_conservada",0.110645765917784
802,"receptora_degradada",0.0668857409919574
803,"aporte_conservada",0.190916737830914
803,"aporte_degradada",0.108405209222886
803,"transferencia_conservada",0.313665243381725
803,"transferencia_degradada",0.171895815542272
803,"receptora_conservada",0.135418018787361
803,"receptora_degradada",0.079698975234842
804,"aporte_conservada",0.079485494106981
804,"aporte_degradada",0.0507683590208522
804,"transferencia_conservada",0.137485494106981
804,"transferencia_degradada",0.0807683590208522
804,"receptora_conservada",0.423029011786038
804,"receptora_degradada",0.228463281958296
805,"aporte_conservada",0.079485494106981
805,"aporte_degradada",0.0507683590208522
805,"transferencia_conservada",0.137485494106981
805,"transferencia_degradada",0.0807683590208522
805,"receptora_conservada",0.423029011786038
805,"receptora_degradada",0.228463281958296
806,"aporte_conservada",0.079485494106981
806,"aporte_degradada",0.0507683590208522
806,"transferencia_conservada",0.137485494106981
806,"transferencia_degradada",0.0807683590208522
806,"receptora_conservada",0.423029011786038
806,"receptora_degradada",0.228463281958296
807,"aporte_conservada",0.312970988213962
807,"aporte_degradada",0.171536718041704
807,"transferencia_conservada",0.192514505893019
807,"transferencia_degradada",0.109231640979148
807,"receptora_conservada",0.134514505893019
807,"receptora_degradada",0.0792316409791478
808,"aporte_conservada",0.352205753625253
808,"aporte_degradada",0.191830562219958
808,"transferencia_conservada",0.172897123187374
808,"transferencia_degradada",0.0990847188900209
808,"receptora_conservada",0.114897123187374
808,"receptora_degradada",0.0690847188900209
809,"aporte_conservada",0.312501280956447
809,"aporte_degradada",0.171293766011956
809,"transferencia_conservada",0.192749359521776
809,"transferencia_degradada",0.109353116994022
809,"receptora_conservada",0.134749359521776
809,"receptora_degradada",0.0793531169940222
810,"aporte_conservada",0.0808487229862476
810,"aporte_degradada",0.0514734774066798
810,"transferencia_conservada",0.423948919449902
810,"transferencia_degradada",0.228939096267191
810,"receptora_conservada",0.135202357563851
810,"receptora_degradada",0.0795874263261297
811,"aporte_conservada",0.190358567543064
811,"aporte_degradada",0.108116500453309
811,"transferencia_conservada",0.314311876699909
811,"transferencia_degradada",0.172230281051677
811,"receptora_conservada",0.135329555757026
811,"receptora_degradada",0.0796532184950136
812,"aporte_conservada",0.368048821548822
812,"aporte_degradada",0.200025252525252
812,"transferencia_conservada",0.164975589225589
812,"transferencia_degradada",0.0949873737373737
812,"receptora_conservada",0.106975589225589
812,"receptora_degradada",0.0649873737373737
813,"aporte_conservada",0.448110197370959
813,"aporte_degradada",0.145914763932635
813,"transferencia_conservada",0.179944901314521
813,"transferencia_degradada",0.0670426180336825
813,"receptora_conservada",0.111944901314521
813,"receptora_degradada",0.0470426180336825
814,"aporte_conservada",0.0801042216358839
814,"aporte_degradada",0.0510883905013193
814,"transferencia_conservada",0.424520668425682
814,"transferencia_degradada",0.229234828496042
814,"receptora_conservada",0.135375109938434
814,"receptora_degradada",0.0796767810026385
815,"aporte_conservada",0.123060658578856
815,"aporte_degradada",0.0503119584055459
815,"transferencia_conservada",0.493819757365685
815,"transferencia_degradada",0.159358752166378
815,"receptora_conservada",0.123119584055459
815,"receptora_degradada",0.0503292894280763
816,"aporte_conservada",0.125336299445816
816,"aporte_degradada",0.0509812645428869
816,"transferencia_conservada",0.49080326630373
816,"transferencia_degradada",0.158471548912862
816,"receptora_conservada",0.123860434250454
816,"receptora_degradada",0.0505471865442513
817,"aporte_conservada",0.368048821548822
817,"aporte_degradada",0.200025252525252
817,"transferencia_conservada",0.164975589225589
817,"transferencia_degradada",0.0949873737373737
817,"receptora_conservada",0.106975589225589
817,"receptora_degradada",0.0649873737373737
818,"aporte_conservada",0.36548118834164
818,"aporte_degradada",0.198697166383607
818,"transferencia_conservada",0.16625940582918
818,"transferencia_degradada",0.0956514168081965
818,"receptora_conservada",0.10825940582918
818,"receptora_degradada",0.0656514168081965
819,"aporte_conservada",0.362932536293766
819,"aporte_degradada",0.120862510674637
819,"transferencia_conservada",0.222533731853117
819,"transferencia_degradada",0.0795687446626815
819,"receptora_conservada",0.154533731853117
819,"receptora_degradada",0.0595687446626815
820,"aporte_conservada",0.362932536293766
820,"aporte_degradada",0.120862510674637
820,"transferencia_conservada",0.222533731853117
820,"transferencia_degradada",0.0795687446626815
820,"receptora_conservada",0.154533731853117
820,"receptora_degradada",0.0595687446626815
821,"aporte_conservada",0.362932536293766
821,"aporte_degradada",0.120862510674637
821,"transferencia_conservada",0.222533731853117
821,"transferencia_degradada",0.0795687446626815
821,"receptora_conservada",0.154533731853117
821,"receptora_degradada",0.0595687446626815
822,"aporte_conservada",0.368050259965338
822,"aporte_degradada",0.200025996533795
822,"transferencia_conservada",0.164974870017331
822,"transferencia_degradada",0.0949870017331022
822,"receptora_conservada",0.106974870017331
822,"receptora_degradada",0.0649870017331022
823,"aporte_conservada",0.312970988213962
823,"aporte_degradada",0.171536718041704
823,"transferencia_conservada",0.192514505893019
823,"transferencia_degradada",0.109231640979148
823,"receptora_conservada",0.134514505893019
823,"receptora_degradada",0.0792316409791478
824,"aporte_conservada",0.0802337778612376
824,"aporte_degradada",0.0511554023420195
824,"transferencia_conservada",0.424511783083242
824,"transferencia_degradada",0.229230232629263
824,"receptora_conservada",0.13525443905552
824,"receptora_degradada",0.0796143650287172
825,"aporte_conservada",0.0749183514763136
825,"aporte_degradada",0.126175479520873
825,"transferencia_conservada",0.216129236388046
825,"transferencia_degradada",0.399183190350221
825,"receptora_conservada",0.0689524121356408
825,"receptora_degradada",0.114641330128906
826,"aporte_conservada",0.0882709760694482
826,"aporte_degradada",0.151990553734267
826,"transferencia_conservada",0.198029993155011
826,"transferencia_degradada",0.364191320099687
826,"receptora_conservada",0.0736990307755412
826,"receptora_degradada",0.123818126166046
827,"aporte_conservada",0.203189522342065
827,"aporte_degradada",0.374166409861325
827,"transferencia_conservada",0.0934052388289676
827,"transferencia_degradada",0.161916795069337
827,"receptora_conservada",0.0634052388289676
827,"receptora_degradada",0.103916795069337
828,"aporte_conservada",0.312970988213962
828,"aporte_degradada",0.171536718041704
828,"transferencia_conservada",0.192514505893019
828,"transferencia_degradada",0.109231640979148
828,"receptora_conservada",0.134514505893019
828,"receptora_degradada",0.0792316409791478
829,"aporte_conservada",0.080674892189746
829,"aporte_degradada",0.0513835649257307
829,"transferencia_conservada",0.424082414949688
829,"transferencia_degradada",0.229008145663632
829,"receptora_conservada",0.135242692860565
829,"receptora_degradada",0.0796082894106373
830,"aporte_conservada",0.17188605108055
830,"aporte_degradada",0.313646365422397
830,"transferencia_conservada",0.109056974459725
830,"transferencia_degradada",0.192176817288802
830,"receptora_conservada",0.079056974459725
830,"receptora_degradada",0.134176817288802
831,"aporte_conservada",0.190358567543064
831,"aporte_degradada",0.108116500453309
831,"transferencia_conservada",0.314311876699909
831,"transferencia_degradada",0.172230281051677
831,"receptora_conservada",0.135329555757026
831,"receptora_degradada",0.0796532184950136
832,"aporte_conservada",0.363483227561197
832,"aporte_degradada",0.12102447869447
832,"transferencia_conservada",0.222258386219402
832,"transferencia_degradada",0.0794877606527652
832,"receptora_conservada",0.154258386219402
832,"receptora_degradada",0.0594877606527652
833,"aporte_conservada",0.363483227561197
833,"aporte_degradada",0.12102447869447
833,"transferencia_conservada",0.222258386219402
833,"transferencia_degradada",0.0794877606527652
833,"receptora_conservada",0.154258386219402
833,"receptora_degradada",0.0594877606527652
834,"aporte_conservada",0.10770137524558
834,"aporte_degradada",0.189555992141454
834,"transferencia_conservada",0.172711198428291
834,"transferencia_degradada",0.315241650294695
834,"receptora_conservada",0.0795874263261297
834,"receptora_degradada",0.135202357563851
835,"aporte_conservada",0.0535826296743064
835,"aporte_degradada",0.0849264173703257
835,"transferencia_conservada",0.0835826296743064
835,"transferencia_degradada",0.142926417370326
835,"receptora_conservada",0.222834740651387
835,"receptora_degradada",0.412147165259349
836,"aporte_conservada",0.177056837366348
836,"aporte_degradada",0.323643218908272
836,"transferencia_conservada",0.106471581316826
836,"transferencia_degradada",0.187178390545864
836,"receptora_conservada",0.0764715813168261
836,"receptora_degradada",0.129178390545864
837,"aporte_conservada",0.312970988213962
837,"aporte_degradada",0.171536718041704
837,"transferencia_conservada",0.192514505893019
837,"transferencia_degradada",0.109231640979148
837,"receptora_conservada",0.134514505893019
837,"receptora_degradada",0.0792316409791478
838,"aporte_conservada",0.0850663449939686
838,"aporte_degradada",0.0536550060313631
838,"transferencia_conservada",0.143066344993969
838,"transferencia_degradada",0.0836550060313631
838,"receptora_conservada",0.411867310012063
838,"receptora_degradada",0.222689987937274
839,"aporte_conservada",0.174593710691824
839,"aporte_degradada",0.0999622641509434
839,"transferencia_conservada",0.334075471698113
839,"transferencia_degradada",0.182452830188679
839,"receptora_conservada",0.131330817610063
839,"receptora_degradada",0.0775849056603774
840,"aporte_conservada",0.324737106918239
840,"aporte_degradada",0.177622641509434
840,"transferencia_conservada",0.186631446540881
840,"transferencia_degradada",0.106188679245283
840,"receptora_conservada",0.128631446540881
840,"receptora_degradada",0.076188679245283
841,"aporte_conservada",0.0859711254187436
841,"aporte_degradada",0.0541229959062467
841,"transferencia_conservada",0.4241182991144
841,"transferencia_degradada",0.229026706438483
841,"receptora_conservada",0.129910575466856
841,"receptora_degradada",0.0768502976552706
842,"aporte_conservada",0.386345874035717
842,"aporte_degradada",0.209489245190888
842,"transferencia_conservada",0.155827062982141
842,"transferencia_degradada",0.0902553774045559
842,"receptora_conservada",0.0978270629821414
842,"receptora_degradada",0.0602553774045559
843,"aporte_conservada",0.10770137524558
843,"aporte_degradada",0.189555992141454
843,"transferencia_conservada",0.172711198428291
843,"transferencia_degradada",0.315241650294695
843,"receptora_conservada",0.0795874263261297
843,"receptora_degradada",0.135202357563851
844,"aporte_conservada",0.208711405822026
844,"aporte_degradada",0.384842051255916
844,"transferencia_conservada",0.0906442970889871
844,"transferencia_degradada",0.156578974372042
844,"receptora_conservada",0.0606442970889871
844,"receptora_degradada",0.0985789743720418
845,"aporte_conservada",0.312970988213962
845,"aporte_degradada",0.171536718041704
845,"transferencia_conservada",0.192514505893019
845,"transferencia_degradada",0.109231640979148
845,"receptora_conservada",0.134514505893019
845,"receptora_degradada",0.0792316409791478
846,"aporte_conservada",0.167427128427128
846,"aporte_degradada",0.0962554112554113
846,"transferencia_conservada",0.338623376623377
846,"transferencia_degradada",0.184805194805195
846,"receptora_conservada",0.133949494949495
846,"receptora_degradada",0.0789393939393939
847,"aporte_conservada",0.199687386028829
847,"aporte_degradada",0.36739561298907
847,"transferencia_conservada",0.0951563069855854
847,"transferencia_degradada",0.165302193505465
847,"receptora_conservada",0.0651563069855854
847,"receptora_degradada",0.107302193505465
848,"aporte_conservada",0.17188605108055
848,"aporte_degradada",0.313646365422397
848,"transferencia_conservada",0.109056974459725
848,"transferencia_degradada",0.192176817288802
848,"receptora_conservada",0.079056974459725
848,"receptora_degradada",0.134176817288802
849,"aporte_conservada",0.17188605108055
849,"aporte_degradada",0.313646365422397
849,"transferencia_conservada",0.109056974459725
849,"transferencia_degradada",0.192176817288802
849,"receptora_conservada",0.079056974459725
849,"receptora_degradada",0.134176817288802
850,"aporte_conservada",0.0509927412467976
850,"aporte_degradada",0.0799192997438087
850,"transferencia_conservada",0.22930828351836
850,"transferencia_degradada",0.42466268146883
850,"receptora_conservada",0.079698975234842
850,"receptora_degradada",0.135418018787361
851,"aporte_conservada",0.388750360750361
851,"aporte_degradada",0.128455988455988
851,"transferencia_conservada",0.20962481962482
851,"transferencia_degradada",0.0757720057720058
851,"receptora_conservada",0.14162481962482
851,"receptora_degradada",0.0557720057720058
852,"aporte_conservada",0.363483227561197
852,"aporte_degradada",0.12102447869447
852,"transferencia_conservada",0.222258386219402
852,"transferencia_degradada",0.0794877606527652
852,"receptora_conservada",0.154258386219402
852,"receptora_degradada",0.0594877606527652
853,"aporte_conservada",0.079485494106981
853,"aporte_degradada",0.0507683590208522
853,"transferencia_conservada",0.137485494106981
853,"transferencia_degradada",0.0807683590208522
853,"receptora_conservada",0.423029011786038
853,"receptora_degradada",0.228463281958296
854,"aporte_conservada",0.324737106918239
854,"aporte_degradada",0.177622641509434
854,"transferencia_conservada",0.186631446540881
854,"transferencia_degradada",0.106188679245283
854,"receptora_conservada",0.128631446540881
854,"receptora_degradada",0.076188679245283
855,"aporte_conservada",0.363483227561197
855,"aporte_degradada",0.12102447869447
855,"transferencia_conservada",0.222258386219402
855,"transferencia_degradada",0.0794877606527652
855,"receptora_conservada",0.154258386219402
855,"receptora_degradada",0.0594877606527652
856,"aporte_conservada",0.0897416137805984
856,"aporte_degradada",0.0405122393472348
856,"transferencia_conservada",0.157741613780598
856,"transferencia_degradada",0.0605122393472348
856,"receptora_conservada",0.492516772438803
856,"receptora_degradada",0.15897552130553
857,"aporte_conservada",0.0897416137805984
857,"aporte_degradada",0.0405122393472348
857,"transferencia_conservada",0.157741613780598
857,"transferencia_degradada",0.0605122393472348
857,"receptora_conservada",0.492516772438803
857,"receptora_degradada",0.15897552130553
858,"aporte_conservada",0.324737106918239
858,"aporte_degradada",0.177622641509434
858,"transferencia_conservada",0.186631446540881
858,"transferencia_degradada",0.106188679245283
858,"receptora_conservada",0.128631446540881
858,"receptora_degradada",0.076188679245283
859,"aporte_conservada",0.312970988213962
859,"aporte_degradada",0.171536718041704
859,"transferencia_conservada",0.192514505893019
859,"transferencia_degradada",0.109231640979148
859,"receptora_conservada",0.134514505893019
859,"receptora_degradada",0.0792316409791478
860,"aporte_conservada",0.190358567543064
860,"aporte_degradada",0.108116500453309
860,"transferencia_conservada",0.314311876699909
860,"transferencia_degradada",0.172230281051677
860,"receptora_conservada",0.135329555757026
860,"receptora_degradada",0.0796532184950136
861,"aporte_conservada",0.106017424975799
861,"aporte_degradada",0.0644917715392062
861,"transferencia_conservada",0.422743465634076
861,"transferencia_degradada",0.228315585672798
861,"receptora_conservada",0.111239109390126
861,"receptora_degradada",0.0671926427879961
862,"aporte_conservada",0.0535284186831739
862,"aporte_degradada",0.0848216094541362
862,"transferencia_conservada",0.0835284186831739
862,"transferencia_degradada",0.142821609454136
862,"receptora_conservada",0.222943162633652
862,"receptora_degradada",0.412356781091728
863,"aporte_conservada",0.17188605108055
863,"aporte_degradada",0.313646365422397
863,"transferencia_conservada",0.109056974459725
863,"transferencia_degradada",0.192176817288802
863,"receptora_conservada",0.079056974459725
863,"receptora_degradada",0.134176817288802
864,"aporte_conservada",0.101086100168824
864,"aporte_degradada",0.176766460326393
864,"transferencia_conservada",0.180770962296005
864,"transferencia_degradada",0.330823860438942
864,"receptora_conservada",0.0781429375351716
864,"receptora_degradada",0.132409679234665
865,"aporte_conservada",0.312970988213962
865,"aporte_degradada",0.171536718041704
865,"transferencia_conservada",0.192514505893019
865,"transferencia_degradada",0.109231640979148
865,"receptora_conservada",0.134514505893019
865,"receptora_degradada",0.0792316409791478
866,"aporte_conservada",0.177056837366348
866,"aporte_degradada",0.323643218908272
866,"transferencia_conservada",0.106471581316826
866,"transferencia_degradada",0.187178390545864
866,"receptora_conservada",0.0764715813168261
866,"receptora_degradada",0.129178390545864
867,"aporte_conservada",0.17188605108055
867,"aporte_degradada",0.313646365422397
867,"transferencia_conservada",0.109056974459725
867,"transferencia_degradada",0.192176817288802
867,"receptora_conservada",0.079056974459725
867,"receptora_degradada",0.134176817288802
868,"aporte_conservada",0.177056837366348
868,"aporte_degradada",0.323643218908272
868,"transferencia_conservada",0.106471581316826
868,"transferencia_degradada",0.187178390545864
868,"receptora_conservada",0.0764715813168261
868,"receptora_degradada",0.129178390545864
869,"aporte_conservada",0.17188605108055
869,"aporte_degradada",0.313646365422397
869,"transferencia_conservada",0.109056974459725
869,"transferencia_degradada",0.192176817288802
869,"receptora_conservada",0.079056974459725
869,"receptora_degradada",0.134176817288802
870,"aporte_conservada",0.106017424975799
870,"aporte_degradada",0.0644917715392062
870,"transferencia_conservada",0.422743465634076
870,"transferencia_degradada",0.228315585672798
870,"receptora_conservada",0.111239109390126
870,"receptora_degradada",0.0671926427879961
871,"aporte_conservada",0.342853756013248
871,"aporte_degradada",0.186993322075818
871,"transferencia_conservada",0.177573121993376
871,"transferencia_degradada",0.101503338962091
871,"receptora_conservada",0.119573121993376
871,"receptora_degradada",0.0715033389620912
872,"aporte_conservada",0.190358567543064
872,"aporte_degradada",0.108116500453309
872,"transferencia_conservada",0.314311876699909
872,"transferencia_degradada",0.172230281051677
872,"receptora_conservada",0.135329555757026
872,"receptora_degradada",0.0796532184950136
873,"aporte_conservada",0.190358567543064
873,"aporte_degradada",0.108116500453309
873,"transferencia_conservada",0.314311876699909
873,"transferencia_degradada",0.172230281051677
873,"receptora_conservada",0.135329555757026
873,"receptora_degradada",0.0796532184950136
874,"aporte_conservada",0.312970988213962
874,"aporte_degradada",0.171536718041704
874,"transferencia_conservada",0.192514505893019
874,"transferencia_degradada",0.109231640979148
874,"receptora_conservada",0.134514505893019
874,"receptora_degradada",0.0792316409791478
875,"aporte_conservada",0.17188605108055
875,"aporte_degradada",0.313646365422397
875,"transferencia_conservada",0.109056974459725
875,"transferencia_degradada",0.192176817288802
875,"receptora_conservada",0.079056974459725
875,"receptora_degradada",0.134176817288802
876,"aporte_conservada",0.0643243243243243
876,"aporte_degradada",0.105693693693694
876,"transferencia_conservada",0.228378378378378
876,"transferencia_degradada",0.422864864864865
876,"receptora_conservada",0.0672972972972973
876,"receptora_degradada",0.111441441441441
877,"aporte_conservada",0.419122228229986
877,"aporte_degradada",0.226442531843096
877,"transferencia_conservada",0.139438885885007
877,"transferencia_degradada",0.0817787340784519
877,"receptora_conservada",0.0814388858850069
877,"receptora_degradada",0.0517787340784518
878,"aporte_conservada",0.423211927474325
878,"aporte_degradada",0.228557893521202
878,"transferencia_conservada",0.137394036262838
878,"transferencia_degradada",0.0807210532393988
878,"receptora_conservada",0.0793940362628377
878,"receptora_degradada",0.0507210532393988
879,"aporte_conservada",0.177056837366348
879,"aporte_degradada",0.323643218908272
879,"transferencia_conservada",0.106471581316826
879,"transferencia_degradada",0.187178390545864
879,"receptora_conservada",0.0764715813168261
879,"receptora_degradada",0.129178390545864
880,"aporte_conservada",0.0536136363636364
880,"aporte_degradada",0.0849863636363636
880,"transferencia_conservada",0.0836136363636364
880,"transferencia_degradada",0.142986363636364
880,"receptora_conservada",0.222772727272727
880,"receptora_degradada",0.412027272727273
881,"aporte_conservada",0.17188605108055
881,"aporte_degradada",0.313646365422397
881,"transferencia_conservada",0.109056974459725
881,"transferencia_degradada",0.192176817288802
881,"receptora_conservada",0.079056974459725
881,"receptora_degradada",0.134176817288802
882,"aporte_conservada",0.0939608942609085
882,"aporte_degradada",0.0582556349625389
882,"transferencia_conservada",0.151960894260909
882,"transferencia_degradada",0.0882556349625389
882,"receptora_conservada",0.394078211478183
882,"receptora_degradada",0.213488730074922
883,"aporte_conservada",0.312970988213962
883,"aporte_degradada",0.171536718041704
883,"transferencia_conservada",0.192514505893019
883,"transferencia_degradada",0.109231640979148
883,"receptora_conservada",0.134514505893019
883,"receptora_degradada",0.0792316409791478
884,"aporte_conservada",0.0535284186831739
884,"aporte_degradada",0.0848216094541362
884,"transferencia_conservada",0.0835284186831739
884,"transferencia_degradada",0.142821609454136
884,"receptora_conservada",0.222943162633652
884,"receptora_degradada",0.412356781091728
885,"aporte_conservada",0.17188605108055
885,"aporte_degradada",0.313646365422397
885,"transferencia_conservada",0.109056974459725
885,"transferencia_degradada",0.192176817288802
885,"receptora_conservada",0.079056974459725
885,"receptora_degradada",0.134176817288802
886,"aporte_conservada",0.0853685534591195
886,"aporte_degradada",0.053811320754717
886,"transferencia_conservada",0.14336855345912
886,"transferencia_degradada",0.083811320754717
886,"receptora_conservada",0.411262893081761
886,"receptora_degradada",0.222377358490566
887,"aporte_conservada",0.0853685534591195
887,"aporte_degradada",0.053811320754717
887,"transferencia_conservada",0.14336855345912
887,"transferencia_degradada",0.083811320754717
887,"receptora_conservada",0.411262893081761
887,"receptora_degradada",0.222377358490566
888,"aporte_conservada",0.109471872506326
888,"aporte_degradada",0.0662785547446515
888,"transferencia_conservada",0.167471872506326
888,"transferencia_degradada",0.0962785547446515
888,"receptora_conservada",0.363056254987347
888,"receptora_degradada",0.197442890510697
889,"aporte_conservada",0.10770137524558
889,"aporte_degradada",0.189555992141454
889,"transferencia_conservada",0.172711198428291
889,"transferencia_degradada",0.315241650294695
889,"receptora_conservada",0.0795874263261297
889,"receptora_degradada",0.135202357563851
890,"aporte_conservada",0.367479221373784
890,"aporte_degradada",0.199730631745061
890,"transferencia_conservada",0.165260389313108
890,"transferencia_degradada",0.0951346841274696
890,"receptora_conservada",0.107260389313108
890,"receptora_degradada",0.0651346841274696
891,"aporte_conservada",0.373221684414327
891,"aporte_degradada",0.20270087124879
891,"transferencia_conservada",0.162389157792836
891,"transferencia_degradada",0.093649564375605
891,"receptora_conservada",0.104389157792836
891,"receptora_degradada",0.063649564375605
892,"aporte_conservada",0.169679768297254
892,"aporte_degradada",0.0974205698089245
892,"transferencia_conservada",0.340715529430232
892,"transferencia_degradada",0.185887342808741
892,"receptora_conservada",0.129604702272514
892,"receptora_degradada",0.0766920873823346
893,"aporte_conservada",0.10770137524558
893,"aporte_degradada",0.189555992141454
893,"transferencia_conservada",0.172711198428291
893,"transferencia_degradada",0.315241650294695
893,"receptora_conservada",0.0795874263261297
893,"receptora_degradada",0.135202357563851
894,"aporte_conservada",0.10770137524558
894,"aporte_degradada",0.189555992141454
894,"transferencia_conservada",0.172711198428291
894,"transferencia_degradada",0.315241650294695
894,"receptora_conservada",0.0795874263261297
894,"receptora_degradada",0.135202357563851
895,"aporte_conservada",0.10770137524558
895,"aporte_degradada",0.189555992141454
895,"transferencia_conservada",0.172711198428291
895,"transferencia_degradada",0.315241650294695
895,"receptora_conservada",0.0795874263261297
895,"receptora_degradada",0.135202357563851
896,"aporte_conservada",0.0590711798455724
896,"aporte_degradada",0.0955376143681066
896,"transferencia_conservada",0.228744795931602
896,"transferencia_degradada",0.42357327213443
896,"receptora_conservada",0.072184024222826
896,"receptora_degradada",0.120889113497464
897,"aporte_conservada",0.363904951465866
897,"aporte_degradada",0.12114851513702
897,"transferencia_conservada",0.222047524267067
897,"transferencia_degradada",0.0794257424314902
897,"receptora_conservada",0.154047524267067
897,"receptora_degradada",0.0594257424314902
898,"aporte_conservada",0.362932536293766
898,"aporte_degradada",0.120862510674637
898,"transferencia_conservada",0.222533731853117
898,"transferencia_degradada",0.0795687446626815
898,"receptora_conservada",0.154533731853117
898,"receptora_degradada",0.0595687446626815
899,"aporte_conservada",0.0507058047493404
899,"aporte_degradada",0.0793645558487247
899,"transferencia_conservada",0.0807058047493404
899,"transferencia_degradada",0.137364555848725
899,"receptora_conservada",0.228588390501319
899,"receptora_degradada",0.423270888302551
