"id","UREH_predicha","prob_UREH_predicha","UREH_segunda","prob_UREH_segunda","margen_clasificacion","entropia_UREH"
1,"aporte_conservada",0.391113578845694,"transferencia_conservada",0.208443210577153,0.182670368268541,0.887014373852601
2,"transferencia_conservada",0.409023563627144,"transferencia_degradada",0.22121908463473,0.187804478992414,0.875250667248321
3,"aporte_conservada",0.363873197915033,"aporte_degradada",0.197865447197431,0.166007750717602,0.911732968665579
4,"transferencia_conservada",0.314311876699909,"aporte_conservada",0.190358567543064,0.123953309156845,0.946105609084125
5,"aporte_conservada",0.336431689003934,"aporte_degradada",0.183671563277897,0.152760125726037,0.932126200645696
6,"aporte_conservada",0.312970988213962,"transferencia_conservada",0.192514505893019,0.120456482320943,0.946419676621854
7,"aporte_conservada",0.377277987421384,"transferencia_conservada",0.215361006289308,0.161916981132075,0.894602776782792
8,"aporte_conservada",0.368063697371787,"aporte_degradada",0.200032946916442,0.168030750455345,0.908266126298862
9,"aporte_conservada",0.324737106918239,"transferencia_conservada",0.186631446540881,0.138105660377358,0.939611265505845
10,"aporte_conservada",0.312970988213962,"transferencia_conservada",0.192514505893019,0.120456482320943,0.946419676621854
11,"aporte_conservada",0.341188002039073,"aporte_degradada",0.186131725192624,0.155056276846449,0.928876635225926
12,"aporte_conservada",0.363483227561197,"transferencia_conservada",0.222258386219402,0.141224841341795,0.901439480212449
13,"aporte_conservada",0.324737106918239,"transferencia_conservada",0.186631446540881,0.138105660377358,0.939611265505845
14,"aporte_conservada",0.324737106918239,"transferencia_conservada",0.186631446540881,0.138105660377358,0.939611265505845
15,"transferencia_conservada",0.338623376623377,"transferencia_degradada",0.184805194805195,0.153818181818182,0.933700321711608
16,"aporte_conservada",0.34294123283667,"aporte_degradada",0.187038568708623,0.155902664128048,0.927648785140559
17,"aporte_conservada",0.388750360750361,"transferencia_conservada",0.20962481962482,0.179125541125541,0.888362504869524
18,"aporte_conservada",0.334522366522366,"aporte_degradada",0.182683982683983,0.151838383838384,0.93339723503075
19,"transferencia_conservada",0.338623376623377,"transferencia_degradada",0.184805194805195,0.153818181818182,0.933700321711608
20,"aporte_conservada",0.388750360750361,"transferencia_conservada",0.20962481962482,0.179125541125541,0.888362504869524
21,"transferencia_conservada",0.365055303717135,"aporte_conservada",0.219730734360834,0.145324569356301,0.901125245081153
22,"transferencia_conservada",0.365055303717135,"aporte_conservada",0.219730734360834,0.145324569356301,0.901125245081153
23,"aporte_conservada",0.324737106918239,"transferencia_conservada",0.186631446540881,0.138105660377358,0.939611265505845
24,"aporte_conservada",0.377277987421384,"transferencia_conservada",0.215361006289308,0.161916981132075,0.894602776782792
25,"receptora_conservada",0.423029011786038,"receptora_degradada",0.228463281958296,0.194565729827743,0.853827266990514
26,"receptora_conservada",0.493067463706234,"receptora_degradada",0.159137489325363,0.333929974380871,0.807856932855058
27,"aporte_conservada",0.324737106918239,"transferencia_conservada",0.186631446540881,0.138105660377358,0.939611265505845
28,"receptora_conservada",0.423498719043553,"receptora_degradada",0.228706233988044,0.194792485055508,0.853287686945143
29,"aporte_conservada",0.388750360750361,"transferencia_conservada",0.20962481962482,0.179125541125541,0.888362504869524
30,"transferencia_conservada",0.393205849947811,"transferencia_degradada",0.213037508593695,0.180168341354116,0.890661939446587
31,"receptora_conservada",0.411262893081761,"receptora_degradada",0.222377358490566,0.188885534591195,0.866920046493034
32,"transferencia_conservada",0.413492106927597,"transferencia_degradada",0.223530400134964,0.189961706792633,0.870546265613048
33,"transferencia_conservada",0.314311876699909,"aporte_conservada",0.190358567543064,0.123953309156845,0.946105609084125
34,"receptora_degradada",0.422353634577603,"receptora_conservada",0.22811394891945,0.194239685658153,0.854600815359022
35,"receptora_degradada",0.422353634577603,"receptora_conservada",0.22811394891945,0.194239685658153,0.854600815359022
36,"receptora_degradada",0.422353634577603,"receptora_conservada",0.22811394891945,0.194239685658153,0.854600815359022
37,"aporte_conservada",0.312970988213962,"transferencia_conservada",0.192514505893019,0.120456482320943,0.946419676621854
38,"aporte_conservada",0.324737106918239,"transferencia_conservada",0.186631446540881,0.138105660377358,0.939611265505845
39,"receptora_degradada",0.422353634577603,"receptora_conservada",0.22811394891945,0.194239685658153,0.854600815359022
40,"transferencia_conservada",0.314311876699909,"aporte_conservada",0.190358567543064,0.123953309156845,0.946105609084125
41,"transferencia_degradada",0.315241650294695,"aporte_degradada",0.189555992141454,0.125685658153242,0.945682388037966
42,"transferencia_conservada",0.422629803186504,"transferencia_degradada",0.22825679475164,0.194373008434864,0.860538023241762
43,"receptora_conservada",0.320963110931935,"transferencia_conservada",0.188518444534033,0.132444666397902,0.941873940283134
44,"aporte_conservada",0.342205632291901,"aporte_degradada",0.186658085668225,0.155547546623676,0.928165923672456
45,"receptora_conservada",0.369302827406381,"receptora_degradada",0.20067387624468,0.168628951161701,0.907222901039387
46,"transferencia_degradada",0.330823860438942,"transferencia_conservada",0.180770962296005,0.150052898142938,0.937663333410568
47,"transferencia_conservada",0.354643842339276,"transferencia_degradada",0.193091642589281,0.161552199749995,0.922831558728245
48,"receptora_degradada",0.362252252252252,"receptora_conservada",0.197027027027027,0.165225225225225,0.913048741375168
49,"aporte_degradada",0.312970988213962,"transferencia_degradada",0.192514505893019,0.120456482320943,0.946419676621854
50,"transferencia_conservada",0.422743465634076,"transferencia_degradada",0.228315585672798,0.194427879961278,0.860401964033812
51,"aporte_conservada",0.359964059365218,"aporte_degradada",0.195843478982009,0.164120580383209,0.914882226656545
52,"receptora_conservada",0.397449159346547,"receptora_degradada",0.215232323799938,0.182216835546609,0.881272024387433
53,"aporte_degradada",0.36357736317463,"aporte_conservada",0.197712429228257,0.165864933946373,0.911974156296444
54,"transferencia_conservada",0.338623376623377,"transferencia_degradada",0.184805194805195,0.153818181818182,0.933700321711608
55,"transferencia_degradada",0.315241650294695,"aporte_degradada",0.189555992141454,0.125685658153242,0.945682388037966
56,"transferencia_conservada",0.338623376623377,"transferencia_degradada",0.184805194805195,0.153818181818182,0.933700321711608
57,"transferencia_degradada",0.315241650294695,"aporte_degradada",0.189555992141454,0.125685658153242,0.945682388037966
58,"aporte_conservada",0.312729111697449,"transferencia_conservada",0.192635444151275,0.120093667546174,0.946552043807644
59,"aporte_conservada",0.373221684414327,"aporte_degradada",0.20270087124879,0.170520813165537,0.90386909935513
60,"receptora_conservada",0.423029011786038,"receptora_degradada",0.228463281958296,0.194565729827743,0.853827266990514
61,"transferencia_degradada",0.422864864864865,"transferencia_conservada",0.228378378378378,0.194486486486486,0.860255559361577
62,"receptora_degradada",0.369127745553374,"receptora_conservada",0.200583316665538,0.168544428887836,0.907370804293576
63,"aporte_degradada",0.412756825103995,"aporte_conservada",0.223150081950342,0.189606743153653,0.865302438399405
64,"transferencia_degradada",0.315241650294695,"aporte_degradada",0.189555992141454,0.125685658153242,0.945682388037966
65,"receptora_conservada",0.392727033283797,"receptora_degradada",0.212789844801964,0.179937188481833,0.885930897479391
66,"aporte_degradada",0.313646365422397,"transferencia_degradada",0.192176817288802,0.121469548133595,0.946048456170975
67,"aporte_degradada",0.341664096640161,"aporte_conservada",0.186377981020773,0.155286115619388,0.928544810189832
68,"aporte_degradada",0.373747747747748,"aporte_conservada",0.202972972972973,0.170774774774775,0.903412568525205
69,"receptora_conservada",0.388563475222932,"receptora_degradada",0.210636280287724,0.177927194935209,0.889935621209399
70,"aporte_conservada",0.324737106918239,"transferencia_conservada",0.186631446540881,0.138105660377358,0.939611265505845
71,"aporte_degradada",0.313646365422397,"transferencia_degradada",0.192176817288802,0.121469548133595,0.946048456170975
72,"aporte_conservada",0.324737106918239,"transferencia_conservada",0.186631446540881,0.138105660377358,0.939611265505845
73,"aporte_degradada",0.373747747747748,"aporte_conservada",0.202972972972973,0.170774774774775,0.903412568525205
74,"receptora_conservada",0.411262893081761,"receptora_degradada",0.222377358490566,0.188885534591195,0.866920046493034
75,"receptora_conservada",0.401477633477633,"receptora_degradada",0.217316017316017,0.184161616161616,0.877198558299002
76,"aporte_degradada",0.368169868197351,"aporte_conservada",0.200087862860699,0.168082005336652,0.908177064696152
77,"receptora_conservada",0.411867310012063,"receptora_degradada",0.222689987937274,0.189177322074789,0.86626714745867
78,"transferencia_conservada",0.373288705109527,"transferencia_degradada",0.202735537125618,0.17055316798391,0.908498097566449
79,"receptora_conservada",0.492516772438803,"receptora_degradada",0.15897552130553,0.333541251133273,0.808399656748307
80,"receptora_degradada",0.412356781091728,"receptora_conservada",0.222943162633652,0.189413618458075,0.865736866367805
81,"transferencia_conservada",0.334075471698113,"transferencia_degradada",0.182452830188679,0.151622641509434,0.93569836589839
82,"receptora_conservada",0.423029011786038,"receptora_degradada",0.228463281958296,0.194565729827743,0.853827266990514
83,"aporte_conservada",0.334522366522366,"aporte_degradada",0.182683982683983,0.151838383838384,0.93339723503075
84,"aporte_degradada",0.312970988213962,"transferencia_degradada",0.192514505893019,0.120456482320943,0.946419676621854
85,"receptora_degradada",0.422353634577603,"receptora_conservada",0.22811394891945,0.194239685658153,0.854600815359022
86,"receptora_conservada",0.423029011786038,"receptora_degradada",0.228463281958296,0.194565729827743,0.853827266990514
87,"receptora_conservada",0.401477633477633,"receptora_degradada",0.217316017316017,0.184161616161616,0.877198558299002
88,"aporte_degradada",0.323643218908272,"transferencia_degradada",0.187178390545864,0.136464828362409,0.940274767874134
89,"receptora_degradada",0.412147165259349,"receptora_conservada",0.222834740651387,0.189312424607961,0.865964128793933
90,"aporte_conservada",0.377277987421384,"transferencia_conservada",0.215361006289308,0.161916981132075,0.894602776782792
91,"aporte_conservada",0.363483227561197,"transferencia_conservada",0.222258386219402,0.141224841341795,0.901439480212449
92,"receptora_conservada",0.411262893081761,"receptora_degradada",0.222377358490566,0.188885534591195,0.866920046493034
93,"aporte_degradada",0.352023524672751,"aporte_conservada",0.191736305865216,0.160287218807535,0.921028475206317
94,"receptora_conservada",0.493067463706234,"receptora_degradada",0.159137489325363,0.333929974380871,0.807856932855058
95,"receptora_conservada",0.483529524723956,"transferencia_conservada",0.162235237638022,0.321294287085934,0.817070616296865
96,"aporte_conservada",0.363483227561197,"transferencia_conservada",0.222258386219402,0.141224841341795,0.901439480212449
97,"receptora_conservada",0.467249639249639,"transferencia_conservada",0.17037518037518,0.296874458874459,0.831899857111303
98,"aporte_conservada",0.370337476139699,"aporte_degradada",0.201209039382603,0.169128436757096,0.906345491645356
99,"aporte_conservada",0.324132689987937,"transferencia_conservada",0.186933655006031,0.137199034981906,0.939978651145875
100,"receptora_conservada",0.479430639324487,"transferencia_conservada",0.164284680337756,0.315145958986731,0.820909852484833
101,"aporte_conservada",0.363483227561197,"transferencia_conservada",0.222258386219402,0.141224841341795,0.901439480212449
102,"receptora_degradada",0.423270888302551,"receptora_conservada",0.228588390501319,0.194682497801231,0.853549573152347
103,"transferencia_conservada",0.338623376623377,"transferencia_degradada",0.184805194805195,0.153818181818182,0.933700321711608
104,"aporte_conservada",0.312729111697449,"transferencia_conservada",0.192635444151275,0.120093667546174,0.946552043807644
105,"aporte_degradada",0.313646365422397,"transferencia_degradada",0.192176817288802,0.121469548133595,0.946048456170975
106,"receptora_conservada",0.411867310012063,"receptora_degradada",0.222689987937274,0.189177322074789,0.86626714745867
107,"aporte_conservada",0.312970988213962,"transferencia_conservada",0.192514505893019,0.120456482320943,0.946419676621854
108,"aporte_conservada",0.377277987421384,"transferencia_conservada",0.215361006289308,0.161916981132075,0.894602776782792
109,"aporte_conservada",0.312970988213962,"transferencia_conservada",0.192514505893019,0.120456482320943,0.946419676621854
110,"aporte_conservada",0.334522366522366,"aporte_degradada",0.182683982683983,0.151838383838384,0.93339723503075
111,"aporte_conservada",0.377277987421384,"transferencia_conservada",0.215361006289308,0.161916981132075,0.894602776782792
112,"aporte_conservada",0.388750360750361,"transferencia_conservada",0.20962481962482,0.179125541125541,0.888362504869524
113,"aporte_conservada",0.312970988213962,"transferencia_conservada",0.192514505893019,0.120456482320943,0.946419676621854
114,"aporte_conservada",0.334522366522366,"aporte_degradada",0.182683982683983,0.151838383838384,0.93339723503075
115,"aporte_conservada",0.373221684414327,"aporte_degradada",0.20270087124879,0.170520813165537,0.90386909935513
116,"receptora_conservada",0.467249639249639,"transferencia_conservada",0.17037518037518,0.296874458874459,0.831899857111303
117,"aporte_conservada",0.377277987421384,"transferencia_conservada",0.215361006289308,0.161916981132075,0.894602776782792
118,"receptora_degradada",0.423270888302551,"receptora_conservada",0.228588390501319,0.194682497801231,0.853549573152347
119,"aporte_conservada",0.334522366522366,"aporte_degradada",0.182683982683983,0.151838383838384,0.93339723503075
120,"aporte_conservada",0.361598870295199,"aporte_degradada",0.196689070842344,0.164909799452854,0.91357513735239
121,"aporte_conservada",0.388750360750361,"transferencia_conservada",0.20962481962482,0.179125541125541,0.888362504869524
122,"aporte_degradada",0.373747747747748,"aporte_conservada",0.202972972972973,0.170774774774775,0.903412568525205
123,"transferencia_conservada",0.364297181895816,"aporte_conservada",0.220385140905209,0.143912040990606,0.901417560443216
124,"aporte_conservada",0.424784790759762,"transferencia_conservada",0.191607604620119,0.233177186139643,0.865462709846066
125,"transferencia_conservada",0.386571679924901,"aporte_conservada",0.202789298981023,0.183782380943878,0.8914548949896
126,"transferencia_conservada",0.49175,"transferencia_degradada",0.15875,0.333,0.815503063447558
127,"aporte_conservada",0.373205205205205,"transferencia_conservada",0.217397397397397,0.155807807807808,0.896696937636489
128,"aporte_conservada",0.362932536293766,"transferencia_conservada",0.222533731853117,0.140398804440649,0.901697307016653
129,"aporte_conservada",0.406380996862996,"transferencia_conservada",0.200809501568502,0.205571495294494,0.877786825204498
130,"aporte_conservada",0.411957515860319,"transferencia_conservada",0.19802124206984,0.213936273790479,0.874191784683277
131,"transferencia_conservada",0.491982650824827,"transferencia_degradada",0.158818426713185,0.333164224111643,0.815304549673346
132,"aporte_conservada",0.362932536293766,"transferencia_conservada",0.222533731853117,0.140398804440649,0.901697307016653
133,"transferencia_conservada",0.49175,"transferencia_degradada",0.15875,0.333,0.815503063447558
134,"aporte_conservada",0.425626614584958,"transferencia_conservada",0.191186692707521,0.234439921877437,0.864867318667073
135,"transferencia_conservada",0.491834886817576,"transferencia_degradada",0.158774966711052,0.333059920106525,0.815417446941725
136,"aporte_conservada",0.355694758540331,"aporte_degradada",0.193635219934654,0.162059538605677,0.918228483352198
137,"transferencia_conservada",0.492781296842735,"transferencia_degradada",0.159053322600804,0.33372797424193,0.812610238010099
138,"aporte_conservada",0.439792193479131,"transferencia_conservada",0.184103903260434,0.255688290218696,0.854428725358065
139,"aporte_conservada",0.432617842876165,"transferencia_conservada",0.187691078561917,0.244926764314248,0.859814808821469
140,"aporte_conservada",0.372729147141518,"aporte_degradada",0.20244611059044,0.170283036551078,0.904295177587536
141,"aporte_conservada",0.357524178803794,"aporte_degradada",0.194581471795066,0.162942707008728,0.916806478261213
142,"transferencia_conservada",0.424193602693603,"transferencia_degradada",0.229065656565657,0.195127946127946,0.858826171187244
143,"transferencia_conservada",0.491834886817576,"transferencia_degradada",0.158774966711052,0.333059920106525,0.815417446941725
144,"aporte_conservada",0.411604857533581,"aporte_degradada",0.222554236655301,0.189050620878281,0.866550911385775
145,"transferencia_conservada",0.315071242480608,"aporte_conservada",0.18978570167634,0.125285540804269,0.945737470679011
146,"transferencia_degradada",0.314311876699909,"aporte_degradada",0.190358567543064,0.123953309156845,0.946105609084125
147,"transferencia_conservada",0.389909135455274,"transferencia_degradada",0.211332311442383,0.178576824012891,0.893695027736059
148,"aporte_conservada",0.423029011786038,"aporte_degradada",0.228463281958296,0.194565729827742,0.853827266990514
149,"aporte_conservada",0.364272186031197,"aporte_degradada",0.198071820360964,0.166200365670233,0.911406939819389
150,"aporte_conservada",0.423029011786038,"aporte_degradada",0.228463281958296,0.194565729827742,0.853827266990514
151,"transferencia_degradada",0.394550339197153,"transferencia_conservada",0.213732934067493,0.18081740512966,0.889403368706767
152,"aporte_conservada",0.459952122312504,"transferencia_conservada",0.174023938843748,0.285928183468756,0.838187599751876
153,"transferencia_conservada",0.314311876699909,"aporte_conservada",0.190358567543064,0.123953309156845,0.946105609084125
154,"transferencia_degradada",0.422743465634076,"transferencia_conservada",0.228315585672798,0.194427879961278,0.860401964033812
155,"transferencia_degradada",0.314311876699909,"aporte_degradada",0.190358567543064,0.123953309156845,0.946105609084125
156,"transferencia_conservada",0.424193602693603,"transferencia_degradada",0.229065656565657,0.195127946127946,0.858826171187244
157,"transferencia_conservada",0.422743465634076,"transferencia_degradada",0.228315585672798,0.194427879961278,0.860401964033812
158,"transferencia_conservada",0.39975526601449,"transferencia_degradada",0.216425137593702,0.183330128420788,0.884430582967658
159,"transferencia_conservada",0.418492156896987,"transferencia_degradada",0.226116632877752,0.192375524019235,0.865137859014505
160,"transferencia_degradada",0.424324575204607,"transferencia_conservada",0.2291334009679,0.195191174236707,0.854026314406894
161,"aporte_degradada",0.361230047154749,"aporte_conservada",0.196498300252457,0.164731746902293,0.913871271475845
162,"aporte_conservada",0.485257139273323,"transferencia_conservada",0.161371430363339,0.323885708909984,0.815430896339358
163,"aporte_degradada",0.401450238747114,"aporte_conservada",0.217301847627818,0.184148391119296,0.877226568326062
164,"transferencia_degradada",0.40002176704848,"transferencia_conservada",0.21656298295611,0.18345878409237,0.884169266400855
165,"transferencia_degradada",0.318928847745728,"aporte_degradada",0.186875522629755,0.132053325115972,0.943818668882156
166,"aporte_conservada",0.421496104477779,"transferencia_conservada",0.19325194776111,0.228244156716669,0.867762015380515
167,"transferencia_conservada",0.422375,"transferencia_degradada",0.228125,0.19425,0.860839475059823
168,"aporte_conservada",0.312970988213962,"transferencia_conservada",0.192514505893019,0.120456482320943,0.946419676621854
169,"aporte_degradada",0.32761077552342,"transferencia_degradada",0.18519461223829,0.142416163285131,0.937838393599537
170,"receptora_degradada",0.312729111697449,"transferencia_degradada",0.192635444151275,0.120093667546174,0.946552043807644
171,"transferencia_conservada",0.313665243381725,"aporte_conservada",0.190916737830914,0.122748505550811,0.94639690599231
172,"aporte_degradada",0.313646365422397,"transferencia_degradada",0.192176817288802,0.121469548133595,0.946048456170975
173,"transferencia_degradada",0.318263490049216,"aporte_degradada",0.187377468757935,0.130886021291282,0.944155426993415
174,"transferencia_degradada",0.330888273620749,"transferencia_conservada",0.180804279459008,0.150083994161741,0.937351979041321
175,"transferencia_conservada",0.424291245791246,"transferencia_degradada",0.229116161616162,0.195175084175084,0.858716238328341
176,"transferencia_degradada",0.424054592381067,"transferencia_conservada",0.228993754679862,0.195060837701205,0.855655491685207
177,"receptora_conservada",0.352747134749309,"receptora_degradada",0.192110586939298,0.160636547810011,0.920482248721259
178,"transferencia_degradada",0.422961479198767,"transferencia_conservada",0.228428351309707,0.19453312788906,0.860138243279736
179,"aporte_degradada",0.321647158820593,"transferencia_degradada",0.188176420589704,0.133470738230889,0.941469352261526
180,"transferencia_conservada",0.31397889182058,"aporte_conservada",0.190645998240985,0.123332893579595,0.94625592447414
181,"receptora_degradada",0.423270888302551,"receptora_conservada",0.228588390501319,0.194682497801231,0.853549573152347
182,"transferencia_degradada",0.424369900271985,"transferencia_conservada",0.229156844968268,0.195213055303717,0.852923305832386
183,"aporte_conservada",0.317191754639391,"transferencia_conservada",0.190404122680304,0.126787631959087,0.944060616457703
184,"transferencia_conservada",0.424291245791246,"transferencia_degradada",0.229116161616162,0.195175084175084,0.858716238328341
185,"aporte_conservada",0.368050259965338,"aporte_degradada",0.200025996533795,0.168024263431542,0.90827739396938
186,"transferencia_conservada",0.314311876699909,"aporte_conservada",0.190358567543064,0.123953309156845,0.946105609084125
187,"transferencia_degradada",0.424369900271985,"transferencia_conservada",0.229156844968268,0.195213055303717,0.852923305832386
188,"aporte_degradada",0.3643463052148,"aporte_conservada",0.198110157869724,0.166236147345076,0.91134628018125
189,"aporte_conservada",0.398438720214316,"aporte_degradada",0.215744165628094,0.182694554586221,0.880279882465125
190,"transferencia_degradada",0.323321312611394,"aporte_degradada",0.183596965467175,0.139724347144219,0.941525508545822
191,"aporte_conservada",0.368050259965338,"aporte_degradada",0.200025996533795,0.168024263431542,0.90827739396938
192,"transferencia_degradada",0.424369900271985,"transferencia_conservada",0.229156844968268,0.195213055303717,0.852923305832386
193,"receptora_degradada",0.331960147109449,"transferencia_degradada",0.183019926445276,0.148940220664173,0.935072841457887
194,"aporte_conservada",0.376483439070628,"aporte_degradada",0.204387985726187,0.172095453344441,0.901014279367023
195,"aporte_conservada",0.373221684414327,"aporte_degradada",0.20270087124879,0.170520813165537,0.90386909935513
196,"aporte_degradada",0.368165399239544,"aporte_conservada",0.200085551330798,0.168079847908745,0.908180814712863
197,"transferencia_degradada",0.424369900271985,"transferencia_conservada",0.229156844968268,0.195213055303717,0.852923305832386
198,"aporte_conservada",0.42327088830255,"aporte_degradada",0.228588390501319,0.194682497801231,0.853549573152347
199,"transferencia_conservada",0.424520668425682,"transferencia_degradada",0.229234828496042,0.195285839929639,0.852698679496852
200,"transferencia_conservada",0.424291245791246,"transferencia_degradada",0.229116161616162,0.195175084175084,0.858716238328341
201,"transferencia_conservada",0.393285074999784,"transferencia_degradada",0.213078487068854,0.18020658793093,0.890590520761366
202,"transferencia_degradada",0.424733623926405,"transferencia_conservada",0.229344977892968,0.195388646033437,0.85254547365393
203,"transferencia_conservada",0.401576140099681,"transferencia_degradada",0.217366969017077,0.184209171082605,0.882649192360744
204,"transferencia_conservada",0.424143546898306,"transferencia_degradada",0.229039765637055,0.195103781261251,0.855143916723042
205,"aporte_conservada",0.368048821548822,"aporte_degradada",0.200025252525252,0.168023569023569,0.908278600067441
206,"aporte_conservada",0.392696252875077,"aporte_degradada",0.212773923900902,0.179922328974175,0.885960857072728
207,"aporte_conservada",0.43412197483059,"transferencia_conservada",0.186939012584705,0.247182962245886,0.858702533740505
208,"aporte_conservada",0.387228776958888,"aporte_degradada",0.209945919116666,0.177282857842222,0.891199075212382
209,"aporte_conservada",0.373221684414327,"aporte_degradada",0.20270087124879,0.170520813165537,0.90386909935513
210,"transferencia_conservada",0.422743465634076,"transferencia_degradada",0.228315585672798,0.194427879961278,0.860401964033812
211,"transferencia_conservada",0.422743465634076,"transferencia_degradada",0.228315585672798,0.194427879961278,0.860401964033812
212,"transferencia_degradada",0.424153597137262,"transferencia_conservada",0.229044964036515,0.195108633100747,0.854403734867909
213,"transferencia_degradada",0.422961479198767,"transferencia_conservada",0.228428351309707,0.19453312788906,0.860138243279736
214,"aporte_conservada",0.354613464053948,"aporte_degradada",0.193075929683077,0.161537534370872,0.919060603896303
215,"receptora_degradada",0.312338905139992,"transferencia_degradada",0.192830547430004,0.119508357709987,0.946764939956144
216,"transferencia_conservada",0.313665243381725,"aporte_conservada",0.190916737830914,0.122748505550811,0.94639690599231
217,"transferencia_conservada",0.424291245791246,"transferencia_degradada",0.229116161616162,0.195175084175084,0.858716238328341
218,"transferencia_degradada",0.324118491611545,"aporte_degradada",0.182995478869164,0.141123012742381,0.941099747233236
219,"transferencia_conservada",0.385751287566892,"transferencia_degradada",0.209181700465634,0.176569587101258,0.897447396172018
220,"transferencia_degradada",0.39870808853371,"transferencia_conservada",0.21588349406916,0.18282459446455,0.885461434701356
221,"aporte_degradada",0.377621079922325,"aporte_conservada",0.204976420649479,0.172644659272847,0.900004980558678
222,"transferencia_conservada",0.397084945169737,"transferencia_degradada",0.21504393715676,0.182041008012976,0.887001193426067
223,"aporte_degradada",0.313646365422397,"transferencia_degradada",0.192176817288802,0.121469548133595,0.946048456170975
224,"aporte_conservada",0.421810423030712,"aporte_degradada",0.227832977429678,0.193977445601033,0.855221023795598
225,"aporte_degradada",0.374166409861325,"aporte_conservada",0.203189522342065,0.17097688751926,0.903048172031271
226,"transferencia_conservada",0.424082414949688,"transferencia_degradada",0.229008145663632,0.195074269286056,0.853350412594473
227,"transferencia_conservada",0.372401761024962,"transferencia_degradada",0.202276772943946,0.170124988081016,0.90876126222358
228,"aporte_conservada",0.491976042165788,"aporte_degradada",0.158816482989938,0.33315955917585,0.808931273188405
229,"transferencia_conservada",0.422743465634076,"transferencia_degradada",0.228315585672798,0.194427879961278,0.860401964033812
230,"transferencia_conservada",0.422743465634076,"transferencia_degradada",0.228315585672798,0.194427879961278,0.860401964033812
231,"receptora_conservada",0.312729111697449,"transferencia_conservada",0.192635444151275,0.120093667546174,0.946552043807644
232,"transferencia_conservada",0.424520668425682,"transferencia_degradada",0.229234828496042,0.195285839929639,0.852698679496852
233,"transferencia_degradada",0.319700272148792,"aporte_degradada",0.186194461482971,0.133505810665821,0.943451790891822
234,"transferencia_conservada",0.421493176952127,"transferencia_degradada",0.22766888463041,0.193824292321716,0.861842261886613
235,"receptora_conservada",0.387352815460756,"receptora_degradada",0.21001007696246,0.177342738498296,0.891082072465711
236,"aporte_conservada",0.422567800670819,"aporte_degradada",0.228224724484907,0.194343076185913,0.854355811718715
237,"receptora_conservada",0.423498719043553,"receptora_degradada",0.228706233988044,0.194792485055508,0.853287686945143
238,"transferencia_degradada",0.315241650294695,"aporte_degradada",0.189555992141454,0.125685658153242,0.945682388037966
239,"receptora_conservada",0.362778315585673,"receptora_degradada",0.19729912875121,0.165479186834463,0.912623260399107
240,"receptora_conservada",0.386674365891958,"receptora_degradada",0.209659154771703,0.177015211120256,0.891721000924335
241,"aporte_degradada",0.313646365422397,"transferencia_degradada",0.192176817288802,0.121469548133595,0.946048456170975
242,"aporte_conservada",0.414339877984884,"aporte_degradada",0.223968902405975,0.19037097557891,0.863574217623577
243,"aporte_degradada",0.312729111697449,"transferencia_degradada",0.192635444151275,0.120093667546174,0.946552043807644
244,"receptora_degradada",0.369175901613099,"receptora_conservada",0.200608224972293,0.168567676640806,0.907330140140023
245,"aporte_conservada",0.422567800670819,"aporte_degradada",0.228224724484907,0.194343076185913,0.854355811718715
246,"aporte_degradada",0.367577331018276,"aporte_conservada",0.199781378112901,0.167795952905375,0.908673340474157
247,"aporte_conservada",0.367726327528693,"aporte_degradada",0.199858445273462,0.167867882255231,0.908548727124449
248,"receptora_degradada",0.385782355383778,"receptora_conservada",0.209197770026092,0.176584585357686,0.892557187529027
249,"receptora_degradada",0.391737352458349,"receptora_conservada",0.212277940926732,0.179459411531617,0.886891545432477
250,"aporte_conservada",0.371938748335553,"aporte_degradada",0.202037283621838,0.169901464713715,0.904976183840472
251,"transferencia_conservada",0.422684788083106,"transferencia_degradada",0.228285235215399,0.194399552867706,0.860281999518938
252,"receptora_degradada",0.422567800670819,"receptora_conservada",0.228224724484906,0.194343076185913,0.854355811718715
253,"transferencia_conservada",0.423527723872023,"transferencia_degradada",0.228721236485529,0.194806487386494,0.856965008712213
254,"transferencia_conservada",0.313665243381725,"aporte_conservada",0.190916737830914,0.122748505550811,0.94639690599231
255,"receptora_degradada",0.382336511535424,"receptora_conservada",0.207415437001081,0.174921074534342,0.89574627508794
256,"transferencia_conservada",0.424198293036464,"transferencia_degradada",0.229068082605068,0.195130210431396,0.854816791709467
257,"transferencia_degradada",0.41925127478823,"transferencia_conservada",0.226509280062878,0.192741994725353,0.864313310836181
258,"aporte_conservada",0.422567800670819,"aporte_degradada",0.228224724484907,0.194343076185913,0.854355811718715
259,"transferencia_conservada",0.313665243381725,"aporte_conservada",0.190916737830914,0.122748505550811,0.94639690599231
260,"transferencia_conservada",0.422447403462051,"transferencia_degradada",0.228162450066578,0.194284953395473,0.860754316213223
261,"aporte_conservada",0.373221684414327,"aporte_degradada",0.20270087124879,0.170520813165537,0.90386909935513
262,"transferencia_conservada",0.372993979861504,"transferencia_degradada",0.202583093031813,0.170410886829692,0.908280896299417
263,"transferencia_conservada",0.378367843013654,"transferencia_degradada",0.205362677420856,0.173005165592798,0.903833727980499
264,"aporte_conservada",0.361931944423278,"aporte_degradada",0.196861350563765,0.165070593859514,0.913307081973808
265,"aporte_degradada",0.328488759900594,"transferencia_degradada",0.184755620049703,0.143733139850891,0.937288109981987
266,"aporte_degradada",0.323790151114257,"transferencia_degradada",0.187104924442871,0.136685226671386,0.940186009544309
267,"transferencia_conservada",0.422375,"transferencia_degradada",0.228125,0.19425,0.860839475059823
268,"transferencia_degradada",0.414038126686524,"transferencia_conservada",0.223812824148202,0.190225302538322,0.86993086947248
269,"transferencia_conservada",0.351406628683932,"transferencia_degradada",0.191417221733069,0.159989406950864,0.924511376606489
270,"aporte_conservada",0.373221684414327,"aporte_degradada",0.20270087124879,0.170520813165537,0.90386909935513
271,"aporte_conservada",0.422567800670819,"aporte_degradada",0.228224724484907,0.194343076185913,0.854355811718715
272,"transferencia_degradada",0.393463947403554,"transferencia_conservada",0.2131710072777,0.180292940125854,0.890443621420158
273,"aporte_conservada",0.382598395478128,"aporte_degradada",0.207550894212825,0.175047501265303,0.895506193112596
274,"transferencia_degradada",0.424193602693603,"transferencia_conservada",0.229065656565657,0.195127946127946,0.858826171187244
275,"transferencia_conservada",0.422743465634076,"transferencia_degradada",0.228315585672798,0.194427879961278,0.860401964033812
276,"transferencia_conservada",0.423874575239006,"transferencia_degradada",0.228900642365003,0.194973932874003,0.854841167386652
277,"transferencia_degradada",0.36617562910739,"transferencia_conservada",0.199056359883133,0.167119269224257,0.913750146101039
278,"receptora_conservada",0.362778315585673,"receptora_degradada",0.19729912875121,0.165479186834463,0.912623260399107
279,"transferencia_conservada",0.314311876699909,"aporte_conservada",0.190358567543064,0.123953309156845,0.946105609084125
280,"transferencia_conservada",0.422856689258226,"transferencia_degradada",0.228374149616324,0.194482539641902,0.859645790654705
281,"aporte_conservada",0.371938748335553,"aporte_degradada",0.202037283621838,0.169901464713715,0.904976183840472
282,"aporte_conservada",0.351272575978208,"aporte_degradada",0.191347884126659,0.159924691851549,0.921592403838436
283,"transferencia_conservada",0.369639297785587,"transferencia_degradada",0.200847912647717,0.168791385137869,0.910981366201764
284,"aporte_degradada",0.374166409861325,"aporte_conservada",0.203189522342065,0.17097688751926,0.903048172031271
285,"transferencia_conservada",0.314311876699909,"aporte_conservada",0.190358567543064,0.123953309156845,0.946105609084125
286,"aporte_degradada",0.313646365422397,"transferencia_degradada",0.192176817288802,0.121469548133595,0.946048456170975
287,"transferencia_conservada",0.352088003068068,"transferencia_degradada",0.191769656759346,0.160318346308723,0.924029326170527
288,"transferencia_conservada",0.327765765765766,"aporte_conservada",0.179485485485485,0.14828028028028,0.939296879856726
289,"aporte_conservada",0.384022728881588,"aporte_degradada",0.208287618387028,0.17573511049456,0.894193850137409
290,"transferencia_degradada",0.423730434782609,"transferencia_conservada",0.228826086956522,0.194904347826087,0.859346782167095
291,"aporte_conservada",0.367834600760456,"aporte_degradada",0.199914448669202,0.167920152091255,0.908458097813333
292,"aporte_conservada",0.374890579499406,"aporte_degradada",0.20356409284452,0.171326486654886,0.90241562411246
293,"receptora_conservada",0.327808397960118,"transferencia_conservada",0.185095801019941,0.142712596940177,0.93771488424412
294,"aporte_conservada",0.360230902581903,"aporte_degradada",0.195981501335467,0.164249401246436,0.914669850572825
295,"transferencia_conservada",0.313665243381725,"aporte_conservada",0.190916737830914,0.122748505550811,0.94639690599231
296,"aporte_conservada",0.371938748335553,"aporte_degradada",0.202037283621838,0.169901464713715,0.904976183840472
297,"transferencia_conservada",0.422743465634076,"transferencia_degradada",0.228315585672798,0.194427879961278,0.860401964033812
298,"receptora_conservada",0.423498719043553,"receptora_degradada",0.228706233988044,0.194792485055508,0.853287686945143
299,"aporte_conservada",0.400596832802684,"transferencia_conservada",0.203701583598658,0.196895249204026,0.881388512650153
300,"aporte_conservada",0.373221684414327,"aporte_degradada",0.20270087124879,0.170520813165537,0.90386909935513
301,"transferencia_degradada",0.42466268146883,"transferencia_conservada",0.22930828351836,0.19535439795047,0.852486696354246
302,"aporte_conservada",0.409488549449301,"aporte_degradada",0.221459594542742,0.188028954906559,0.868824538147515
303,"transferencia_degradada",0.424603390297886,"transferencia_conservada",0.22927761567132,0.195325774626566,0.852896916913046
304,"transferencia_degradada",0.424331660108692,"transferencia_conservada",0.229137065573461,0.195194594535231,0.854638646501355
305,"aporte_conservada",0.334522366522366,"aporte_degradada",0.182683982683983,0.151838383838384,0.93339723503075
306,"aporte_conservada",0.324132689987937,"transferencia_conservada",0.186933655006031,0.137199034981906,0.939978651145875
307,"aporte_conservada",0.377277987421384,"transferencia_conservada",0.215361006289308,0.161916981132075,0.894602776782792
308,"receptora_conservada",0.493067463706234,"receptora_degradada",0.159137489325363,0.333929974380871,0.807856932855058
309,"receptora_conservada",0.412692931633835,"receptora_degradada",0.223117033603708,0.189575898030127,0.865371885747032
310,"aporte_conservada",0.320636581853096,"transferencia_conservada",0.188681709073452,0.131954872779645,0.942066206745521
311,"aporte_conservada",0.324737106918239,"transferencia_conservada",0.186631446540881,0.138105660377358,0.939611265505845
312,"aporte_conservada",0.362742164646887,"transferencia_conservada",0.222628917676557,0.14011324697033,0.901786167096061
313,"aporte_degradada",0.312729111697449,"transferencia_degradada",0.192635444151275,0.120093667546174,0.946552043807644
314,"aporte_degradada",0.323972727272727,"transferencia_degradada",0.187013636363636,0.136959090909091,0.94007556214547
315,"aporte_conservada",0.388750360750361,"transferencia_conservada",0.20962481962482,0.179125541125541,0.888362504869524
316,"aporte_conservada",0.364023957834212,"transferencia_conservada",0.221988021082894,0.142035936751318,0.901185189395445
317,"aporte_degradada",0.323643218908272,"transferencia_degradada",0.187178390545864,0.136464828362409,0.940274767874134
318,"receptora_degradada",0.412147165259349,"receptora_conservada",0.222834740651387,0.189312424607961,0.865964128793933
319,"receptora_degradada",0.403103163686382,"receptora_conservada",0.218156808803301,0.184946354883081,0.875528907561364
320,"aporte_conservada",0.323319955406912,"transferencia_conservada",0.187340022296544,0.135979933110368,0.932802708355475
321,"receptora_degradada",0.423270888302551,"receptora_conservada",0.228588390501319,0.194682497801231,0.853549573152347
322,"aporte_degradada",0.312729111697449,"transferencia_degradada",0.192635444151275,0.120093667546174,0.946552043807644
323,"receptora_degradada",0.423270888302551,"receptora_conservada",0.228588390501319,0.194682497801231,0.853549573152347
324,"aporte_degradada",0.336315629742033,"aporte_conservada",0.18361153262519,0.152704097116844,0.932204007588169
325,"aporte_degradada",0.312729111697449,"transferencia_degradada",0.192635444151275,0.120093667546174,0.946552043807644
326,"receptora_degradada",0.423270888302551,"receptora_conservada",0.228588390501319,0.194682497801231,0.853549573152347
327,"aporte_degradada",0.323643218908272,"transferencia_degradada",0.187178390545864,0.136464828362409,0.940274767874134
328,"aporte_conservada",0.313432199329181,"transferencia_conservada",0.19228390033541,0.121148298993771,0.938078096583857
329,"aporte_degradada",0.332896836313618,"transferencia_degradada",0.182551581843191,0.150345254470426,0.934464271058289
330,"aporte_conservada",0.363483227561197,"transferencia_conservada",0.222258386219402,0.141224841341795,0.901439480212449
331,"receptora_conservada",0.491976042165788,"receptora_degradada",0.158816482989938,0.33315955917585,0.820873266469352
332,"aporte_conservada",0.313432199329181,"transferencia_conservada",0.19228390033541,0.121148298993771,0.938078096583857
333,"aporte_conservada",0.382778325123153,"transferencia_conservada",0.212610837438424,0.170167487684729,0.891673850109087
334,"aporte_conservada",0.372470475276044,"transferencia_conservada",0.217764762361978,0.154705712914066,0.897067970576588
335,"aporte_conservada",0.334522366522366,"aporte_degradada",0.182683982683983,0.151838383838384,0.93339723503075
336,"aporte_conservada",0.363483227561197,"transferencia_conservada",0.222258386219402,0.141224841341795,0.901439480212449
337,"aporte_degradada",0.323852834740651,"transferencia_degradada",0.187073582629674,0.136779252110977,0.940148109448797
338,"aporte_conservada",0.362932536293766,"transferencia_conservada",0.222533731853117,0.140398804440649,0.901697307016653
339,"aporte_degradada",0.312970988213962,"transferencia_degradada",0.192514505893019,0.120456482320943,0.946419676621854
340,"aporte_degradada",0.332896836313618,"transferencia_degradada",0.182551581843191,0.150345254470426,0.934464271058289
341,"receptora_degradada",0.312970988213962,"transferencia_degradada",0.192514505893019,0.120456482320943,0.946419676621854
342,"transferencia_conservada",0.380919880695044,"transferencia_degradada",0.206682696911229,0.174237183783814,0.901668479948028
343,"aporte_degradada",0.346670178132578,"aporte_conservada",0.18896733351685,0.157702844615727,0.92498339371185
344,"aporte_degradada",0.416468988509637,"aporte_conservada",0.225070166470502,0.191398822039135,0.861226872920488
345,"transferencia_conservada",0.424520668425682,"transferencia_degradada",0.229234828496042,0.195285839929639,0.852698679496852
346,"receptora_degradada",0.312970988213962,"transferencia_degradada",0.192514505893019,0.120456482320943,0.946419676621854
347,"receptora_degradada",0.322899351838193,"transferencia_degradada",0.187550324080903,0.13534902775729,0.940722387254735
348,"transferencia_conservada",0.424520668425682,"transferencia_degradada",0.229234828496042,0.195285839929639,0.852698679496852
349,"receptora_degradada",0.312338905139992,"transferencia_degradada",0.192830547430004,0.119508357709987,0.946764939956144
350,"receptora_degradada",0.312338905139992,"transferencia_degradada",0.192830547430004,0.119508357709987,0.946764939956144
351,"receptora_degradada",0.423270888302551,"receptora_conservada",0.228588390501319,0.194682497801231,0.853549573152347
352,"receptora_degradada",0.423270888302551,"receptora_conservada",0.228588390501319,0.194682497801231,0.853549573152347
353,"receptora_degradada",0.422982738124731,"receptora_conservada",0.228439347305895,0.194543390818835,0.853880353291017
354,"receptora_degradada",0.34984745841784,"receptora_conservada",0.190610754354055,0.159236704063785,0.922654389728175
355,"receptora_conservada",0.367951178451178,"receptora_degradada",0.199974747474747,0.167976430976431,0.908360446816337
356,"receptora_conservada",0.330302408833648,"transferencia_conservada",0.183848795583176,0.146453613250472,0.936138606006902
357,"aporte_degradada",0.366016988849546,"aporte_conservada",0.198974304577352,0.167042684272195,0.909971166212104
358,"receptora_degradada",0.368048821548822,"receptora_conservada",0.200025252525252,0.168023569023569,0.908278600067441
359,"receptora_degradada",0.363270852858482,"receptora_conservada",0.19755388940956,0.165716963448922,0.912223553166918
360,"receptora_degradada",0.423270888302551,"receptora_conservada",0.228588390501319,0.194682497801231,0.853549573152347
361,"aporte_degradada",0.312729111697449,"transferencia_degradada",0.192635444151275,0.120093667546174,0.946552043807644
362,"aporte_conservada",0.318137048222137,"transferencia_conservada",0.189931475888931,0.128205572333206,0.943519508862114
363,"aporte_degradada",0.367949740034662,"aporte_conservada",0.199974003466205,0.167975736568458,0.908361652147633
364,"aporte_conservada",0.42327088830255,"aporte_degradada",0.228588390501319,0.194682497801231,0.853549573152347
365,"receptora_conservada",0.362778315585673,"receptora_degradada",0.19729912875121,0.165479186834463,0.912623260399107
366,"aporte_conservada",0.368050259965338,"aporte_degradada",0.200025996533795,0.168024263431542,0.90827739396938
367,"aporte_conservada",0.419595800252128,"aporte_degradada",0.226687482889032,0.192908317363096,0.857731496516384
368,"transferencia_degradada",0.414405981607503,"transferencia_conservada",0.224003093934915,0.190402887672587,0.869540163142741
369,"transferencia_degradada",0.385874079159935,"transferencia_conservada",0.209245213358587,0.176628865801348,0.897327160208045
370,"transferencia_conservada",0.424520668425682,"transferencia_degradada",0.229234828496042,0.195285839929639,0.852698679496852
371,"transferencia_degradada",0.423091327166375,"transferencia_conservada",0.228495514051573,0.194595813114802,0.860063419515781
372,"aporte_conservada",0.49280035180299,"aporte_degradada",0.15905892700088,0.333741424802111,0.808120345947055
373,"transferencia_conservada",0.423412854284941,"transferencia_degradada",0.228661821181866,0.194751033103075,0.858625143749084
374,"aporte_conservada",0.373221684414327,"aporte_degradada",0.20270087124879,0.170520813165537,0.90386909935513
375,"aporte_conservada",0.416774232837701,"aporte_degradada",0.225228051467776,0.191546181369925,0.860888172583911
376,"receptora_degradada",0.37256769734247,"receptora_conservada",0.202362602073692,0.170205095268779,0.904434557010447
377,"transferencia_conservada",0.313441704972837,"aporte_conservada",0.191109694943585,0.122332010029252,0.946497025911327
378,"transferencia_degradada",0.317215559180504,"aporte_degradada",0.188203871643513,0.12901168753699,0.944671102805379
379,"transferencia_conservada",0.423202014161761,"transferencia_degradada",0.228552765945738,0.194649248216022,0.85823342025921
380,"transferencia_degradada",0.40973867574248,"transferencia_conservada",0.221588970211628,0.188149705530853,0.874422959588167
381,"receptora_degradada",0.419586978233595,"receptora_conservada",0.226682919775998,0.192904058457598,0.857741439197131
382,"aporte_degradada",0.404715326877676,"aporte_conservada",0.218990686316039,0.185724640561637,0.873858170309669
383,"transferencia_degradada",0.423097495179051,"transferencia_conservada",0.228498704402957,0.194598790776093,0.859438366176966
384,"transferencia_degradada",0.423935962825007,"transferencia_conservada",0.228932394564659,0.195003568260348,0.856775560117332
385,"aporte_conservada",0.357352640442412,"aporte_degradada",0.19449274505642,0.162859895385992,0.916940571406015
386,"transferencia_degradada",0.423027393606509,"transferencia_conservada",0.228462444968884,0.194564948637625,0.859810938759322
387,"transferencia_conservada",0.424291245791246,"transferencia_degradada",0.229116161616162,0.195175084175084,0.858716238328341
388,"transferencia_degradada",0.424291245791246,"transferencia_conservada",0.229116161616162,0.195175084175084,0.858716238328341
389,"receptora_conservada",0.418717133316579,"receptora_degradada",0.226232999991334,0.192484133325245,0.858719531701424
390,"aporte_degradada",0.423498719043553,"aporte_conservada",0.228706233988044,0.194792485055508,0.853287686945143
391,"aporte_conservada",0.368048821548822,"aporte_degradada",0.200025252525252,0.168023569023569,0.908278600067441
392,"receptora_degradada",0.368048821548822,"receptora_conservada",0.200025252525252,0.168023569023569,0.908278600067441
393,"transferencia_degradada",0.424291245791246,"transferencia_conservada",0.229116161616162,0.195175084175084,0.858716238328341
394,"transferencia_degradada",0.42466268146883,"transferencia_conservada",0.22930828351836,0.19535439795047,0.852486696354246
395,"transferencia_degradada",0.424291245791246,"transferencia_conservada",0.229116161616162,0.195175084175084,0.858716238328341
396,"receptora_degradada",0.380936438861211,"receptora_conservada",0.206691261479937,0.174245177381274,0.897023419813431
397,"aporte_degradada",0.368165399239544,"aporte_conservada",0.200085551330798,0.168079847908745,0.908180814712863
398,"receptora_degradada",0.312501280956447,"transferencia_degradada",0.192749359521776,0.119751921434671,0.946676444656115
399,"transferencia_degradada",0.424104231856332,"transferencia_conservada",0.229019430270516,0.195084801585815,0.855373056952563
400,"receptora_degradada",0.422567800670819,"receptora_conservada",0.228224724484906,0.194343076185913,0.854355811718715
401,"receptora_degradada",0.381657001343213,"receptora_conservada",0.207063966212007,0.174593035131206,0.896367463582827
402,"transferencia_degradada",0.424520668425682,"transferencia_conservada",0.229234828496042,0.195285839929639,0.852698679496852
403,"aporte_conservada",0.368048821548822,"aporte_degradada",0.200025252525252,0.168023569023569,0.908278600067441
404,"transferencia_conservada",0.419738042375094,"transferencia_degradada",0.226761056400911,0.192976985974183,0.863776599736203
405,"aporte_conservada",0.353433326578364,"aporte_degradada",0.19246551374743,0.160967812830934,0.919961702557467
406,"aporte_conservada",0.373221684414327,"aporte_degradada",0.20270087124879,0.170520813165537,0.90386909935513
407,"aporte_conservada",0.364511081379321,"transferencia_conservada",0.221744459310339,0.142766622068982,0.900955151708215
408,"transferencia_conservada",0.423186345591312,"transferencia_degradada",0.228544661512748,0.194641684078564,0.859375690998762
409,"aporte_conservada",0.364589220932341,"transferencia_conservada",0.221705389533829,0.142883831398512,0.900918166938489
410,"aporte_conservada",0.492296087660016,"aporte_degradada",0.158910614017652,0.333385473642364,0.808616776316715
411,"transferencia_conservada",0.380856553995074,"transferencia_degradada",0.20664994172159,0.174206612273484,0.90172024672391
412,"transferencia_conservada",0.424520668425682,"transferencia_degradada",0.229234828496042,0.195285839929639,0.852698679496852
413,"aporte_conservada",0.49280035180299,"aporte_degradada",0.15905892700088,0.333741424802111,0.808120345947055
414,"transferencia_conservada",0.365055303717135,"aporte_conservada",0.219730734360834,0.145324569356301,0.901125245081153
415,"transferencia_conservada",0.494178700460177,"transferencia_degradada",0.159464323664758,0.334714376795419,0.807792820421648
416,"aporte_conservada",0.428058925476603,"transferencia_conservada",0.189970537261698,0.238088388214905,0.863131371126098
417,"aporte_conservada",0.364932854779083,"aporte_degradada",0.198413545575388,0.166519309203695,0.910865205523267
418,"aporte_conservada",0.49280035180299,"aporte_degradada",0.15905892700088,0.333741424802111,0.808120345947055
419,"aporte_conservada",0.351300810426733,"aporte_degradada",0.191362488151759,0.159938322274975,0.921571255101498
420,"aporte_conservada",0.356834707364358,"aporte_degradada",0.194224848636737,0.162609858727621,0.917344494092446
421,"aporte_conservada",0.356965096933606,"aporte_degradada",0.194292291517382,0.162672805416223,0.917242941093881
422,"aporte_conservada",0.368048821548822,"aporte_degradada",0.200025252525252,0.168023569023569,0.908278600067441
423,"aporte_conservada",0.492146138844189,"aporte_degradada",0.158866511424761,0.333279627419428,0.80876418119969
424,"transferencia_conservada",0.314311876699909,"aporte_conservada",0.190358567543064,0.123953309156845,0.946105609084125
425,"aporte_conservada",0.356905933711048,"aporte_degradada",0.194261689850542,0.162644243860506,0.917289031166133
426,"aporte_degradada",0.347056870722545,"aporte_conservada",0.189167346925454,0.157889523797091,0.924702792589655
427,"transferencia_conservada",0.422375,"transferencia_degradada",0.228125,0.19425,0.860839475059823
428,"transferencia_degradada",0.330823860438942,"transferencia_conservada",0.180770962296005,0.150052898142938,0.937663333410568
429,"transferencia_conservada",0.424520668425682,"transferencia_degradada",0.229234828496042,0.195285839929639,0.852698679496852
430,"transferencia_degradada",0.330823860438942,"transferencia_conservada",0.180770962296005,0.150052898142938,0.937663333410568
431,"aporte_conservada",0.371625,"aporte_degradada",0.201875,0.16975,0.905245572560608
432,"transferencia_degradada",0.336562791928621,"transferencia_conservada",0.183739375135493,0.152823416793127,0.934251368072834
433,"aporte_conservada",0.312501280956447,"transferencia_conservada",0.192749359521776,0.119751921434671,0.946676444656115
434,"transferencia_degradada",0.330823860438942,"transferencia_conservada",0.180770962296005,0.150052898142938,0.937663333410568
435,"aporte_degradada",0.373747747747748,"aporte_conservada",0.202972972972973,0.170774774774775,0.903412568525205
436,"aporte_conservada",0.373221684414327,"aporte_degradada",0.20270087124879,0.170520813165537,0.90386909935513
437,"transferencia_degradada",0.315241650294695,"aporte_degradada",0.189555992141454,0.125685658153242,0.945682388037966
438,"aporte_conservada",0.373221684414327,"aporte_degradada",0.20270087124879,0.170520813165537,0.90386909935513
439,"aporte_degradada",0.313646365422397,"transferencia_degradada",0.192176817288802,0.121469548133595,0.946048456170975
440,"aporte_conservada",0.312970988213962,"transferencia_conservada",0.192514505893019,0.120456482320943,0.946419676621854
441,"aporte_conservada",0.344424820612669,"aporte_degradada",0.187805941696208,0.156618878916461,0.926597124978335
442,"transferencia_degradada",0.423319063714453,"transferencia_conservada",0.22861330881782,0.194705754896632,0.859184958094022
443,"aporte_degradada",0.313646365422397,"transferencia_degradada",0.192176817288802,0.121469548133595,0.946048456170975
444,"transferencia_conservada",0.422743465634076,"transferencia_degradada",0.228315585672798,0.194427879961278,0.860401964033812
445,"transferencia_degradada",0.347296012552725,"transferencia_conservada",0.189291040975548,0.158004971577178,0.927384261895971
446,"transferencia_conservada",0.3328082026538,"transferencia_degradada",0.181797346200241,0.151010856453558,0.93641706128372
447,"receptora_degradada",0.320310675125428,"transferencia_degradada",0.188844662437286,0.131466012688142,0.942257550731015
448,"aporte_conservada",0.373221684414327,"aporte_degradada",0.20270087124879,0.170520813165537,0.90386909935513
449,"transferencia_conservada",0.314311876699909,"aporte_conservada",0.190358567543064,0.123953309156845,0.946105609084125
450,"transferencia_conservada",0.493819757365685,"transferencia_degradada",0.159358752166378,0.334461005199307,0.813540164760646
451,"transferencia_conservada",0.422743465634076,"transferencia_degradada",0.228315585672798,0.194427879961278,0.860401964033812
452,"aporte_conservada",0.368050259965338,"aporte_degradada",0.200025996533795,0.168024263431542,0.90827739396938
453,"transferencia_conservada",0.494265611257696,"transferencia_degradada",0.159489885664028,0.334775725593667,0.807269723720611
454,"transferencia_conservada",0.493218352216734,"transferencia_degradada",0.159181868299039,0.334036483917695,0.812405983276407
455,"transferencia_degradada",0.315241650294695,"aporte_degradada",0.189555992141454,0.125685658153242,0.945682388037966
456,"aporte_conservada",0.312970988213962,"transferencia_conservada",0.192514505893019,0.120456482320943,0.946419676621854
457,"transferencia_conservada",0.422743465634076,"transferencia_degradada",0.228315585672798,0.194427879961278,0.860401964033812
458,"aporte_conservada",0.390884545065785,"aporte_degradada",0.211836833654717,0.179047711411069,0.88771496651466
459,"transferencia_conservada",0.424291245791246,"transferencia_degradada",0.229116161616162,0.195175084175084,0.858716238328341
460,"transferencia_degradada",0.315241650294695,"aporte_degradada",0.189555992141454,0.125685658153242,0.945682388037966
461,"transferencia_degradada",0.315241650294695,"aporte_degradada",0.189555992141454,0.125685658153242,0.945682388037966
462,"aporte_conservada",0.324737106918239,"transferencia_conservada",0.186631446540881,0.138105660377358,0.939611265505845
463,"transferencia_conservada",0.422743465634076,"transferencia_degradada",0.228315585672798,0.194427879961278,0.860401964033812
464,"transferencia_conservada",0.389418752737832,"transferencia_degradada",0.211078665209223,0.178340087528608,0.894148987576404
465,"transferencia_degradada",0.374346242228517,"transferencia_conservada",0.203282539083716,0.171063703144801,0.907224872027825
466,"aporte_conservada",0.419128777650102,"aporte_degradada",0.226445919474191,0.192682858175911,0.858257215193975
467,"aporte_degradada",0.421036572388481,"aporte_conservada",0.227432709856111,0.19360386253237,0.856101545685895
468,"transferencia_degradada",0.31397889182058,"aporte_degradada",0.190645998240985,0.123332893579595,0.94625592447414
469,"transferencia_degradada",0.341872680399831,"transferencia_conservada",0.186485869172327,0.155386811227505,0.930883003182919
470,"transferencia_degradada",0.424520668425682,"transferencia_conservada",0.229234828496042,0.195285839929639,0.852698679496852
471,"transferencia_degradada",0.424520668425682,"transferencia_conservada",0.229234828496042,0.195285839929639,0.852698679496852
472,"transferencia_degradada",0.424291245791246,"transferencia_conservada",0.229116161616162,0.195175084175084,0.858716238328341
473,"aporte_conservada",0.363483227561197,"transferencia_conservada",0.222258386219402,0.141224841341795,0.901439480212449
474,"transferencia_conservada",0.494265611257696,"transferencia_degradada",0.159489885664028,0.334775725593667,0.807269723720611
475,"aporte_conservada",0.362742164646887,"transferencia_conservada",0.222628917676557,0.14011324697033,0.901786167096061
476,"aporte_conservada",0.362742164646887,"transferencia_conservada",0.222628917676557,0.14011324697033,0.901786167096061
477,"aporte_conservada",0.363483227561197,"transferencia_conservada",0.222258386219402,0.141224841341795,0.901439480212449
478,"aporte_conservada",0.362932536293766,"transferencia_conservada",0.222533731853117,0.140398804440649,0.901697307016653
479,"aporte_conservada",0.362742164646887,"transferencia_conservada",0.222628917676557,0.14011324697033,0.901786167096061
480,"aporte_conservada",0.313432199329181,"transferencia_conservada",0.19228390033541,0.121148298993771,0.938078096583857
481,"aporte_conservada",0.362932536293766,"transferencia_conservada",0.222533731853117,0.140398804440649,0.901697307016653
482,"aporte_degradada",0.380343147833421,"aporte_conservada",0.20638438681039,0.173958761023031,0.897561384476572
483,"transferencia_conservada",0.424520668425682,"transferencia_degradada",0.229234828496042,0.195285839929639,0.852698679496852
484,"aporte_conservada",0.372729147141518,"aporte_degradada",0.20244611059044,0.170283036551078,0.904295177587536
485,"transferencia_conservada",0.420209852243589,"transferencia_degradada",0.227005095988063,0.193204756255526,0.863258055364548
486,"transferencia_degradada",0.424520668425682,"transferencia_conservada",0.229234828496042,0.195285839929639,0.852698679496852
487,"transferencia_degradada",0.424520668425682,"transferencia_conservada",0.229234828496042,0.195285839929639,0.852698679496852
488,"aporte_conservada",0.371641249892937,"aporte_degradada",0.201883405117036,0.169757844775901,0.905231633235072
489,"aporte_conservada",0.377277987421384,"transferencia_conservada",0.215361006289308,0.161916981132075,0.894602776782792
490,"transferencia_conservada",0.31397889182058,"aporte_conservada",0.190645998240985,0.123332893579595,0.94625592447414
491,"transferencia_conservada",0.407740556002493,"transferencia_degradada",0.22055546000129,0.187185096001204,0.876474805479413
492,"aporte_conservada",0.317048985473318,"transferencia_conservada",0.190475507263341,0.126573478209977,0.944141934670403
493,"aporte_conservada",0.373221684414327,"aporte_degradada",0.20270087124879,0.170520813165537,0.90386909935513
494,"aporte_conservada",0.410632654815866,"transferencia_conservada",0.198683672592067,0.211948982223798,0.875056817956473
495,"transferencia_conservada",0.424291245791246,"transferencia_degradada",0.229116161616162,0.195175084175084,0.858716238328341
496,"receptora_degradada",0.423029011786038,"receptora_conservada",0.228463281958296,0.194565729827743,0.853827266990514
497,"receptora_conservada",0.423661094860008,"receptora_degradada",0.228790221479315,0.194870873380694,0.853100851254593
498,"aporte_conservada",0.422705300575853,"transferencia_conservada",0.192647349712073,0.23005795086378,0.866921529315763
499,"transferencia_conservada",0.418714465326777,"transferencia_degradada",0.226231619996609,0.192482845330168,0.864896354195356
500,"transferencia_conservada",0.422009653025813,"transferencia_degradada",0.227936027427145,0.194073625598668,0.861268818837829
501,"aporte_degradada",0.375842185526558,"aporte_conservada",0.204056302858564,0.171785882667993,0.901580089632611
502,"aporte_degradada",0.317096061397723,"transferencia_degradada",0.190451969301138,0.126644092096585,0.944115133024375
503,"transferencia_conservada",0.314311876699909,"aporte_conservada",0.190358567543064,0.123953309156845,0.946105609084125
504,"transferencia_conservada",0.422629803186504,"transferencia_degradada",0.22825679475164,0.194373008434864,0.860538023241762
505,"aporte_conservada",0.399525278311879,"transferencia_conservada",0.20423736084406,0.195287917467819,0.882041562710469
506,"aporte_conservada",0.43412197483059,"transferencia_conservada",0.186939012584705,0.247182962245886,0.858702533740505
507,"aporte_conservada",0.312970988213962,"transferencia_conservada",0.192514505893019,0.120456482320943,0.946419676621854
508,"transferencia_conservada",0.314311876699909,"aporte_conservada",0.190358567543064,0.123953309156845,0.946105609084125
509,"aporte_degradada",0.321410151957382,"transferencia_degradada",0.188294924021309,0.133115227936073,0.941609809788091
510,"receptora_degradada",0.348007606799429,"receptora_conservada",0.189659106965222,0.158348499834207,0.924009538041707
511,"transferencia_degradada",0.422629803186504,"transferencia_conservada",0.22825679475164,0.194373008434864,0.860538023241762
512,"transferencia_degradada",0.422791711131499,"transferencia_conservada",0.228340540240431,0.194451170891069,0.860234539663017
513,"receptora_degradada",0.408728822312464,"receptora_conservada",0.221066632230585,0.187662190081879,0.869634449471459
514,"receptora_conservada",0.423498719043553,"receptora_degradada",0.228706233988044,0.194792485055508,0.853287686945143
515,"transferencia_degradada",0.315241650294695,"aporte_degradada",0.189555992141454,0.125685658153242,0.945682388037966
516,"aporte_conservada",0.312501280956447,"transferencia_conservada",0.192749359521776,0.119751921434671,0.946676444656115
517,"aporte_conservada",0.416512482642892,"aporte_degradada",0.225092663435979,0.191419819206913,0.861178644934024
518,"aporte_degradada",0.368050259965338,"aporte_conservada",0.200025996533795,0.168024263431542,0.90827739396938
519,"transferencia_degradada",0.342019019765306,"transferencia_conservada",0.186561561947572,0.155457457817734,0.930618213678033
520,"transferencia_degradada",0.424193602693603,"transferencia_conservada",0.229065656565657,0.195127946127946,0.858826171187244
521,"transferencia_conservada",0.424520668425682,"transferencia_degradada",0.229234828496042,0.195285839929639,0.852698679496852
522,"transferencia_conservada",0.424180810679608,"transferencia_degradada",0.229059040006694,0.195121770672914,0.854922273968882
523,"aporte_conservada",0.42327088830255,"aporte_degradada",0.228588390501319,0.194682497801231,0.853549573152347
524,"transferencia_degradada",0.31397889182058,"aporte_degradada",0.190645998240985,0.123332893579595,0.94625592447414
525,"aporte_conservada",0.367949740034662,"aporte_degradada",0.199974003466205,0.167975736568458,0.908361652147633
526,"receptora_degradada",0.376336464688016,"receptora_conservada",0.204311964493801,0.172024500194214,0.901144159620408
527,"transferencia_conservada",0.31397889182058,"aporte_conservada",0.190645998240985,0.123332893579595,0.94625592447414
528,"aporte_conservada",0.312729111697449,"transferencia_conservada",0.192635444151275,0.120093667546174,0.946552043807644
529,"aporte_degradada",0.34547284847252,"aporte_conservada",0.188348025071993,0.157124823400527,0.925847221660221
530,"aporte_degradada",0.312970988213962,"transferencia_degradada",0.192514505893019,0.120456482320943,0.946419676621854
531,"aporte_degradada",0.368252173913043,"aporte_conservada",0.200130434782609,0.168121739130435,0.908107980650169
532,"transferencia_degradada",0.424625794686673,"transferencia_conservada",0.229289204148279,0.195336590538394,0.852743186633922
533,"transferencia_degradada",0.42466268146883,"transferencia_conservada",0.22930828351836,0.19535439795047,0.852486696354246
534,"aporte_conservada",0.368048821548822,"aporte_degradada",0.200025252525252,0.168023569023569,0.908278600067441
535,"aporte_degradada",0.356054359272587,"aporte_conservada",0.193821220313407,0.16223313895918,0.917950372147591
536,"aporte_degradada",0.368165399239544,"aporte_conservada",0.200085551330798,0.168079847908745,0.908180814712863
537,"transferencia_degradada",0.395558245269519,"transferencia_conservada",0.214254264794579,0.18130398047494,0.888473822401008
538,"receptora_degradada",0.368048821548822,"receptora_conservada",0.200025252525252,0.168023569023569,0.908278600067441
539,"transferencia_degradada",0.422864864864865,"transferencia_conservada",0.228378378378378,0.194486486486486,0.860255559361577
540,"aporte_conservada",0.368048821548822,"aporte_degradada",0.200025252525252,0.168023569023569,0.908278600067441
541,"aporte_degradada",0.479019344370076,"transferencia_degradada",0.164490327814962,0.314529016555114,0.821291140272049
542,"transferencia_degradada",0.424291245791246,"transferencia_conservada",0.229116161616162,0.195175084175084,0.858716238328341
543,"aporte_degradada",0.389013238478101,"aporte_conservada",0.21086891645419,0.178144322023911,0.889507647008624
544,"transferencia_degradada",0.424291245791246,"transferencia_conservada",0.229116161616162,0.195175084175084,0.858716238328341
545,"receptora_degradada",0.423270888302551,"receptora_conservada",0.228588390501319,0.194682497801231,0.853549573152347
546,"receptora_degradada",0.312970988213962,"transferencia_degradada",0.192514505893019,0.120456482320943,0.946419676621854
547,"receptora_degradada",0.415000872869234,"receptora_conservada",0.224310796311673,0.190690076557561,0.862848298564846
548,"receptora_degradada",0.42047323507211,"receptora_conservada",0.227141328485574,0.193331906586536,0.856740309565149
549,"transferencia_degradada",0.314311876699909,"aporte_degradada",0.190358567543064,0.123953309156845,0.946105609084125
550,"transferencia_degradada",0.424590495606849,"transferencia_conservada",0.229270946003543,0.195319549603307,0.853501074712058
551,"transferencia_conservada",0.424520668425682,"transferencia_degradada",0.229234828496042,0.195285839929639,0.852698679496852
552,"aporte_conservada",0.40007317262499,"transferencia_conservada",0.203963413687505,0.196109758937485,0.8817082064253
553,"aporte_conservada",0.360849855214193,"aporte_degradada",0.196301649248721,0.164548205965473,0.914175773092122
554,"transferencia_degradada",0.31397889182058,"aporte_degradada",0.190645998240985,0.123332893579595,0.94625592447414
555,"aporte_conservada",0.367699717707148,"aporte_degradada",0.199844681572663,0.167855036134485,0.908570991027147
556,"aporte_conservada",0.368050259965338,"aporte_degradada",0.200025996533795,0.168024263431542,0.90827739396938
557,"transferencia_conservada",0.422743465634076,"transferencia_degradada",0.228315585672798,0.194427879961278,0.860401964033812
558,"receptora_degradada",0.312338905139992,"transferencia_degradada",0.192830547430004,0.119508357709987,0.946764939956144
559,"aporte_degradada",0.313646365422397,"transferencia_degradada",0.192176817288802,0.121469548133595,0.946048456170975
560,"aporte_conservada",0.37803440331855,"aporte_degradada",0.205190208613043,0.172844194705507,0.899636541698343
561,"aporte_conservada",0.371938748335553,"aporte_degradada",0.202037283621838,0.169901464713715,0.904976183840472
562,"transferencia_degradada",0.314311876699909,"aporte_degradada",0.190358567543064,0.123953309156845,0.946105609084125
563,"transferencia_degradada",0.422864864864865,"transferencia_conservada",0.228378378378378,0.194486486486486,0.860255559361577
564,"transferencia_conservada",0.422743465634076,"transferencia_degradada",0.228315585672798,0.194427879961278,0.860401964033812
565,"transferencia_degradada",0.41794836487861,"transferencia_conservada",0.225835361144109,0.192113003734501,0.865732693987164
566,"aporte_conservada",0.368050259965338,"aporte_degradada",0.200025996533795,0.168024263431542,0.90827739396938
567,"transferencia_conservada",0.313665243381725,"aporte_conservada",0.190916737830914,0.122748505550811,0.94639690599231
568,"aporte_degradada",0.348739388224143,"aporte_conservada",0.190037614598695,0.158701773625448,0.923472686390497
569,"aporte_conservada",0.312970988213962,"transferencia_conservada",0.192514505893019,0.120456482320943,0.946419676621854
570,"transferencia_conservada",0.314311876699909,"aporte_conservada",0.190358567543064,0.123953309156845,0.946105609084125
571,"receptora_degradada",0.422353634577603,"receptora_conservada",0.22811394891945,0.194239685658153,0.854600815359022
572,"transferencia_conservada",0.343730154052258,"transferencia_degradada",0.18744663140634,0.156283522645918,0.930408793354635
573,"aporte_degradada",0.325316172516304,"transferencia_degradada",0.186341913741848,0.138974258774456,0.939257496130944
574,"aporte_degradada",0.323319955406912,"transferencia_degradada",0.187340022296544,0.135979933110368,0.940469646214226
575,"aporte_degradada",0.323319955406912,"transferencia_degradada",0.187340022296544,0.135979933110368,0.940469646214226
576,"aporte_degradada",0.323643218908272,"transferencia_degradada",0.187178390545864,0.136464828362409,0.940274767874134
577,"receptora_conservada",0.492516772438803,"receptora_degradada",0.15897552130553,0.333541251133273,0.808399656748307
578,"receptora_conservada",0.411262893081761,"receptora_degradada",0.222377358490566,0.188885534591195,0.866920046493034
579,"receptora_degradada",0.422353634577603,"receptora_conservada",0.22811394891945,0.194239685658153,0.854600815359022
580,"aporte_conservada",0.363483227561197,"transferencia_conservada",0.222258386219402,0.141224841341795,0.901439480212449
581,"transferencia_conservada",0.3328082026538,"transferencia_degradada",0.181797346200241,0.151010856453558,0.936449967508952
582,"aporte_conservada",0.324737106918239,"transferencia_conservada",0.186631446540881,0.138105660377358,0.939611265505845
583,"aporte_conservada",0.324737106918239,"transferencia_conservada",0.186631446540881,0.138105660377358,0.939611265505845
584,"receptora_conservada",0.399198536693557,"receptora_degradada",0.21613717415184,0.183061362541717,0.879514345314266
585,"receptora_conservada",0.423029011786038,"receptora_degradada",0.228463281958296,0.194565729827743,0.853827266990514
586,"aporte_conservada",0.312970988213962,"transferencia_conservada",0.192514505893019,0.120456482320943,0.946419676621854
587,"aporte_degradada",0.313646365422397,"transferencia_degradada",0.192176817288802,0.121469548133595,0.946048456170975
588,"receptora_conservada",0.478722012578616,"transferencia_conservada",0.164638993710692,0.314083018867924,0.821566331841558
589,"receptora_degradada",0.412027272727273,"receptora_conservada",0.222772727272727,0.189254545454545,0.866094000217192
590,"aporte_conservada",0.324737106918239,"transferencia_conservada",0.186631446540881,0.138105660377358,0.939611265505845
591,"aporte_conservada",0.334522366522366,"aporte_degradada",0.182683982683983,0.151838383838384,0.93339723503075
592,"aporte_conservada",0.312970988213962,"transferencia_conservada",0.192514505893019,0.120456482320943,0.946419676621854
593,"transferencia_conservada",0.334075471698113,"transferencia_degradada",0.182452830188679,0.151622641509434,0.93569836589839
594,"receptora_conservada",0.401477633477633,"receptora_degradada",0.217316017316017,0.184161616161616,0.877198558299002
595,"aporte_conservada",0.363483227561197,"transferencia_conservada",0.222258386219402,0.141224841341795,0.901439480212449
596,"receptora_degradada",0.423270888302551,"receptora_conservada",0.228588390501319,0.194682497801231,0.853549573152347
597,"aporte_conservada",0.312970988213962,"transferencia_conservada",0.192514505893019,0.120456482320943,0.946419676621854
598,"aporte_degradada",0.323643218908272,"transferencia_degradada",0.187178390545864,0.136464828362409,0.940274767874134
599,"aporte_conservada",0.312970988213962,"transferencia_conservada",0.192514505893019,0.120456482320943,0.946419676621854
600,"aporte_conservada",0.324737106918239,"transferencia_conservada",0.186631446540881,0.138105660377358,0.939611265505845
601,"aporte_conservada",0.324737106918239,"transferencia_conservada",0.186631446540881,0.138105660377358,0.939611265505845
602,"aporte_conservada",0.362932536293766,"transferencia_conservada",0.222533731853117,0.140398804440649,0.901697307016653
603,"aporte_conservada",0.312970988213962,"transferencia_conservada",0.192514505893019,0.120456482320943,0.946419676621854
604,"aporte_degradada",0.313646365422397,"transferencia_degradada",0.192176817288802,0.121469548133595,0.946048456170975
605,"aporte_degradada",0.323852834740651,"transferencia_degradada",0.187073582629674,0.136779252110977,0.940148109448797
606,"aporte_conservada",0.372470475276044,"transferencia_conservada",0.217764762361978,0.154705712914066,0.897067970576588
607,"aporte_conservada",0.382778325123153,"transferencia_conservada",0.212610837438424,0.170167487684729,0.891673850109087
608,"aporte_conservada",0.312729111697449,"transferencia_conservada",0.192635444151275,0.120093667546174,0.946552043807644
609,"aporte_conservada",0.312970988213962,"transferencia_conservada",0.192514505893019,0.120456482320943,0.946419676621854
610,"aporte_conservada",0.313432199329181,"transferencia_conservada",0.19228390033541,0.121148298993771,0.938078096583857
611,"aporte_conservada",0.363483227561197,"transferencia_conservada",0.222258386219402,0.141224841341795,0.901439480212449
612,"aporte_conservada",0.362932536293766,"transferencia_conservada",0.222533731853117,0.140398804440649,0.901697307016653
613,"aporte_conservada",0.377277987421384,"transferencia_conservada",0.215361006289308,0.161916981132075,0.894602776782792
614,"transferencia_degradada",0.389766905766942,"transferencia_conservada",0.211258744362212,0.178508161404731,0.893856808903019
615,"aporte_conservada",0.344976362896743,"aporte_degradada",0.18809122218797,0.156885140708772,0.926203198019718
616,"aporte_conservada",0.389740351523713,"aporte_degradada",0.211245009408817,0.178495342114896,0.888813390676049
617,"transferencia_conservada",0.42070257536512,"transferencia_degradada",0.227259952775062,0.193442622590058,0.862715940377656
618,"aporte_conservada",0.372470475276044,"transferencia_conservada",0.217764762361978,0.154705712914066,0.897067970576588
619,"transferencia_conservada",0.424291245791246,"transferencia_degradada",0.229116161616162,0.195175084175084,0.858716238328341
620,"transferencia_conservada",0.424291245791246,"transferencia_degradada",0.229116161616162,0.195175084175084,0.858716238328341
621,"aporte_conservada",0.352718747436017,"aporte_degradada",0.192095903846216,0.160622843589801,0.920503729579063
622,"receptora_conservada",0.368252173913043,"receptora_degradada",0.200130434782609,0.168121739130435,0.908107980650169
623,"aporte_degradada",0.359649264809747,"aporte_conservada",0.195680654211938,0.163968610597809,0.915132277898725
624,"receptora_degradada",0.367951178451178,"receptora_conservada",0.199974747474747,0.167976430976431,0.908360446816337
625,"receptora_degradada",0.335959266234272,"receptora_conservada",0.183427206672899,0.152532059561373,0.932442474113806
626,"aporte_conservada",0.384330335138796,"aporte_degradada",0.208446725071791,0.175883610067005,0.893908967553741
627,"aporte_degradada",0.357910351000127,"aporte_conservada",0.194781216034548,0.163129134965578,0.916504030423427
628,"transferencia_degradada",0.413430787226802,"transferencia_conservada",0.223498683048346,0.189932104178456,0.870574059849697
629,"receptora_conservada",0.423029011786038,"receptora_degradada",0.228463281958296,0.194565729827743,0.853827266990514
630,"receptora_conservada",0.38863990118894,"receptora_degradada",0.210675810959797,0.177964090229144,0.889862976680292
631,"transferencia_conservada",0.424520668425682,"transferencia_degradada",0.229234828496042,0.195285839929639,0.852698679496852
632,"transferencia_degradada",0.314311876699909,"aporte_degradada",0.190358567543064,0.123953309156845,0.946105609084125
633,"receptora_degradada",0.368048821548822,"receptora_conservada",0.200025252525252,0.168023569023569,0.908278600067441
634,"aporte_degradada",0.387426049619277,"aporte_conservada",0.210047956699626,0.177378092919651,0.891012952442191
635,"aporte_degradada",0.367951178451178,"aporte_conservada",0.199974747474747,0.167976430976431,0.908360446816337
636,"aporte_degradada",0.367951178451178,"aporte_conservada",0.199974747474747,0.167976430976431,0.908360446816337
637,"aporte_degradada",0.364125063342796,"aporte_conservada",0.197995722418688,0.166129340924108,0.911527258806605
638,"transferencia_degradada",0.424193602693603,"transferencia_conservada",0.229065656565657,0.195127946127946,0.858826171187244
639,"aporte_degradada",0.36834184675835,"aporte_conservada",0.200176817288802,0.168165029469548,0.908032671440731
640,"aporte_conservada",0.35877905804729,"aporte_degradada",0.195230547265839,0.16354851078145,0.915820760485211
641,"transferencia_conservada",0.313441704972837,"aporte_conservada",0.191109694943585,0.122332010029252,0.946497025911327
642,"receptora_conservada",0.372693434156679,"receptora_degradada",0.202427638356903,0.170265795799776,0.904326020710554
643,"receptora_conservada",0.368165399239544,"receptora_degradada",0.200085551330798,0.168079847908745,0.908180814712863
644,"transferencia_conservada",0.424520668425682,"transferencia_degradada",0.229234828496042,0.195285839929639,0.852698679496852
645,"aporte_degradada",0.393100889176255,"aporte_conservada",0.212983218539442,0.180117670636813,0.885566589780852
646,"receptora_degradada",0.337987644150822,"receptora_conservada",0.184476367664218,0.153511276486604,0.931076244139172
647,"receptora_degradada",0.422353634577603,"receptora_conservada",0.22811394891945,0.194239685658153,0.854600815359022
648,"transferencia_conservada",0.422743465634076,"transferencia_degradada",0.228315585672798,0.194427879961278,0.860401964033812
649,"transferencia_degradada",0.315241650294695,"aporte_degradada",0.189555992141454,0.125685658153242,0.945682388037966
650,"receptora_degradada",0.353226368735174,"receptora_conservada",0.192358466587159,0.160867902148015,0.920118964181318
651,"receptora_conservada",0.403141097952363,"receptora_degradada",0.21817642997536,0.184964667977003,0.875489764742086
652,"receptora_conservada",0.423498719043553,"receptora_degradada",0.228706233988044,0.194792485055508,0.853287686945143
653,"transferencia_conservada",0.313441704972837,"aporte_conservada",0.191109694943585,0.122332010029252,0.946497025911327
654,"receptora_conservada",0.423498719043553,"receptora_degradada",0.228706233988044,0.194792485055508,0.853287686945143
655,"aporte_conservada",0.312970988213962,"transferencia_conservada",0.192514505893019,0.120456482320943,0.946419676621854
656,"aporte_conservada",0.312501280956447,"transferencia_conservada",0.192749359521776,0.119751921434671,0.946676444656115
657,"receptora_conservada",0.423498719043553,"receptora_degradada",0.228706233988044,0.194792485055508,0.853287686945143
658,"aporte_conservada",0.312970988213962,"transferencia_conservada",0.192514505893019,0.120456482320943,0.946419676621854
659,"aporte_conservada",0.392577552031797,"aporte_degradada",0.212712526912998,0.179865025118799,0.886076343136157
660,"transferencia_degradada",0.315241650294695,"aporte_degradada",0.189555992141454,0.125685658153242,0.945682388037966
661,"aporte_conservada",0.349286572013726,"aporte_degradada",0.190320640696755,0.158965931316971,0.923069409469695
662,"transferencia_degradada",0.315241650294695,"aporte_degradada",0.189555992141454,0.125685658153242,0.945682388037966
663,"aporte_conservada",0.398749382271467,"aporte_degradada",0.215904852899035,0.182844529372432,0.879967274235467
664,"receptora_conservada",0.362778315585673,"receptora_degradada",0.19729912875121,0.165479186834463,0.912623260399107
665,"receptora_conservada",0.362778315585673,"receptora_degradada",0.19729912875121,0.165479186834463,0.912623260399107
666,"aporte_conservada",0.330278085737855,"transferencia_conservada",0.183860957131072,0.146417128606783,0.936154136176599
667,"receptora_conservada",0.374257679438622,"receptora_degradada",0.203236730744115,0.171020948694507,0.902968606426773
668,"receptora_degradada",0.362252252252252,"receptora_conservada",0.197027027027027,0.165225225225225,0.913048741375168
669,"aporte_conservada",0.422567800670819,"aporte_degradada",0.228224724484907,0.194343076185913,0.854355811718715
670,"transferencia_degradada",0.31397889182058,"aporte_degradada",0.190645998240985,0.123332893579595,0.94625592447414
671,"aporte_degradada",0.363440284523279,"aporte_conservada",0.197641526477558,0.165798758045721,0.912085754642315
672,"transferencia_conservada",0.314311876699909,"aporte_conservada",0.190358567543064,0.123953309156845,0.946105609084125
673,"aporte_conservada",0.367747826086956,"aporte_degradada",0.199869565217391,0.167878260869565,0.908530736931643
674,"transferencia_degradada",0.315241650294695,"aporte_degradada",0.189555992141454,0.125685658153242,0.945682388037966
675,"transferencia_degradada",0.31397889182058,"aporte_degradada",0.190645998240985,0.123332893579595,0.94625592447414
676,"aporte_conservada",0.316474135086172,"transferencia_conservada",0.190762932456914,0.125711202629258,0.944468278507683
677,"transferencia_conservada",0.313441704972837,"aporte_conservada",0.191109694943585,0.122332010029252,0.946497025911327
678,"aporte_conservada",0.312970988213962,"transferencia_conservada",0.192514505893019,0.120456482320943,0.946419676621854
679,"transferencia_degradada",0.31397889182058,"aporte_degradada",0.190645998240985,0.123332893579595,0.94625592447414
680,"transferencia_degradada",0.411971353272624,"transferencia_conservada",0.222743803416875,0.18922754985575,0.872100711548791
681,"transferencia_degradada",0.315241650294695,"aporte_degradada",0.189555992141454,0.125685658153242,0.945682388037966
682,"transferencia_degradada",0.314311876699909,"aporte_degradada",0.190358567543064,0.123953309156845,0.946105609084125
683,"transferencia_degradada",0.31397889182058,"aporte_degradada",0.190645998240985,0.123332893579595,0.94625592447414
684,"transferencia_degradada",0.31397889182058,"aporte_degradada",0.190645998240985,0.123332893579595,0.94625592447414
685,"aporte_degradada",0.313646365422397,"transferencia_degradada",0.192176817288802,0.121469548133595,0.946048456170975
686,"transferencia_degradada",0.31397889182058,"aporte_degradada",0.190645998240985,0.123332893579595,0.94625592447414
687,"aporte_degradada",0.362527903021709,"aporte_conservada",0.197169605011229,0.16535829801048,0.912825979155151
688,"transferencia_degradada",0.31397889182058,"aporte_degradada",0.190645998240985,0.123332893579595,0.94625592447414
689,"aporte_degradada",0.414957502304733,"aporte_conservada",0.224288363261069,0.190669139043664,0.862896007036418
690,"transferencia_conservada",0.414693747896037,"transferencia_degradada",0.224151938566916,0.190541809329121,0.869259665425811
691,"aporte_conservada",0.312970988213962,"transferencia_conservada",0.192514505893019,0.120456482320943,0.946419676621854
692,"transferencia_conservada",0.403839577574281,"transferencia_degradada",0.218537712538421,0.18530186503586,0.880551840195867
693,"aporte_conservada",0.35557589874915,"aporte_degradada",0.193573740732319,0.162002158016831,0.918320257016508
694,"aporte_conservada",0.373221684414327,"aporte_degradada",0.20270087124879,0.170520813165537,0.90386909935513
695,"aporte_conservada",0.312970988213962,"transferencia_conservada",0.192514505893019,0.120456482320943,0.946419676621854
696,"receptora_conservada",0.423498719043553,"receptora_degradada",0.228706233988044,0.194792485055508,0.853287686945143
697,"receptora_conservada",0.423498719043553,"receptora_degradada",0.228706233988044,0.194792485055508,0.853287686945143
698,"aporte_degradada",0.323643218908272,"transferencia_degradada",0.187178390545864,0.136464828362409,0.940274767874134
699,"receptora_conservada",0.423498719043553,"receptora_degradada",0.228706233988044,0.194792485055508,0.853287686945143
700,"aporte_conservada",0.312970988213962,"transferencia_conservada",0.192514505893019,0.120456482320943,0.946419676621854
701,"receptora_conservada",0.467249639249639,"transferencia_conservada",0.17037518037518,0.296874458874459,0.831899857111303
702,"aporte_conservada",0.312970988213962,"transferencia_conservada",0.192514505893019,0.120456482320943,0.946419676621854
703,"receptora_conservada",0.423498719043553,"receptora_degradada",0.228706233988044,0.194792485055508,0.853287686945143
704,"aporte_conservada",0.363483227561197,"transferencia_conservada",0.222258386219402,0.141224841341795,0.901439480212449
705,"aporte_conservada",0.363483227561197,"transferencia_conservada",0.222258386219402,0.141224841341795,0.901439480212449
706,"aporte_conservada",0.362932536293766,"transferencia_conservada",0.222533731853117,0.140398804440649,0.901697307016653
707,"aporte_degradada",0.324737106918239,"transferencia_degradada",0.186631446540881,0.138105660377358,0.939611265505845
708,"aporte_degradada",0.312729111697449,"transferencia_degradada",0.192635444151275,0.120093667546174,0.946552043807644
709,"aporte_degradada",0.313646365422397,"transferencia_degradada",0.192176817288802,0.121469548133595,0.946048456170975
710,"aporte_degradada",0.312729111697449,"transferencia_degradada",0.192635444151275,0.120093667546174,0.946552043807644
711,"aporte_degradada",0.313646365422397,"transferencia_degradada",0.192176817288802,0.121469548133595,0.946048456170975
712,"aporte_degradada",0.323643218908272,"transferencia_degradada",0.187178390545864,0.136464828362409,0.940274767874134
713,"receptora_degradada",0.403103163686382,"receptora_conservada",0.218156808803301,0.184946354883081,0.875528907561364
714,"aporte_conservada",0.362932536293766,"transferencia_conservada",0.222533731853117,0.140398804440649,0.901697307016653
715,"aporte_conservada",0.362932536293766,"transferencia_conservada",0.222533731853117,0.140398804440649,0.901697307016653
716,"aporte_conservada",0.362932536293766,"transferencia_conservada",0.222533731853117,0.140398804440649,0.901697307016653
717,"aporte_conservada",0.362932536293766,"transferencia_conservada",0.222533731853117,0.140398804440649,0.901697307016653
718,"aporte_conservada",0.362932536293766,"transferencia_conservada",0.222533731853117,0.140398804440649,0.901697307016653
719,"aporte_conservada",0.362932536293766,"transferencia_conservada",0.222533731853117,0.140398804440649,0.901697307016653
720,"aporte_conservada",0.362932536293766,"transferencia_conservada",0.222533731853117,0.140398804440649,0.901697307016653
721,"aporte_conservada",0.362932536293766,"transferencia_conservada",0.222533731853117,0.140398804440649,0.901697307016653
722,"aporte_conservada",0.373205205205205,"transferencia_conservada",0.217397397397397,0.155807807807808,0.896696937636489
723,"transferencia_conservada",0.364297181895816,"aporte_conservada",0.220385140905209,0.143912040990606,0.901417560443216
724,"transferencia_conservada",0.364297181895816,"aporte_conservada",0.220385140905209,0.143912040990606,0.901417560443216
725,"aporte_conservada",0.362932536293766,"transferencia_conservada",0.222533731853117,0.140398804440649,0.901697307016653
726,"transferencia_conservada",0.411191312478235,"aporte_conservada",0.184467577594818,0.226723734883417,0.877861449926489
727,"aporte_conservada",0.362932536293766,"transferencia_conservada",0.222533731853117,0.140398804440649,0.901697307016653
728,"transferencia_conservada",0.364297181895816,"aporte_conservada",0.220385140905209,0.143912040990606,0.901417560443216
729,"aporte_conservada",0.421499951296754,"transferencia_conservada",0.193250024351623,0.228249926945131,0.867759350623464
730,"transferencia_conservada",0.424299383852913,"transferencia_degradada",0.229120370958403,0.19517901289451,0.854188016211138
731,"transferencia_conservada",0.335538066747867,"transferencia_degradada",0.183209344869587,0.152328721878281,0.934625420901297
732,"aporte_conservada",0.314812340790063,"transferencia_conservada",0.191593829604969,0.123218511185094,0.945401966194903
733,"transferencia_conservada",0.31397889182058,"aporte_conservada",0.190645998240985,0.123332893579595,0.94625592447414
734,"aporte_degradada",0.312970988213962,"transferencia_degradada",0.192514505893019,0.120456482320943,0.946419676621854
735,"aporte_degradada",0.312970988213962,"transferencia_degradada",0.192514505893019,0.120456482320943,0.946419676621854
736,"transferencia_degradada",0.424291245791246,"transferencia_conservada",0.229116161616162,0.195175084175084,0.858716238328341
737,"transferencia_degradada",0.314311876699909,"aporte_degradada",0.190358567543064,0.123953309156845,0.946105609084125
738,"aporte_conservada",0.41114385314153,"transferencia_conservada",0.198428073429235,0.212715779712296,0.874723852325574
739,"aporte_conservada",0.363483227561197,"transferencia_conservada",0.222258386219402,0.141224841341795,0.901439480212449
740,"transferencia_conservada",0.424520668425682,"transferencia_degradada",0.229234828496042,0.195285839929639,0.852698679496852
741,"aporte_conservada",0.368048821548822,"aporte_degradada",0.200025252525252,0.168023569023569,0.908278600067441
742,"transferencia_degradada",0.336588668008544,"transferencia_conservada",0.183752759314764,0.15283590869378,0.933992831935203
743,"aporte_degradada",0.367951178451178,"aporte_conservada",0.199974747474747,0.167976430976431,0.908360446816337
744,"transferencia_degradada",0.314311876699909,"aporte_degradada",0.190358567543064,0.123953309156845,0.946105609084125
745,"transferencia_degradada",0.314311876699909,"aporte_degradada",0.190358567543064,0.123953309156845,0.946105609084125
746,"aporte_degradada",0.375452203203924,"aporte_conservada",0.203854587864099,0.171597615339826,0.901923098501962
747,"transferencia_conservada",0.314311876699909,"aporte_conservada",0.190358567543064,0.123953309156845,0.946105609084125
748,"aporte_conservada",0.356228679478011,"aporte_degradada",0.193911385936902,0.162317293541109,0.917815307381014
749,"transferencia_conservada",0.399261202941489,"transferencia_degradada",0.216169587728356,0.183091615213133,0.884903155439543
750,"aporte_conservada",0.333594229178968,"aporte_degradada",0.182203911644294,0.151390317534674,0.934008183973467
751,"aporte_conservada",0.372729147141518,"aporte_degradada",0.20244611059044,0.170283036551078,0.904295177587536
752,"aporte_conservada",0.352635558341248,"aporte_degradada",0.192052875004094,0.160582683337154,0.92056665467511
753,"transferencia_conservada",0.382977021966713,"transferencia_degradada",0.207746735500024,0.175230286466689,0.899887916615849
754,"transferencia_conservada",0.423767943587459,"transferencia_degradada",0.228845488062479,0.19492245552498,0.857137393177267
755,"aporte_conservada",0.42327088830255,"aporte_degradada",0.228588390501319,0.194682497801231,0.853549573152347
756,"aporte_conservada",0.341290748209684,"aporte_degradada",0.186184869763629,0.155105878446054,0.928805124903761
757,"aporte_conservada",0.312970988213962,"transferencia_conservada",0.192514505893019,0.120456482320943,0.946419676621854
758,"transferencia_conservada",0.424291245791246,"transferencia_degradada",0.229116161616162,0.195175084175084,0.858716238328341
759,"transferencia_conservada",0.31490451785973,"aporte_conservada",0.189947595928313,0.124956921931417,0.945808536375731
760,"transferencia_conservada",0.31397889182058,"aporte_conservada",0.190645998240985,0.123332893579595,0.94625592447414
761,"transferencia_degradada",0.392310226327774,"transferencia_conservada",0.212574254997125,0.17973597133065,0.891517520479615
762,"transferencia_conservada",0.423740802961534,"transferencia_degradada",0.22883144980769,0.194909353153844,0.857264625786668
763,"aporte_conservada",0.312970988213962,"transferencia_conservada",0.192514505893019,0.120456482320943,0.946419676621854
764,"transferencia_conservada",0.314311876699909,"aporte_conservada",0.190358567543064,0.123953309156845,0.946105609084125
765,"aporte_conservada",0.42327088830255,"aporte_degradada",0.228588390501319,0.194682497801231,0.853549573152347
766,"aporte_conservada",0.312970988213962,"transferencia_conservada",0.192514505893019,0.120456482320943,0.946419676621854
767,"receptora_degradada",0.417372850340934,"receptora_conservada",0.225537681210828,0.191835169130106,0.860222361476281
768,"aporte_degradada",0.313646365422397,"transferencia_degradada",0.192176817288802,0.121469548133595,0.946048456170975
769,"aporte_conservada",0.373221684414327,"aporte_degradada",0.20270087124879,0.170520813165537,0.90386909935513
770,"aporte_conservada",0.34481621853255,"aporte_degradada",0.188008388896147,0.156807829636403,0.926317742919188
771,"aporte_conservada",0.360088773497964,"aporte_degradada",0.19590798629205,0.164180787205914,0.914783016049347
772,"transferencia_conservada",0.314311876699909,"aporte_conservada",0.190358567543064,0.123953309156845,0.946105609084125
773,"transferencia_degradada",0.405292158115375,"transferencia_conservada",0.219289047301056,0.186003110814319,0.878955214031615
774,"aporte_degradada",0.368050259965338,"aporte_conservada",0.200025996533795,0.168024263431542,0.90827739396938
775,"transferencia_conservada",0.424520668425682,"transferencia_degradada",0.229234828496042,0.195285839929639,0.852698679496852
776,"aporte_degradada",0.317695742872805,"transferencia_degradada",0.190152128563597,0.127543614309208,0.943772703566729
777,"aporte_degradada",0.312729111697449,"transferencia_degradada",0.192635444151275,0.120093667546174,0.946552043807644
778,"transferencia_conservada",0.314311876699909,"aporte_conservada",0.190358567543064,0.123953309156845,0.946105609084125
779,"transferencia_degradada",0.42466268146883,"transferencia_conservada",0.22930828351836,0.19535439795047,0.852486696354246
780,"transferencia_conservada",0.421793484309063,"transferencia_degradada",0.227824216021929,0.193969268287134,0.861508902358841
781,"aporte_degradada",0.341132044603292,"aporte_conservada",0.186102781691358,0.155029262911934,0.928915557675601
782,"aporte_degradada",0.355268162041027,"aporte_conservada",0.193414566572945,0.161853595468082,0.918557516856744
783,"aporte_degradada",0.349253621760665,"aporte_conservada",0.190303597462413,0.158950024298252,0.923093738767488
784,"aporte_conservada",0.42327088830255,"aporte_degradada",0.228588390501319,0.194682497801231,0.853549573152347
785,"aporte_conservada",0.312970988213962,"transferencia_conservada",0.192514505893019,0.120456482320943,0.946419676621854
786,"receptora_degradada",0.419930304544221,"receptora_conservada",0.226860502350459,0.193069802193762,0.857354161837054
787,"aporte_degradada",0.312729111697449,"transferencia_degradada",0.192635444151275,0.120093667546174,0.946552043807644
788,"aporte_degradada",0.312729111697449,"transferencia_degradada",0.192635444151275,0.120093667546174,0.946552043807644
789,"receptora_degradada",0.377763476087488,"receptora_conservada",0.205050073838356,0.172713402249132,0.899878152823283
790,"receptora_degradada",0.374886067662535,"receptora_conservada",0.203561759135794,0.171324308526741,0.902419573916563
791,"transferencia_degradada",0.422629803186504,"transferencia_conservada",0.22825679475164,0.194373008434864,0.860538023241762
792,"transferencia_degradada",0.42362334060677,"transferencia_conservada",0.228770693417295,0.194852647189475,0.857380054845087
793,"aporte_degradada",0.36834184675835,"aporte_conservada",0.200176817288802,0.168165029469548,0.908032671440731
794,"aporte_conservada",0.312970988213962,"transferencia_conservada",0.192514505893019,0.120456482320943,0.946419676621854
795,"receptora_conservada",0.3571467540482,"receptora_degradada",0.194386252093897,0.162760501954303,0.91710130788796
796,"transferencia_conservada",0.423408745247148,"transferencia_degradada",0.22865969581749,0.194749049429658,0.859707796613936
797,"transferencia_degradada",0.31397889182058,"aporte_degradada",0.190645998240985,0.123332893579595,0.94625592447414
798,"aporte_degradada",0.312729111697449,"transferencia_degradada",0.192635444151275,0.120093667546174,0.946552043807644
799,"transferencia_degradada",0.423247766020181,"transferencia_conservada",0.228576430700094,0.194671335320088,0.859392177465834
800,"transferencia_conservada",0.314311876699909,"aporte_conservada",0.190358567543064,0.123953309156845,0.946105609084125
801,"aporte_degradada",0.348073121547944,"aporte_conservada",0.189692993904109,0.158380127643835,0.923961590296903
802,"aporte_conservada",0.360708468164431,"aporte_degradada",0.196228518016085,0.164479950148346,0.914288815233649
803,"transferencia_conservada",0.313665243381725,"aporte_conservada",0.190916737830914,0.122748505550811,0.94639690599231
804,"receptora_conservada",0.423029011786038,"receptora_degradada",0.228463281958296,0.194565729827743,0.853827266990514
805,"receptora_conservada",0.423029011786038,"receptora_degradada",0.228463281958296,0.194565729827743,0.853827266990514
806,"receptora_conservada",0.423029011786038,"receptora_degradada",0.228463281958296,0.194565729827743,0.853827266990514
807,"aporte_conservada",0.312970988213962,"transferencia_conservada",0.192514505893019,0.120456482320943,0.946419676621854
808,"aporte_conservada",0.352205753625253,"aporte_degradada",0.191830562219958,0.160375191405294,0.92089117884081
809,"aporte_conservada",0.312501280956447,"transferencia_conservada",0.192749359521776,0.119751921434671,0.946676444656115
810,"transferencia_conservada",0.423948919449902,"transferencia_degradada",0.228939096267191,0.195009823182711,0.853548203009197
811,"transferencia_conservada",0.314311876699909,"aporte_conservada",0.190358567543064,0.123953309156845,0.946105609084125
812,"aporte_conservada",0.368048821548822,"aporte_degradada",0.200025252525252,0.168023569023569,0.908278600067441
813,"aporte_conservada",0.448110197370959,"transferencia_conservada",0.179944901314521,0.268165296056438,0.84792669158928
814,"transferencia_conservada",0.424520668425682,"transferencia_degradada",0.229234828496042,0.195285839929639,0.852698679496852
815,"transferencia_conservada",0.493819757365685,"transferencia_degradada",0.159358752166378,0.334461005199307,0.813540164760646
816,"transferencia_conservada",0.49080326630373,"transferencia_degradada",0.158471548912862,0.332331717390868,0.816427878294749
817,"aporte_conservada",0.368048821548822,"aporte_degradada",0.200025252525252,0.168023569023569,0.908278600067441
818,"aporte_conservada",0.36548118834164,"aporte_degradada",0.198697166383607,0.166784021958033,0.910413806300898
819,"aporte_conservada",0.362932536293766,"transferencia_conservada",0.222533731853117,0.140398804440649,0.901697307016653
820,"aporte_conservada",0.362932536293766,"transferencia_conservada",0.222533731853117,0.140398804440649,0.901697307016653
821,"aporte_conservada",0.362932536293766,"transferencia_conservada",0.222533731853117,0.140398804440649,0.901697307016653
822,"aporte_conservada",0.368050259965338,"aporte_degradada",0.200025996533795,0.168024263431542,0.90827739396938
823,"aporte_conservada",0.312970988213962,"transferencia_conservada",0.192514505893019,0.120456482320943,0.946419676621854
824,"transferencia_conservada",0.424511783083242,"transferencia_degradada",0.229230232629263,0.195281550453979,0.852761493298816
825,"transferencia_degradada",0.399183190350221,"transferencia_conservada",0.216129236388046,0.183053953962176,0.885001849691941
826,"transferencia_degradada",0.364191320099687,"transferencia_conservada",0.198029993155011,0.166161326944676,0.915291045235157
827,"aporte_degradada",0.374166409861325,"aporte_conservada",0.203189522342065,0.17097688751926,0.903048172031271
828,"aporte_conservada",0.312970988213962,"transferencia_conservada",0.192514505893019,0.120456482320943,0.946419676621854
829,"transferencia_conservada",0.424082414949688,"transferencia_degradada",0.229008145663632,0.195074269286056,0.853350412594473
830,"aporte_degradada",0.313646365422397,"transferencia_degradada",0.192176817288802,0.121469548133595,0.946048456170975
831,"transferencia_conservada",0.314311876699909,"aporte_conservada",0.190358567543064,0.123953309156845,0.946105609084125
832,"aporte_conservada",0.363483227561197,"transferencia_conservada",0.222258386219402,0.141224841341795,0.901439480212449
833,"aporte_conservada",0.363483227561197,"transferencia_conservada",0.222258386219402,0.141224841341795,0.901439480212449
834,"transferencia_degradada",0.315241650294695,"aporte_degradada",0.189555992141454,0.125685658153242,0.945682388037966
835,"receptora_degradada",0.412147165259349,"receptora_conservada",0.222834740651387,0.189312424607961,0.865964128793933
836,"aporte_degradada",0.323643218908272,"transferencia_degradada",0.187178390545864,0.136464828362409,0.940274767874134
837,"aporte_conservada",0.312970988213962,"transferencia_conservada",0.192514505893019,0.120456482320943,0.946419676621854
838,"receptora_conservada",0.411867310012063,"receptora_degradada",0.222689987937274,0.189177322074789,0.86626714745867
839,"transferencia_conservada",0.334075471698113,"transferencia_degradada",0.182452830188679,0.151622641509434,0.93569836589839
840,"aporte_conservada",0.324737106918239,"transferencia_conservada",0.186631446540881,0.138105660377358,0.939611265505845
841,"transferencia_conservada",0.4241182991144,"transferencia_degradada",0.229026706438483,0.195091592675917,0.855291622710761
842,"aporte_conservada",0.386345874035717,"aporte_degradada",0.209489245190888,0.176856628844829,0.892029445182809
843,"transferencia_degradada",0.315241650294695,"aporte_degradada",0.189555992141454,0.125685658153242,0.945682388037966
844,"aporte_degradada",0.384842051255916,"aporte_conservada",0.208711405822026,0.176130645433891,0.893433901140815
845,"aporte_conservada",0.312970988213962,"transferencia_conservada",0.192514505893019,0.120456482320943,0.946419676621854
846,"transferencia_conservada",0.338623376623377,"transferencia_degradada",0.184805194805195,0.153818181818182,0.933700321711608
847,"aporte_degradada",0.36739561298907,"aporte_conservada",0.199687386028829,0.167708226960241,0.9088251589079
848,"aporte_degradada",0.313646365422397,"transferencia_degradada",0.192176817288802,0.121469548133595,0.946048456170975
849,"aporte_degradada",0.313646365422397,"transferencia_degradada",0.192176817288802,0.121469548133595,0.946048456170975
850,"transferencia_degradada",0.42466268146883,"transferencia_conservada",0.22930828351836,0.19535439795047,0.852486696354246
851,"aporte_conservada",0.388750360750361,"transferencia_conservada",0.20962481962482,0.179125541125541,0.888362504869524
852,"aporte_conservada",0.363483227561197,"transferencia_conservada",0.222258386219402,0.141224841341795,0.901439480212449
853,"receptora_conservada",0.423029011786038,"receptora_degradada",0.228463281958296,0.194565729827743,0.853827266990514
854,"aporte_conservada",0.324737106918239,"transferencia_conservada",0.186631446540881,0.138105660377358,0.939611265505845
855,"aporte_conservada",0.363483227561197,"transferencia_conservada",0.222258386219402,0.141224841341795,0.901439480212449
856,"receptora_conservada",0.492516772438803,"receptora_degradada",0.15897552130553,0.333541251133273,0.808399656748307
857,"receptora_conservada",0.492516772438803,"receptora_degradada",0.15897552130553,0.333541251133273,0.808399656748307
858,"aporte_conservada",0.324737106918239,"transferencia_conservada",0.186631446540881,0.138105660377358,0.939611265505845
859,"aporte_conservada",0.312970988213962,"transferencia_conservada",0.192514505893019,0.120456482320943,0.946419676621854
860,"transferencia_conservada",0.314311876699909,"aporte_conservada",0.190358567543064,0.123953309156845,0.946105609084125
861,"transferencia_conservada",0.422743465634076,"transferencia_degradada",0.228315585672798,0.194427879961278,0.860401964033812
862,"receptora_degradada",0.412356781091728,"receptora_conservada",0.222943162633652,0.189413618458075,0.865736866367805
863,"aporte_degradada",0.313646365422397,"transferencia_degradada",0.192176817288802,0.121469548133595,0.946048456170975
864,"transferencia_degradada",0.330823860438942,"transferencia_conservada",0.180770962296005,0.150052898142938,0.937663333410568
865,"aporte_conservada",0.312970988213962,"transferencia_conservada",0.192514505893019,0.120456482320943,0.946419676621854
866,"aporte_degradada",0.323643218908272,"transferencia_degradada",0.187178390545864,0.136464828362409,0.940274767874134
867,"aporte_degradada",0.313646365422397,"transferencia_degradada",0.192176817288802,0.121469548133595,0.946048456170975
868,"aporte_degradada",0.323643218908272,"transferencia_degradada",0.187178390545864,0.136464828362409,0.940274767874134
869,"aporte_degradada",0.313646365422397,"transferencia_degradada",0.192176817288802,0.121469548133595,0.946048456170975
870,"transferencia_conservada",0.422743465634076,"transferencia_degradada",0.228315585672798,0.194427879961278,0.860401964033812
871,"aporte_conservada",0.342853756013248,"aporte_degradada",0.186993322075818,0.15586043393743,0.927710432040875
872,"transferencia_conservada",0.314311876699909,"aporte_conservada",0.190358567543064,0.123953309156845,0.946105609084125
873,"transferencia_conservada",0.314311876699909,"aporte_conservada",0.190358567543064,0.123953309156845,0.946105609084125
874,"aporte_conservada",0.312970988213962,"transferencia_conservada",0.192514505893019,0.120456482320943,0.946419676621854
875,"aporte_degradada",0.313646365422397,"transferencia_degradada",0.192176817288802,0.121469548133595,0.946048456170975
876,"transferencia_degradada",0.422864864864865,"transferencia_conservada",0.228378378378378,0.194486486486486,0.860255559361577
877,"aporte_conservada",0.419122228229986,"aporte_degradada",0.226442531843096,0.19267969638689,0.858264578628693
878,"aporte_conservada",0.423211927474325,"aporte_degradada",0.228557893521202,0.194654033953122,0.853617297006164
879,"aporte_degradada",0.323643218908272,"transferencia_degradada",0.187178390545864,0.136464828362409,0.940274767874134
880,"receptora_degradada",0.412027272727273,"receptora_conservada",0.222772727272727,0.189254545454545,0.866094000217192
881,"aporte_degradada",0.313646365422397,"transferencia_degradada",0.192176817288802,0.121469548133595,0.946048456170975
882,"receptora_conservada",0.394078211478183,"receptora_degradada",0.213488730074922,0.180589481403261,0.884610547040642
883,"aporte_conservada",0.312970988213962,"transferencia_conservada",0.192514505893019,0.120456482320943,0.946419676621854
884,"receptora_degradada",0.412356781091728,"receptora_conservada",0.222943162633652,0.189413618458075,0.865736866367805
885,"aporte_degradada",0.313646365422397,"transferencia_degradada",0.192176817288802,0.121469548133595,0.946048456170975
886,"receptora_conservada",0.411262893081761,"receptora_degradada",0.222377358490566,0.188885534591195,0.866920046493034
887,"receptora_conservada",0.411262893081761,"receptora_degradada",0.222377358490566,0.188885534591195,0.866920046493034
888,"receptora_conservada",0.363056254987347,"receptora_degradada",0.197442890510697,0.16561336447665,0.912397864717158
889,"transferencia_degradada",0.315241650294695,"aporte_degradada",0.189555992141454,0.125685658153242,0.945682388037966
890,"aporte_conservada",0.367479221373784,"aporte_degradada",0.199730631745061,0.167748589628723,0.908755329366916
891,"aporte_conservada",0.373221684414327,"aporte_degradada",0.20270087124879,0.170520813165537,0.90386909935513
892,"transferencia_conservada",0.340715529430232,"transferencia_degradada",0.185887342808741,0.154828186621491,0.931618745726106
893,"transferencia_degradada",0.315241650294695,"aporte_degradada",0.189555992141454,0.125685658153242,0.945682388037966
894,"transferencia_degradada",0.315241650294695,"aporte_degradada",0.189555992141454,0.125685658153242,0.945682388037966
895,"transferencia_degradada",0.315241650294695,"aporte_degradada",0.189555992141454,0.125685658153242,0.945682388037966
896,"transferencia_degradada",0.42357327213443,"transferencia_conservada",0.228744795931602,0.194828476202828,0.85832655270491
897,"aporte_conservada",0.363904951465866,"transferencia_conservada",0.222047524267067,0.1418574271988,0.901241250763849
898,"aporte_conservada",0.362932536293766,"transferencia_conservada",0.222533731853117,0.140398804440649,0.901697307016653
899,"receptora_degradada",0.423270888302551,"receptora_conservada",0.228588390501319,0.194682497801231,0.853549573152347
