"id","runoff_network_low","runoff_network_medium","runoff_network_high","runoff_TM_low","runoff_TM_medium","runoff_TM_high","MAP_runoff_network","MAP_runoff_TM","JS_runoff","H_runoff_network","H_runoff_TM","delta_H_runoff","UREH_network_aporte_conservada","UREH_network_aporte_degradada","UREH_network_transferencia_conservada","UREH_network_transferencia_degradada","UREH_network_receptora_conservada","UREH_network_receptora_degradada","UREH_TM_aporte_conservada","UREH_TM_aporte_degradada","UREH_TM_transferencia_conservada","UREH_TM_transferencia_degradada","UREH_TM_receptora_conservada","UREH_TM_receptora_degradada","MAP_UREH_network","MAP_UREH_TM","JS_UREH","H_UREH_network","H_UREH_TM","delta_H_UREH","runoff_MAP_changed","UREH_MAP_changed"
1,0.145,0.245,0.61,0.715475507532229,0.111496354851809,0.173028137615962,"esc_alta","esc_baja",0.510314671384865,0.842982251726283,0.716983537361537,-0.125998714364745,0.45962,0.1493,0.17419,0.06535,0.10619,0.04535,0.391113578845694,0.129151052601675,0.208443210577153,0.0754244736991627,0.140443210577153,0.0554244736991627,"aporte_conservada","aporte_conservada",0.077272640213341,0.838468544093119,0.887014373852601,0.0485458297594826,TRUE,FALSE
2,0.145,0.245,0.61,0.146348589421171,0.726098260033993,0.127553150544836,"esc_alta","esc_media",0.462220566702143,0.842982251726283,0.706627746628921,-0.136354505097361,0.101925,0.062375,0.40918,0.2213,0.128895,0.076325,0.116033285913842,0.0696723892657801,0.409023563627144,0.22121908463473,0.114943150459014,0.0691085260994901,"transferencia_conservada","transferencia_conservada",0.0298736012822843,0.873816318538149,0.875250667248321,0.00143434871017178,TRUE,FALSE
3,0.145,0.245,0.61,0.203251638884401,0.664648482316832,0.132099878798767,"esc_alta","esc_media",0.443173593371234,0.842982251726283,0.78530528393214,-0.0576769677941424,0.39497,0.21395,0.151515,0.088025,0.093515,0.058025,0.363873197915033,0.197865447197431,0.167063401042483,0.0960672764012845,0.109063401042483,0.0660672764012845,"aporte_conservada","aporte_conservada",0.0413026849307691,0.883733523318399,0.911732968665579,0.0279994453471805,TRUE,FALSE
4,0.59,0.255,0.155,0.962828649138713,0.0231187669990934,0.014052583862194,"esc_baja","esc_baja",0.404754508247882,0.863571156866974,0.1670255104958,-0.696545646371175,0.153835,0.089225,0.35756,0.1946,0.128605,0.076175,0.190358567543064,0.108116500453309,0.314311876699909,0.172230281051677,0.135329555757026,0.0796532184950136,"transferencia_conservada","transferencia_conservada",0.0603376093250653,0.920735393412878,0.946105609084125,0.0253702156712471,FALSE,FALSE
5,0.145,0.245,0.61,0.717468617269771,0.109343989530561,0.173187393199667,"esc_alta","esc_baja",0.511661725325758,0.842982251726283,0.713525678819765,-0.129456572906517,0.39497,0.21395,0.151515,0.088025,0.093515,0.058025,0.336431689003934,0.183671563277897,0.180784155498033,0.103164218361052,0.122784155498033,0.0731642183610516,"aporte_conservada","aporte_conservada",0.0771511918577527,0.883733523318399,0.932126200645696,0.0483926773272971,TRUE,FALSE
6,0.59,0.255,0.155,0.962828649138713,0.0231187669990934,0.014052583862194,"esc_baja","esc_baja",0.404754508247882,0.863571156866974,0.1670255104958,-0.696545646371175,0.34277,0.18695,0.177615,0.101525,0.119615,0.071525,0.312970988213962,0.171536718041704,0.192514505893019,0.109231640979148,0.134514505893019,0.0792316409791478,"aporte_conservada","aporte_conservada",0.0387700708866424,0.927769419019908,0.946419676621854,0.0186502576019465,FALSE,FALSE
7,0.175,0.64,0.185,0.792452830188679,0.161006289308176,0.0465408805031446,"esc_media","esc_baja",0.544374692560613,0.821775145200831,0.565395563204837,-0.256379581995994,0.42868,0.1402,0.18966,0.0699,0.12166,0.0499,0.377277987421384,0.125081761006289,0.215361006289308,0.0774591194968553,0.147361006289308,0.0574591194968554,"aporte_conservada","aporte_conservada",0.0574604169767761,0.862684373854597,0.894602776782792,0.0319184029281953,TRUE,FALSE
8,0.145,0.245,0.61,0.12472731372581,0.749447142000327,0.125825544273864,"esc_alta","esc_media",0.471561630120146,0.842982251726283,0.670490685690671,-0.172491566035611,0.39497,0.21395,0.151515,0.088025,0.093515,0.058025,0.368063697371787,0.200032946916442,0.164968151314106,0.0949835265417792,0.106968151314106,0.0649835265417792,"aporte_conservada","aporte_conservada",0.0357870634465593,0.883733523318399,0.908266126298862,0.0245326029804636,TRUE,FALSE
9,0.175,0.64,0.185,0.792452830188679,0.161006289308176,0.0465408805031446,"esc_media","esc_baja",0.544374692560613,0.821775145200831,0.565395563204837,-0.256379581995994,0.36858,0.2003,0.16471,0.09485,0.10671,0.06485,0.324737106918239,0.177622641509434,0.186631446540881,0.106188679245283,0.128631446540881,0.076188679245283,"aporte_conservada","aporte_conservada",0.0572956380288462,0.907832455050351,0.939611265505845,0.0317788104554942,TRUE,FALSE
10,0.59,0.255,0.155,0.962828649138713,0.0231187669990934,0.014052583862194,"esc_baja","esc_baja",0.404754508247882,0.863571156866974,0.1670255104958,-0.696545646371175,0.34277,0.18695,0.177615,0.101525,0.119615,0.071525,0.312970988213962,0.171536718041704,0.192514505893019,0.109231640979148,0.134514505893019,0.0792316409791478,"aporte_conservada","aporte_conservada",0.0387700708866424,0.927769419019908,0.946419676621854,0.0186502576019465,FALSE,FALSE
11,0.145,0.245,0.61,0.628341706460771,0.205592413991,0.166065879548229,"esc_alta","esc_baja",0.464862212884245,0.842982251726283,0.833178752394421,-0.00980349933186175,0.39497,0.21395,0.151515,0.088025,0.093515,0.058025,0.341188002039073,0.186131725192624,0.178405998980464,0.101934137403688,0.120405998980464,0.0719341374036881,"aporte_conservada","aporte_conservada",0.0709651904450574,0.883733523318399,0.928876635225926,0.0451431119075274,TRUE,FALSE
12,0.59,0.255,0.155,0.962828649138713,0.0231187669990934,0.014052583862194,"esc_baja","esc_baja",0.404754508247882,0.863571156866974,0.1670255104958,-0.696545646371175,0.39842,0.1313,0.20479,0.07435,0.13679,0.05435,0.363483227561197,0.12102447869447,0.222258386219402,0.0794877606527652,0.154258386219402,0.0594877606527652,"aporte_conservada","aporte_conservada",0.0388676150433941,0.882710526136348,0.901439480212449,0.0187289540761008,FALSE,FALSE
13,0.175,0.64,0.185,0.792452830188679,0.161006289308176,0.0465408805031446,"esc_media","esc_baja",0.544374692560613,0.821775145200831,0.565395563204837,-0.256379581995994,0.36858,0.2003,0.16471,0.09485,0.10671,0.06485,0.324737106918239,0.177622641509434,0.186631446540881,0.106188679245283,0.128631446540881,0.076188679245283,"aporte_conservada","aporte_conservada",0.0572956380288462,0.907832455050351,0.939611265505845,0.0317788104554942,TRUE,FALSE
14,0.175,0.64,0.185,0.792452830188679,0.161006289308176,0.0465408805031446,"esc_media","esc_baja",0.544374692560613,0.821775145200831,0.565395563204837,-0.256379581995994,0.36858,0.2003,0.16471,0.09485,0.10671,0.06485,0.324737106918239,0.177622641509434,0.186631446540881,0.106188679245283,0.128631446540881,0.076188679245283,"aporte_conservada","aporte_conservada",0.0572956380288462,0.907832455050351,0.939611265505845,0.0317788104554942,TRUE,FALSE
15,0.145,0.245,0.61,0.753246753246753,0.0707070707070707,0.176046176046176,"esc_alta","esc_baja",0.539333077317295,0.842982251726283,0.643132673318336,-0.199849578407946,0.101925,0.062375,0.40918,0.2213,0.128895,0.076325,0.167427128427128,0.0962554112554113,0.338623376623377,0.184805194805195,0.133949494949495,0.0789393939393939,"transferencia_conservada","transferencia_conservada",0.109878898303866,0.873816318538149,0.933700321711608,0.0598840031734588,TRUE,FALSE
16,0.145,0.245,0.61,0.595488518756199,0.241070672200177,0.163440809043623,"esc_alta","esc_baja",0.452876030459556,0.842982251726283,0.862623854197252,0.0196416024709694,0.39497,0.21395,0.151515,0.088025,0.093515,0.058025,0.34294123283667,0.187038568708623,0.177529383581665,0.101480715645689,0.119529383581665,0.0714807156456886,"aporte_conservada","aporte_conservada",0.0686825514152539,0.883733523318399,0.927648785140559,0.0439152618221602,TRUE,FALSE
17,0.145,0.245,0.61,0.753246753246753,0.0707070707070707,0.176046176046176,"esc_alta","esc_baja",0.539333077317295,0.842982251726283,0.643132673318336,-0.199849578407946,0.45962,0.1493,0.17419,0.06535,0.10619,0.04535,0.388750360750361,0.128455988455988,0.20962481962482,0.0757720057720058,0.14162481962482,0.0557720057720058,"aporte_conservada","aporte_conservada",0.0798983474230548,0.838468544093119,0.888362504869524,0.0498939607764053,TRUE,FALSE
18,0.145,0.245,0.61,0.753246753246753,0.0707070707070707,0.176046176046176,"esc_alta","esc_baja",0.539333077317295,0.842982251726283,0.643132673318336,-0.199849578407946,0.39497,0.21395,0.151515,0.088025,0.093515,0.058025,0.334522366522366,0.182683982683983,0.181738816738817,0.103658008658009,0.123738816738817,0.0736580086580087,"aporte_conservada","aporte_conservada",0.0796319629946689,0.883733523318399,0.93339723503075,0.0496637117123515,TRUE,FALSE
19,0.145,0.245,0.61,0.753246753246753,0.0707070707070707,0.176046176046176,"esc_alta","esc_baja",0.539333077317295,0.842982251726283,0.643132673318336,-0.199849578407946,0.101925,0.062375,0.40918,0.2213,0.128895,0.076325,0.167427128427128,0.0962554112554113,0.338623376623377,0.184805194805195,0.133949494949495,0.0789393939393939,"transferencia_conservada","transferencia_conservada",0.109878898303866,0.873816318538149,0.933700321711608,0.0598840031734588,TRUE,FALSE
20,0.145,0.245,0.61,0.753246753246753,0.0707070707070707,0.176046176046176,"esc_alta","esc_baja",0.539333077317295,0.842982251726283,0.643132673318336,-0.199849578407946,0.45962,0.1493,0.17419,0.06535,0.10619,0.04535,0.388750360750361,0.128455988455988,0.20962481962482,0.0757720057720058,0.14162481962482,0.0557720057720058,"aporte_conservada","aporte_conservada",0.0798983474230548,0.838468544093119,0.888362504869524,0.0498939607764053,TRUE,FALSE
21,0.59,0.255,0.155,0.962828649138713,0.0231187669990934,0.014052583862194,"esc_baja","esc_baja",0.404754508247882,0.863571156866974,0.1670255104958,-0.696545646371175,0.17691,0.06615,0.41576,0.1364,0.14733,0.05745,0.219730734360834,0.0787443336355395,0.365055303717135,0.121486854034452,0.155213961922031,0.0597688123300091,"transferencia_conservada","transferencia_conservada",0.0604666714694373,0.875662411769104,0.901125245081153,0.0254628333120489,FALSE,FALSE
22,0.59,0.255,0.155,0.962828649138713,0.0231187669990934,0.014052583862194,"esc_baja","esc_baja",0.404754508247882,0.863571156866974,0.1670255104958,-0.696545646371175,0.17691,0.06615,0.41576,0.1364,0.14733,0.05745,0.219730734360834,0.0787443336355395,0.365055303717135,0.121486854034452,0.155213961922031,0.0597688123300091,"transferencia_conservada","transferencia_conservada",0.0604666714694373,0.875662411769104,0.901125245081153,0.0254628333120489,FALSE,FALSE
23,0.175,0.64,0.185,0.792452830188679,0.161006289308176,0.0465408805031446,"esc_media","esc_baja",0.544374692560613,0.821775145200831,0.565395563204837,-0.256379581995994,0.36858,0.2003,0.16471,0.09485,0.10671,0.06485,0.324737106918239,0.177622641509434,0.186631446540881,0.106188679245283,0.128631446540881,0.076188679245283,"aporte_conservada","aporte_conservada",0.0572956380288462,0.907832455050351,0.939611265505845,0.0317788104554942,TRUE,FALSE
24,0.175,0.64,0.185,0.792452830188679,0.161006289308176,0.0465408805031446,"esc_media","esc_baja",0.544374692560613,0.821775145200831,0.565395563204837,-0.256379581995994,0.42868,0.1402,0.18966,0.0699,0.12166,0.0499,0.377277987421384,0.125081761006289,0.215361006289308,0.0774591194968553,0.147361006289308,0.0574591194968554,"aporte_conservada","aporte_conservada",0.0574604169767761,0.862684373854597,0.894602776782792,0.0319184029281953,TRUE,FALSE
25,0.59,0.255,0.155,0.962828649138713,0.0231187669990934,0.014052583862194,"esc_baja","esc_baja",0.404754508247882,0.863571156866974,0.1670255104958,-0.696545646371175,0.094385,0.058475,0.152385,0.088475,0.39323,0.21305,0.079485494106981,0.0507683590208522,0.137485494106981,0.0807683590208522,0.423029011786038,0.228463281958296,"receptora_conservada","receptora_conservada",0.0405812408125765,0.885440595488613,0.853827266990514,-0.0316133284980998,FALSE,FALSE
26,0.63,0.235,0.135,0.968403074295474,0.020068317677199,0.0115286080273271,"esc_baja","esc_baja",0.383427959903019,0.820796482214274,0.146533027381825,-0.674263454832449,0.10517,0.04505,0.17317,0.06505,0.46166,0.1499,0.089466268146883,0.0404312553373185,0.157466268146883,0.0604312553373185,0.493067463706234,0.159137489325363,"receptora_conservada","receptora_conservada",0.0367463542418008,0.836735737969119,0.807856932855058,-0.0288788051140609,FALSE,FALSE
27,0.175,0.64,0.185,0.792452830188679,0.161006289308176,0.0465408805031446,"esc_media","esc_baja",0.544374692560613,0.821775145200831,0.565395563204837,-0.256379581995994,0.36858,0.2003,0.16471,0.09485,0.10671,0.06485,0.324737106918239,0.177622641509434,0.186631446540881,0.106188679245283,0.128631446540881,0.076188679245283,"aporte_conservada","aporte_conservada",0.0572956380288462,0.907832455050351,0.939611265505845,0.0317788104554942,TRUE,FALSE
28,0.63,0.235,0.135,0.968403074295474,0.020068317677199,0.0115286080273271,"esc_baja","esc_baja",0.383427959903019,0.820796482214274,0.146533027381825,-0.674263454832449,0.092645,0.057575,0.150645,0.087575,0.39671,0.21485,0.0792506404782237,0.0506468830059778,0.137250640478224,0.0806468830059778,0.423498719043553,0.228706233988044,"receptora_conservada","receptora_conservada",0.0365574811951748,0.882009522904832,0.853287686945143,-0.0287218359596886,FALSE,FALSE
29,0.145,0.245,0.61,0.753246753246753,0.0707070707070707,0.176046176046176,"esc_alta","esc_baja",0.539333077317295,0.842982251726283,0.643132673318336,-0.199849578407946,0.45962,0.1493,0.17419,0.06535,0.10619,0.04535,0.388750360750361,0.128455988455988,0.20962481962482,0.0757720057720058,0.14162481962482,0.0557720057720058,"aporte_conservada","aporte_conservada",0.0798983474230548,0.838468544093119,0.888362504869524,0.0498939607764053,TRUE,FALSE
30,0.175,0.64,0.185,0.282708190105075,0.691048693744354,0.0262431161505707,"esc_media","esc_media",0.241602686144123,0.821775145200831,0.644507926570021,-0.177267218630809,0.11686,0.0701,0.4057,0.2195,0.11744,0.0704,0.130834562170775,0.0773282218124698,0.393205849947811,0.213037508593695,0.115959587881414,0.0696342695938347,"transferencia_conservada","transferencia_conservada",0.0228601465412023,0.878679781883175,0.890661939446587,0.011982157563412,FALSE,FALSE
31,0.175,0.64,0.185,0.792452830188679,0.161006289308176,0.0465408805031446,"esc_media","esc_baja",0.544374692560613,0.821775145200831,0.565395563204837,-0.256379581995994,0.10729,0.06515,0.16529,0.09515,0.36742,0.1997,0.0853685534591195,0.053811320754717,0.14336855345912,0.083811320754717,0.411262893081761,0.222377358490566,"receptora_conservada","receptora_conservada",0.0586831984030795,0.908804794812016,0.866920046493034,-0.0418847483189829,TRUE,FALSE
32,0.145,0.245,0.61,0.10782666441727,0.767698205046719,0.12447513053601,"esc_alta","esc_media",0.479884294602282,0.842982251726283,0.639411151780664,-0.203571099945619,0.101925,0.062375,0.40918,0.2213,0.128895,0.076325,0.112771141018758,0.067985072940737,0.413492106927597,0.223530400134964,0.113736752053645,0.0684845269242992,"transferencia_conservada","transferencia_conservada",0.0281418570976862,0.873816318538149,0.870546265613048,-0.00327005292510096,TRUE,FALSE
33,0.59,0.255,0.155,0.962828649138713,0.0231187669990934,0.014052583862194,"esc_baja","esc_baja",0.404754508247882,0.863571156866974,0.1670255104958,-0.696545646371175,0.153835,0.089225,0.35756,0.1946,0.128605,0.076175,0.190358567543064,0.108116500453309,0.314311876699909,0.172230281051677,0.135329555757026,0.0796532184950136,"transferencia_conservada","transferencia_conservada",0.0603376093250653,0.920735393412878,0.946105609084125,0.0253702156712471,FALSE,FALSE
34,0.54,0.28,0.18,0.954813359528487,0.0275049115913556,0.0176817288801572,"esc_baja","esc_baja",0.429976594528833,0.908268214242105,0.195096679720355,-0.71317153452175,0.0596,0.09656,0.0896,0.15456,0.2108,0.38888,0.0509430255402751,0.0798231827111984,0.0809430255402751,0.137823182711198,0.22811394891945,0.422353634577603,"receptora_degradada","receptora_degradada",0.0454691120398647,0.889634547353356,0.854600815359022,-0.0350337319943343,FALSE,FALSE
35,0.54,0.28,0.18,0.954813359528487,0.0275049115913556,0.0176817288801572,"esc_baja","esc_baja",0.429976594528833,0.908268214242105,0.195096679720355,-0.71317153452175,0.0596,0.09656,0.0896,0.15456,0.2108,0.38888,0.0509430255402751,0.0798231827111984,0.0809430255402751,0.137823182711198,0.22811394891945,0.422353634577603,"receptora_degradada","receptora_degradada",0.0454691120398647,0.889634547353356,0.854600815359022,-0.0350337319943343,FALSE,FALSE
36,0.54,0.28,0.18,0.954813359528487,0.0275049115913556,0.0176817288801572,"esc_baja","esc_baja",0.429976594528833,0.908268214242105,0.195096679720355,-0.71317153452175,0.0596,0.09656,0.0896,0.15456,0.2108,0.38888,0.0509430255402751,0.0798231827111984,0.0809430255402751,0.137823182711198,0.22811394891945,0.422353634577603,"receptora_degradada","receptora_degradada",0.0454691120398647,0.889634547353356,0.854600815359022,-0.0350337319943343,FALSE,FALSE
37,0.59,0.255,0.155,0.962828649138713,0.0231187669990934,0.014052583862194,"esc_baja","esc_baja",0.404754508247882,0.863571156866974,0.1670255104958,-0.696545646371175,0.34277,0.18695,0.177615,0.101525,0.119615,0.071525,0.312970988213962,0.171536718041704,0.192514505893019,0.109231640979148,0.134514505893019,0.0792316409791478,"aporte_conservada","aporte_conservada",0.0387700708866424,0.927769419019908,0.946419676621854,0.0186502576019465,FALSE,FALSE
38,0.175,0.64,0.185,0.792452830188679,0.161006289308176,0.0465408805031446,"esc_media","esc_baja",0.544374692560613,0.821775145200831,0.565395563204837,-0.256379581995994,0.36858,0.2003,0.16471,0.09485,0.10671,0.06485,0.324737106918239,0.177622641509434,0.186631446540881,0.106188679245283,0.128631446540881,0.076188679245283,"aporte_conservada","aporte_conservada",0.0572956380288462,0.907832455050351,0.939611265505845,0.0317788104554942,TRUE,FALSE
39,0.54,0.28,0.18,0.954813359528487,0.0275049115913556,0.0176817288801572,"esc_baja","esc_baja",0.429976594528833,0.908268214242105,0.195096679720355,-0.71317153452175,0.0596,0.09656,0.0896,0.15456,0.2108,0.38888,0.0509430255402751,0.0798231827111984,0.0809430255402751,0.137823182711198,0.22811394891945,0.422353634577603,"receptora_degradada","receptora_degradada",0.0454691120398647,0.889634547353356,0.854600815359022,-0.0350337319943343,FALSE,FALSE
40,0.59,0.255,0.155,0.962828649138713,0.0231187669990934,0.014052583862194,"esc_baja","esc_baja",0.404754508247882,0.863571156866974,0.1670255104958,-0.696545646371175,0.153835,0.089225,0.35756,0.1946,0.128605,0.076175,0.190358567543064,0.108116500453309,0.314311876699909,0.172230281051677,0.135329555757026,0.0796532184950136,"transferencia_conservada","transferencia_conservada",0.0603376093250653,0.920735393412878,0.946105609084125,0.0253702156712471,FALSE,FALSE
41,0.54,0.28,0.18,0.954813359528487,0.0275049115913556,0.0176817288801572,"esc_baja","esc_baja",0.429976594528833,0.908268214242105,0.195096679720355,-0.71317153452175,0.0866,0.14876,0.1976,0.36336,0.0758,0.12788,0.10770137524558,0.189555992141454,0.172711198428291,0.315241650294695,0.0795874263261297,0.135202357563851,"transferencia_degradada","transferencia_degradada",0.0674465451320244,0.916484382195692,0.945682388037966,0.0291980058422748,FALSE,FALSE
42,0.155,0.255,0.59,0.0290534208059981,0.860356138706654,0.110590440487348,"esc_alta","esc_media",0.537748388647027,0.863571156866974,0.433024154544496,-0.430547002322479,0.103375,0.063125,0.40802,0.2207,0.128605,0.076175,0.106320524835989,0.0646485473289597,0.422629803186504,0.22825679475164,0.111049671977507,0.0670946579194002,"transferencia_conservada","transferencia_conservada",0.0288440675815534,0.875185242956966,0.860538023241762,-0.0146472197152043,TRUE,FALSE
43,0.145,0.245,0.61,0.0152733928983086,0.158472368202258,0.826254238899434,"esc_alta","esc_alta",0.249591919981464,0.842982251726283,0.467402942653877,-0.375579309072405,0.120485,0.071975,0.178485,0.101975,0.34103,0.18605,0.130518444534033,0.0771647126900169,0.188518444534033,0.107164712690017,0.320963110931935,0.175670574619966,"receptora_conservada","receptora_conservada",0.0261170649257364,0.928986494653445,0.941873940283134,0.0128874456296886,FALSE,FALSE
44,0.175,0.64,0.185,0.478781114959852,0.48716824780614,0.0340506372340086,"esc_media","esc_media",0.318867119540376,0.821775145200831,0.744631081084942,-0.0771440641158886,0.36858,0.2003,0.16471,0.09485,0.10671,0.06485,0.342205632291901,0.186658085668225,0.177897183854049,0.101670957165888,0.119897183854049,0.0716709571658876,"aporte_conservada","aporte_conservada",0.0345685034158498,0.907832455050351,0.928165923672456,0.0203334686221047,FALSE,FALSE
45,0.145,0.245,0.61,0.150334150601833,0.721794240285665,0.127871609112502,"esc_alta","esc_media",0.460640521529148,0.842982251726283,0.712881576622492,-0.130100675103791,0.120485,0.071975,0.178485,0.101975,0.34103,0.18605,0.106348586296809,0.06466306187766,0.164348586296809,0.0946630618776601,0.369302827406381,0.20067387624468,"receptora_conservada","receptora_conservada",0.0370542117945862,0.928986494653445,0.907222901039387,-0.0217635936140583,TRUE,FALSE
46,0.2025,0.55,0.2475,0.820483961733258,0.123804164321891,0.0557118739448509,"esc_media","esc_baja",0.544665325676038,0.908237865329521,0.529619796176323,-0.378618069153197,0.0704,0.11744,0.21785,0.40251,0.07175,0.12005,0.101086100168824,0.176766460326393,0.180770962296005,0.330823860438942,0.0781429375351716,0.132409679234665,"transferencia_degradada","transferencia_degradada",0.102125715007622,0.881901499538298,0.937663333410568,0.0557618338722703,TRUE,FALSE
47,0.155,0.255,0.59,0.615139290178655,0.233223213165215,0.15163749665613,"esc_alta","esc_baja",0.454197663026285,0.863571156866974,0.841466275890629,-0.0221048809763449,0.103375,0.063125,0.40802,0.2207,0.128605,0.076175,0.156119630842515,0.0904067056081975,0.354643842339276,0.193091642589281,0.129236526818209,0.0765016518025218,"transferencia_conservada","transferencia_conservada",0.0875540282952745,0.875185242956966,0.922831558728245,0.0476463157712791,TRUE,FALSE
48,0.135,0.235,0.63,0.027027027027027,0.846846846846847,0.126126126126126,"esc_alta","esc_media",0.541305574247255,0.820796482214274,0.454672721374376,-0.366123760839898,0.072425,0.121355,0.102425,0.179355,0.18515,0.33929,0.0664864864864865,0.109873873873874,0.0964864864864865,0.167873873873874,0.197027027027027,0.362252252252252,"receptora_degradada","receptora_degradada",0.0300409503312919,0.930187634168388,0.913048741375168,-0.0171388927932198,TRUE,FALSE
49,0.59,0.255,0.155,0.962828649138713,0.0231187669990934,0.014052583862194,"esc_baja","esc_baja",0.404754508247882,0.863571156866974,0.1670255104958,-0.696545646371175,0.18695,0.34277,0.101525,0.177615,0.071525,0.119615,0.171536718041704,0.312970988213962,0.109231640979148,0.192514505893019,0.0792316409791478,0.134514505893019,"aporte_degradada","aporte_degradada",0.0387700708866424,0.927769419019908,0.946419676621854,0.0186502576019465,FALSE,FALSE
50,0.145,0.245,0.61,0.0280735721200387,0.853823814133592,0.11810261374637,"esc_alta","esc_media",0.539649333999364,0.842982251726283,0.443765212253567,-0.399217039472716,0.101925,0.062375,0.40918,0.2213,0.128895,0.076325,0.106017424975799,0.0644917715392062,0.422743465634076,0.228315585672798,0.111239109390126,0.0671926427879961,"transferencia_conservada","transferencia_conservada",0.0289724140429909,0.873816318538149,0.860401964033812,-0.0134143545043375,TRUE,FALSE
51,0.145,0.245,0.61,0.276503638972591,0.585543422654513,0.137952938372896,"esc_alta","esc_media",0.427750877194368,0.842982251726283,0.857544326083672,0.0145620743573892,0.39497,0.21395,0.151515,0.088025,0.093515,0.058025,0.359964059365218,0.195843478982009,0.169017970317391,0.0970782605089954,0.111017970317391,0.0670782605089954,"aporte_conservada","aporte_conservada",0.0464364844787892,0.883733523318399,0.914882226656545,0.0311487033381461,TRUE,FALSE
52,0.175,0.64,0.185,0.544407991728997,0.418928143206611,0.0366638650643925,"esc_media","esc_baja",0.35731855185701,0.821775145200831,0.743420610529593,-0.0783545346712379,0.10729,0.06515,0.16529,0.09515,0.36742,0.1997,0.0922754203267265,0.0573838381000309,0.150275420326726,0.0873838381000309,0.397449159346547,0.215232323799938,"receptora_conservada","receptora_conservada",0.0399690039621043,0.908804794812016,0.881272024387433,-0.0275327704245837,TRUE,FALSE
53,0.135,0.235,0.63,0.220058862672178,0.636134633713753,0.143806503614069,"esc_alta","esc_media",0.442176554575534,0.820796482214274,0.819008438813676,-0.00178804340059846,0.21485,0.39671,0.087575,0.150645,0.057575,0.092645,0.197712429228257,0.36357736317463,0.0961437853858716,0.167211318412685,0.0661437853858716,0.109211318412685,"aporte_degradada","aporte_degradada",0.0440302786314289,0.882009522904832,0.911974156296444,0.029964633391612,TRUE,FALSE
54,0.145,0.245,0.61,0.753246753246753,0.0707070707070707,0.176046176046176,"esc_alta","esc_baja",0.539333077317295,0.842982251726283,0.643132673318336,-0.199849578407946,0.101925,0.062375,0.40918,0.2213,0.128895,0.076325,0.167427128427128,0.0962554112554113,0.338623376623377,0.184805194805195,0.133949494949495,0.0789393939393939,"transferencia_conservada","transferencia_conservada",0.109878898303866,0.873816318538149,0.933700321711608,0.0598840031734588,TRUE,FALSE
55,0.54,0.28,0.18,0.954813359528487,0.0275049115913556,0.0176817288801572,"esc_baja","esc_baja",0.429976594528833,0.908268214242105,0.195096679720355,-0.71317153452175,0.0866,0.14876,0.1976,0.36336,0.0758,0.12788,0.10770137524558,0.189555992141454,0.172711198428291,0.315241650294695,0.0795874263261297,0.135202357563851,"transferencia_degradada","transferencia_degradada",0.0674465451320244,0.916484382195692,0.945682388037966,0.0291980058422748,FALSE,FALSE
56,0.145,0.245,0.61,0.753246753246753,0.0707070707070707,0.176046176046176,"esc_alta","esc_baja",0.539333077317295,0.842982251726283,0.643132673318336,-0.199849578407946,0.101925,0.062375,0.40918,0.2213,0.128895,0.076325,0.167427128427128,0.0962554112554113,0.338623376623377,0.184805194805195,0.133949494949495,0.0789393939393939,"transferencia_conservada","transferencia_conservada",0.109878898303866,0.873816318538149,0.933700321711608,0.0598840031734588,TRUE,FALSE
57,0.54,0.28,0.18,0.954813359528487,0.0275049115913556,0.0176817288801572,"esc_baja","esc_baja",0.429976594528833,0.908268214242105,0.195096679720355,-0.71317153452175,0.0866,0.14876,0.1976,0.36336,0.0758,0.12788,0.10770137524558,0.189555992141454,0.172711198428291,0.315241650294695,0.0795874263261297,0.135202357563851,"transferencia_degradada","transferencia_degradada",0.0674465451320244,0.916484382195692,0.945682388037966,0.0291980058422748,FALSE,FALSE
58,0.61,0.245,0.145,0.965699208443272,0.0215479331574318,0.0127528583992964,"esc_baja","esc_baja",0.394224041935883,0.842982251726282,0.156582359929188,-0.686399891797095,0.34103,0.18605,0.178485,0.101975,0.120485,0.071975,0.312729111697449,0.171411609498681,0.192635444151275,0.10929419525066,0.134635444151275,0.0792941952506596,"aporte_conservada","aporte_conservada",0.0368157900309134,0.928986494653445,0.946552043807644,0.0175655491541987,FALSE,FALSE
59,0.145,0.245,0.61,0.0280735721200387,0.853823814133592,0.11810261374637,"esc_alta","esc_media",0.539649333999364,0.842982251726283,0.443765212253567,-0.399217039472716,0.39497,0.21395,0.151515,0.088025,0.093515,0.058025,0.373221684414327,0.20270087124879,0.162389157792836,0.093649564375605,0.104389157792836,0.063649564375605,"aporte_conservada","aporte_conservada",0.0289790644950852,0.883733523318399,0.90386909935513,0.0201355760367312,TRUE,FALSE
60,0.59,0.255,0.155,0.962828649138713,0.0231187669990934,0.014052583862194,"esc_baja","esc_baja",0.404754508247882,0.863571156866974,0.1670255104958,-0.696545646371175,0.094385,0.058475,0.152385,0.088475,0.39323,0.21305,0.079485494106981,0.0507683590208522,0.137485494106981,0.0807683590208522,0.423029011786038,0.228463281958296,"receptora_conservada","receptora_conservada",0.0405812408125765,0.885440595488613,0.853827266990514,-0.0316133284980998,FALSE,FALSE
61,0.135,0.235,0.63,0.027027027027027,0.846846846846847,0.126126126126126,"esc_alta","esc_media",0.541305574247255,0.820796482214274,0.454672721374376,-0.366123760839898,0.061625,0.100475,0.2219,0.41034,0.076475,0.129185,0.0643243243243243,0.105693693693694,0.228378378378378,0.422864864864865,0.0672972972972973,0.111441441441441,"transferencia_degradada","transferencia_degradada",0.0292202565453718,0.872427575940594,0.860255559361577,-0.0121720165790167,TRUE,FALSE
62,0.135,0.235,0.63,0.157522494857175,0.704398899136934,0.138078606005891,"esc_alta","esc_media",0.460656789838714,0.820796482214274,0.738518996551129,-0.0822774856631455,0.072425,0.121355,0.102425,0.179355,0.18515,0.33929,0.0647083416672307,0.106436127223313,0.0947083416672307,0.164436127223313,0.200583316665538,0.369127745553374,"receptora_degradada","receptora_degradada",0.0390907586141764,0.930187634168388,0.907370804293576,-0.0228168298748115,TRUE,FALSE
63,0.135,0.235,0.63,0.0148749220547608,0.198580757545742,0.786544320399497,"esc_alta","esc_alta",0.217549787464243,0.820796482214274,0.52108156305578,-0.299714919158495,0.21485,0.39671,0.087575,0.150645,0.057575,0.092645,0.223150081950342,0.412756825103995,0.083424959024829,0.142621587448003,0.053424959024829,0.0846215874480026,"aporte_degradada","aporte_degradada",0.0217712311459595,0.882009522904832,0.865302438399405,-0.0167070845054261,FALSE,FALSE
64,0.54,0.28,0.18,0.954813359528487,0.0275049115913556,0.0176817288801572,"esc_baja","esc_baja",0.429976594528833,0.908268214242105,0.195096679720355,-0.71317153452175,0.0866,0.14876,0.1976,0.36336,0.0758,0.12788,0.10770137524558,0.189555992141454,0.172711198428291,0.315241650294695,0.0795874263261297,0.135202357563851,"transferencia_degradada","transferencia_degradada",0.0674465451320244,0.916484382195692,0.945682388037966,0.0291980058422748,FALSE,FALSE
65,0.145,0.245,0.61,0.589272271912267,0.247783616240927,0.162944111846807,"esc_alta","esc_baja",0.450858754177315,0.842982251726283,0.867450253711876,0.0244680019855937,0.120485,0.071975,0.178485,0.101975,0.34103,0.18605,0.0946364833581017,0.0586050775990181,0.152636483358102,0.0886050775990181,0.392727033283797,0.212789844801964,"receptora_conservada","receptora_conservada",0.0681651290072787,0.928986494653445,0.885930897479391,-0.0430555971740545,TRUE,FALSE
66,0.54,0.28,0.18,0.954813359528487,0.0275049115913556,0.0176817288801572,"esc_baja","esc_baja",0.429976594528833,0.908268214242105,0.195096679720355,-0.71317153452175,0.1892,0.34712,0.1004,0.17544,0.0704,0.11744,0.17188605108055,0.313646365422397,0.109056974459725,0.192176817288802,0.079056974459725,0.134176817288802,"aporte_degradada","aporte_degradada",0.0435684519592026,0.924656908219664,0.946048456170975,0.0213915479513115,FALSE,FALSE
67,0.2025,0.55,0.2475,0.496933258440149,0.460200782427266,0.0428659591325852,"esc_media","esc_baja",0.326376355963287,0.908237865329521,0.764307372199008,-0.143930493130513,0.20135,0.37061,0.094325,0.163695,0.064325,0.105695,0.186377981020773,0.341664096640161,0.101811009489613,0.178167951679919,0.0718110094896135,0.120167951679919,"aporte_degradada","aporte_degradada",0.0379520708014593,0.906113423686927,0.928544810189832,0.0224313865029057,TRUE,FALSE
68,0.135,0.235,0.63,0.027027027027027,0.846846846846847,0.126126126126126,"esc_alta","esc_media",0.541305574247255,0.820796482214274,0.454672721374376,-0.366123760839898,0.21485,0.39671,0.087575,0.150645,0.057575,0.092645,0.202972972972973,0.373747747747748,0.0935135135135135,0.162126126126126,0.0635135135135135,0.104126126126126,"aporte_degradada","aporte_degradada",0.0306231509013415,0.882009522904832,0.903412568525205,0.0214030456203739,TRUE,FALSE
69,0.145,0.245,0.61,0.5112527922865,0.332037091684451,0.156710116029049,"esc_alta","esc_baja",0.431445281201556,0.842982251726283,0.909791917906242,0.0668096661799598,0.120485,0.071975,0.178485,0.101975,0.34103,0.18605,0.0967182623885339,0.0596818598561382,0.154718262388534,0.0896818598561382,0.388563475222932,0.210636280287724,"receptora_conservada","receptora_conservada",0.0625993567926191,0.928986494653445,0.889935621209399,-0.0390508734440467,TRUE,FALSE
70,0.175,0.64,0.185,0.792452830188679,0.161006289308176,0.0465408805031446,"esc_media","esc_baja",0.544374692560613,0.821775145200831,0.565395563204837,-0.256379581995994,0.36858,0.2003,0.16471,0.09485,0.10671,0.06485,0.324737106918239,0.177622641509434,0.186631446540881,0.106188679245283,0.128631446540881,0.076188679245283,"aporte_conservada","aporte_conservada",0.0572956380288462,0.907832455050351,0.939611265505845,0.0317788104554942,TRUE,FALSE
71,0.54,0.28,0.18,0.954813359528487,0.0275049115913556,0.0176817288801572,"esc_baja","esc_baja",0.429976594528833,0.908268214242105,0.195096679720355,-0.71317153452175,0.1892,0.34712,0.1004,0.17544,0.0704,0.11744,0.17188605108055,0.313646365422397,0.109056974459725,0.192176817288802,0.079056974459725,0.134176817288802,"aporte_degradada","aporte_degradada",0.0435684519592026,0.924656908219664,0.946048456170975,0.0213915479513115,FALSE,FALSE
72,0.175,0.64,0.185,0.792452830188679,0.161006289308176,0.0465408805031446,"esc_media","esc_baja",0.544374692560613,0.821775145200831,0.565395563204837,-0.256379581995994,0.36858,0.2003,0.16471,0.09485,0.10671,0.06485,0.324737106918239,0.177622641509434,0.186631446540881,0.106188679245283,0.128631446540881,0.076188679245283,"aporte_conservada","aporte_conservada",0.0572956380288462,0.907832455050351,0.939611265505845,0.0317788104554942,TRUE,FALSE
73,0.135,0.235,0.63,0.027027027027027,0.846846846846847,0.126126126126126,"esc_alta","esc_media",0.541305574247255,0.820796482214274,0.454672721374376,-0.366123760839898,0.21485,0.39671,0.087575,0.150645,0.057575,0.092645,0.202972972972973,0.373747747747748,0.0935135135135135,0.162126126126126,0.0635135135135135,0.104126126126126,"aporte_degradada","aporte_degradada",0.0306231509013415,0.882009522904832,0.903412568525205,0.0214030456203739,TRUE,FALSE
74,0.175,0.64,0.185,0.792452830188679,0.161006289308176,0.0465408805031446,"esc_media","esc_baja",0.544374692560613,0.821775145200831,0.565395563204837,-0.256379581995994,0.10729,0.06515,0.16529,0.09515,0.36742,0.1997,0.0853685534591195,0.053811320754717,0.14336855345912,0.083811320754717,0.411262893081761,0.222377358490566,"receptora_conservada","receptora_conservada",0.0586831984030795,0.908804794812016,0.866920046493034,-0.0418847483189829,TRUE,FALSE
75,0.145,0.245,0.61,0.753246753246753,0.0707070707070707,0.176046176046176,"esc_alta","esc_baja",0.539333077317295,0.842982251726283,0.643132673318336,-0.199849578407946,0.120485,0.071975,0.178485,0.101975,0.34103,0.18605,0.0902611832611833,0.0563419913419913,0.148261183261183,0.0863419913419913,0.401477633477633,0.217316017316017,"receptora_conservada","receptora_conservada",0.0799224868385207,0.928986494653445,0.877198558299002,-0.0517879363544431,TRUE,FALSE
76,0.135,0.235,0.63,0.132894049151892,0.731283139672927,0.135822811175181,"esc_alta","esc_media",0.470329285696874,0.820796482214274,0.699266520967103,-0.121529961247171,0.21485,0.39671,0.087575,0.150645,0.057575,0.092645,0.200087862860699,0.368169868197351,0.0949560685696507,0.164915065901325,0.0649560685696507,0.106915065901325,"aporte_degradada","aporte_degradada",0.0379863297499202,0.882009522904832,0.908177064696152,0.02616754179132,TRUE,FALSE
77,0.185,0.62,0.195,0.803377563329312,0.149577804583836,0.0470446320868516,"esc_media","esc_baja",0.544880687004133,0.844090741204695,0.549667852361108,-0.294422888843587,0.10729,0.06515,0.16529,0.09515,0.36742,0.1997,0.0850663449939686,0.0536550060313631,0.143066344993969,0.0836550060313631,0.411867310012063,0.222689987937274,"receptora_conservada","receptora_conservada",0.0595078137548076,0.908804794812016,0.86626714745867,-0.0425376473533461,TRUE,FALSE
78,0.145,0.245,0.61,0.454407714573041,0.393424265531153,0.152168019895806,"esc_alta","esc_baja",0.423410642278894,0.842982251726283,0.921097105251209,0.078114853524926,0.101925,0.062375,0.40918,0.2213,0.128895,0.076325,0.142120598590876,0.0831658268573498,0.373288705109527,0.202735537125618,0.124590696299597,0.0740986360170327,"transferencia_conservada","transferencia_conservada",0.0663255672597733,0.873816318538149,0.908498097566449,0.0346817790282999,TRUE,FALSE
79,0.59,0.255,0.155,0.962828649138713,0.0231187669990934,0.014052583862194,"esc_baja","esc_baja",0.404754508247882,0.863571156866974,0.1670255104958,-0.696545646371175,0.10721,0.04565,0.17521,0.06565,0.45758,0.1487,0.0897416137805984,0.0405122393472348,0.157741613780598,0.0605122393472348,0.492516772438803,0.15897552130553,"receptora_conservada","receptora_conservada",0.0407865571981437,0.840184273140149,0.808399656748307,-0.0317846163918419,FALSE,FALSE
80,0.2025,0.55,0.2475,0.820483961733258,0.123804164321891,0.0557118739448509,"esc_media","esc_baja",0.544665325676038,0.908237865329521,0.529619796176323,-0.378618069153197,0.065675,0.108305,0.095675,0.166305,0.19865,0.36539,0.0535284186831739,0.0848216094541362,0.0835284186831739,0.142821609454136,0.222943162633652,0.412356781091728,"receptora_degradada","receptora_degradada",0.062845837268308,0.910488986186234,0.865736866367805,-0.0447521198184293,TRUE,FALSE
81,0.175,0.64,0.185,0.792452830188679,0.161006289308176,0.0465408805031446,"esc_media","esc_baja",0.544374692560613,0.821775145200831,0.565395563204837,-0.256379581995994,0.11686,0.0701,0.4057,0.2195,0.11744,0.0704,0.174593710691824,0.0999622641509434,0.334075471698113,0.182452830188679,0.131330817610063,0.0775849056603774,"transferencia_conservada","transferencia_conservada",0.100982377614564,0.878679781883175,0.93569836589839,0.0570185840152148,TRUE,FALSE
82,0.59,0.255,0.155,0.962828649138713,0.0231187669990934,0.014052583862194,"esc_baja","esc_baja",0.404754508247882,0.863571156866974,0.1670255104958,-0.696545646371175,0.094385,0.058475,0.152385,0.088475,0.39323,0.21305,0.079485494106981,0.0507683590208522,0.137485494106981,0.0807683590208522,0.423029011786038,0.228463281958296,"receptora_conservada","receptora_conservada",0.0405812408125765,0.885440595488613,0.853827266990514,-0.0316133284980998,FALSE,FALSE
83,0.145,0.245,0.61,0.753246753246753,0.0707070707070707,0.176046176046176,"esc_alta","esc_baja",0.539333077317295,0.842982251726283,0.643132673318336,-0.199849578407946,0.39497,0.21395,0.151515,0.088025,0.093515,0.058025,0.334522366522366,0.182683982683983,0.181738816738817,0.103658008658009,0.123738816738817,0.0736580086580087,"aporte_conservada","aporte_conservada",0.0796319629946689,0.883733523318399,0.93339723503075,0.0496637117123515,TRUE,FALSE
84,0.59,0.255,0.155,0.962828649138713,0.0231187669990934,0.014052583862194,"esc_baja","esc_baja",0.404754508247882,0.863571156866974,0.1670255104958,-0.696545646371175,0.18695,0.34277,0.101525,0.177615,0.071525,0.119615,0.171536718041704,0.312970988213962,0.109231640979148,0.192514505893019,0.0792316409791478,0.134514505893019,"aporte_degradada","aporte_degradada",0.0387700708866424,0.927769419019908,0.946419676621854,0.0186502576019465,FALSE,FALSE
85,0.54,0.28,0.18,0.954813359528487,0.0275049115913556,0.0176817288801572,"esc_baja","esc_baja",0.429976594528833,0.908268214242105,0.195096679720355,-0.71317153452175,0.0596,0.09656,0.0896,0.15456,0.2108,0.38888,0.0509430255402751,0.0798231827111984,0.0809430255402751,0.137823182711198,0.22811394891945,0.422353634577603,"receptora_degradada","receptora_degradada",0.0454691120398647,0.889634547353356,0.854600815359022,-0.0350337319943343,FALSE,FALSE
86,0.59,0.255,0.155,0.962828649138713,0.0231187669990934,0.014052583862194,"esc_baja","esc_baja",0.404754508247882,0.863571156866974,0.1670255104958,-0.696545646371175,0.094385,0.058475,0.152385,0.088475,0.39323,0.21305,0.079485494106981,0.0507683590208522,0.137485494106981,0.0807683590208522,0.423029011786038,0.228463281958296,"receptora_conservada","receptora_conservada",0.0405812408125765,0.885440595488613,0.853827266990514,-0.0316133284980998,FALSE,FALSE
87,0.145,0.245,0.61,0.753246753246753,0.0707070707070707,0.176046176046176,"esc_alta","esc_baja",0.539333077317295,0.842982251726283,0.643132673318336,-0.199849578407946,0.120485,0.071975,0.178485,0.101975,0.34103,0.18605,0.0902611832611833,0.0563419913419913,0.148261183261183,0.0863419913419913,0.401477633477633,0.217316017316017,"receptora_conservada","receptora_conservada",0.0799224868385207,0.928986494653445,0.877198558299002,-0.0517879363544431,TRUE,FALSE
88,0.2025,0.55,0.2475,0.820483961733258,0.123804164321891,0.0557118739448509,"esc_media","esc_baja",0.544665325676038,0.908237865329521,0.529619796176323,-0.378618069153197,0.20135,0.37061,0.094325,0.163695,0.064325,0.105695,0.177056837366348,0.323643218908272,0.106471581316826,0.187178390545864,0.0764715813168261,0.129178390545864,"aporte_degradada","aporte_degradada",0.0613913193586133,0.906113423686927,0.940274767874134,0.034161344187207,TRUE,FALSE
89,0.185,0.64,0.175,0.803377563329313,0.154402895054282,0.0422195416164053,"esc_media","esc_baja",0.544880687004133,0.821775145200831,0.54428411388008,-0.277491031320751,0.06485,0.10671,0.09485,0.16471,0.2003,0.36858,0.0535826296743064,0.0849264173703257,0.0835826296743064,0.142926417370326,0.222834740651387,0.412147165259349,"receptora_degradada","receptora_degradada",0.0583626657407218,0.907832455050351,0.865964128793933,-0.0418683262564181,TRUE,FALSE
90,0.175,0.64,0.185,0.792452830188679,0.161006289308176,0.0465408805031446,"esc_media","esc_baja",0.544374692560613,0.821775145200831,0.565395563204837,-0.256379581995994,0.42868,0.1402,0.18966,0.0699,0.12166,0.0499,0.377277987421384,0.125081761006289,0.215361006289308,0.0774591194968553,0.147361006289308,0.0574591194968554,"aporte_conservada","aporte_conservada",0.0574604169767761,0.862684373854597,0.894602776782792,0.0319184029281953,TRUE,FALSE
91,0.59,0.255,0.155,0.962828649138713,0.0231187669990934,0.014052583862194,"esc_baja","esc_baja",0.404754508247882,0.863571156866974,0.1670255104958,-0.696545646371175,0.39842,0.1313,0.20479,0.07435,0.13679,0.05435,0.363483227561197,0.12102447869447,0.222258386219402,0.0794877606527652,0.154258386219402,0.0594877606527652,"aporte_conservada","aporte_conservada",0.0388676150433941,0.882710526136348,0.901439480212449,0.0187289540761008,FALSE,FALSE
92,0.175,0.64,0.185,0.792452830188679,0.161006289308176,0.0465408805031446,"esc_media","esc_baja",0.544374692560613,0.821775145200831,0.565395563204837,-0.256379581995994,0.10729,0.06515,0.16529,0.09515,0.36742,0.1997,0.0853685534591195,0.053811320754717,0.14336855345912,0.083811320754717,0.411262893081761,0.222377358490566,"receptora_conservada","receptora_conservada",0.0586831984030795,0.908804794812016,0.866920046493034,-0.0418847483189829,TRUE,FALSE
93,0.2025,0.55,0.2475,0.310937866011095,0.653580739137279,0.0354813948516259,"esc_media","esc_media",0.275627844368843,0.908237865329521,0.691463301610074,-0.216774563719446,0.20135,0.37061,0.094325,0.163695,0.064325,0.105695,0.191736305865216,0.352023524672751,0.099131847067392,0.172988237663625,0.069131847067392,0.114988237663625,"aporte_degradada","aporte_degradada",0.0244235956508093,0.906113423686927,0.921028475206317,0.0149150515193899,FALSE,FALSE
94,0.63,0.235,0.135,0.968403074295474,0.020068317677199,0.0115286080273271,"esc_baja","esc_baja",0.383427959903019,0.820796482214274,0.146533027381825,-0.674263454832449,0.10517,0.04505,0.17317,0.06505,0.46166,0.1499,0.089466268146883,0.0404312553373185,0.157466268146883,0.0604312553373185,0.493067463706234,0.159137489325363,"receptora_conservada","receptora_conservada",0.0367463542418008,0.836735737969119,0.807856932855058,-0.0288788051140609,FALSE,FALSE
95,0.2475,0.55,0.2025,0.85549687950072,0.105616898703793,0.0388862217954873,"esc_media","esc_baja",0.539196124569531,0.908237865329521,0.452578216613571,-0.45565964871595,0.12047,0.04955,0.18847,0.06955,0.43106,0.1409,0.0942352376380221,0.0418338934229477,0.162235237638022,0.0618338934229477,0.483529524723956,0.156332213154105,"receptora_conservada","receptora_conservada",0.0603470027463483,0.860957358448831,0.817070616296865,-0.0438867421519659,TRUE,FALSE
96,0.59,0.255,0.155,0.962828649138713,0.0231187669990934,0.014052583862194,"esc_baja","esc_baja",0.404754508247882,0.863571156866974,0.1670255104958,-0.696545646371175,0.39842,0.1313,0.20479,0.07435,0.13679,0.05435,0.363483227561197,0.12102447869447,0.222258386219402,0.0794877606527652,0.154258386219402,0.0594877606527652,"aporte_conservada","aporte_conservada",0.0388676150433941,0.882710526136348,0.901439480212449,0.0187289540761008,FALSE,FALSE
97,0.145,0.245,0.61,0.753246753246753,0.0707070707070707,0.176046176046176,"esc_alta","esc_baja",0.539333077317295,0.842982251726283,0.643132673318336,-0.199849578407946,0.13781,0.05465,0.20581,0.07465,0.39638,0.1307,0.10237518037518,0.0442279942279942,0.17037518037518,0.0642279942279942,0.467249639249639,0.151544011544012,"receptora_conservada","receptora_conservada",0.0802055986461761,0.883932861298583,0.831899857111303,-0.0520330041872802,TRUE,FALSE
98,0.145,0.245,0.61,0.0821197570006936,0.795459173245182,0.122421069754124,"esc_alta","esc_media",0.494676858031013,0.842982251726283,0.586570652354213,-0.256411599372069,0.39497,0.21395,0.151515,0.088025,0.093515,0.058025,0.370337476139699,0.201209039382603,0.16383126193015,0.0943954803086985,0.10583126193015,0.0643954803086985,"aporte_conservada","aporte_conservada",0.0327885903938587,0.883733523318399,0.906345491645356,0.022611968326957,TRUE,FALSE
99,0.185,0.62,0.195,0.803377563329312,0.149577804583836,0.0470446320868516,"esc_media","esc_baja",0.544880687004133,0.844090741204695,0.549667852361108,-0.294422888843587,0.36858,0.2003,0.16471,0.09485,0.10671,0.06485,0.324132689987937,0.177310012062726,0.186933655006031,0.106344993968637,0.128933655006031,0.0763449939686369,"aporte_conservada","aporte_conservada",0.0580805762819784,0.907832455050351,0.939978651145875,0.0321461960955237,TRUE,FALSE
100,0.185,0.62,0.195,0.803377563329312,0.149577804583836,0.0470446320868516,"esc_media","esc_baja",0.544880687004133,0.844090741204695,0.549667852361108,-0.294422888843587,0.12234,0.0501,0.19034,0.0701,0.42732,0.1398,0.0962846803377563,0.0424366706875754,0.164284680337756,0.0624366706875754,0.479430639324487,0.155126658624849,"receptora_conservada","receptora_conservada",0.0597571745310364,0.86366120749349,0.820909852484833,-0.0427513550086568,TRUE,FALSE
101,0.59,0.255,0.155,0.962828649138713,0.0231187669990934,0.014052583862194,"esc_baja","esc_baja",0.404754508247882,0.863571156866974,0.1670255104958,-0.696545646371175,0.39842,0.1313,0.20479,0.07435,0.13679,0.05435,0.363483227561197,0.12102447869447,0.222258386219402,0.0794877606527652,0.154258386219402,0.0594877606527652,"aporte_conservada","aporte_conservada",0.0388676150433941,0.882710526136348,0.901439480212449,0.0187289540761008,FALSE,FALSE
102,0.61,0.245,0.145,0.965699208443272,0.0215479331574318,0.0127528583992964,"esc_baja","esc_baja",0.394224041935883,0.842982251726283,0.156582359929188,-0.686399891797095,0.058025,0.093515,0.088025,0.151515,0.21395,0.39497,0.0507058047493404,0.0793645558487247,0.0807058047493404,0.137364555848725,0.228588390501319,0.423270888302551,"receptora_degradada","receptora_degradada",0.0385808999366997,0.883733523318399,0.853549573152347,-0.0301839501660521,FALSE,FALSE
103,0.145,0.245,0.61,0.753246753246753,0.0707070707070707,0.176046176046176,"esc_alta","esc_baja",0.539333077317295,0.842982251726283,0.643132673318336,-0.199849578407946,0.101925,0.062375,0.40918,0.2213,0.128895,0.076325,0.167427128427128,0.0962554112554113,0.338623376623377,0.184805194805195,0.133949494949495,0.0789393939393939,"transferencia_conservada","transferencia_conservada",0.109878898303866,0.873816318538149,0.933700321711608,0.0598840031734588,TRUE,FALSE
104,0.61,0.245,0.145,0.965699208443272,0.0215479331574318,0.0127528583992964,"esc_baja","esc_baja",0.394224041935883,0.842982251726282,0.156582359929188,-0.686399891797095,0.34103,0.18605,0.178485,0.101975,0.120485,0.071975,0.312729111697449,0.171411609498681,0.192635444151275,0.10929419525066,0.134635444151275,0.0792941952506596,"aporte_conservada","aporte_conservada",0.0368157900309134,0.928986494653445,0.946552043807644,0.0175655491541987,FALSE,FALSE
105,0.54,0.28,0.18,0.954813359528487,0.0275049115913556,0.0176817288801572,"esc_baja","esc_baja",0.429976594528833,0.908268214242105,0.195096679720355,-0.71317153452175,0.1892,0.34712,0.1004,0.17544,0.0704,0.11744,0.17188605108055,0.313646365422397,0.109056974459725,0.192176817288802,0.079056974459725,0.134176817288802,"aporte_degradada","aporte_degradada",0.0435684519592026,0.924656908219664,0.946048456170975,0.0213915479513115,FALSE,FALSE
106,0.185,0.62,0.195,0.803377563329312,0.149577804583836,0.0470446320868516,"esc_media","esc_baja",0.544880687004133,0.844090741204695,0.549667852361108,-0.294422888843587,0.10729,0.06515,0.16529,0.09515,0.36742,0.1997,0.0850663449939686,0.0536550060313631,0.143066344993969,0.0836550060313631,0.411867310012063,0.222689987937274,"receptora_conservada","receptora_conservada",0.0595078137548076,0.908804794812016,0.86626714745867,-0.0425376473533461,TRUE,FALSE
107,0.59,0.255,0.155,0.962828649138713,0.0231187669990934,0.014052583862194,"esc_baja","esc_baja",0.404754508247882,0.863571156866974,0.1670255104958,-0.696545646371175,0.34277,0.18695,0.177615,0.101525,0.119615,0.071525,0.312970988213962,0.171536718041704,0.192514505893019,0.109231640979148,0.134514505893019,0.0792316409791478,"aporte_conservada","aporte_conservada",0.0387700708866424,0.927769419019908,0.946419676621854,0.0186502576019465,FALSE,FALSE
108,0.175,0.64,0.185,0.792452830188679,0.161006289308176,0.0465408805031446,"esc_media","esc_baja",0.544374692560613,0.821775145200831,0.565395563204837,-0.256379581995994,0.42868,0.1402,0.18966,0.0699,0.12166,0.0499,0.377277987421384,0.125081761006289,0.215361006289308,0.0774591194968553,0.147361006289308,0.0574591194968554,"aporte_conservada","aporte_conservada",0.0574604169767761,0.862684373854597,0.894602776782792,0.0319184029281953,TRUE,FALSE
109,0.59,0.255,0.155,0.962828649138713,0.0231187669990934,0.014052583862194,"esc_baja","esc_baja",0.404754508247882,0.863571156866974,0.1670255104958,-0.696545646371175,0.34277,0.18695,0.177615,0.101525,0.119615,0.071525,0.312970988213962,0.171536718041704,0.192514505893019,0.109231640979148,0.134514505893019,0.0792316409791478,"aporte_conservada","aporte_conservada",0.0387700708866424,0.927769419019908,0.946419676621854,0.0186502576019465,FALSE,FALSE
110,0.145,0.245,0.61,0.753246753246753,0.0707070707070707,0.176046176046176,"esc_alta","esc_baja",0.539333077317295,0.842982251726283,0.643132673318336,-0.199849578407946,0.39497,0.21395,0.151515,0.088025,0.093515,0.058025,0.334522366522366,0.182683982683983,0.181738816738817,0.103658008658009,0.123738816738817,0.0736580086580087,"aporte_conservada","aporte_conservada",0.0796319629946689,0.883733523318399,0.93339723503075,0.0496637117123515,TRUE,FALSE
111,0.175,0.64,0.185,0.792452830188679,0.161006289308176,0.0465408805031446,"esc_media","esc_baja",0.544374692560613,0.821775145200831,0.565395563204837,-0.256379581995994,0.42868,0.1402,0.18966,0.0699,0.12166,0.0499,0.377277987421384,0.125081761006289,0.215361006289308,0.0774591194968553,0.147361006289308,0.0574591194968554,"aporte_conservada","aporte_conservada",0.0574604169767761,0.862684373854597,0.894602776782792,0.0319184029281953,TRUE,FALSE
112,0.145,0.245,0.61,0.753246753246753,0.0707070707070707,0.176046176046176,"esc_alta","esc_baja",0.539333077317295,0.842982251726283,0.643132673318336,-0.199849578407946,0.45962,0.1493,0.17419,0.06535,0.10619,0.04535,0.388750360750361,0.128455988455988,0.20962481962482,0.0757720057720058,0.14162481962482,0.0557720057720058,"aporte_conservada","aporte_conservada",0.0798983474230548,0.838468544093119,0.888362504869524,0.0498939607764053,TRUE,FALSE
113,0.59,0.255,0.155,0.962828649138713,0.0231187669990934,0.014052583862194,"esc_baja","esc_baja",0.404754508247882,0.863571156866974,0.1670255104958,-0.696545646371175,0.34277,0.18695,0.177615,0.101525,0.119615,0.071525,0.312970988213962,0.171536718041704,0.192514505893019,0.109231640979148,0.134514505893019,0.0792316409791478,"aporte_conservada","aporte_conservada",0.0387700708866424,0.927769419019908,0.946419676621854,0.0186502576019465,FALSE,FALSE
114,0.145,0.245,0.61,0.753246753246753,0.0707070707070707,0.176046176046176,"esc_alta","esc_baja",0.539333077317295,0.842982251726283,0.643132673318336,-0.199849578407946,0.39497,0.21395,0.151515,0.088025,0.093515,0.058025,0.334522366522366,0.182683982683983,0.181738816738817,0.103658008658009,0.123738816738817,0.0736580086580087,"aporte_conservada","aporte_conservada",0.0796319629946689,0.883733523318399,0.93339723503075,0.0496637117123515,TRUE,FALSE
115,0.145,0.245,0.61,0.0280735721200387,0.853823814133592,0.11810261374637,"esc_alta","esc_media",0.539649333999364,0.842982251726283,0.443765212253567,-0.399217039472716,0.39497,0.21395,0.151515,0.088025,0.093515,0.058025,0.373221684414327,0.20270087124879,0.162389157792836,0.093649564375605,0.104389157792836,0.063649564375605,"aporte_conservada","aporte_conservada",0.0289790644950852,0.883733523318399,0.90386909935513,0.0201355760367312,TRUE,FALSE
116,0.145,0.245,0.61,0.753246753246753,0.0707070707070707,0.176046176046176,"esc_alta","esc_baja",0.539333077317295,0.842982251726283,0.643132673318336,-0.199849578407946,0.13781,0.05465,0.20581,0.07465,0.39638,0.1307,0.10237518037518,0.0442279942279942,0.17037518037518,0.0642279942279942,0.467249639249639,0.151544011544012,"receptora_conservada","receptora_conservada",0.0802055986461761,0.883932861298583,0.831899857111303,-0.0520330041872802,TRUE,FALSE
117,0.175,0.64,0.185,0.792452830188679,0.161006289308176,0.0465408805031446,"esc_media","esc_baja",0.544374692560613,0.821775145200831,0.565395563204837,-0.256379581995994,0.42868,0.1402,0.18966,0.0699,0.12166,0.0499,0.377277987421384,0.125081761006289,0.215361006289308,0.0774591194968553,0.147361006289308,0.0574591194968554,"aporte_conservada","aporte_conservada",0.0574604169767761,0.862684373854597,0.894602776782792,0.0319184029281953,TRUE,FALSE
118,0.61,0.245,0.145,0.965699208443272,0.0215479331574318,0.0127528583992964,"esc_baja","esc_baja",0.394224041935883,0.842982251726283,0.156582359929188,-0.686399891797095,0.058025,0.093515,0.088025,0.151515,0.21395,0.39497,0.0507058047493404,0.0793645558487247,0.0807058047493404,0.137364555848725,0.228588390501319,0.423270888302551,"receptora_degradada","receptora_degradada",0.0385808999366997,0.883733523318399,0.853549573152347,-0.0301839501660521,FALSE,FALSE
119,0.145,0.245,0.61,0.753246753246753,0.0707070707070707,0.176046176046176,"esc_alta","esc_baja",0.539333077317295,0.842982251726283,0.643132673318336,-0.199849578407946,0.39497,0.21395,0.151515,0.088025,0.093515,0.058025,0.334522366522366,0.182683982683983,0.181738816738817,0.103658008658009,0.123738816738817,0.0736580086580087,"aporte_conservada","aporte_conservada",0.0796319629946689,0.883733523318399,0.93339723503075,0.0496637117123515,TRUE,FALSE
120,0.145,0.245,0.61,0.245869480356547,0.618625344542101,0.135505175101352,"esc_alta","esc_media",0.433111119986213,0.842982251726283,0.830941211542187,-0.0120410401840951,0.39497,0.21395,0.151515,0.088025,0.093515,0.058025,0.361598870295199,0.196689070842344,0.168200564852401,0.0966554645788279,0.110200564852401,0.0666554645788279,"aporte_conservada","aporte_conservada",0.0442908127546627,0.883733523318399,0.91357513735239,0.0298416140339912,TRUE,FALSE
121,0.145,0.245,0.61,0.753246753246753,0.0707070707070707,0.176046176046176,"esc_alta","esc_baja",0.539333077317295,0.842982251726283,0.643132673318336,-0.199849578407946,0.45962,0.1493,0.17419,0.06535,0.10619,0.04535,0.388750360750361,0.128455988455988,0.20962481962482,0.0757720057720058,0.14162481962482,0.0557720057720058,"aporte_conservada","aporte_conservada",0.0798983474230548,0.838468544093119,0.888362504869524,0.0498939607764053,TRUE,FALSE
122,0.135,0.235,0.63,0.027027027027027,0.846846846846847,0.126126126126126,"esc_alta","esc_media",0.541305574247255,0.820796482214274,0.454672721374376,-0.366123760839898,0.21485,0.39671,0.087575,0.150645,0.057575,0.092645,0.202972972972973,0.373747747747748,0.0935135135135135,0.162126126126126,0.0635135135135135,0.104126126126126,"aporte_degradada","aporte_degradada",0.0306231509013415,0.882009522904832,0.903412568525205,0.0214030456203739,TRUE,FALSE
123,0.63,0.235,0.135,0.968403074295474,0.020068317677199,0.0115286080273271,"esc_baja","esc_baja",0.383427959903019,0.820796482214274,0.146533027381825,-0.674263454832449,0.18167,0.06755,0.41032,0.1348,0.14801,0.05765,0.220385140905209,0.078936806148591,0.364297181895816,0.121263877028181,0.155317677198975,0.059799316823228,"transferencia_conservada","transferencia_conservada",0.0546711544889734,0.878918163074243,0.901417560443216,0.0224993973689727,FALSE,FALSE
124,0.2475,0.55,0.2025,0.0678689776290195,0.911544533568992,0.0205864888019885,"esc_media","esc_media",0.365817341722174,0.908237865329521,0.315800093845065,-0.592437771484456,0.42494,0.1391,0.19153,0.07045,0.12353,0.05045,0.424784790759762,0.139054350223459,0.191607604620119,0.0704728248882703,0.123607604620119,0.0504728248882703,"aporte_conservada","aporte_conservada",0.000174874617060612,0.865353145423041,0.865462709846066,0.000109564423025232,FALSE,FALSE
125,0.2475,0.55,0.2025,0.804620000552198,0.157675850174236,0.0377041492735667,"esc_media","esc_baja",0.489785710812245,0.908237865329521,0.536829164857482,-0.371408700472039,0.14036,0.0554,0.46234,0.1501,0.1373,0.0545,0.202789298981023,0.0737615585238303,0.386571679924901,0.127815199977912,0.150639021094076,0.0584232414982576,"transferencia_conservada","transferencia_conservada",0.0917805125936475,0.841859059276987,0.8914548949896,0.0495958357126135,TRUE,FALSE
126,0.18,0.28,0.54,0.03125,0.875,0.09375,"esc_alta","esc_media",0.53206383982363,0.908268214242105,0.406933418590992,-0.501334795651113,0.122,0.05,0.47152,0.1528,0.14648,0.0572,0.122,0.05,0.49175,0.15875,0.12625,0.05125,"transferencia_conservada","transferencia_conservada",0.0292189677626047,0.833265400396966,0.815503063447558,-0.0177623369494075,TRUE,FALSE
127,0.235,0.56,0.205,0.846846846846847,0.112112112112112,0.0410410410410411,"esc_media","esc_baja",0.541305574247254,0.901037653371436,0.470737019904338,-0.430300633467098,0.42596,0.1394,0.19102,0.0703,0.12302,0.0503,0.373205205205205,0.123883883883884,0.217397397397397,0.0780580580580581,0.149397397397397,0.0580580580580581,"aporte_conservada","aporte_conservada",0.0589179456610619,0.864630757294877,0.896696937636489,0.0320661803416112,TRUE,FALSE
128,0.63,0.235,0.135,0.968403074295474,0.020068317677199,0.0115286080273271,"esc_baja","esc_baja",0.383427959903019,0.820796482214274,0.146533027381825,-0.674263454832449,0.39434,0.1301,0.20683,0.07495,0.13883,0.05495,0.362932536293766,0.120862510674637,0.222533731853117,0.0795687446626815,0.154533731853117,0.0595687446626815,"aporte_conservada","aporte_conservada",0.0349307316693308,0.885139172705615,0.901697307016653,0.0165581343110376,FALSE,FALSE
129,0.2475,0.55,0.2025,0.344950717863209,0.628025080994229,0.0270242011425622,"esc_media","esc_media",0.24986816122756,0.908237865329521,0.688938456405406,-0.219299408924115,0.42494,0.1391,0.19153,0.07045,0.12353,0.05045,0.406380996862996,0.133641469665587,0.200809501568502,0.0731792651672065,0.132809501568502,0.0531792651672065,"aporte_conservada","aporte_conservada",0.0208287638625536,0.865353145423041,0.877786825204498,0.012433679781457,FALSE,FALSE
130,0.2475,0.55,0.2025,0.260992399437411,0.713934085532243,0.0250735150303459,"esc_media","esc_media",0.254286462046372,0.908237865329521,0.622213852728363,-0.286024012601158,0.42494,0.1391,0.19153,0.07045,0.12353,0.05045,0.411957515860319,0.135281622311859,0.19802124206984,0.0723591888440707,0.13002124206984,0.0523591888440706,"aporte_conservada","aporte_conservada",0.0145862694438643,0.865353145423041,0.874191784683277,0.00883863926023654,FALSE,FALSE
131,0.2475,0.55,0.2025,0.0295393321703859,0.950764729344548,0.0196959384850665,"esc_media","esc_media",0.415785400888408,0.908237865329521,0.208803428182401,-0.69943443714712,0.14036,0.0554,0.46234,0.1501,0.1373,0.0545,0.124343349972887,0.0506892205802609,0.491982650824827,0.158818426713185,0.123673999202285,0.0504923527065545,"transferencia_conservada","transferencia_conservada",0.0340297843066653,0.841859059276987,0.815304549673346,-0.0265545096036404,FALSE,FALSE
132,0.63,0.235,0.135,0.968403074295474,0.020068317677199,0.0115286080273271,"esc_baja","esc_baja",0.383427959903019,0.820796482214274,0.146533027381825,-0.674263454832449,0.39434,0.1301,0.20683,0.07495,0.13883,0.05495,0.362932536293766,0.120862510674637,0.222533731853117,0.0795687446626815,0.154533731853117,0.0595687446626815,"aporte_conservada","aporte_conservada",0.0349307316693308,0.885139172705615,0.901697307016653,0.0165581343110376,FALSE,FALSE
133,0.18,0.28,0.54,0.03125,0.875,0.09375,"esc_alta","esc_media",0.53206383982363,0.908268214242105,0.406933418590992,-0.501334795651113,0.122,0.05,0.47152,0.1528,0.14648,0.0572,0.122,0.05,0.49175,0.15875,0.12625,0.05125,"transferencia_conservada","transferencia_conservada",0.0292189677626047,0.833265400396966,0.815503063447558,-0.0177623369494075,TRUE,FALSE
134,0.235,0.56,0.205,0.0552497901563431,0.924403146379107,0.0203470634645503,"esc_media","esc_media",0.373093716936,0.901037653371436,0.283912747772765,-0.617124905598671,0.42596,0.1394,0.19102,0.0703,0.12302,0.0503,0.425626614584958,0.139301945466164,0.191186692707521,0.0703490272669179,0.123186692707521,0.0503490272669179,"aporte_conservada","aporte_conservada",0.000375792147293064,0.864630757294877,0.864867318667073,0.000236561372195299,FALSE,FALSE
135,0.1725,0.2725,0.555,0.0306258322237017,0.870838881491345,0.0985352862849534,"esc_alta","esc_media",0.533897831305789,0.895860114045862,0.414645181005315,-0.481214933040547,0.120725,0.049625,0.47254,0.1531,0.146735,0.057275,0.121773635153129,0.0499334221038615,0.491834886817576,0.158774966711052,0.126391478029294,0.0512916111850866,"transferencia_conservada","transferencia_conservada",0.0290601292681354,0.832271631011321,0.815417446941725,-0.0168541840695966,TRUE,FALSE
136,0.195,0.62,0.185,0.235559139354699,0.741041056802142,0.0233998038431593,"esc_media","esc_media",0.238039401518791,0.844090741204695,0.592134444280074,-0.251956296924621,0.36742,0.1997,0.16529,0.09515,0.10729,0.06515,0.355694758540331,0.193635219934654,0.171152620729835,0.0981823900326731,0.113152620729835,0.0681823900326731,"aporte_conservada","aporte_conservada",0.015408589090475,0.908804794812016,0.918228483352198,0.00942368854018172,FALSE,FALSE
137,0.18,0.28,0.54,0.0236669349798905,0.401350092590086,0.574982972430023,"esc_alta","esc_alta",0.239334257520533,0.908268214242105,0.703802852831897,-0.204465361410209,0.122,0.05,0.47152,0.1528,0.14648,0.0572,0.104864606305328,0.0449601783250965,0.492781296842735,0.159053322600804,0.142354096851937,0.0559864990740991,"transferencia_conservada","transferencia_conservada",0.0283555424889517,0.833265400396966,0.812610238010099,-0.0206551623868666,FALSE,FALSE
138,0.18,0.28,0.54,0.0295293676254966,0.767526654761787,0.202943977612717,"esc_alta","esc_media",0.430816220161498,0.908268214242105,0.574130973123102,-0.334137241119004,0.45248,0.1472,0.17776,0.0664,0.10976,0.0464,0.439792193479131,0.143468292199744,0.184103903260434,0.0682658539001278,0.116103903260434,0.0482658539001278,"aporte_conservada","aporte_conservada",0.0144683187025892,0.844399235781562,0.854428725358065,0.0100294895765023,TRUE,FALSE
139,0.1725,0.2725,0.555,0.0306258322237017,0.870838881491345,0.0985352862849534,"esc_alta","esc_media",0.533897831305789,0.895860114045862,0.414645181005315,-0.481214933040547,0.45401,0.14765,0.176995,0.066175,0.108995,0.046175,0.432617842876165,0.141358189081225,0.187691078561917,0.0693209054593875,0.119691078561917,0.0493209054593875,"aporte_conservada","aporte_conservada",0.0243511961235255,0.843145869582998,0.859814808821469,0.0166689392384717,TRUE,FALSE
140,0.155,0.255,0.59,0.0290534208059981,0.860356138706654,0.110590440487348,"esc_alta","esc_media",0.537748388647027,0.863571156866974,0.433024154544496,-0.430547002322479,0.39323,0.21305,0.152385,0.088475,0.094385,0.058475,0.372729147141518,0.20244611059044,0.162635426429241,0.0937769447047798,0.104635426429241,0.0637769447047798,"aporte_conservada","aporte_conservada",0.02729395773646,0.885440595488613,0.904295177587536,0.0188545820989229,TRUE,FALSE
141,0.195,0.62,0.185,0.202917426900376,0.774782753030387,0.022299820069237,"esc_media","esc_media",0.242614519692283,0.844090741204695,0.551748687313174,-0.292342053891521,0.36742,0.1997,0.16529,0.09515,0.10729,0.06515,0.357524178803794,0.194581471795066,0.170237910598103,0.0977092641024671,0.112237910598103,0.0677092641024671,"aporte_conservada","aporte_conservada",0.0130101453175501,0.908804794812016,0.916806478261213,0.00800168344919616,FALSE,FALSE
142,0.185,0.64,0.175,0.0155723905723906,0.96969696969697,0.0147306397306397,"esc_media","esc_media",0.377926264157935,0.821775145200831,0.142713428475111,-0.67906171672572,0.11802,0.0707,0.40454,0.2189,0.11744,0.0704,0.107927609427609,0.065479797979798,0.424193602693603,0.229065656565657,0.107878787878788,0.0654545454545455,"transferencia_conservada","transferencia_conservada",0.0264100483721332,0.879861780602772,0.858826171187244,-0.021035609415528,FALSE,FALSE
143,0.1725,0.2725,0.555,0.0306258322237017,0.870838881491345,0.0985352862849534,"esc_alta","esc_media",0.533897831305789,0.895860114045862,0.414645181005315,-0.481214933040547,0.120725,0.049625,0.47254,0.1531,0.146735,0.057275,0.121773635153129,0.0499334221038615,0.491834886817576,0.158774966711052,0.126391478029294,0.0512916111850866,"transferencia_conservada","transferencia_conservada",0.0290601292681354,0.832271631011321,0.815417446941725,-0.0168541840695966,TRUE,FALSE
144,0.155,0.255,0.59,0.0174595885603795,0.21327293436922,0.7692674770704,"esc_alta","esc_alta",0.235257151392134,0.863571156866974,0.547974285585052,-0.315596871281922,0.39323,0.21305,0.152385,0.088475,0.094385,0.058475,0.411604857533581,0.222554236655301,0.143197571233209,0.0837228816723497,0.0851975712332094,0.0537228816723497,"aporte_conservada","aporte_conservada",0.0248727519665456,0.885440595488613,0.866550911385775,-0.0188896841028385,FALSE,FALSE
145,0.59,0.255,0.155,0.956282392408548,0.0295497985154571,0.0141678090759953,"esc_baja","esc_baja",0.393551913552584,0.863571156866974,0.188530502808725,-0.675040654058249,0.153835,0.089225,0.35756,0.1946,0.128605,0.076175,0.18978570167634,0.107820190522245,0.315071242480608,0.172623056455487,0.135143055843052,0.0795567530222681,"transferencia_conservada","transferencia_conservada",0.0593398457187072,0.920735393412878,0.945737470679011,0.0250020772661336,FALSE,FALSE
146,0.59,0.255,0.155,0.962828649138713,0.0231187669990934,0.014052583862194,"esc_baja","esc_baja",0.404754508247882,0.863571156866974,0.1670255104958,-0.696545646371175,0.089225,0.153835,0.1946,0.35756,0.076175,0.128605,0.108116500453309,0.190358567543064,0.172230281051677,0.314311876699909,0.0796532184950136,0.135329555757026,"transferencia_degradada","transferencia_degradada",0.0603376093250653,0.920735393412878,0.946105609084125,0.0253702156712471,FALSE,FALSE
147,0.185,0.64,0.175,0.311128142626949,0.663828384786073,0.0250434725869787,"esc_media","esc_media",0.239687438395824,0.821775145200831,0.662279241416147,-0.159495903784683,0.11802,0.0707,0.40454,0.2189,0.11744,0.0704,0.133341887703522,0.078625114329408,0.389909135455274,0.211332311442383,0.116748976841204,0.0700425742282089,"transferencia_conservada","transferencia_conservada",0.025201188240009,0.879861780602772,0.893695027736059,0.0138332471332877,FALSE,FALSE
148,0.155,0.255,0.59,0.014052583862194,0.0231187669990934,0.962828649138713,"esc_alta","esc_alta",0.404754508247882,0.863571156866974,0.1670255104958,-0.696545646371175,0.39323,0.21305,0.152385,0.088475,0.094385,0.058475,0.423029011786038,0.228463281958296,0.137485494106981,0.0807683590208522,0.079485494106981,0.0507683590208522,"aporte_conservada","aporte_conservada",0.0405812408125766,0.885440595488613,0.853827266990514,-0.0316133284980998,FALSE,FALSE
149,0.175,0.64,0.185,0.0825453931381286,0.899181868358275,0.0182727385035966,"esc_media","esc_media",0.292181246279299,0.821775145200831,0.340967994436623,-0.480807150764207,0.36858,0.2003,0.16471,0.09485,0.10671,0.06485,0.364272186031197,0.198071820360964,0.166863906984401,0.095964089819518,0.108863906984401,0.065964089819518,"aporte_conservada","aporte_conservada",0.00567493882520104,0.907832455050351,0.911406939819389,0.00357448476903743,FALSE,FALSE
150,0.155,0.255,0.59,0.014052583862194,0.0231187669990934,0.962828649138713,"esc_alta","esc_alta",0.404754508247882,0.863571156866974,0.1670255104958,-0.696545646371175,0.39323,0.21305,0.152385,0.088475,0.094385,0.058475,0.423029011786038,0.228463281958296,0.137485494106981,0.0807683590208522,0.079485494106981,0.0507683590208522,"aporte_conservada","aporte_conservada",0.0405812408125766,0.885440595488613,0.853827266990514,-0.0316133284980998,FALSE,FALSE
151,0.175,0.64,0.185,0.271117765541783,0.703100642937888,0.0257815915203295,"esc_media","esc_media",0.239794643316549,0.821775145200831,0.633386170014466,-0.188388975186364,0.0701,0.11686,0.2195,0.4057,0.0704,0.11744,0.0768135755765753,0.129839579448046,0.213732934067493,0.394550339197153,0.0694534903559317,0.115610081354801,"transferencia_degradada","transferencia_degradada",0.0211735537291897,0.878679781883175,0.889403368706767,0.0107235868235923,FALSE,FALSE
152,0.18,0.28,0.54,0.0249301981246919,0.480255452096143,0.494814349779165,"esc_alta","esc_alta",0.260197103612313,0.908268214242105,0.721281951201356,-0.18698626304075,0.45248,0.1472,0.17776,0.0664,0.10976,0.0464,0.459952122312504,0.149397683033089,0.174023938843748,0.0653011584834553,0.106023938843748,0.0453011584834553,"aporte_conservada","aporte_conservada",0.00858150515412062,0.844399235781562,0.838187599751876,-0.00621163602968655,FALSE,FALSE
153,0.59,0.255,0.155,0.962828649138713,0.0231187669990934,0.014052583862194,"esc_baja","esc_baja",0.404754508247882,0.863571156866974,0.1670255104958,-0.696545646371175,0.153835,0.089225,0.35756,0.1946,0.128605,0.076175,0.190358567543064,0.108116500453309,0.314311876699909,0.172230281051677,0.135329555757026,0.0796532184950136,"transferencia_conservada","transferencia_conservada",0.0603376093250653,0.920735393412878,0.946105609084125,0.0253702156712471,FALSE,FALSE
154,0.145,0.245,0.61,0.0280735721200387,0.853823814133592,0.11810261374637,"esc_alta","esc_media",0.539649333999364,0.842982251726283,0.443765212253567,-0.399217039472716,0.062375,0.101925,0.2213,0.40918,0.076325,0.128895,0.0644917715392062,0.106017424975799,0.228315585672798,0.422743465634076,0.0671926427879961,0.111239109390126,"transferencia_degradada","transferencia_degradada",0.0289724140429909,0.873816318538149,0.860401964033812,-0.0134143545043375,TRUE,FALSE
155,0.59,0.255,0.155,0.962828649138713,0.0231187669990934,0.014052583862194,"esc_baja","esc_baja",0.404754508247882,0.863571156866974,0.1670255104958,-0.696545646371175,0.089225,0.153835,0.1946,0.35756,0.076175,0.128605,0.108116500453309,0.190358567543064,0.172230281051677,0.314311876699909,0.0796532184950136,0.135329555757026,"transferencia_degradada","transferencia_degradada",0.0603376093250653,0.920735393412878,0.946105609084125,0.0253702156712471,FALSE,FALSE
156,0.185,0.64,0.175,0.0155723905723906,0.96969696969697,0.0147306397306397,"esc_media","esc_media",0.377926264157935,0.821775145200831,0.142713428475111,-0.67906171672572,0.11802,0.0707,0.40454,0.2189,0.11744,0.0704,0.107927609427609,0.065479797979798,0.424193602693603,0.229065656565657,0.107878787878788,0.0654545454545455,"transferencia_conservada","transferencia_conservada",0.0264100483721332,0.879861780602772,0.858826171187244,-0.021035609415528,FALSE,FALSE
157,0.145,0.245,0.61,0.0280735721200387,0.853823814133592,0.11810261374637,"esc_alta","esc_media",0.539649333999364,0.842982251726283,0.443765212253567,-0.399217039472716,0.101925,0.062375,0.40918,0.2213,0.128895,0.076325,0.106017424975799,0.0644917715392062,0.422743465634076,0.228315585672798,0.111239109390126,0.0671926427879961,"transferencia_conservada","transferencia_conservada",0.0289724140429909,0.873816318538149,0.860401964033812,-0.0134143545043375,TRUE,FALSE
158,0.185,0.62,0.195,0.226247706771634,0.748805518200705,0.0249467750276607,"esc_media","esc_media",0.244423819841873,0.844090741204695,0.587033851242766,-0.257056889961929,0.11744,0.0704,0.40454,0.2189,0.11802,0.0707,0.12596009401333,0.0748069451793086,0.39975526601449,0.216425137593702,0.11428463997218,0.0687679172269894,"transferencia_conservada","transferencia_conservada",0.0142301012938903,0.879861780602772,0.884430582967658,0.00456880236488666,FALSE,FALSE
159,0.175,0.64,0.185,0.0647227853708025,0.917714163024026,0.0175630516051719,"esc_media","esc_media",0.308474627574071,0.821775145200831,0.297630393362338,-0.524144751838493,0.11686,0.0701,0.4057,0.2195,0.11744,0.0704,0.11212155383071,0.0676490795676085,0.418492156896987,0.226116632877752,0.109386289272303,0.0662342875546396,"transferencia_conservada","transferencia_conservada",0.0175248147587474,0.878679781883175,0.865137859014505,-0.0135419228686701,FALSE,FALSE
160,0.145,0.245,0.61,0.0144433172016674,0.113379692084724,0.872176990713609,"esc_alta","esc_alta",0.281840791783227,0.842982251726283,0.388958343506962,-0.45402390821932,0.062375,0.101925,0.2213,0.40918,0.076325,0.128895,0.0525672944133709,0.0829634358658504,0.2291334009679,0.424324575204607,0.0782993046187292,0.132711988929543,"transferencia_degradada","transferencia_degradada",0.0343858441028399,0.873816318538149,0.854026314406894,-0.0197900041312548,FALSE,FALSE
161,0.175,0.64,0.185,0.137171235842541,0.842380853233034,0.020447910924425,"esc_media","esc_media",0.257593860171675,0.821775145200831,0.451953492828698,-0.369821652372133,0.2003,0.36858,0.09485,0.16471,0.06485,0.10671,0.196498300252457,0.361230047154749,0.0967508498737717,0.168384976422625,0.0667508498737717,0.110384976422625,"aporte_degradada","aporte_degradada",0.00967484839844786,0.907832455050351,0.913871271475845,0.00603881642549409,FALSE,FALSE
162,0.18,0.28,0.54,0.0191572579925383,0.119668729995471,0.861174012011991,"esc_alta","esc_alta",0.323642661762133,0.908268214242105,0.417379604825851,-0.490888609416255,0.45248,0.1472,0.17776,0.0664,0.10976,0.0464,0.485257139273323,0.156840335080389,0.161371430363339,0.0615798324598055,0.0933714303633386,0.0415798324598055,"aporte_conservada","aporte_conservada",0.0380463075708052,0.844399235781562,0.815430896339358,-0.0289683394422047,FALSE,FALSE
163,0.145,0.245,0.61,0.0194324436687466,0.384406858401922,0.596160697929332,"esc_alta","esc_alta",0.224528733894443,0.842982251726283,0.684913481816105,-0.158068769910178,0.21395,0.39497,0.088025,0.151515,0.058025,0.093515,0.217301847627818,0.401450238747114,0.0863490761860913,0.148274880626443,0.0563490761860912,0.090274880626443,"aporte_degradada","aporte_degradada",0.00873585764737433,0.883733523318399,0.877226568326062,-0.00650695499233656,FALSE,FALSE
164,0.175,0.64,0.185,0.223950284064825,0.752146308801378,0.023903407133797,"esc_media","esc_media",0.237254164039151,0.821775145200831,0.581262749183237,-0.240512396017594,0.0701,0.11686,0.2195,0.4057,0.0704,0.11744,0.0747192116759102,0.12579047590676,0.21656298295611,0.40002176704848,0.0687178053679793,0.11418775704476,"transferencia_degradada","transferencia_degradada",0.014734171907878,0.878679781883175,0.884169266400855,0.00548948451767983,FALSE,FALSE
165,0.59,0.255,0.155,0.923027174605797,0.0622196681201036,0.0147531572740997,"esc_baja","esc_baja",0.347431773071901,0.863571156866974,0.281195019368328,-0.582376137498646,0.089225,0.153835,0.1946,0.35756,0.076175,0.128605,0.106314925498149,0.186875522629755,0.174618369523652,0.318928847745728,0.0790667049781985,0.134195629624517,"transferencia_degradada","transferencia_degradada",0.0542724753703654,0.920735393412878,0.943818668882156,0.0230832754692779,FALSE,FALSE
166,0.175,0.64,0.185,0.115219319509141,0.865206883367317,0.0195737971235428,"esc_media","esc_media",0.269077471795909,0.821775145200831,0.41074057664639,-0.41103456855444,0.42868,0.1402,0.18966,0.0699,0.12166,0.0499,0.421496104477779,0.138087089552288,0.19325194776111,0.070956455223856,0.12525194776111,0.050956455223856,"aporte_conservada","aporte_conservada",0.00809505125944866,0.862684373854597,0.867762015380515,0.00507764152591783,FALSE,FALSE
167,0.18,0.28,0.54,0.03125,0.875,0.09375,"esc_alta","esc_media",0.53206383982363,0.908268214242105,0.406933418590992,-0.501334795651113,0.107,0.065,0.40512,0.2192,0.12788,0.0758,0.107,0.065,0.422375,0.228125,0.110625,0.066875,"transferencia_conservada","transferencia_conservada",0.0290885438537469,0.878522229300612,0.860839475059823,-0.0176827542407899,TRUE,FALSE
168,0.59,0.255,0.155,0.962828649138713,0.0231187669990934,0.014052583862194,"esc_baja","esc_baja",0.404754508247882,0.863571156866974,0.1670255104958,-0.696545646371175,0.34277,0.18695,0.177615,0.101525,0.119615,0.071525,0.312970988213962,0.171536718041704,0.192514505893019,0.109231640979148,0.134514505893019,0.0792316409791478,"aporte_conservada","aporte_conservada",0.0387700708866424,0.927769419019908,0.946419676621854,0.0186502576019465,FALSE,FALSE
169,0.59,0.255,0.155,0.714784520196724,0.266796898857925,0.0184185809453509,"esc_baja","esc_baja",0.220838849657594,0.863571156866974,0.60629883826222,-0.257272318604755,0.18695,0.34277,0.101525,0.177615,0.071525,0.119615,0.179109021822459,0.32761077552342,0.105445489088771,0.18519461223829,0.0754454890887706,0.12719461223829,"aporte_degradada","aporte_degradada",0.0197439366902714,0.927769419019908,0.937838393599537,0.0100689745796297,FALSE,FALSE
170,0.145,0.245,0.61,0.0127528583992964,0.0215479331574318,0.965699208443272,"esc_alta","esc_alta",0.394224041935883,0.842982251726283,0.156582359929188,-0.686399891797095,0.071975,0.120485,0.101975,0.178485,0.18605,0.34103,0.0792941952506596,0.134635444151275,0.10929419525066,0.192635444151275,0.171411609498681,0.312729111697449,"receptora_degradada","receptora_degradada",0.0368157900309134,0.928986494653445,0.946552043807644,0.0175655491541987,FALSE,FALSE
171,0.63,0.235,0.135,0.968403074295474,0.020068317677199,0.0115286080273271,"esc_baja","esc_baja",0.383427959903019,0.820796482214274,0.146533027381825,-0.674263454832449,0.157895,0.091325,0.35292,0.1922,0.129185,0.076475,0.190916737830914,0.108405209222886,0.313665243381725,0.171895815542272,0.135418018787361,0.079698975234842,"transferencia_conservada","transferencia_conservada",0.0545570979642289,0.923978951296294,0.94639690599231,0.0224179546960163,FALSE,FALSE
172,0.54,0.28,0.18,0.954813359528487,0.0275049115913556,0.0176817288801572,"esc_baja","esc_baja",0.429976594528833,0.908268214242105,0.195096679720355,-0.71317153452175,0.1892,0.34712,0.1004,0.17544,0.0704,0.11744,0.17188605108055,0.313646365422397,0.109056974459725,0.192176817288802,0.079056974459725,0.134176817288802,"aporte_degradada","aporte_degradada",0.0435684519592026,0.924656908219664,0.946048456170975,0.0213915479513115,FALSE,FALSE
173,0.59,0.255,0.155,0.9287630168171,0.0565847864534861,0.0146521967294143,"esc_baja","esc_baja",0.354431693953511,0.863571156866974,0.266725709873387,-0.596845446993587,0.089225,0.153835,0.1946,0.35756,0.076175,0.128605,0.106574552805828,0.187377468757935,0.174274218990974,0.318263490049216,0.0791512282031977,0.134359041192849,"transferencia_degradada","transferencia_degradada",0.0551463085136098,0.920735393412878,0.944155426993415,0.0234200335805375,FALSE,FALSE
174,0.59,0.255,0.155,0.819928675683195,0.163503458718449,0.016567865598356,"esc_baja","esc_baja",0.259521109903302,0.863571156866974,0.47952482332591,-0.384046333541064,0.089225,0.153835,0.1946,0.35756,0.076175,0.128605,0.101648272421768,0.177853326682086,0.180804279459008,0.330888273620749,0.0775474481192233,0.131258399697165,"transferencia_degradada","transferencia_degradada",0.0385947127455988,0.920735393412878,0.937351979041321,0.016616585628443,FALSE,FALSE
175,0.175,0.64,0.185,0.0147306397306397,0.96969696969697,0.0155723905723906,"esc_media","esc_media",0.377926264157935,0.821775145200831,0.142713428475111,-0.67906171672572,0.11686,0.0701,0.4057,0.2195,0.11744,0.0704,0.107829966329966,0.0654292929292929,0.424291245791246,0.229116161616162,0.107878787878788,0.0654545454545455,"transferencia_conservada","transferencia_conservada",0.0249974790800678,0.878679781883175,0.858716238328341,-0.0199635435548342,FALSE,FALSE
176,0.145,0.245,0.61,0.0167707553356275,0.239814443015195,0.743414801649177,"esc_alta","esc_alta",0.216308362773704,0.842982251726283,0.574736654487749,-0.268245597238533,0.062375,0.101925,0.2213,0.40918,0.076325,0.128895,0.0546034619653656,0.0869000264663735,0.228993754679862,0.424054592381067,0.0764027833547721,0.129045381152559,"transferencia_degradada","transferencia_degradada",0.027590818703651,0.873816318538149,0.855655491685207,-0.0181608268529425,FALSE,FALSE
177,0.155,0.255,0.59,0.0259149515374639,0.685189661568332,0.288895386894204,"esc_alta","esc_media",0.385384411729207,0.863571156866974,0.648478879768158,-0.215092277098816,0.119615,0.071525,0.177615,0.101525,0.34277,0.18695,0.114626432625345,0.0689447065303511,0.172626432625345,0.0989447065303511,0.352747134749309,0.192110586939298,"receptora_conservada","receptora_conservada",0.0130378724843951,0.927769419019908,0.920482248721259,-0.00728717029864834,TRUE,FALSE
178,0.1275,0.2275,0.645,0.0261941448382126,0.841294298921418,0.13251155624037,"esc_alta","esc_media",0.542372074994677,0.803083415349579,0.462956055042096,-0.340127360307484,0.0610625,0.0993875,0.22235,0.41121,0.0765875,0.1294025,0.064191063174114,0.105436055469954,0.228428351309707,0.422961479198767,0.0673805855161787,0.111602465331279,"transferencia_degradada","transferencia_degradada",0.0294787736321842,0.871372882028022,0.860138243279736,-0.011234638748286,TRUE,FALSE
179,0.59,0.255,0.155,0.815826979293179,0.167532958299973,0.016640062406848,"esc_baja","esc_baja",0.257150325167075,0.863571156866974,0.485640818908304,-0.37793033795867,0.18695,0.34277,0.101525,0.177615,0.071525,0.119615,0.17602439249341,0.321647158820593,0.106987803753295,0.188176420589704,0.076987803753295,0.130176420589704,"aporte_degradada","aporte_degradada",0.0274971476242625,0.927769419019908,0.941469352261526,0.013699933241618,FALSE,FALSE
180,0.61,0.245,0.145,0.965699208443272,0.0215479331574318,0.0127528583992964,"esc_baja","esc_baja",0.394224041935883,0.842982251726282,0.156582359929188,-0.686399891797095,0.155865,0.090275,0.35524,0.1934,0.128895,0.076325,0.190645998240985,0.108265171503958,0.31397889182058,0.172058047493404,0.135375109938434,0.0796767810026385,"transferencia_conservada","transferencia_conservada",0.0574563291917433,0.922374528809363,0.94625592447414,0.0238813956647774,FALSE,FALSE
181,0.61,0.245,0.145,0.965699208443272,0.0215479331574318,0.0127528583992964,"esc_baja","esc_baja",0.394224041935883,0.842982251726283,0.156582359929188,-0.686399891797095,0.058025,0.093515,0.088025,0.151515,0.21395,0.39497,0.0507058047493404,0.0793645558487247,0.0807058047493404,0.137364555848725,0.228588390501319,0.423270888302551,"receptora_degradada","receptora_degradada",0.0385808999366997,0.883733523318399,0.853549573152347,-0.0301839501660521,FALSE,FALSE
182,0.155,0.255,0.59,0.014052583862194,0.0231187669990934,0.962828649138713,"esc_alta","esc_alta",0.404754508247882,0.863571156866974,0.1670255104958,-0.696545646371175,0.063125,0.103375,0.2207,0.40802,0.076175,0.128605,0.0511899365367181,0.0803005439709882,0.229156844968268,0.424369900271985,0.0796532184950136,0.135329555757026,"transferencia_degradada","transferencia_degradada",0.0419702989744719,0.875185242956966,0.852923305832386,-0.0222619371245808,FALSE,FALSE
183,0.59,0.255,0.155,0.891315565694745,0.0933730989658313,0.0153113353394239,"esc_baja","esc_baja",0.313667396615825,0.863571156866974,0.353120231116262,-0.510450925750712,0.34277,0.18695,0.177615,0.101525,0.119615,0.071525,0.317191754639391,0.17371987308934,0.190404122680304,0.10814006345533,0.132404122680304,0.0781400634553298,"aporte_conservada","aporte_conservada",0.0332866795087614,0.927769419019908,0.944060616457703,0.0162911974377952,FALSE,FALSE
184,0.175,0.64,0.185,0.0147306397306397,0.96969696969697,0.0155723905723906,"esc_media","esc_media",0.377926264157935,0.821775145200831,0.142713428475111,-0.67906171672572,0.11686,0.0701,0.4057,0.2195,0.11744,0.0704,0.107829966329966,0.0654292929292929,0.424291245791246,0.229116161616162,0.107878787878788,0.0654545454545455,"transferencia_conservada","transferencia_conservada",0.0249974790800678,0.878679781883175,0.858716238328341,-0.0199635435548342,FALSE,FALSE
185,0.185,0.62,0.195,0.0160311958405546,0.967071057192374,0.0168977469670711,"esc_media","esc_media",0.388859957917814,0.844090741204695,0.152550356698301,-0.691540384506394,0.36858,0.2003,0.16471,0.09485,0.10671,0.06485,0.368050259965338,0.200025996533795,0.164974870017331,0.0949870017331022,0.106974870017331,0.0649870017331022,"aporte_conservada","aporte_conservada",0.000698575799792154,0.907832455050351,0.90827739396938,0.000444938919028748,FALSE,FALSE
186,0.59,0.255,0.155,0.962828649138713,0.0231187669990934,0.014052583862194,"esc_baja","esc_baja",0.404754508247882,0.863571156866974,0.1670255104958,-0.696545646371175,0.153835,0.089225,0.35756,0.1946,0.128605,0.076175,0.190358567543064,0.108116500453309,0.314311876699909,0.172230281051677,0.135329555757026,0.0796532184950136,"transferencia_conservada","transferencia_conservada",0.0603376093250653,0.920735393412878,0.946105609084125,0.0253702156712471,FALSE,FALSE
187,0.155,0.255,0.59,0.014052583862194,0.0231187669990934,0.962828649138713,"esc_alta","esc_alta",0.404754508247882,0.863571156866974,0.1670255104958,-0.696545646371175,0.063125,0.103375,0.2207,0.40802,0.076175,0.128605,0.0511899365367181,0.0803005439709882,0.229156844968268,0.424369900271985,0.0796532184950136,0.135329555757026,"transferencia_degradada","transferencia_degradada",0.0419702989744719,0.875185242956966,0.852923305832386,-0.0222619371245808,FALSE,FALSE
188,0.185,0.64,0.175,0.0799724914331841,0.903049754809493,0.0169777537573231,"esc_media","esc_media",0.293741023040898,0.821775145200831,0.330695362598118,-0.491079782602713,0.1997,0.36742,0.09515,0.16529,0.06515,0.10729,0.198110157869724,0.3643463052148,0.0959449210651379,0.1668268473926,0.0659449210651379,0.1088268473926,"aporte_degradada","aporte_degradada",0.00404797993944061,0.908804794812016,0.91134628018125,0.00254148536923371,FALSE,FALSE
189,0.145,0.245,0.61,0.0203543087479346,0.434485861567654,0.545159829684412,"esc_alta","esc_alta",0.242503159460522,0.842982251726283,0.702876269090718,-0.140105982635564,0.39497,0.21395,0.151515,0.088025,0.093515,0.058025,0.398438720214316,0.215744165628094,0.149780639892842,0.0871279171859528,0.0917806398928422,0.0571279171859528,"aporte_conservada","aporte_conservada",0.00466961645955884,0.883733523318399,0.880279882465125,-0.00345364085327393,FALSE,FALSE
190,0.61,0.245,0.145,0.885161098177635,0.100630278571358,0.0142086232510071,"esc_baja","esc_baja",0.293018937710712,0.842982251726283,0.363637470597001,-0.479344781129282,0.090275,0.155865,0.1934,0.35524,0.076325,0.128895,0.104619120069228,0.183596965467175,0.176890334109342,0.323321312611394,0.0784905458214296,0.133081721921431,"transferencia_degradada","transferencia_degradada",0.0451829961425332,0.922374528809363,0.941525508545822,0.0191509797364592,FALSE,FALSE
191,0.185,0.62,0.195,0.0160311958405546,0.967071057192374,0.0168977469670711,"esc_media","esc_media",0.388859957917814,0.844090741204695,0.152550356698301,-0.691540384506394,0.36858,0.2003,0.16471,0.09485,0.10671,0.06485,0.368050259965338,0.200025996533795,0.164974870017331,0.0949870017331022,0.106974870017331,0.0649870017331022,"aporte_conservada","aporte_conservada",0.000698575799792154,0.907832455050351,0.90827739396938,0.000444938919028748,FALSE,FALSE
192,0.155,0.255,0.59,0.014052583862194,0.0231187669990934,0.962828649138713,"esc_alta","esc_alta",0.404754508247882,0.863571156866974,0.1670255104958,-0.696545646371175,0.063125,0.103375,0.2207,0.40802,0.076175,0.128605,0.0511899365367181,0.0803005439709882,0.229156844968268,0.424369900271985,0.0796532184950136,0.135329555757026,"transferencia_degradada","transferencia_degradada",0.0419702989744719,0.875185242956966,0.852923305832386,-0.0222619371245808,FALSE,FALSE
193,0.135,0.235,0.63,0.0175904326117191,0.343442360801541,0.63896720658674,"esc_alta","esc_alta",0.210602955191501,0.820796482214274,0.659301179295862,-0.161495302918413,0.072425,0.121355,0.102425,0.179355,0.18515,0.33929,0.0743206516096253,0.125019926445276,0.104320651609625,0.183019926445276,0.181358696780749,0.331960147109449,"receptora_degradada","receptora_degradada",0.00954715657535755,0.930187634168388,0.935072841457887,0.00488520728949904,FALSE,FALSE
194,0.145,0.245,0.61,0.0270751065015229,0.799583596124063,0.173341297374414,"esc_alta","esc_media",0.486705697750784,0.842982251726283,0.528244101195944,-0.314738150530339,0.39497,0.21395,0.151515,0.088025,0.093515,0.058025,0.376483439070628,0.204387985726187,0.160758280464686,0.0928060071369066,0.102758280464686,0.0628060071369066,"aporte_conservada","aporte_conservada",0.0246622931373233,0.883733523318399,0.901014279367023,0.0172807560486243,TRUE,FALSE
195,0.145,0.245,0.61,0.0280735721200387,0.853823814133592,0.11810261374637,"esc_alta","esc_media",0.539649333999364,0.842982251726283,0.443765212253567,-0.399217039472716,0.39497,0.21395,0.151515,0.088025,0.093515,0.058025,0.373221684414327,0.20270087124879,0.162389157792836,0.093649564375605,0.104389157792836,0.063649564375605,"aporte_conservada","aporte_conservada",0.0289790644950852,0.883733523318399,0.90386909935513,0.0201355760367312,TRUE,FALSE
196,0.205,0.56,0.235,0.0194866920152091,0.958174904942966,0.0223384030418251,"esc_media","esc_media",0.42007322295266,0.901037653371437,0.184410187343607,-0.716627466027829,0.2009,0.36974,0.09455,0.16413,0.06455,0.10613,0.200085551330798,0.368165399239544,0.0949572243346008,0.164917300380228,0.0649572243346008,0.106917300380228,"aporte_degradada","aporte_degradada",0.00207719261642016,0.9068528712146,0.908180814712863,0.00132794349826315,FALSE,FALSE
197,0.155,0.255,0.59,0.014052583862194,0.0231187669990934,0.962828649138713,"esc_alta","esc_alta",0.404754508247882,0.863571156866974,0.1670255104958,-0.696545646371175,0.063125,0.103375,0.2207,0.40802,0.076175,0.128605,0.0511899365367181,0.0803005439709882,0.229156844968268,0.424369900271985,0.0796532184950136,0.135329555757026,"transferencia_degradada","transferencia_degradada",0.0419702989744719,0.875185242956966,0.852923305832386,-0.0222619371245808,FALSE,FALSE
198,0.145,0.245,0.61,0.0127528583992964,0.0215479331574318,0.965699208443272,"esc_alta","esc_alta",0.394224041935883,0.842982251726283,0.156582359929188,-0.686399891797095,0.39497,0.21395,0.151515,0.088025,0.093515,0.058025,0.42327088830255,0.228588390501319,0.137364555848725,0.0807058047493404,0.0793645558487247,0.0507058047493404,"aporte_conservada","aporte_conservada",0.0385808999367002,0.883733523318399,0.853549573152347,-0.0301839501660521,FALSE,FALSE
199,0.145,0.245,0.61,0.0127528583992964,0.0215479331574318,0.965699208443272,"esc_alta","esc_alta",0.394224041935883,0.842982251726283,0.156582359929188,-0.686399891797095,0.101925,0.062375,0.40918,0.2213,0.128895,0.076325,0.0801042216358839,0.0510883905013193,0.424520668425682,0.229234828496042,0.135375109938434,0.0796767810026385,"transferencia_conservada","transferencia_conservada",0.0398350591428906,0.873816318538149,0.852698679496852,-0.0211176390412975,FALSE,FALSE
200,0.175,0.64,0.185,0.0147306397306397,0.96969696969697,0.0155723905723906,"esc_media","esc_media",0.377926264157935,0.821775145200831,0.142713428475111,-0.67906171672572,0.11686,0.0701,0.4057,0.2195,0.11744,0.0704,0.107829966329966,0.0654292929292929,0.424291245791246,0.229116161616162,0.107878787878788,0.0654545454545455,"transferencia_conservada","transferencia_conservada",0.0249974790800678,0.878679781883175,0.858716238328341,-0.0199635435548342,FALSE,FALSE
201,0.185,0.62,0.195,0.282025215519105,0.690892331665273,0.0270824528156218,"esc_media","esc_media",0.245658967784,0.844090741204695,0.646438310761626,-0.19765243044307,0.11744,0.0704,0.40454,0.2189,0.11802,0.0707,0.130750802618509,0.0772848979061254,0.393285074999784,0.213078487068854,0.115964122381707,0.0696366150250209,"transferencia_conservada","transferencia_conservada",0.0216423515255607,0.879861780602772,0.890590520761366,0.0107287401585944,FALSE,FALSE
202,0.1275,0.2275,0.645,0.0109170351171969,0.0328236255874538,0.956259339295349,"esc_alta","esc_alta",0.350180364721188,0.803083415349579,0.185900112751511,-0.617183302598068,0.0610625,0.0993875,0.22235,0.41121,0.0765875,0.1294025,0.0511473764908436,0.080218261215631,0.229344977892968,0.424733623926405,0.0795076456161882,0.135048114857964,"transferencia_degradada","transferencia_degradada",0.0351694007808143,0.871372882028022,0.85254547365393,-0.0188274083740919,FALSE,FALSE
203,0.175,0.64,0.185,0.210550516382057,0.76607964820892,0.0233698354090223,"esc_media","esc_media",0.23810571540223,0.821775145200831,0.564316335129417,-0.257458810071414,0.11686,0.0701,0.4057,0.2195,0.11744,0.0704,0.124640169698377,0.0741242257060572,0.401576140099681,0.217366969017077,0.113783690201941,0.0685088052768662,"transferencia_conservada","transferencia_conservada",0.0131307319294653,0.878679781883175,0.882649192360744,0.00396941047756894,FALSE,FALSE
204,0.145,0.245,0.61,0.0160039060490877,0.198156451281639,0.785839642669274,"esc_alta","esc_alta",0.229564645405245,0.842982251726283,0.524588870147414,-0.318393381578868,0.101925,0.062375,0.40918,0.2213,0.128895,0.076325,0.0856029901888617,0.0539325811321698,0.424143546898306,0.229039765637055,0.130253462912832,0.0770276532307754,"transferencia_conservada","transferencia_conservada",0.0297132322360936,0.873816318538149,0.855143916723042,-0.0186724018151074,FALSE,FALSE
205,0.175,0.64,0.185,0.0147306397306397,0.96969696969697,0.0155723905723906,"esc_media","esc_media",0.377926264157935,0.821775145200831,0.142713428475111,-0.67906171672572,0.36858,0.2003,0.16471,0.09485,0.10671,0.06485,0.368048821548822,0.200025252525252,0.164975589225589,0.0949873737373737,0.106975589225589,0.0649873737373737,"aporte_conservada","aporte_conservada",0.000700472379864083,0.907832455050351,0.908278600067441,0.00044614501709006,FALSE,FALSE
206,0.145,0.245,0.61,0.0221121528557386,0.529978230925133,0.447909616219128,"esc_alta","esc_media",0.290070029373464,0.842982251726283,0.710461312241048,-0.132520939485235,0.39497,0.21395,0.151515,0.088025,0.093515,0.058025,0.392696252875077,0.212773923900902,0.152651873562462,0.0886130380495492,0.0946518735624617,0.0586130380495492,"aporte_conservada","aporte_conservada",0.00305315029498534,0.883733523318399,0.885960857072728,0.00222733375432871,TRUE,FALSE
207,0.145,0.245,0.61,0.0280735721200387,0.853823814133592,0.11810261374637,"esc_alta","esc_media",0.539649333999364,0.842982251726283,0.443765212253567,-0.399217039472716,0.45962,0.1493,0.17419,0.06535,0.10619,0.04535,0.43412197483059,0.141800580832527,0.186939012584705,0.0690997095837367,0.118939012584705,0.0490997095837367,"aporte_conservada","aporte_conservada",0.0290934493110829,0.838468544093119,0.858702533740505,0.0202339896473862,TRUE,FALSE
208,0.145,0.245,0.61,0.0237858185043284,0.620897725769146,0.355316455726526,"esc_alta","esc_media",0.346796274044887,0.842982251726283,0.684957417776575,-0.158024833949708,0.39497,0.21395,0.151515,0.088025,0.093515,0.058025,0.387228776958888,0.209945919116666,0.155385611520556,0.0900270404416671,0.0973856115205563,0.0600270404416671,"aporte_conservada","aporte_conservada",0.0103708424339427,0.883733523318399,0.891199075212382,0.0074655518939829,TRUE,FALSE
209,0.145,0.245,0.61,0.0280735721200387,0.853823814133592,0.11810261374637,"esc_alta","esc_media",0.539649333999364,0.842982251726283,0.443765212253567,-0.399217039472716,0.39497,0.21395,0.151515,0.088025,0.093515,0.058025,0.373221684414327,0.20270087124879,0.162389157792836,0.093649564375605,0.104389157792836,0.063649564375605,"aporte_conservada","aporte_conservada",0.0289790644950852,0.883733523318399,0.90386909935513,0.0201355760367312,TRUE,FALSE
210,0.145,0.245,0.61,0.0280735721200387,0.853823814133592,0.11810261374637,"esc_alta","esc_media",0.539649333999364,0.842982251726283,0.443765212253567,-0.399217039472716,0.101925,0.062375,0.40918,0.2213,0.128895,0.076325,0.106017424975799,0.0644917715392062,0.422743465634076,0.228315585672798,0.111239109390126,0.0671926427879961,"transferencia_conservada","transferencia_conservada",0.0289724140429909,0.873816318538149,0.860401964033812,-0.0134143545043375,TRUE,FALSE
211,0.145,0.245,0.61,0.0280735721200387,0.853823814133592,0.11810261374637,"esc_alta","esc_media",0.539649333999364,0.842982251726283,0.443765212253567,-0.399217039472716,0.101925,0.062375,0.40918,0.2213,0.128895,0.076325,0.106017424975799,0.0644917715392062,0.422743465634076,0.228315585672798,0.111239109390126,0.0671926427879961,"transferencia_conservada","transferencia_conservada",0.0289724140429909,0.873816318538149,0.860401964033812,-0.0134143545043375,TRUE,FALSE
212,0.155,0.255,0.59,0.0159172660580826,0.127191734834431,0.856890999107487,"esc_alta","esc_alta",0.28433751094957,0.863571156866974,0.419185331020203,-0.444385825846771,0.063125,0.103375,0.2207,0.40802,0.076175,0.128605,0.0528629119860014,0.0835349631729361,0.229044964036515,0.424153597137262,0.0780921239774835,0.132311439689801,"transferencia_degradada","transferencia_degradada",0.0358490760723056,0.875185242956966,0.854403734867909,-0.0207815080890578,FALSE,FALSE
213,0.1275,0.2275,0.645,0.0261941448382126,0.841294298921418,0.13251155624037,"esc_alta","esc_media",0.542372074994677,0.803083415349579,0.462956055042096,-0.340127360307484,0.0610625,0.0993875,0.22235,0.41121,0.0765875,0.1294025,0.064191063174114,0.105436055469954,0.228428351309707,0.422961479198767,0.0673805855161787,0.111602465331279,"transferencia_degradada","transferencia_degradada",0.0294787736321842,0.871372882028022,0.860138243279736,-0.011234638748286,TRUE,FALSE
214,0.185,0.62,0.195,0.256923678210693,0.716954987476054,0.0261213343132526,"esc_media","esc_media",0.243740968542989,0.844090741204695,0.621626670623716,-0.222464070580979,0.36858,0.2003,0.16471,0.09485,0.10671,0.06485,0.354613464053948,0.193075929683077,0.171693267973026,0.0984620351584616,0.113693267973026,0.0684620351584616,"aporte_conservada","aporte_conservada",0.0183545622186338,0.907832455050351,0.919060603896303,0.0112281488459516,FALSE,FALSE
215,0.1275,0.2275,0.645,0.0106560802340159,0.0190137902214793,0.970330129544505,"esc_alta","esc_alta",0.375148658849887,0.803083415349579,0.139234822510733,-0.663848592838846,0.0727625,0.1220075,0.1027625,0.1800075,0.184475,0.337985,0.0793951107396573,0.134830547430004,0.109395110739657,0.192830547430004,0.171209778520685,0.312338905139992,"receptora_degradada","receptora_degradada",0.033355015152682,0.931078039199254,0.946764939956144,0.0156869007568892,FALSE,FALSE
216,0.63,0.235,0.135,0.968403074295474,0.020068317677199,0.0115286080273271,"esc_baja","esc_baja",0.383427959903019,0.820796482214274,0.146533027381825,-0.674263454832449,0.157895,0.091325,0.35292,0.1922,0.129185,0.076475,0.190916737830914,0.108405209222886,0.313665243381725,0.171895815542272,0.135418018787361,0.079698975234842,"transferencia_conservada","transferencia_conservada",0.0545570979642289,0.923978951296294,0.94639690599231,0.0224179546960163,FALSE,FALSE
217,0.175,0.64,0.185,0.0147306397306397,0.96969696969697,0.0155723905723906,"esc_media","esc_media",0.377926264157935,0.821775145200831,0.142713428475111,-0.67906171672572,0.11686,0.0701,0.4057,0.2195,0.11744,0.0704,0.107829966329966,0.0654292929292929,0.424291245791246,0.229116161616162,0.107878787878788,0.0654545454545455,"transferencia_conservada","transferencia_conservada",0.0249974790800678,0.878679781883175,0.858716238328341,-0.0199635435548342,FALSE,FALSE
218,0.61,0.245,0.145,0.878288865417716,0.107378292438238,0.0143328421440462,"esc_baja","esc_baja",0.286978554562369,0.842982251726282,0.377233653849423,-0.465748597876859,0.090275,0.155865,0.1934,0.35524,0.076325,0.128895,0.104308006311637,0.182995478869164,0.177302668074937,0.324118491611545,0.0783893256134264,0.132886029519291,"transferencia_degradada","transferencia_degradada",0.0441370182140019,0.922374528809363,0.941099747233236,0.0187252184238733,FALSE,FALSE
219,0.185,0.62,0.195,0.346971658906103,0.623459139055095,0.0295692020388016,"esc_media","esc_media",0.259338480052081,0.844090741204695,0.697201879868656,-0.146888861336039,0.11744,0.0704,0.40454,0.2189,0.11802,0.0707,0.136329027465706,0.0801701866201926,0.385751287566892,0.209181700465634,0.117919684967402,0.0706481129141736,"transferencia_conservada","transferencia_conservada",0.0312588301031176,0.879861780602772,0.897447396172018,0.0175856155692465,FALSE,FALSE
220,0.2025,0.55,0.2475,0.235275098847328,0.732247540758562,0.0324773603941099,"esc_media","esc_media",0.278871499974681,0.908237865329521,0.618912608263647,-0.289325257065874,0.0704,0.11744,0.21785,0.40251,0.07175,0.12005,0.0751002190422181,0.126527090148288,0.21588349406916,0.39870808853371,0.0690162868886216,0.114764821318002,"transferencia_degradada","transferencia_degradada",0.0157688902637244,0.881901499538298,0.885461434701356,0.00355993516305819,FALSE,FALSE
221,0.1275,0.2275,0.645,0.0251096064358481,0.783900098812349,0.190990294751803,"esc_alta","esc_media",0.487624964662293,0.803083415349579,0.545748662915082,-0.257334752434498,0.215525,0.398015,0.0872375,0.1499925,0.0572375,0.0919925,0.204976420649479,0.377621079922325,0.0925117896752607,0.160189460038837,0.0625117896752607,0.102189460038837,"aporte_degradada","aporte_degradada",0.0272517156206154,0.88070538177229,0.900004980558678,0.0192995987863886,TRUE,FALSE
222,0.175,0.64,0.185,0.249267714053991,0.725820752021808,0.0249115339242005,"esc_media","esc_media",0.237605325910529,0.821775145200831,0.610647133883125,-0.211128011317706,0.11686,0.0701,0.4057,0.2195,0.11744,0.0704,0.127963856638895,0.0758433741235666,0.397084945169737,0.21504393715676,0.114951198191368,0.0691126887196729,"transferencia_conservada","transferencia_conservada",0.0180822272020536,0.878679781883175,0.887001193426067,0.00832141154289168,FALSE,FALSE
223,0.54,0.28,0.18,0.954813359528487,0.0275049115913556,0.0176817288801572,"esc_baja","esc_baja",0.429976594528833,0.908268214242105,0.195096679720355,-0.71317153452175,0.1892,0.34712,0.1004,0.17544,0.0704,0.11744,0.17188605108055,0.313646365422397,0.109056974459725,0.192176817288802,0.079056974459725,0.134176817288802,"aporte_degradada","aporte_degradada",0.0435684519592026,0.924656908219664,0.946048456170975,0.0213915479513115,FALSE,FALSE
224,0.1725,0.2725,0.555,0.016741756526044,0.0387505726252958,0.94450767084866,"esc_alta","esc_alta",0.402459143461868,0.895860114045862,0.226064813250453,-0.669795300795409,0.390185,0.211475,0.1539075,0.0892625,0.0959075,0.0592625,0.421810423030712,0.227832977429678,0.138094788484644,0.0810835112851608,0.0800947884846441,0.0510835112851608,"aporte_conservada","aporte_conservada",0.0429737372641183,0.88838739142967,0.855221023795598,-0.0331663676340724,FALSE,FALSE
225,0.1275,0.2275,0.645,0.0261941448382126,0.841294298921418,0.13251155624037,"esc_alta","esc_media",0.542372074994677,0.803083415349579,0.462956055042096,-0.340127360307484,0.215525,0.398015,0.0872375,0.1499925,0.0572375,0.0919925,0.203189522342065,0.374166409861325,0.0934052388289676,0.161916795069337,0.0634052388289676,0.103916795069337,"aporte_degradada","aporte_degradada",0.0318265336753986,0.88070538177229,0.903048172031271,0.0223427902589817,TRUE,FALSE
226,0.1725,0.2725,0.555,0.0165309056061332,0.0261140392908481,0.957355055103019,"esc_alta","esc_alta",0.422572030008761,0.895860114045862,0.186356839165627,-0.709503274880234,0.1059125,0.0644375,0.40599,0.21965,0.1280975,0.0759125,0.080674892189746,0.0513835649257307,0.424082414949688,0.229008145663632,0.135242692860565,0.0796082894106373,"transferencia_conservada","transferencia_conservada",0.0456182298414636,0.877533808925172,0.853350412594473,-0.0241833963306991,FALSE,FALSE
227,0.2475,0.55,0.2025,0.462053784267564,0.508201243978742,0.0297449717536937,"esc_media","esc_media",0.276354985251417,0.908237865329521,0.733003115285767,-0.175234750043754,0.12266,0.0731,0.39729,0.21515,0.12005,0.07175,0.146336075050421,0.085346245715735,0.372401761024962,0.202276772943946,0.121262163924616,0.0723769813403189,"transferencia_conservada","transferencia_conservada",0.0391279683760796,0.887071647543897,0.90876126222358,0.0216896146796828,FALSE,FALSE
228,0.1725,0.2725,0.555,0.0165309056061332,0.0261140392908481,0.957355055103019,"esc_alta","esc_alta",0.422572030008761,0.895860114045862,0.186356839165627,-0.709503274880234,0.45401,0.14765,0.176995,0.066175,0.108995,0.046175,0.491976042165788,0.158816482989938,0.158011978917106,0.0605917585050311,0.0900119789171059,0.0405917585050311,"aporte_conservada","aporte_conservada",0.0442396033968486,0.843145869582998,0.808931273188405,-0.0342145963945929,FALSE,FALSE
229,0.145,0.245,0.61,0.0280735721200387,0.853823814133592,0.11810261374637,"esc_alta","esc_media",0.539649333999364,0.842982251726283,0.443765212253567,-0.399217039472716,0.101925,0.062375,0.40918,0.2213,0.128895,0.076325,0.106017424975799,0.0644917715392062,0.422743465634076,0.228315585672798,0.111239109390126,0.0671926427879961,"transferencia_conservada","transferencia_conservada",0.0289724140429909,0.873816318538149,0.860401964033812,-0.0134143545043375,TRUE,FALSE
230,0.145,0.245,0.61,0.0280735721200387,0.853823814133592,0.11810261374637,"esc_alta","esc_media",0.539649333999364,0.842982251726283,0.443765212253567,-0.399217039472716,0.101925,0.062375,0.40918,0.2213,0.128895,0.076325,0.106017424975799,0.0644917715392062,0.422743465634076,0.228315585672798,0.111239109390126,0.0671926427879961,"transferencia_conservada","transferencia_conservada",0.0289724140429909,0.873816318538149,0.860401964033812,-0.0134143545043375,TRUE,FALSE
231,0.145,0.245,0.61,0.0127528583992964,0.0215479331574318,0.965699208443272,"esc_alta","esc_alta",0.394224041935883,0.842982251726283,0.156582359929188,-0.686399891797095,0.120485,0.071975,0.178485,0.101975,0.34103,0.18605,0.134635444151275,0.0792941952506596,0.192635444151275,0.10929419525066,0.312729111697449,0.171411609498681,"receptora_conservada","receptora_conservada",0.0368157900309134,0.928986494653445,0.946552043807644,0.0175655491541987,FALSE,FALSE
232,0.145,0.245,0.61,0.0127528583992964,0.0215479331574318,0.965699208443272,"esc_alta","esc_alta",0.394224041935883,0.842982251726283,0.156582359929188,-0.686399891797095,0.101925,0.062375,0.40918,0.2213,0.128895,0.076325,0.0801042216358839,0.0510883905013193,0.424520668425682,0.229234828496042,0.135375109938434,0.0796767810026385,"transferencia_conservada","transferencia_conservada",0.0398350591428906,0.873816318538149,0.852698679496852,-0.0211176390412975,FALSE,FALSE
233,0.54,0.28,0.18,0.91637696423455,0.0653356424746003,0.0182873932908495,"esc_baja","esc_baja",0.377437579652085,0.908268214242105,0.301701087781696,-0.606567126460409,0.0866,0.14876,0.1976,0.36336,0.0758,0.12788,0.105962652491192,0.186194461482971,0.175017382145927,0.319700272148792,0.079019965362881,0.134105266368237,"transferencia_degradada","transferencia_degradada",0.0615966132011936,0.916484382195692,0.943451790891822,0.0269674086961299,FALSE,FALSE
234,0.185,0.62,0.195,0.0388519228264939,0.943376542172092,0.0177715350014139,"esc_media","esc_media",0.352134503903868,0.844090741204695,0.230110517474577,-0.613980223730119,0.11744,0.0704,0.40454,0.2189,0.11802,0.0707,0.109864742770864,0.066481763502171,0.421493176952127,0.22766888463041,0.108642080277009,0.0658493518674186,"transferencia_conservada","transferencia_conservada",0.0228315923400766,0.879861780602772,0.861842261886613,-0.0180195187161586,FALSE,FALSE
235,0.185,0.62,0.195,0.363886074029554,0.605897084022895,0.0302168419475515,"esc_media","esc_media",0.264643817965583,0.844090741204695,0.707418772605686,-0.136671968599009,0.10729,0.06515,0.16529,0.09515,0.36742,0.1997,0.0973235922696219,0.05999496151877,0.155323592269622,0.08999496151877,0.387352815460756,0.21001007696246,"receptora_conservada","receptora_conservada",0.0264342586359189,0.908804794812016,0.891082072465711,-0.0177227223463053,FALSE,FALSE
236,0.1725,0.2725,0.555,0.0165309056061332,0.0261140392908481,0.957355055103019,"esc_alta","esc_alta",0.422572030008761,0.895860114045862,0.186356839165627,-0.709503274880234,0.390185,0.211475,0.1539075,0.0892625,0.0959075,0.0592625,0.422567800670819,0.228224724484907,0.13771609966459,0.0808876377575467,0.0797160996645903,0.0508876377575467,"aporte_conservada","aporte_conservada",0.0440209404063452,0.88838739142967,0.854355811718715,-0.0340315797109554,FALSE,FALSE
237,0.63,0.235,0.135,0.968403074295474,0.020068317677199,0.0115286080273271,"esc_baja","esc_baja",0.383427959903019,0.820796482214274,0.146533027381825,-0.674263454832449,0.092645,0.057575,0.150645,0.087575,0.39671,0.21485,0.0792506404782237,0.0506468830059778,0.137250640478224,0.0806468830059778,0.423498719043553,0.228706233988044,"receptora_conservada","receptora_conservada",0.0365574811951748,0.882009522904832,0.853287686945143,-0.0287218359596886,FALSE,FALSE
238,0.54,0.28,0.18,0.954813359528487,0.0275049115913556,0.0176817288801572,"esc_baja","esc_baja",0.429976594528833,0.908268214242105,0.195096679720355,-0.71317153452175,0.0866,0.14876,0.1976,0.36336,0.0758,0.12788,0.10770137524558,0.189555992141454,0.172711198428291,0.315241650294695,0.0795874263261297,0.135202357563851,"transferencia_degradada","transferencia_degradada",0.0674465451320244,0.916484382195692,0.945682388037966,0.0291980058422748,FALSE,FALSE
239,0.145,0.245,0.61,0.0280735721200387,0.853823814133592,0.11810261374637,"esc_alta","esc_media",0.539649333999364,0.842982251726283,0.443765212253567,-0.399217039472716,0.120485,0.071975,0.178485,0.101975,0.34103,0.18605,0.109610842207164,0.066350435624395,0.167610842207164,0.096350435624395,0.362778315585673,0.19729912875121,"receptora_conservada","receptora_conservada",0.0284643960630712,0.928986494653445,0.912623260399107,-0.0163632342543388,TRUE,FALSE
240,0.185,0.62,0.195,0.351722951074615,0.61852592357419,0.0297511253511953,"esc_media","esc_media",0.260764152925434,0.844090741204695,0.700193416490382,-0.143897324714313,0.10729,0.06515,0.16529,0.09515,0.36742,0.1997,0.0976628170540208,0.0601704226141487,0.155662817054021,0.0901704226141487,0.386674365891958,0.209659154771703,"receptora_conservada","receptora_conservada",0.0255286112550633,0.908804794812016,0.891721000924335,-0.0170837938876816,FALSE,FALSE
241,0.54,0.28,0.18,0.954813359528487,0.0275049115913556,0.0176817288801572,"esc_baja","esc_baja",0.429976594528833,0.908268214242105,0.195096679720355,-0.71317153452175,0.1892,0.34712,0.1004,0.17544,0.0704,0.11744,0.17188605108055,0.313646365422397,0.109056974459725,0.192176817288802,0.079056974459725,0.134176817288802,"aporte_degradada","aporte_degradada",0.0435684519592026,0.924656908219664,0.946048456170975,0.0213915479513115,FALSE,FALSE
242,0.145,0.245,0.61,0.0154867570766769,0.170063072314158,0.814450170609165,"esc_alta","esc_alta",0.242971569183874,0.842982251726283,0.485144754460351,-0.357837497265932,0.39497,0.21395,0.151515,0.088025,0.093515,0.058025,0.414339877984884,0.223968902405975,0.141830061007558,0.0830155487970127,0.0838300610075579,0.0530155487970127,"aporte_conservada","aporte_conservada",0.0262786684658411,0.883733523318399,0.863574217623577,-0.0201593056948219,FALSE,FALSE
243,0.61,0.245,0.145,0.965699208443272,0.0215479331574318,0.0127528583992964,"esc_baja","esc_baja",0.394224041935883,0.842982251726282,0.156582359929188,-0.686399891797095,0.18605,0.34103,0.101975,0.178485,0.071975,0.120485,0.171411609498681,0.312729111697449,0.10929419525066,0.192635444151275,0.0792941952506596,0.134635444151275,"aporte_degradada","aporte_degradada",0.0368157900309134,0.928986494653445,0.946552043807644,0.0175655491541987,FALSE,FALSE
244,0.2,0.54,0.26,0.0469621178425519,0.92634993005798,0.0266879520994684,"esc_media","esc_media",0.391516278518127,0.914669585086509,0.283269447569795,-0.631400137516714,0.0659,0.10874,0.0959,0.16674,0.1982,0.36452,0.0646958875138537,0.106412049193451,0.0946958875138537,0.164412049193451,0.200608224972293,0.369175901613099,"receptora_degradada","receptora_degradada",0.00613489319795601,0.911204011858529,0.907330140140023,-0.00387387171850606,FALSE,FALSE
245,0.1725,0.2725,0.555,0.0165309056061332,0.0261140392908481,0.957355055103019,"esc_alta","esc_alta",0.422572030008761,0.895860114045862,0.186356839165627,-0.709503274880234,0.390185,0.211475,0.1539075,0.0892625,0.0959075,0.0592625,0.422567800670819,0.228224724484907,0.13771609966459,0.0808876377575467,0.0797160996645903,0.0508876377575467,"aporte_conservada","aporte_conservada",0.0440209404063452,0.88838739142967,0.854355811718715,-0.0340315797109554,FALSE,FALSE
246,0.2,0.54,0.26,0.0334057757897631,0.940475844657093,0.026118379553144,"esc_media","esc_media",0.408830449430316,0.914669585086509,0.242549623623523,-0.672119961462985,0.2018,0.37148,0.0941,0.16326,0.0641,0.10526,0.199781378112901,0.367577331018276,0.0951093109435493,0.165211334490862,0.0651093109435493,0.107211334490862,"aporte_degradada","aporte_degradada",0.00515005043021167,0.905369891898906,0.908673340474157,0.00330344857525144,FALSE,FALSE
247,0.175,0.64,0.185,0.0205214692529401,0.963675552378728,0.0158029783683315,"esc_media","esc_media",0.36688285424973,0.821775145200831,0.164710136720503,-0.657065008480328,0.36858,0.2003,0.16471,0.09485,0.10671,0.06485,0.367726327528693,0.199858445273462,0.165136836235654,0.0950707773632691,0.107136836235654,0.0650707773632691,"aporte_conservada","aporte_conservada",0.00112564883550468,0.907832455050351,0.908548727124449,0.000716272074097746,FALSE,FALSE
248,0.2,0.54,0.26,0.345837602283816,0.614917129635438,0.0392452680807459,"esc_media","esc_media",0.285880240630747,0.914669585086509,0.722086503599946,-0.192583081486562,0.0659,0.10874,0.0959,0.16674,0.1982,0.36452,0.0604011149869539,0.098108822308111,0.0904011149869539,0.156108822308111,0.209197770026092,0.385782355383778,"receptora_degradada","receptora_degradada",0.0281568997000989,0.911204011858529,0.892557187529027,-0.0186468243295022,FALSE,FALSE
249,0.2025,0.55,0.2475,0.45027831830746,0.508708060942829,0.0410136207497106,"esc_media","esc_media",0.307464285067754,0.908237865329521,0.759221252163072,-0.149016613166449,0.065675,0.108305,0.095675,0.166305,0.19865,0.36539,0.0588610295366338,0.0951313237708253,0.0888610295366338,0.153131323770825,0.212277940926732,0.391737352458349,"receptora_degradada","receptora_degradada",0.0349713913356783,0.910488986186234,0.886891545432477,-0.0235974407537578,FALSE,FALSE
250,0.1725,0.2725,0.555,0.0306258322237017,0.870838881491345,0.0985352862849534,"esc_alta","esc_media",0.533897831305789,0.895860114045862,0.414645181005315,-0.481214933040547,0.390185,0.211475,0.1539075,0.0892625,0.0959075,0.0592625,0.371938748335553,0.202037283621838,0.163030625832224,0.0939813581890812,0.105030625832224,0.0639813581890812,"aporte_conservada","aporte_conservada",0.0242582099853712,0.88838739142967,0.904976183840472,0.0165887924108016,TRUE,FALSE
251,0.1725,0.2725,0.555,0.0285794130766763,0.748194674965824,0.223225911957499,"esc_alta","esc_media",0.420793753174745,0.895860114045862,0.594741404921282,-0.301118709124579,0.1059125,0.0644375,0.40599,0.21965,0.1280975,0.0759125,0.103012857490903,0.0629376849090879,0.422684788083106,0.228285235215399,0.114302354425991,0.0687770798755126,"transferencia_conservada","transferencia_conservada",0.0247493240829484,0.877533808925172,0.860281999518938,-0.0172518094062345,TRUE,FALSE
252,0.555,0.2725,0.1725,0.957355055103019,0.0261140392908481,0.0165309056061332,"esc_baja","esc_baja",0.422572030008761,0.895860114045862,0.186356839165627,-0.709503274880234,0.0592625,0.0959075,0.0892625,0.1539075,0.211475,0.390185,0.0508876377575467,0.0797160996645903,0.0808876377575467,0.13771609966459,0.228224724484906,0.422567800670819,"receptora_degradada","receptora_degradada",0.0440209404063453,0.88838739142967,0.854355811718715,-0.0340315797109554,FALSE,FALSE
253,0.1725,0.2725,0.555,0.021312725241182,0.312693880835608,0.66599339392321,"esc_alta","esc_alta",0.23046047880127,0.895860114045862,0.651956291658207,-0.243903822387655,0.1059125,0.0644375,0.40599,0.21965,0.1280975,0.0759125,0.0895403986722097,0.055969171727005,0.423527723872023,0.228721236485529,0.126931877455767,0.0753095917874659,"transferencia_conservada","transferencia_conservada",0.0302147060916766,0.877533808925172,0.856965008712213,-0.0205688002129595,FALSE,FALSE
254,0.63,0.235,0.135,0.968403074295474,0.020068317677199,0.0115286080273271,"esc_baja","esc_baja",0.383427959903019,0.820796482214274,0.146533027381825,-0.674263454832449,0.157895,0.091325,0.35292,0.1922,0.129185,0.076475,0.190916737830914,0.108405209222886,0.313665243381725,0.171895815542272,0.135418018787361,0.079698975234842,"transferencia_conservada","transferencia_conservada",0.0545570979642289,0.923978951296294,0.94639690599231,0.0224179546960163,FALSE,FALSE
255,0.205,0.56,0.235,0.279239806213031,0.688701620943315,0.0320585728436544,"esc_media","esc_media",0.26784651921847,0.901037653371437,0.658429525159271,-0.242608128212166,0.06545,0.10787,0.09545,0.16587,0.1991,0.36626,0.0612922814994594,0.0998317442322881,0.0912922814994594,0.157831744232288,0.207415437001081,0.382336511535424,"receptora_degradada","receptora_degradada",0.0212769425006613,0.909769899800598,0.89574627508794,-0.0140236247126586,FALSE,FALSE
256,0.145,0.245,0.61,0.0155319565822056,0.172518470866031,0.811949572551763,"esc_alta","esc_alta",0.241651980418593,0.842982251726283,0.488788945565694,-0.354193306160588,0.101925,0.062375,0.40918,0.2213,0.128895,0.076325,0.0848047426186508,0.0535196944579228,0.424198293036464,0.229068082605068,0.130996964344885,0.0774122229370095,"transferencia_conservada","transferencia_conservada",0.031081529083064,0.873816318538149,0.854816791709467,-0.0189995268286823,FALSE,FALSE
257,0.2025,0.55,0.2475,0.0581786656187036,0.916375223407003,0.025446110974293,"esc_media","esc_media",0.373262529301924,0.908237865329521,0.308496388085669,-0.599741477243852,0.0704,0.11744,0.21785,0.40251,0.07175,0.12005,0.0672363482882272,0.111323606690573,0.226509280062878,0.41925127478823,0.0662543716488949,0.109425118521197,"transferencia_degradada","transferencia_degradada",0.0229249068921236,0.881901499538298,0.864313310836181,-0.0175881887021168,FALSE,FALSE
258,0.1725,0.2725,0.555,0.0165309056061332,0.0261140392908481,0.957355055103019,"esc_alta","esc_alta",0.422572030008761,0.895860114045862,0.186356839165627,-0.709503274880234,0.390185,0.211475,0.1539075,0.0892625,0.0959075,0.0592625,0.422567800670819,0.228224724484907,0.13771609966459,0.0808876377575467,0.0797160996645903,0.0508876377575467,"aporte_conservada","aporte_conservada",0.0440209404063452,0.88838739142967,0.854355811718715,-0.0340315797109554,FALSE,FALSE
259,0.63,0.235,0.135,0.968403074295474,0.020068317677199,0.0115286080273271,"esc_baja","esc_baja",0.383427959903019,0.820796482214274,0.146533027381825,-0.674263454832449,0.157895,0.091325,0.35292,0.1922,0.129185,0.076475,0.190916737830914,0.108405209222886,0.313665243381725,0.171895815542272,0.135418018787361,0.079698975234842,"transferencia_conservada","transferencia_conservada",0.0545570979642289,0.923978951296294,0.94639690599231,0.0224179546960163,FALSE,FALSE
260,0.1725,0.2725,0.555,0.0306258322237017,0.870838881491345,0.0985352862849534,"esc_alta","esc_media",0.533897831305789,0.895860114045862,0.414645181005315,-0.481214933040547,0.1059125,0.0644375,0.40599,0.21965,0.1280975,0.0759125,0.106806924101198,0.0649001331557923,0.422447403462051,0.228162450066578,0.110745672436751,0.0669374167776298,"transferencia_conservada","transferencia_conservada",0.0289279363425952,0.877533808925172,0.860754316213223,-0.0167794927119496,TRUE,FALSE
261,0.145,0.245,0.61,0.0280735721200387,0.853823814133592,0.11810261374637,"esc_alta","esc_media",0.539649333999364,0.842982251726283,0.443765212253567,-0.399217039472716,0.39497,0.21395,0.151515,0.088025,0.093515,0.058025,0.373221684414327,0.20270087124879,0.162389157792836,0.093649564375605,0.104389157792836,0.063649564375605,"aporte_conservada","aporte_conservada",0.0289790644950852,0.883733523318399,0.90386909935513,0.0201355760367312,TRUE,FALSE
262,0.2475,0.55,0.2025,0.45694844946979,0.513425196036544,0.0296263544936656,"esc_media","esc_media",0.274556201732273,0.908237865329521,0.732203948760255,-0.176033916569265,0.12266,0.0731,0.39729,0.21515,0.12005,0.07175,0.145895350823555,0.0851182849087356,0.372993979861504,0.202583093031813,0.12111066931494,0.0722986220594518,"transferencia_conservada","transferencia_conservada",0.0383511651698652,0.887071647543897,0.908280896299417,0.0212092487555204,FALSE,FALSE
263,0.235,0.56,0.205,0.410622042985741,0.559740730872621,0.029637226141638,"esc_media","esc_media",0.265645252321059,0.901037653371436,0.723257688970607,-0.17777996440083,0.1215,0.0725,0.39874,0.2159,0.11976,0.0716,0.141864638181652,0.0830334335422338,0.378367843013654,0.205362677420856,0.119767518804694,0.0716038890369107,"transferencia_conservada","transferencia_conservada",0.033372586717103,0.885656723198314,0.903833727980499,0.0181770047821846,FALSE,FALSE
264,0.175,0.64,0.185,0.124567692302117,0.855486263270277,0.0199460444276061,"esc_media","esc_media",0.263825197611824,0.821775145200831,0.428790799734877,-0.392984345465953,0.36858,0.2003,0.16471,0.09485,0.10671,0.06485,0.361931944423278,0.196861350563765,0.168034027788361,0.0965693247181177,0.110034027788361,0.0665693247181177,"aporte_conservada","aporte_conservada",0.00875250967702777,0.907832455050351,0.913307081973808,0.00547462692345735,FALSE,FALSE
265,0.195,0.62,0.185,0.720986354941475,0.239255567693016,0.0397580773655098,"esc_media","esc_baja",0.464357521152154,0.844090741204695,0.642871230288303,-0.201219510916392,0.1997,0.36742,0.09515,0.16529,0.06515,0.10729,0.179563151672721,0.328488759900594,0.105218424163639,0.184755620049703,0.0752184241636395,0.126755620049703,"aporte_degradada","aporte_degradada",0.0508939440284744,0.908804794812016,0.937288109981987,0.0284833151699704,TRUE,FALSE
266,0.195,0.62,0.185,0.804822004956971,0.152594763978174,0.0425832310648545,"esc_media","esc_baja",0.536700397536459,0.844090741204695,0.542532670121259,-0.301558071083436,0.1997,0.36742,0.09515,0.16529,0.06515,0.10729,0.177132836783236,0.323790151114257,0.106433581608382,0.187104924442871,0.0764335816083818,0.129104924442871,"aporte_degradada","aporte_degradada",0.0569979495935993,0.908804794812016,0.940186009544309,0.0313812147322924,TRUE,FALSE
267,0.18,0.28,0.54,0.03125,0.875,0.09375,"esc_alta","esc_media",0.53206383982363,0.908268214242105,0.406933418590992,-0.501334795651113,0.107,0.065,0.40512,0.2192,0.12788,0.0758,0.107,0.065,0.422375,0.228125,0.110625,0.066875,"transferencia_conservada","transferencia_conservada",0.0290885438537469,0.878522229300612,0.860839475059823,-0.0176827542407899,TRUE,FALSE
268,0.2025,0.55,0.2475,0.103119597529963,0.869650004281901,0.0272303981881362,"esc_media","esc_media",0.333736114880688,0.908237865329521,0.413117234316351,-0.495120631013169,0.0704,0.11744,0.21785,0.40251,0.07175,0.12005,0.0692319259160263,0.115181723437651,0.223812824148202,0.414038126686524,0.0669552499357715,0.110780149875825,"transferencia_degradada","transferencia_degradada",0.0171249984194637,0.881901499538298,0.86993086947248,-0.0119706300658178,FALSE,FALSE
269,0.235,0.56,0.205,0.643046304448858,0.32124042047236,0.0357132750787814,"esc_media","esc_baja",0.377061023492409,0.901037653371436,0.698812684583244,-0.202224968788193,0.1215,0.0725,0.39874,0.2159,0.11976,0.0716,0.161909343509766,0.0934013845740169,0.351406628683932,0.191417221733069,0.126684027806302,0.0751813936929146,"transferencia_conservada","transferencia_conservada",0.0689071141820429,0.885656723198314,0.924511376606489,0.0388546534081752,TRUE,FALSE
270,0.145,0.245,0.61,0.0280735721200387,0.853823814133592,0.11810261374637,"esc_alta","esc_media",0.539649333999364,0.842982251726283,0.443765212253567,-0.399217039472716,0.39497,0.21395,0.151515,0.088025,0.093515,0.058025,0.373221684414327,0.20270087124879,0.162389157792836,0.093649564375605,0.104389157792836,0.063649564375605,"aporte_conservada","aporte_conservada",0.0289790644950852,0.883733523318399,0.90386909935513,0.0201355760367312,TRUE,FALSE
271,0.1725,0.2725,0.555,0.0165309056061332,0.0261140392908481,0.957355055103019,"esc_alta","esc_alta",0.422572030008761,0.895860114045862,0.186356839165627,-0.709503274880234,0.390185,0.211475,0.1539075,0.0892625,0.0959075,0.0592625,0.422567800670819,0.228224724484907,0.13771609966459,0.0808876377575467,0.0797160996645903,0.0508876377575467,"aporte_conservada","aporte_conservada",0.0440209404063452,0.88838739142967,0.854355811718715,-0.0340315797109554,FALSE,FALSE
272,0.2025,0.55,0.2475,0.280483212038329,0.68524453247086,0.0342722554908106,"esc_media","esc_media",0.274884138945718,0.908237865329521,0.665553229270199,-0.242684636059322,0.0704,0.11744,0.21785,0.40251,0.07175,0.12005,0.0771076607093627,0.130408144038101,0.2131710072777,0.393463947403554,0.0697213320129371,0.116127908558345,"transferencia_degradada","transferencia_degradada",0.0210778649303441,0.881901499538298,0.890443621420158,0.0085421218818601,FALSE,FALSE
273,0.1725,0.2725,0.555,0.0276582288949087,0.692987068449358,0.279354702655733,"esc_alta","esc_media",0.3793049056213,0.895860114045862,0.645937966168375,-0.249922147877487,0.390185,0.211475,0.1539075,0.0892625,0.0959075,0.0592625,0.382598395478128,0.207550894212825,0.157700802260936,0.0912245528935876,0.0997008022609361,0.0612245528935876,"aporte_conservada","aporte_conservada",0.0101253882137339,0.88838739142967,0.895506193112596,0.00711880168292611,TRUE,FALSE
274,0.185,0.64,0.175,0.0155723905723906,0.96969696969697,0.0147306397306397,"esc_media","esc_media",0.377926264157935,0.821775145200831,0.142713428475111,-0.67906171672572,0.0707,0.11802,0.2189,0.40454,0.0704,0.11744,0.065479797979798,0.107927609427609,0.229065656565657,0.424193602693603,0.0654545454545455,0.107878787878788,"transferencia_degradada","transferencia_degradada",0.0264100483721332,0.879861780602772,0.858826171187244,-0.021035609415528,FALSE,FALSE
275,0.145,0.245,0.61,0.0280735721200387,0.853823814133592,0.11810261374637,"esc_alta","esc_media",0.539649333999364,0.842982251726283,0.443765212253567,-0.399217039472716,0.101925,0.062375,0.40918,0.2213,0.128895,0.076325,0.106017424975799,0.0644917715392062,0.422743465634076,0.228315585672798,0.111239109390126,0.0671926427879961,"transferencia_conservada","transferencia_conservada",0.0289724140429909,0.873816318538149,0.860401964033812,-0.0134143545043375,TRUE,FALSE
276,0.1725,0.2725,0.555,0.0183226272499512,0.133493937314216,0.848183435435833,"esc_alta","esc_alta",0.302747200880315,0.895860114045862,0.438517434337893,-0.457342679707968,0.1059125,0.0644375,0.40599,0.21965,0.1280975,0.0759125,0.0839967489431066,0.0531017666947103,0.423874575239006,0.228900642365003,0.132128675817888,0.0779975909402868,"transferencia_conservada","transferencia_conservada",0.0393660672813723,0.877533808925172,0.854841167386652,-0.0226926415385197,FALSE,FALSE
277,0.2025,0.55,0.2475,0.515727335281124,0.440660525443219,0.0436121392756573,"esc_media","esc_baja",0.334937486767912,0.908237865329521,0.763897375517293,-0.144340489812227,0.0704,0.11744,0.21785,0.40251,0.07175,0.12005,0.0875535479985157,0.150603526130464,0.199056359883133,0.36617562910739,0.0733900921183517,0.123220844762147,"transferencia_degradada","transferencia_degradada",0.0557120408730517,0.881901499538298,0.913750146101039,0.0318486465627413,TRUE,FALSE
278,0.145,0.245,0.61,0.0280735721200387,0.853823814133592,0.11810261374637,"esc_alta","esc_media",0.539649333999364,0.842982251726283,0.443765212253567,-0.399217039472716,0.120485,0.071975,0.178485,0.101975,0.34103,0.18605,0.109610842207164,0.066350435624395,0.167610842207164,0.096350435624395,0.362778315585673,0.19729912875121,"receptora_conservada","receptora_conservada",0.0284643960630712,0.928986494653445,0.912623260399107,-0.0163632342543388,TRUE,FALSE
279,0.59,0.255,0.155,0.962828649138713,0.0231187669990934,0.014052583862194,"esc_baja","esc_baja",0.404754508247882,0.863571156866974,0.1670255104958,-0.696545646371175,0.153835,0.089225,0.35756,0.1946,0.128605,0.076175,0.190358567543064,0.108116500453309,0.314311876699909,0.172230281051677,0.135329555757026,0.0796532184950136,"transferencia_conservada","transferencia_conservada",0.0603376093250653,0.920735393412878,0.946105609084125,0.0253702156712471,FALSE,FALSE
280,0.18,0.28,0.54,0.0270975063946022,0.615628860955151,0.357273632650246,"esc_alta","esc_media",0.324950244523362,0.908268214242105,0.695559031591549,-0.212709182650557,0.107,0.065,0.40512,0.2192,0.12788,0.0758,0.0989965477094732,0.0608602832980034,0.422856689258226,0.228374149616324,0.118146763032301,0.0707655670856727,"transferencia_conservada","transferencia_conservada",0.0238218041523055,0.878522229300612,0.859645790654705,-0.0188764386459076,TRUE,FALSE
281,0.1725,0.2725,0.555,0.0306258322237017,0.870838881491345,0.0985352862849534,"esc_alta","esc_media",0.533897831305789,0.895860114045862,0.414645181005315,-0.481214933040547,0.390185,0.211475,0.1539075,0.0892625,0.0959075,0.0592625,0.371938748335553,0.202037283621838,0.163030625832224,0.0939813581890812,0.105030625832224,0.0639813581890812,"aporte_conservada","aporte_conservada",0.0242582099853712,0.88838739142967,0.904976183840472,0.0165887924108016,TRUE,FALSE
282,0.175,0.64,0.185,0.315971506413555,0.656460849617584,0.0275676439688601,"esc_media","esc_media",0.249017594677746,0.821775145200831,0.672966778647,-0.148808366553831,0.36858,0.2003,0.16471,0.09485,0.10671,0.06485,0.351272575978208,0.191347884126659,0.173363712010896,0.0993260579366704,0.115363712010896,0.0693260579366704,"aporte_conservada","aporte_conservada",0.0227276968153324,0.907832455050351,0.921592403838436,0.0137599487880851,FALSE,FALSE
283,0.235,0.56,0.205,0.485868122538046,0.482527563810562,0.0316043136513924,"esc_media","esc_baja",0.292303072983019,0.901037653371436,0.738668616209054,-0.162369037162382,0.1215,0.0725,0.39874,0.2159,0.11976,0.0716,0.14835400156492,0.0863900008094412,0.369639297785587,0.200847912647717,0.122006700649494,0.0727620865428416,"transferencia_conservada","transferencia_conservada",0.0448171001092567,0.885656723198314,0.910981366201764,0.0253246430034497,TRUE,FALSE
284,0.1275,0.2275,0.645,0.0261941448382126,0.841294298921418,0.13251155624037,"esc_alta","esc_media",0.542372074994677,0.803083415349579,0.462956055042096,-0.340127360307484,0.215525,0.398015,0.0872375,0.1499925,0.0572375,0.0919925,0.203189522342065,0.374166409861325,0.0934052388289676,0.161916795069337,0.0634052388289676,0.103916795069337,"aporte_degradada","aporte_degradada",0.0318265336753986,0.88070538177229,0.903048172031271,0.0223427902589817,TRUE,FALSE
285,0.59,0.255,0.155,0.962828649138713,0.0231187669990934,0.014052583862194,"esc_baja","esc_baja",0.404754508247882,0.863571156866974,0.1670255104958,-0.696545646371175,0.153835,0.089225,0.35756,0.1946,0.128605,0.076175,0.190358567543064,0.108116500453309,0.314311876699909,0.172230281051677,0.135329555757026,0.0796532184950136,"transferencia_conservada","transferencia_conservada",0.0603376093250653,0.920735393412878,0.946105609084125,0.0253702156712471,FALSE,FALSE
286,0.54,0.28,0.18,0.954813359528487,0.0275049115913556,0.0176817288801572,"esc_baja","esc_baja",0.429976594528833,0.908268214242105,0.195096679720355,-0.71317153452175,0.1892,0.34712,0.1004,0.17544,0.0704,0.11744,0.17188605108055,0.313646365422397,0.109056974459725,0.192176817288802,0.079056974459725,0.134176817288802,"aporte_degradada","aporte_degradada",0.0435684519592026,0.924656908219664,0.946048456170975,0.0213915479513115,FALSE,FALSE
287,0.2475,0.55,0.2025,0.63717238734424,0.329013938319435,0.0338136743363247,"esc_media","esc_baja",0.364021696258084,0.908237865329521,0.6985689329577,-0.209668932371821,0.12266,0.0731,0.39729,0.21515,0.12005,0.07175,0.161453401143195,0.0931655523154459,0.352088003068068,0.191769656759346,0.126458595788736,0.0750647909252085,"transferencia_conservada","transferencia_conservada",0.0659382188931954,0.887071647543897,0.924029326170527,0.0369576786266305,TRUE,FALSE
288,0.235,0.56,0.205,0.846846846846847,0.112112112112112,0.0410410410410411,"esc_media","esc_baja",0.541305574247254,0.901037653371436,0.470737019904338,-0.430300633467098,0.1215,0.0725,0.39874,0.2159,0.11976,0.0716,0.179485485485485,0.102492492492492,0.327765765765766,0.179189189189189,0.132748748748749,0.0783183183183183,"transferencia_conservada","transferencia_conservada",0.100020899928476,0.885656723198314,0.939296879856726,0.0536401566584123,TRUE,FALSE
289,0.1725,0.2725,0.555,0.0272617001456093,0.669222653474511,0.30351564637988,"esc_alta","esc_media",0.362798340451878,0.895860114045862,0.663453388434773,-0.232406725611089,0.390185,0.211475,0.1539075,0.0892625,0.0959075,0.0592625,0.384022728881588,0.208287618387028,0.156988635559206,0.090856190806486,0.0989886355592062,0.060856190806486,"aporte_conservada","aporte_conservada",0.00822892098476122,0.88838739142967,0.894193850137409,0.00580645870773899,TRUE,FALSE
290,0.2025,0.55,0.2475,0.0195652173913044,0.956521739130435,0.0239130434782609,"esc_media","esc_media",0.425055501660475,0.908237865329521,0.190025174237813,-0.718212691091708,0.0704,0.11744,0.21785,0.40251,0.07175,0.12005,0.0655217391304348,0.108008695652174,0.228826086956522,0.423730434782609,0.0656521739130435,0.108260869565217,"transferencia_degradada","transferencia_degradada",0.0285775716324374,0.881901499538298,0.859346782167095,-0.0225547173712023,FALSE,FALSE
291,0.235,0.56,0.205,0.0223384030418251,0.958174904942966,0.0194866920152091,"esc_media","esc_media",0.42007322295266,0.901037653371436,0.184410187343607,-0.716627466027829,0.36626,0.1991,0.16587,0.09545,0.10787,0.06545,0.367834600760456,0.199914448669202,0.165082699619772,0.0950427756653992,0.107082699619772,0.0650427756653992,"aporte_conservada","aporte_conservada",0.00207500197312648,0.909769899800598,0.908458097813333,-0.00131180198726566,FALSE,FALSE
292,0.1725,0.2725,0.555,0.0298040541788264,0.821588796825002,0.148607148996172,"esc_alta","esc_media",0.484082462335855,0.895860114045862,0.500150636447487,-0.395709477598375,0.390185,0.211475,0.1539075,0.0892625,0.0959075,0.0592625,0.374890579499406,0.20356409284452,0.161554710250297,0.0932179535777398,0.103554710250297,0.0632179535777398,"aporte_conservada","aporte_conservada",0.0203547367494834,0.88838739142967,0.90241562411246,0.0140282326827901,TRUE,FALSE
293,0.145,0.245,0.61,0.0173688244885757,0.272303695162813,0.710327480348611,"esc_alta","esc_alta",0.211230851385438,0.842982251726283,0.607650890376394,-0.235331361349889,0.120485,0.071975,0.178485,0.101975,0.34103,0.18605,0.127095801019941,0.0753943798379005,0.185095801019941,0.105394379837901,0.327808397960118,0.179211240324199,"receptora_conservada","receptora_conservada",0.0172174743503527,0.928986494653445,0.93771488424412,0.0087283895906749,FALSE,FALSE
294,0.235,0.56,0.205,0.156955824170004,0.820038307144426,0.02300586868557,"esc_media","esc_media",0.289192744510909,0.901037653371436,0.491644511545739,-0.409393141825697,0.36626,0.1991,0.16587,0.09545,0.10787,0.06545,0.360230902581903,0.195981501335467,0.168884548709049,0.0970092493322665,0.110884548709049,0.0670092493322665,"aporte_conservada","aporte_conservada",0.00792944423425825,0.909769899800598,0.914669850572825,0.00489995077222682,FALSE,FALSE
295,0.63,0.235,0.135,0.968403074295474,0.020068317677199,0.0115286080273271,"esc_baja","esc_baja",0.383427959903019,0.820796482214274,0.146533027381825,-0.674263454832449,0.157895,0.091325,0.35292,0.1922,0.129185,0.076475,0.190916737830914,0.108405209222886,0.313665243381725,0.171895815542272,0.135418018787361,0.079698975234842,"transferencia_conservada","transferencia_conservada",0.0545570979642289,0.923978951296294,0.94639690599231,0.0224179546960163,FALSE,FALSE
296,0.1725,0.2725,0.555,0.0306258322237017,0.870838881491345,0.0985352862849534,"esc_alta","esc_media",0.533897831305789,0.895860114045862,0.414645181005315,-0.481214933040547,0.390185,0.211475,0.1539075,0.0892625,0.0959075,0.0592625,0.371938748335553,0.202037283621838,0.163030625832224,0.0939813581890812,0.105030625832224,0.0639813581890812,"aporte_conservada","aporte_conservada",0.0242582099853712,0.88838739142967,0.904976183840472,0.0165887924108016,TRUE,FALSE
297,0.145,0.245,0.61,0.0280735721200387,0.853823814133592,0.11810261374637,"esc_alta","esc_media",0.539649333999364,0.842982251726283,0.443765212253567,-0.399217039472716,0.101925,0.062375,0.40918,0.2213,0.128895,0.076325,0.106017424975799,0.0644917715392062,0.422743465634076,0.228315585672798,0.111239109390126,0.0671926427879961,"transferencia_conservada","transferencia_conservada",0.0289724140429909,0.873816318538149,0.860401964033812,-0.0134143545043375,TRUE,FALSE
298,0.63,0.235,0.135,0.968403074295474,0.020068317677199,0.0115286080273271,"esc_baja","esc_baja",0.383427959903019,0.820796482214274,0.146533027381825,-0.674263454832449,0.092645,0.057575,0.150645,0.087575,0.39671,0.21485,0.0792506404782237,0.0506468830059778,0.137250640478224,0.0806468830059778,0.423498719043553,0.228706233988044,"receptora_conservada","receptora_conservada",0.0365574811951748,0.882009522904832,0.853287686945143,-0.0287218359596886,FALSE,FALSE
299,0.185,0.62,0.195,0.435964419086439,0.531058914728826,0.0329766661847349,"esc_media","esc_media",0.29351231212273,0.844090741204695,0.737792606622981,-0.106298134581714,0.42868,0.1402,0.18966,0.0699,0.12166,0.0499,0.400596832802684,0.131940244941966,0.203701583598658,0.074029877529017,0.135701583598658,0.054029877529017,"aporte_conservada","aporte_conservada",0.0315076408358373,0.862684373854597,0.881388512650153,0.0187041387955563,FALSE,FALSE
300,0.145,0.245,0.61,0.0280735721200387,0.853823814133592,0.11810261374637,"esc_alta","esc_media",0.539649333999364,0.842982251726283,0.443765212253567,-0.399217039472716,0.39497,0.21395,0.151515,0.088025,0.093515,0.058025,0.373221684414327,0.20270087124879,0.162389157792836,0.093649564375605,0.104389157792836,0.063649564375605,"aporte_conservada","aporte_conservada",0.0289790644950852,0.883733523318399,0.90386909935513,0.0201355760367312,TRUE,FALSE
301,0.135,0.235,0.63,0.0115286080273271,0.020068317677199,0.968403074295474,"esc_alta","esc_alta",0.383427959903019,0.820796482214274,0.146533027381825,-0.674263454832449,0.061625,0.100475,0.2219,0.41034,0.076475,0.129185,0.0509927412467976,0.0799192997438087,0.22930828351836,0.42466268146883,0.079698975234842,0.135418018787361,"transferencia_degradada","transferencia_degradada",0.0376653215551096,0.872427575940594,0.852486696354246,-0.0199408795863478,FALSE,FALSE
302,0.1725,0.2725,0.555,0.0201721170781408,0.244335947752322,0.735491935169538,"esc_alta","esc_alta",0.24377461174794,0.895860114045862,0.590760321595706,-0.305099792450156,0.390185,0.211475,0.1539075,0.0892625,0.0959075,0.0592625,0.409488549449301,0.221459594542742,0.144255725275349,0.084270202728629,0.0862557252753495,0.054270202728629,"aporte_conservada","aporte_conservada",0.0260650935118108,0.88838739142967,0.868824538147515,-0.0195628532821556,FALSE,FALSE
303,0.135,0.235,0.63,0.0120397388113287,0.0473350961672105,0.940625165021461,"esc_alta","esc_alta",0.338899643597305,0.820796482214274,0.232276841338051,-0.588519640876223,0.061625,0.100475,0.2219,0.41034,0.076475,0.129185,0.0514324107711879,0.0807693274909633,0.22927761567132,0.424603390297886,0.0792899735574918,0.134627282211151,"transferencia_degradada","transferencia_degradada",0.0360053925108035,0.872427575940594,0.852896916913046,-0.0195306590275482,FALSE,FALSE
304,0.135,0.235,0.63,0.0143822404423116,0.172298168405678,0.81331959115201,"esc_alta","esc_alta",0.229056487672971,0.820796482214274,0.484296851911206,-0.336499630303068,0.061625,0.100475,0.2219,0.41034,0.076475,0.129185,0.0534474069526239,0.0846649867750728,0.229137065573461,0.424331660108692,0.0774155274739148,0.131003353116235,"transferencia_degradada","transferencia_degradada",0.028817590085233,0.872427575940594,0.854638646501355,-0.0177889294392385,FALSE,FALSE
305,0.145,0.245,0.61,0.753246753246753,0.0707070707070707,0.176046176046176,"esc_alta","esc_baja",0.539333077317295,0.842982251726283,0.643132673318336,-0.199849578407946,0.39497,0.21395,0.151515,0.088025,0.093515,0.058025,0.334522366522366,0.182683982683983,0.181738816738817,0.103658008658009,0.123738816738817,0.0736580086580087,"aporte_conservada","aporte_conservada",0.0796319629946689,0.883733523318399,0.93339723503075,0.0496637117123515,TRUE,FALSE
306,0.185,0.62,0.195,0.803377563329312,0.149577804583836,0.0470446320868516,"esc_media","esc_baja",0.544880687004133,0.844090741204695,0.549667852361108,-0.294422888843587,0.36858,0.2003,0.16471,0.09485,0.10671,0.06485,0.324132689987937,0.177310012062726,0.186933655006031,0.106344993968637,0.128933655006031,0.0763449939686369,"aporte_conservada","aporte_conservada",0.0580805762819784,0.907832455050351,0.939978651145875,0.0321461960955237,TRUE,FALSE
307,0.175,0.64,0.185,0.792452830188679,0.161006289308176,0.0465408805031446,"esc_media","esc_baja",0.544374692560613,0.821775145200831,0.565395563204837,-0.256379581995994,0.42868,0.1402,0.18966,0.0699,0.12166,0.0499,0.377277987421384,0.125081761006289,0.215361006289308,0.0774591194968553,0.147361006289308,0.0574591194968554,"aporte_conservada","aporte_conservada",0.0574604169767761,0.862684373854597,0.894602776782792,0.0319184029281953,TRUE,FALSE
308,0.63,0.235,0.135,0.968403074295474,0.020068317677199,0.0115286080273271,"esc_baja","esc_baja",0.383427959903019,0.820796482214274,0.146533027381825,-0.674263454832449,0.10517,0.04505,0.17317,0.06505,0.46166,0.1499,0.089466268146883,0.0404312553373185,0.157466268146883,0.0604312553373185,0.493067463706234,0.159137489325363,"receptora_conservada","receptora_conservada",0.0367463542418008,0.836735737969119,0.807856932855058,-0.0288788051140609,FALSE,FALSE
309,0.195,0.62,0.185,0.813441483198146,0.143684820393974,0.0428736964078795,"esc_media","esc_baja",0.54491565984486,0.844090741204695,0.529539582606762,-0.314551158597933,0.10671,0.06485,0.16471,0.09485,0.36858,0.2003,0.0846535341830823,0.053441483198146,0.142653534183082,0.083441483198146,0.412692931633835,0.223117033603708,"receptora_conservada","receptora_conservada",0.0591079855907107,0.907832455050351,0.865371885747032,-0.0424605693033188,TRUE,FALSE
310,0.2475,0.55,0.2025,0.85549687950072,0.105616898703793,0.0388862217954873,"esc_media","esc_baja",0.539196124569531,0.908237865329521,0.452578216613571,-0.45565964871595,0.36539,0.19865,0.166305,0.095675,0.108305,0.065675,0.320636581853096,0.175501680268843,0.188681709073452,0.107249159865578,0.130681709073452,0.0772491598655785,"aporte_conservada","aporte_conservada",0.0584219660419992,0.910488986186234,0.942066206745521,0.0315772205592867,TRUE,FALSE
311,0.175,0.64,0.185,0.792452830188679,0.161006289308176,0.0465408805031446,"esc_media","esc_baja",0.544374692560613,0.821775145200831,0.565395563204837,-0.256379581995994,0.36858,0.2003,0.16471,0.09485,0.10671,0.06485,0.324737106918239,0.177622641509434,0.186631446540881,0.106188679245283,0.128631446540881,0.076188679245283,"aporte_conservada","aporte_conservada",0.0572956380288462,0.907832455050351,0.939611265505845,0.0317788104554942,TRUE,FALSE
312,0.645,0.2275,0.1275,0.970330129544505,0.0190137902214793,0.0106560802340159,"esc_baja","esc_baja",0.375148658849887,0.803083415349579,0.139234822510733,-0.663848592838846,0.39281,0.12965,0.207595,0.075175,0.139595,0.055175,0.362742164646887,0.12080651901379,0.222628917676557,0.0795967404931049,0.154628917676557,0.0595967404931049,"aporte_conservada","aporte_conservada",0.0334374697285773,0.886033399842507,0.901786167096061,0.0157527672535541,FALSE,FALSE
313,0.61,0.245,0.145,0.965699208443272,0.0215479331574318,0.0127528583992964,"esc_baja","esc_baja",0.394224041935883,0.842982251726283,0.156582359929188,-0.686399891797095,0.18605,0.34103,0.101975,0.178485,0.071975,0.120485,0.171411609498681,0.312729111697449,0.10929419525066,0.192635444151275,0.0792941952506596,0.134635444151275,"aporte_degradada","aporte_degradada",0.0368157900309134,0.928986494653445,0.946552043807644,0.0175655491541987,FALSE,FALSE
314,0.2,0.54,0.26,0.818181818181818,0.122727272727273,0.0590909090909091,"esc_media","esc_baja",0.544773585635748,0.914669585086509,0.53594012664999,-0.378729458436519,0.2018,0.37148,0.0941,0.16326,0.0641,0.10526,0.177227272727273,0.323972727272727,0.106386363636364,0.187013636363636,0.0763863636363636,0.129013636363636,"aporte_degradada","aporte_degradada",0.0621108510232505,0.905369891898906,0.94007556214547,0.0347056702465635,TRUE,FALSE
315,0.145,0.245,0.61,0.753246753246753,0.0707070707070707,0.176046176046176,"esc_alta","esc_baja",0.539333077317295,0.842982251726283,0.643132673318336,-0.199849578407946,0.45962,0.1493,0.17419,0.06535,0.10619,0.04535,0.388750360750361,0.128455988455988,0.20962481962482,0.0757720057720058,0.14162481962482,0.0557720057720058,"aporte_conservada","aporte_conservada",0.0798983474230548,0.838468544093119,0.888362504869524,0.0498939607764053,TRUE,FALSE
316,0.555,0.2725,0.1725,0.957355055103019,0.0261140392908481,0.0165309056061332,"esc_baja","esc_baja",0.422572030008761,0.895860114045862,0.186356839165627,-0.709503274880234,0.40199,0.13235,0.203005,0.073825,0.135005,0.053825,0.364023957834212,0.121183517010062,0.221988021082894,0.0794082414949688,0.153988021082894,0.0594082414949689,"aporte_conservada","aporte_conservada",0.0422505048702433,0.880532833019306,0.901185189395445,0.0206523563761386,FALSE,FALSE
317,0.2025,0.55,0.2475,0.820483961733258,0.123804164321891,0.0557118739448509,"esc_media","esc_baja",0.544665325676038,0.908237865329521,0.529619796176323,-0.378618069153197,0.20135,0.37061,0.094325,0.163695,0.064325,0.105695,0.177056837366348,0.323643218908272,0.106471581316826,0.187178390545864,0.0764715813168261,0.129178390545864,"aporte_degradada","aporte_degradada",0.0613913193586133,0.906113423686927,0.940274767874134,0.034161344187207,TRUE,FALSE
318,0.185,0.64,0.175,0.803377563329313,0.154402895054282,0.0422195416164053,"esc_media","esc_baja",0.544880687004133,0.821775145200831,0.54428411388008,-0.277491031320751,0.06485,0.10671,0.09485,0.16471,0.2003,0.36858,0.0535826296743064,0.0849264173703257,0.0835826296743064,0.142926417370326,0.222834740651387,0.412147165259349,"receptora_degradada","receptora_degradada",0.0583626657407218,0.907832455050351,0.865964128793933,-0.0418683262564181,TRUE,FALSE
319,0.155,0.255,0.59,0.767537826685007,0.0701513067400275,0.162310866574966,"esc_alta","esc_baja",0.541684022190762,0.863571156866974,0.623136196336415,-0.240434960530559,0.071525,0.119615,0.101525,0.177615,0.18695,0.34277,0.0559215955983494,0.0894484181568088,0.0859215955983494,0.147448418156809,0.218156808803301,0.403103163686382,"receptora_degradada","receptora_degradada",0.0798523790643777,0.927769419019908,0.875528907561364,-0.0522405114585435,TRUE,FALSE
320,0.205,0.56,0.235,0.822742474916388,0.124860646599777,0.052396878483835,"esc_media","esc_baja",0.544533188099048,0.901037653371437,0.523223930266818,-0.377813723104619,0.36974,0.2009,0.16413,0.09455,0.12098,0.0497,0.323319955406912,0.176889632107023,0.187340022296544,0.106555183946488,0.148191750278707,0.0577034559643255,"aporte_conservada","aporte_conservada",0.0607784849208747,0.901141135406044,0.932802708355475,0.0316615729494313,TRUE,FALSE
321,0.61,0.245,0.145,0.965699208443272,0.0215479331574318,0.0127528583992964,"esc_baja","esc_baja",0.394224041935883,0.842982251726283,0.156582359929188,-0.686399891797095,0.058025,0.093515,0.088025,0.151515,0.21395,0.39497,0.0507058047493404,0.0793645558487247,0.0807058047493404,0.137364555848725,0.228588390501319,0.423270888302551,"receptora_degradada","receptora_degradada",0.0385808999366997,0.883733523318399,0.853549573152347,-0.0301839501660521,FALSE,FALSE
322,0.61,0.245,0.145,0.965699208443272,0.0215479331574318,0.0127528583992964,"esc_baja","esc_baja",0.394224041935883,0.842982251726282,0.156582359929188,-0.686399891797095,0.18605,0.34103,0.101975,0.178485,0.071975,0.120485,0.171411609498681,0.312729111697449,0.10929419525066,0.192635444151275,0.0792941952506596,0.134635444151275,"aporte_degradada","aporte_degradada",0.0368157900309134,0.928986494653445,0.946552043807644,0.0175655491541987,FALSE,FALSE
323,0.61,0.245,0.145,0.965699208443272,0.0215479331574318,0.0127528583992964,"esc_baja","esc_baja",0.394224041935883,0.842982251726283,0.156582359929188,-0.686399891797095,0.058025,0.093515,0.088025,0.151515,0.21395,0.39497,0.0507058047493404,0.0793645558487247,0.0807058047493404,0.137364555848725,0.228588390501319,0.423270888302551,"receptora_degradada","receptora_degradada",0.0385808999366997,0.883733523318399,0.853549573152347,-0.0301839501660521,FALSE,FALSE
324,0.135,0.235,0.63,0.737481031866464,0.0713201820940819,0.191198786039454,"esc_alta","esc_baja",0.536171363781178,0.820796482214274,0.663771528074267,-0.157024954140007,0.21485,0.39671,0.087575,0.150645,0.057575,0.092645,0.18361153262519,0.336315629742033,0.103194233687405,0.180842185128983,0.0731942336874052,0.122842185128983,"aporte_degradada","aporte_degradada",0.079636536203234,0.882009522904832,0.932204007588169,0.0501944846833379,TRUE,FALSE
325,0.61,0.245,0.145,0.965699208443272,0.0215479331574318,0.0127528583992964,"esc_baja","esc_baja",0.394224041935883,0.842982251726283,0.156582359929188,-0.686399891797095,0.18605,0.34103,0.101975,0.178485,0.071975,0.120485,0.171411609498681,0.312729111697449,0.10929419525066,0.192635444151275,0.0792941952506596,0.134635444151275,"aporte_degradada","aporte_degradada",0.0368157900309134,0.928986494653445,0.946552043807644,0.0175655491541987,FALSE,FALSE
326,0.61,0.245,0.145,0.965699208443272,0.0215479331574318,0.0127528583992964,"esc_baja","esc_baja",0.394224041935883,0.842982251726282,0.156582359929188,-0.686399891797095,0.058025,0.093515,0.088025,0.151515,0.21395,0.39497,0.0507058047493404,0.0793645558487247,0.0807058047493404,0.137364555848725,0.228588390501319,0.423270888302551,"receptora_degradada","receptora_degradada",0.0385808999366997,0.883733523318399,0.853549573152347,-0.0301839501660521,FALSE,FALSE
327,0.2025,0.55,0.2475,0.820483961733258,0.123804164321891,0.0557118739448509,"esc_media","esc_baja",0.544665325676038,0.908237865329521,0.529619796176323,-0.378618069153197,0.20135,0.37061,0.094325,0.163695,0.064325,0.105695,0.177056837366348,0.323643218908272,0.106471581316826,0.187178390545864,0.0764715813168261,0.129178390545864,"aporte_degradada","aporte_degradada",0.0613913193586133,0.906113423686927,0.940274767874134,0.034161344187207,TRUE,FALSE
328,0.555,0.2725,0.1725,0.957355055103019,0.0261140392908481,0.0165309056061332,"esc_baja","esc_baja",0.422572030008761,0.895860114045862,0.186356839165627,-0.709503274880234,0.345815,0.188525,0.1760925,0.1007375,0.135005,0.053825,0.313432199329181,0.171775275515093,0.19228390033541,0.109112362242453,0.153988021082894,0.0594082414949689,"aporte_conservada","aporte_conservada",0.0422092978844226,0.91888704146614,0.938078096583857,0.0191910551177177,FALSE,FALSE
329,0.155,0.255,0.59,0.767537826685007,0.0701513067400275,0.162310866574966,"esc_alta","esc_baja",0.541684022190762,0.863571156866974,0.623136196336415,-0.240434960530559,0.21305,0.39323,0.088475,0.152385,0.058475,0.094385,0.181843191196699,0.332896836313618,0.104078404401651,0.182551581843191,0.0740784044016506,0.124551581843191,"aporte_degradada","aporte_degradada",0.0794123317271594,0.885440595488613,0.934464271058289,0.0490236755696756,TRUE,FALSE
330,0.59,0.255,0.155,0.962828649138713,0.0231187669990934,0.014052583862194,"esc_baja","esc_baja",0.404754508247882,0.863571156866974,0.1670255104958,-0.696545646371175,0.39842,0.1313,0.20479,0.07435,0.13679,0.05435,0.363483227561197,0.12102447869447,0.222258386219402,0.0794877606527652,0.154258386219402,0.0594877606527652,"aporte_conservada","aporte_conservada",0.0388676150433941,0.882710526136348,0.901439480212449,0.0187289540761008,FALSE,FALSE
331,0.555,0.2725,0.1725,0.957355055103019,0.0261140392908481,0.0165309056061332,"esc_baja","esc_baja",0.422572030008761,0.895860114045862,0.186356839165627,-0.709503274880234,0.0959075,0.0592625,0.1539075,0.0892625,0.45401,0.14765,0.0797160996645903,0.0508876377575467,0.13771609966459,0.0808876377575467,0.491976042165788,0.158816482989938,"receptora_conservada","receptora_conservada",0.044030339288633,0.857785977554064,0.820873266469352,-0.0369127110847124,FALSE,FALSE
332,0.555,0.2725,0.1725,0.957355055103019,0.0261140392908481,0.0165309056061332,"esc_baja","esc_baja",0.422572030008761,0.895860114045862,0.186356839165627,-0.709503274880234,0.345815,0.188525,0.1760925,0.1007375,0.135005,0.053825,0.313432199329181,0.171775275515093,0.19228390033541,0.109112362242453,0.153988021082894,0.0594082414949689,"aporte_conservada","aporte_conservada",0.0422092978844226,0.91888704146614,0.938078096583857,0.0191910551177177,FALSE,FALSE
333,0.18,0.28,0.54,0.798029556650246,0.0689655172413793,0.133004926108374,"esc_alta","esc_baja",0.544690273884466,0.908268214242105,0.575987766706388,-0.332280447535717,0.45248,0.1472,0.17776,0.0664,0.10976,0.0464,0.382778325123153,0.126699507389163,0.212610837438424,0.0766502463054187,0.144610837438424,0.0566502463054187,"aporte_conservada","aporte_conservada",0.0783517645128184,0.844399235781562,0.891673850109087,0.0472746143275246,TRUE,FALSE
334,0.2475,0.55,0.2025,0.85549687950072,0.105616898703793,0.0388862217954873,"esc_media","esc_baja",0.539196124569531,0.908237865329521,0.452578216613571,-0.45565964871595,0.42494,0.1391,0.19153,0.07045,0.12353,0.05045,0.372470475276044,0.123667786845895,0.217764762361978,0.0781661065770523,0.149764762361978,0.0581661065770523,"aporte_conservada","aporte_conservada",0.0585855181274369,0.865353145423041,0.897067970576588,0.0317148251535478,TRUE,FALSE
335,0.145,0.245,0.61,0.753246753246753,0.0707070707070707,0.176046176046176,"esc_alta","esc_baja",0.539333077317295,0.842982251726283,0.643132673318336,-0.199849578407946,0.39497,0.21395,0.151515,0.088025,0.093515,0.058025,0.334522366522366,0.182683982683983,0.181738816738817,0.103658008658009,0.123738816738817,0.0736580086580087,"aporte_conservada","aporte_conservada",0.0796319629946689,0.883733523318399,0.93339723503075,0.0496637117123515,TRUE,FALSE
336,0.59,0.255,0.155,0.962828649138713,0.0231187669990934,0.014052583862194,"esc_baja","esc_baja",0.404754508247882,0.863571156866974,0.1670255104958,-0.696545646371175,0.39842,0.1313,0.20479,0.07435,0.13679,0.05435,0.363483227561197,0.12102447869447,0.222258386219402,0.0794877606527652,0.154258386219402,0.0594877606527652,"aporte_conservada","aporte_conservada",0.0388676150433941,0.882710526136348,0.901439480212449,0.0187289540761008,FALSE,FALSE
337,0.185,0.64,0.175,0.803377563329313,0.154402895054282,0.0422195416164053,"esc_media","esc_baja",0.544880687004133,0.821775145200831,0.54428411388008,-0.277491031320751,0.1997,0.36742,0.09515,0.16529,0.06515,0.10729,0.177165259348613,0.323852834740651,0.106417370325694,0.187073582629674,0.0764173703256936,0.129073582629674,"aporte_degradada","aporte_degradada",0.0569165459642838,0.908804794812016,0.940148109448797,0.0313433146367803,TRUE,FALSE
338,0.63,0.235,0.135,0.968403074295474,0.020068317677199,0.0115286080273271,"esc_baja","esc_baja",0.383427959903019,0.820796482214274,0.146533027381825,-0.674263454832449,0.39434,0.1301,0.20683,0.07495,0.13883,0.05495,0.362932536293766,0.120862510674637,0.222533731853117,0.0795687446626815,0.154533731853117,0.0595687446626815,"aporte_conservada","aporte_conservada",0.0349307316693308,0.885139172705615,0.901697307016653,0.0165581343110376,FALSE,FALSE
339,0.59,0.255,0.155,0.962828649138713,0.0231187669990934,0.014052583862194,"esc_baja","esc_baja",0.404754508247882,0.863571156866974,0.1670255104958,-0.696545646371175,0.18695,0.34277,0.101525,0.177615,0.071525,0.119615,0.171536718041704,0.312970988213962,0.109231640979148,0.192514505893019,0.0792316409791478,0.134514505893019,"aporte_degradada","aporte_degradada",0.0387700708866424,0.927769419019908,0.946419676621854,0.0186502576019465,FALSE,FALSE
340,0.155,0.255,0.59,0.767537826685007,0.0701513067400275,0.162310866574966,"esc_alta","esc_baja",0.541684022190762,0.863571156866974,0.623136196336415,-0.240434960530559,0.21305,0.39323,0.088475,0.152385,0.058475,0.094385,0.181843191196699,0.332896836313618,0.104078404401651,0.182551581843191,0.0740784044016506,0.124551581843191,"aporte_degradada","aporte_degradada",0.0794123317271594,0.885440595488613,0.934464271058289,0.0490236755696756,TRUE,FALSE
341,0.155,0.255,0.59,0.014052583862194,0.0231187669990934,0.962828649138713,"esc_alta","esc_alta",0.404754508247882,0.863571156866974,0.1670255104958,-0.696545646371175,0.071525,0.119615,0.101525,0.177615,0.18695,0.34277,0.0792316409791478,0.134514505893019,0.109231640979148,0.192514505893019,0.171536718041704,0.312970988213962,"receptora_degradada","receptora_degradada",0.0387700708866421,0.927769419019908,0.946419676621854,0.0186502576019466,FALSE,FALSE
342,0.185,0.62,0.195,0.388621718146175,0.580214331171999,0.0311639506818256,"esc_media","esc_media",0.273485786443018,0.844090741204695,0.720219022442588,-0.123871718762107,0.11744,0.0704,0.40454,0.2189,0.11802,0.0707,0.139906334908944,0.0820205180563505,0.380919880695044,0.206682696911229,0.119173784396012,0.07129678503242,"transferencia_conservada","transferencia_conservada",0.0376006711477063,0.879861780602772,0.901668479948028,0.0218066993452561,FALSE,FALSE
343,0.205,0.56,0.235,0.404501515892285,0.558752517653747,0.0367459664539676,"esc_media","esc_media",0.286709246161557,0.901037653371437,0.739782376410582,-0.161255276960854,0.2009,0.36974,0.09455,0.16413,0.06455,0.10613,0.18896733351685,0.346670178132578,0.100516333241575,0.175664910933711,0.0705163332415748,0.117664910933711,"aporte_degradada","aporte_degradada",0.0302727157727104,0.9068528712146,0.92498339371185,0.0181305224972502,FALSE,FALSE
344,0.135,0.235,0.63,0.0137185091776348,0.136890765961338,0.849390724861027,"esc_alta","esc_alta",0.250148560068273,0.820796482214274,0.427545814753706,-0.393250667460568,0.21485,0.39671,0.087575,0.150645,0.057575,0.092645,0.225070166470502,0.416468988509637,0.0824649167647491,0.140765505745182,0.0524649167647491,0.0827655057451816,"aporte_degradada","aporte_degradada",0.0268601166167949,0.882009522904832,0.861226872920488,-0.020782649984344,FALSE,FALSE
345,0.145,0.245,0.61,0.0127528583992964,0.0215479331574318,0.965699208443272,"esc_alta","esc_alta",0.394224041935883,0.842982251726283,0.156582359929188,-0.686399891797095,0.101925,0.062375,0.40918,0.2213,0.128895,0.076325,0.0801042216358839,0.0510883905013193,0.424520668425682,0.229234828496042,0.135375109938434,0.0796767810026385,"transferencia_conservada","transferencia_conservada",0.0398350591428906,0.873816318538149,0.852698679496852,-0.0211176390412975,FALSE,FALSE
346,0.155,0.255,0.59,0.014052583862194,0.0231187669990934,0.962828649138713,"esc_alta","esc_alta",0.404754508247882,0.863571156866974,0.1670255104958,-0.696545646371175,0.071525,0.119615,0.101525,0.177615,0.18695,0.34277,0.0792316409791478,0.134514505893019,0.109231640979148,0.192514505893019,0.171536718041704,0.312970988213962,"receptora_degradada","receptora_degradada",0.0387700708866421,0.927769419019908,0.946419676621854,0.0186502576019466,FALSE,FALSE
347,0.135,0.235,0.63,0.0147678143205209,0.192866989258843,0.792365196420636,"esc_alta","esc_alta",0.219759662370942,0.820796482214274,0.513440460750069,-0.307356021464205,0.072425,0.121355,0.102425,0.179355,0.18515,0.33929,0.0766639607315017,0.129550324080903,0.106663960731502,0.187550324080903,0.176672078536997,0.322899351838193,"receptora_degradada","receptora_degradada",0.0213321595708988,0.930187634168388,0.940722387254735,0.0105347530863469,FALSE,FALSE
348,0.145,0.245,0.61,0.0127528583992964,0.0215479331574318,0.965699208443272,"esc_alta","esc_alta",0.394224041935883,0.842982251726283,0.156582359929188,-0.686399891797095,0.101925,0.062375,0.40918,0.2213,0.128895,0.076325,0.0801042216358839,0.0510883905013193,0.424520668425682,0.229234828496042,0.135375109938434,0.0796767810026385,"transferencia_conservada","transferencia_conservada",0.0398350591428906,0.873816318538149,0.852698679496852,-0.0211176390412975,FALSE,FALSE
349,0.1275,0.2275,0.645,0.0106560802340159,0.0190137902214793,0.970330129544505,"esc_alta","esc_alta",0.375148658849887,0.803083415349579,0.139234822510733,-0.663848592838846,0.0727625,0.1220075,0.1027625,0.1800075,0.184475,0.337985,0.0793951107396573,0.134830547430004,0.109395110739657,0.192830547430004,0.171209778520685,0.312338905139992,"receptora_degradada","receptora_degradada",0.033355015152682,0.931078039199254,0.946764939956144,0.0156869007568892,FALSE,FALSE
350,0.1275,0.2275,0.645,0.0106560802340159,0.0190137902214793,0.970330129544505,"esc_alta","esc_alta",0.375148658849887,0.803083415349579,0.139234822510733,-0.663848592838846,0.0727625,0.1220075,0.1027625,0.1800075,0.184475,0.337985,0.0793951107396573,0.134830547430004,0.109395110739657,0.192830547430004,0.171209778520685,0.312338905139992,"receptora_degradada","receptora_degradada",0.033355015152682,0.931078039199254,0.946764939956144,0.0156869007568892,FALSE,FALSE
351,0.61,0.245,0.145,0.965699208443272,0.0215479331574318,0.0127528583992964,"esc_baja","esc_baja",0.394224041935883,0.842982251726283,0.156582359929188,-0.686399891797095,0.058025,0.093515,0.088025,0.151515,0.21395,0.39497,0.0507058047493404,0.0793645558487247,0.0807058047493404,0.137364555848725,0.228588390501319,0.423270888302551,"receptora_degradada","receptora_degradada",0.0385808999366997,0.883733523318399,0.853549573152347,-0.0301839501660521,FALSE,FALSE
352,0.61,0.245,0.145,0.965699208443272,0.0215479331574318,0.0127528583992964,"esc_baja","esc_baja",0.394224041935883,0.842982251726283,0.156582359929188,-0.686399891797095,0.058025,0.093515,0.088025,0.151515,0.21395,0.39497,0.0507058047493404,0.0793645558487247,0.0807058047493404,0.137364555848725,0.228588390501319,0.423270888302551,"receptora_degradada","receptora_degradada",0.0385808999366997,0.883733523318399,0.853549573152347,-0.0301839501660521,FALSE,FALSE
353,0.61,0.245,0.145,0.960819308454715,0.0263396266204096,0.0128410649248751,"esc_baja","esc_baja",0.385504106117005,0.842982251726283,0.173050975465482,-0.669931276260801,0.058025,0.093515,0.088025,0.151515,0.21395,0.39497,0.0507803263470524,0.0795086309376346,0.0807803263470524,0.137508630937635,0.228439347305895,0.422982738124731,"receptora_degradada","receptora_degradada",0.0381819231108725,0.883733523318399,0.853880353291017,-0.0298531700273817,FALSE,FALSE
354,0.155,0.255,0.59,0.0250501863508061,0.636924772433558,0.338025041215636,"esc_alta","esc_media",0.351507373327193,0.863571156866974,0.679320556819851,-0.184250600047124,0.071525,0.119615,0.101525,0.177615,0.18695,0.34277,0.0696946228229725,0.11607627079108,0.0996946228229724,0.17407627079108,0.190610754354055,0.34984745841784,"receptora_degradada","receptora_degradada",0.0092441897939509,0.927769419019908,0.922654389728175,-0.00511502929173313,TRUE,FALSE
355,0.175,0.64,0.185,0.0147306397306397,0.96969696969697,0.0155723905723906,"esc_media","esc_media",0.377926264157935,0.821775145200831,0.142713428475111,-0.67906171672572,0.10729,0.06515,0.16529,0.09515,0.36742,0.1997,0.107024410774411,0.0650126262626263,0.165024410774411,0.0950126262626263,0.367951178451178,0.199974747474747,"receptora_conservada","receptora_conservada",0.000700228501608189,0.908804794812016,0.908360446816337,-0.000444347995679717,FALSE,FALSE
356,0.145,0.245,0.61,0.018132273727351,0.313776984159916,0.668090742112733,"esc_alta","esc_alta",0.211000521111135,0.842982251726283,0.642504912361467,-0.200477339364816,0.120485,0.071975,0.178485,0.101975,0.34103,0.18605,0.125848795583176,0.0747493770257807,0.183848795583176,0.104749377025781,0.330302408833648,0.180501245948439,"receptora_conservada","receptora_conservada",0.0139730250035672,0.928986494653445,0.936138606006902,0.00715211135345672,FALSE,FALSE
357,0.185,0.64,0.175,0.0501261729833745,0.933937501454864,0.0159363255617617,"esc_media","esc_media",0.324830533138285,0.821775145200831,0.254713914503883,-0.567061230696948,0.1997,0.36742,0.09515,0.16529,0.06515,0.10729,0.198974304577352,0.366016988849546,0.0955128477113242,0.165991505575227,0.0655128477113242,0.107991505575227,"aporte_degradada","aporte_degradada",0.00184855277996245,0.908804794812016,0.909971166212104,0.00116637140008746,FALSE,FALSE
358,0.185,0.64,0.175,0.0155723905723906,0.96969696969697,0.0147306397306397,"esc_media","esc_media",0.377926264157935,0.821775145200831,0.142713428475111,-0.67906171672572,0.06485,0.10671,0.09485,0.16471,0.2003,0.36858,0.0649873737373737,0.106975589225589,0.0949873737373737,0.164975589225589,0.200025252525252,0.368048821548822,"receptora_degradada","receptora_degradada",0.000700472379864083,0.907832455050351,0.908278600067441,0.00044614501709006,FALSE,FALSE
359,0.155,0.255,0.59,0.0290534208059981,0.860356138706654,0.110590440487348,"esc_alta","esc_media",0.537748388647027,0.863571156866974,0.433024154544496,-0.430547002322479,0.071525,0.119615,0.101525,0.177615,0.18695,0.34277,0.0662230552952202,0.109364573570759,0.0962230552952203,0.167364573570759,0.19755388940956,0.363270852858482,"receptora_degradada","receptora_degradada",0.0268428536877678,0.927769419019908,0.912223553166918,-0.01554586585299,TRUE,FALSE
360,0.61,0.245,0.145,0.965699208443272,0.0215479331574318,0.0127528583992964,"esc_baja","esc_baja",0.394224041935883,0.842982251726283,0.156582359929188,-0.686399891797095,0.058025,0.093515,0.088025,0.151515,0.21395,0.39497,0.0507058047493404,0.0793645558487247,0.0807058047493404,0.137364555848725,0.228588390501319,0.423270888302551,"receptora_degradada","receptora_degradada",0.0385808999366997,0.883733523318399,0.853549573152347,-0.0301839501660521,FALSE,FALSE
361,0.61,0.245,0.145,0.965699208443272,0.0215479331574318,0.0127528583992964,"esc_baja","esc_baja",0.394224041935883,0.842982251726282,0.156582359929188,-0.686399891797095,0.18605,0.34103,0.101975,0.178485,0.071975,0.120485,0.171411609498681,0.312729111697449,0.10929419525066,0.192635444151275,0.0792941952506596,0.134635444151275,"aporte_degradada","aporte_degradada",0.0368157900309134,0.928986494653445,0.946552043807644,0.0175655491541987,FALSE,FALSE
362,0.59,0.255,0.155,0.875299313657044,0.109107437821478,0.0155932485214773,"esc_baja","esc_baja",0.299198489994789,0.863571156866974,0.385196701327314,-0.47837445553966,0.34277,0.18695,0.177615,0.101525,0.119615,0.071525,0.318137048222137,0.174208818045933,0.189931475888931,0.107895590977034,0.131931475888931,0.0778955909770335,"aporte_conservada","aporte_conservada",0.0320584721763015,0.927769419019908,0.943519508862114,0.0157500898422064,FALSE,FALSE
363,0.195,0.62,0.185,0.0168977469670711,0.967071057192374,0.0160311958405546,"esc_media","esc_media",0.388859957917814,0.844090741204695,0.152550356698301,-0.691540384506394,0.1997,0.36742,0.09515,0.16529,0.06515,0.10729,0.199974003466205,0.367949740034662,0.0950129982668977,0.165025129982669,0.0650129982668977,0.107025129982669,"aporte_degradada","aporte_degradada",0.000698332025646692,0.908804794812016,0.908361652147633,-0.0004431426643835,FALSE,FALSE
364,0.145,0.245,0.61,0.0127528583992964,0.0215479331574318,0.965699208443272,"esc_alta","esc_alta",0.394224041935883,0.842982251726283,0.156582359929188,-0.686399891797095,0.39497,0.21395,0.151515,0.088025,0.093515,0.058025,0.42327088830255,0.228588390501319,0.137364555848725,0.0807058047493404,0.0793645558487247,0.0507058047493404,"aporte_conservada","aporte_conservada",0.0385808999367002,0.883733523318399,0.853549573152347,-0.0301839501660521,FALSE,FALSE
365,0.145,0.245,0.61,0.0280735721200387,0.853823814133592,0.11810261374637,"esc_alta","esc_media",0.539649333999364,0.842982251726283,0.443765212253567,-0.399217039472716,0.120485,0.071975,0.178485,0.101975,0.34103,0.18605,0.109610842207164,0.066350435624395,0.167610842207164,0.096350435624395,0.362778315585673,0.19729912875121,"receptora_conservada","receptora_conservada",0.0284643960630712,0.928986494653445,0.912623260399107,-0.0163632342543388,TRUE,FALSE
366,0.185,0.62,0.195,0.0160311958405546,0.967071057192374,0.0168977469670711,"esc_media","esc_media",0.388859957917814,0.844090741204695,0.152550356698301,-0.691540384506394,0.36858,0.2003,0.16471,0.09485,0.10671,0.06485,0.368050259965338,0.200025996533795,0.164974870017331,0.0949870017331022,0.106974870017331,0.0649870017331022,"aporte_conservada","aporte_conservada",0.000698575799792154,0.907832455050351,0.90827739396938,0.000444938919028748,FALSE,FALSE
367,0.145,0.245,0.61,0.0138778507577122,0.0826615355168535,0.903460613725434,"esc_alta","esc_alta",0.310577134054163,0.842982251726283,0.325100193369393,-0.517882058356889,0.39497,0.21395,0.151515,0.088025,0.093515,0.058025,0.419595800252128,0.226687482889032,0.139202099873936,0.0816562585554842,0.0812020998739361,0.0516562585554842,"aporte_conservada","aporte_conservada",0.0335028309138428,0.883733523318399,0.857731496516384,-0.026002026802015,FALSE,FALSE
368,0.2025,0.55,0.2475,0.0999484344180799,0.87294707189894,0.02710449368298,"esc_media","esc_media",0.336058023617677,0.908237865329521,0.406514848189177,-0.501723017140343,0.0704,0.11744,0.21785,0.40251,0.07175,0.12005,0.0690911121435689,0.114909483477567,0.224003093934915,0.414405981607503,0.0669057939215159,0.110684534914931,"transferencia_degradada","transferencia_degradada",0.0174915941413868,0.881901499538298,0.869540163142741,-0.0123613363955571,FALSE,FALSE
369,0.185,0.64,0.175,0.345913110690213,0.627829664126028,0.0262572251837589,"esc_media","esc_media",0.249635952916479,0.821775145200831,0.687255875517171,-0.13451926968366,0.0707,0.11802,0.2189,0.40454,0.0704,0.11744,0.0801722316033032,0.13633298109972,0.209245213358587,0.385874079159935,0.0705825550381096,0.117792939740345,"transferencia_degradada","transferencia_degradada",0.0304696997220259,0.879861780602772,0.897327160208045,0.0174653796052731,FALSE,FALSE
370,0.145,0.245,0.61,0.0127528583992964,0.0215479331574318,0.965699208443272,"esc_alta","esc_alta",0.394224041935883,0.842982251726283,0.156582359929188,-0.686399891797095,0.101925,0.062375,0.40918,0.2213,0.128895,0.076325,0.0801042216358839,0.0510883905013193,0.424520668425682,0.229234828496042,0.135375109938434,0.0796767810026385,"transferencia_conservada","transferencia_conservada",0.0398350591428906,0.873816318538149,0.852698679496852,-0.0211176390412975,FALSE,FALSE
371,0.2025,0.55,0.2475,0.0250747658071102,0.950793445433339,0.0241317887595511,"esc_media","esc_media",0.415910014102571,0.908237865329521,0.209601405565937,-0.698636459763583,0.0704,0.11744,0.21785,0.40251,0.07175,0.12005,0.0657663876299267,0.108481682751192,0.228495514051573,0.423091327166375,0.0657380983184999,0.108426990082433,"transferencia_degradada","transferencia_degradada",0.0277467563088564,0.881901499538298,0.860063419515781,-0.0218380800225172,FALSE,FALSE
372,0.145,0.245,0.61,0.0127528583992964,0.0215479331574318,0.965699208443272,"esc_alta","esc_alta",0.394224041935883,0.842982251726283,0.156582359929188,-0.686399891797095,0.45962,0.1493,0.17419,0.06535,0.10619,0.04535,0.49280035180299,0.15905892700088,0.157599824098505,0.0604705364995603,0.0895998240985048,0.0404705364995602,"aporte_conservada","aporte_conservada",0.038778151472003,0.838468544093119,0.808120345947055,-0.030348198146064,FALSE,FALSE
373,0.145,0.245,0.61,0.0223029803022345,0.540344659281,0.437352360416766,"esc_alta","esc_media",0.296043143246773,0.842982251726283,0.709189749821657,-0.133792501904626,0.101925,0.062375,0.40918,0.2213,0.128895,0.076325,0.0962571408342082,0.0594433487073491,0.423412854284941,0.228661821181866,0.120330004880851,0.071894830110785,"transferencia_conservada","transferencia_conservada",0.0192112741924652,0.873816318538149,0.858625143749084,-0.0151911747890651,TRUE,FALSE
374,0.145,0.245,0.61,0.0280735721200387,0.853823814133592,0.11810261374637,"esc_alta","esc_media",0.539649333999364,0.842982251726283,0.443765212253567,-0.399217039472716,0.39497,0.21395,0.151515,0.088025,0.093515,0.058025,0.373221684414327,0.20270087124879,0.162389157792836,0.093649564375605,0.104389157792836,0.063649564375605,"aporte_conservada","aporte_conservada",0.0289790644950852,0.883733523318399,0.90386909935513,0.0201355760367312,TRUE,FALSE
375,0.145,0.245,0.61,0.0147415693234811,0.129581812427159,0.85567661824936,"esc_alta","esc_alta",0.26900779643627,0.842982251726283,0.419008219107481,-0.423974032618802,0.39497,0.21395,0.151515,0.088025,0.093515,0.058025,0.416774232837701,0.225228051467776,0.14061288358115,0.0823859742661118,0.0826128835811495,0.0523859742661118,"aporte_conservada","aporte_conservada",0.0296191993493801,0.883733523318399,0.860888172583911,-0.0228453507344882,FALSE,FALSE
376,0.185,0.64,0.175,0.0963009038392692,0.886151594777849,0.0175475013828819,"esc_media","esc_media",0.280238718294658,0.821775145200831,0.36720811827999,-0.454567026920841,0.06485,0.10671,0.09485,0.16471,0.2003,0.36858,0.0638186989631542,0.104716151328765,0.0938186989631542,0.162716151328765,0.202362602073692,0.37256769734247,"receptora_degradada","receptora_degradada",0.00526543231013643,0.907832455050351,0.904434557010447,-0.00339789803990409,FALSE,FALSE
377,0.645,0.2275,0.1275,0.970330129544505,0.0190137902214793,0.0106560802340159,"esc_baja","esc_baja",0.375148658849887,0.803083415349579,0.139234822510733,-0.663848592838846,0.1594175,0.0921125,0.35118,0.1913,0.1294025,0.0765875,0.191109694943585,0.108505014625992,0.313441704972837,0.17178019222733,0.135448600083577,0.0797147931466778,"transferencia_conservada","transferencia_conservada",0.0523721065923327,0.925159601020029,0.946497025911327,0.0213374248912989,FALSE,FALSE
378,0.61,0.245,0.145,0.937796903616348,0.0489458904833429,0.013257205900309,"esc_baja","esc_baja",0.350689737499252,0.842982251726283,0.241406835595802,-0.601575416130481,0.090275,0.155865,0.1934,0.35524,0.076325,0.128895,0.107002002574231,0.188203871643513,0.173732185783019,0.317215559180504,0.0792658116427499,0.134580569175983,"transferencia_degradada","transferencia_degradada",0.0532019701277071,0.922374528809363,0.944671102805379,0.0222965739960168,FALSE,FALSE
379,0.18,0.28,0.54,0.0241205675710282,0.42968468212884,0.546194750300132,"esc_alta","esc_alta",0.245069092185247,0.908268214242105,0.712831409777767,-0.195436804464339,0.107,0.065,0.40512,0.2192,0.12788,0.0758,0.0932588416199756,0.0578925042861943,0.423202014161761,0.228552765945738,0.123539144218264,0.0735547297680674,"transferencia_conservada","transferencia_conservada",0.0272164132860286,0.878522229300612,0.85823342025921,-0.0202888090414025,FALSE,FALSE
380,0.175,0.64,0.185,0.140183829806204,0.839248299356983,0.0205678708368125,"esc_media","esc_media",0.256242678726329,0.821775145200831,0.457301050588453,-0.364474094612377,0.0701,0.11686,0.2195,0.4057,0.0704,0.11744,0.070999754278727,0.118599524938872,0.221588970211628,0.40973867574248,0.0674112755096452,0.111661799318647,"transferencia_degradada","transferencia_degradada",0.00966613855017165,0.878679781883175,0.874422959588167,-0.00425682229500757,FALSE,FALSE
381,0.61,0.245,0.145,0.903311210492506,0.0828082382149109,0.0138805512925834,"esc_baja","esc_baja",0.310424450934436,0.842982251726282,0.325429673428867,-0.517552578297416,0.058025,0.093515,0.088025,0.151515,0.21395,0.39497,0.0516585401120012,0.0812065108832022,0.0816585401120012,0.139206510883202,0.226682919775998,0.419586978233595,"receptora_degradada","receptora_degradada",0.0334906681054504,0.883733523318399,0.857741439197131,-0.0259920841212681,FALSE,FALSE
382,0.135,0.235,0.63,0.0173800090038338,0.332217104791016,0.65040288620515,"esc_alta","esc_alta",0.208170376888033,0.820796482214274,0.652007036682703,-0.168789445531572,0.21485,0.39671,0.087575,0.150645,0.057575,0.092645,0.218990686316039,0.404715326877676,0.0855046568419803,0.146642336561162,0.0555046568419803,0.0886423365611618,"aporte_degradada","aporte_degradada",0.0108173493131847,0.882009522904832,0.873858170309669,-0.00815135259516286,FALSE,FALSE
383,0.155,0.255,0.59,0.0250215932840469,0.635328915872206,0.339649490843747,"esc_alta","esc_media",0.350434755030219,0.863571156866974,0.680167721198198,-0.183403435668777,0.063125,0.103375,0.2207,0.40802,0.076175,0.128605,0.0610312293351259,0.0993270433812434,0.228498704402957,0.423097495179051,0.0704700662619169,0.117575461439706,"transferencia_degradada","transferencia_degradada",0.0211599583021338,0.875185242956966,0.859438366176966,-0.0157468767800008,TRUE,FALSE
384,0.135,0.235,0.63,0.017793423922357,0.354271133545823,0.62793544253182,"esc_alta","esc_alta",0.213329030982836,0.820796482214274,0.665842352655032,-0.154954129559242,0.061625,0.100475,0.2219,0.41034,0.076475,0.129185,0.0563816724385288,0.0903379000478223,0.228932394564659,0.423935962825007,0.0746859329968127,0.125726137127171,"transferencia_degradada","transferencia_degradada",0.0205532007676986,0.872427575940594,0.856775560117332,-0.0156520158232614,FALSE,FALSE
385,0.2475,0.55,0.2025,0.207403598547126,0.768767967691747,0.0238284337611278,"esc_media","esc_media",0.269530936819604,0.908237865329521,0.562043634265893,-0.346194231063627,0.36539,0.19865,0.166305,0.095675,0.108305,0.065675,0.357352640442412,0.19449274505642,0.170323679778794,0.09775362747179,0.112323679778794,0.06775362747179,"aporte_conservada","aporte_conservada",0.0105610727949949,0.910488986186234,0.916940571406015,0.00645158521978084,FALSE,FALSE
386,0.145,0.245,0.61,0.0256259171852689,0.720858457277979,0.253515625536752,"esc_alta","esc_media",0.419890848193317,0.842982251726283,0.61691486327066,-0.226067388455623,0.062375,0.101925,0.2213,0.40918,0.076325,0.128895,0.0623504318902858,0.101877501654553,0.228462444968884,0.423027393606509,0.0691871231408303,0.115095104738939,"transferencia_degradada","transferencia_degradada",0.0230705507474604,0.873816318538149,0.859810938759322,-0.0140053797788267,TRUE,FALSE
387,0.175,0.64,0.185,0.0147306397306397,0.96969696969697,0.0155723905723906,"esc_media","esc_media",0.377926264157935,0.821775145200831,0.142713428475111,-0.67906171672572,0.11686,0.0701,0.4057,0.2195,0.11744,0.0704,0.107829966329966,0.0654292929292929,0.424291245791246,0.229116161616162,0.107878787878788,0.0654545454545455,"transferencia_conservada","transferencia_conservada",0.0249974790800678,0.878679781883175,0.858716238328341,-0.0199635435548342,FALSE,FALSE
388,0.175,0.64,0.185,0.0147306397306397,0.96969696969697,0.0155723905723906,"esc_media","esc_media",0.377926264157935,0.821775145200831,0.142713428475111,-0.67906171672572,0.0701,0.11686,0.2195,0.4057,0.0704,0.11744,0.0654292929292929,0.107829966329966,0.229116161616162,0.424291245791246,0.0654545454545455,0.107878787878788,"transferencia_degradada","transferencia_degradada",0.0249974790800678,0.878679781883175,0.858716238328341,-0.0199635435548342,FALSE,FALSE
389,0.59,0.255,0.155,0.889771840562702,0.0948896519190665,0.0153385075182311,"esc_baja","esc_baja",0.312205323806502,0.863571156866974,0.356322732268188,-0.507248424598786,0.094385,0.058475,0.152385,0.088475,0.39323,0.21305,0.0816414333417103,0.0518835000043329,0.13964143334171,0.0818835000043329,0.418717133316579,0.226232999991334,"receptora_conservada","receptora_conservada",0.0346277967159708,0.885440595488613,0.858719531701424,-0.0267210637871897,FALSE,FALSE
390,0.135,0.235,0.63,0.0115286080273271,0.020068317677199,0.968403074295474,"esc_alta","esc_alta",0.383427959903019,0.820796482214274,0.146533027381825,-0.674263454832449,0.21485,0.39671,0.087575,0.150645,0.057575,0.092645,0.228706233988044,0.423498719043553,0.0806468830059778,0.137250640478224,0.0506468830059778,0.0792506404782237,"aporte_degradada","aporte_degradada",0.0365574811951742,0.882009522904832,0.853287686945143,-0.0287218359596886,FALSE,FALSE
391,0.175,0.64,0.185,0.0147306397306397,0.96969696969697,0.0155723905723906,"esc_media","esc_media",0.377926264157935,0.821775145200831,0.142713428475111,-0.67906171672572,0.36858,0.2003,0.16471,0.09485,0.10671,0.06485,0.368048821548822,0.200025252525252,0.164975589225589,0.0949873737373737,0.106975589225589,0.0649873737373737,"aporte_conservada","aporte_conservada",0.000700472379864083,0.907832455050351,0.908278600067441,0.00044614501709006,FALSE,FALSE
392,0.185,0.64,0.175,0.0155723905723906,0.96969696969697,0.0147306397306397,"esc_media","esc_media",0.377926264157935,0.821775145200831,0.142713428475111,-0.67906171672572,0.06485,0.10671,0.09485,0.16471,0.2003,0.36858,0.0649873737373737,0.106975589225589,0.0949873737373737,0.164975589225589,0.200025252525252,0.368048821548822,"receptora_degradada","receptora_degradada",0.000700472379864083,0.907832455050351,0.908278600067441,0.00044614501709006,FALSE,FALSE
393,0.175,0.64,0.185,0.0147306397306397,0.96969696969697,0.0155723905723906,"esc_media","esc_media",0.377926264157935,0.821775145200831,0.142713428475111,-0.67906171672572,0.0701,0.11686,0.2195,0.4057,0.0704,0.11744,0.0654292929292929,0.107829966329966,0.229116161616162,0.424291245791246,0.0654545454545455,0.107878787878788,"transferencia_degradada","transferencia_degradada",0.0249974790800678,0.878679781883175,0.858716238328341,-0.0199635435548342,FALSE,FALSE
394,0.135,0.235,0.63,0.0115286080273271,0.020068317677199,0.968403074295474,"esc_alta","esc_alta",0.383427959903019,0.820796482214274,0.146533027381825,-0.674263454832449,0.061625,0.100475,0.2219,0.41034,0.076475,0.129185,0.0509927412467976,0.0799192997438087,0.22930828351836,0.42466268146883,0.079698975234842,0.135418018787361,"transferencia_degradada","transferencia_degradada",0.0376653215551096,0.872427575940594,0.852486696354246,-0.0199408795863478,FALSE,FALSE
395,0.175,0.64,0.185,0.0147306397306397,0.96969696969697,0.0155723905723906,"esc_media","esc_media",0.377926264157935,0.821775145200831,0.142713428475111,-0.67906171672572,0.0701,0.11686,0.2195,0.4057,0.0704,0.11744,0.0654292929292929,0.107829966329966,0.229116161616162,0.424291245791246,0.0654545454545455,0.107878787878788,"transferencia_degradada","transferencia_degradada",0.0249974790800678,0.878679781883175,0.858716238328341,-0.0199635435548342,FALSE,FALSE
396,0.185,0.64,0.175,0.245806243568293,0.731429562194643,0.0227641942370645,"esc_media","esc_media",0.230760914075524,0.821775145200831,0.600560413105691,-0.22121473209514,0.06485,0.10671,0.09485,0.16471,0.2003,0.36858,0.0616543692600316,0.100531780569394,0.0916543692600316,0.158531780569394,0.206691261479937,0.380936438861211,"receptora_degradada","receptora_degradada",0.0163577848537865,0.907832455050351,0.897023419813431,-0.0108090352369202,FALSE,FALSE
397,0.205,0.56,0.235,0.0194866920152091,0.958174904942966,0.0223384030418251,"esc_media","esc_media",0.42007322295266,0.901037653371437,0.184410187343607,-0.716627466027829,0.2009,0.36974,0.09455,0.16413,0.06455,0.10613,0.200085551330798,0.368165399239544,0.0949572243346008,0.164917300380228,0.0649572243346008,0.106917300380228,"aporte_degradada","aporte_degradada",0.00207719261642016,0.9068528712146,0.908180814712863,0.00132794349826315,FALSE,FALSE
398,0.135,0.235,0.63,0.0115286080273271,0.020068317677199,0.968403074295474,"esc_alta","esc_alta",0.383427959903019,0.820796482214274,0.146533027381825,-0.674263454832449,0.072425,0.121355,0.102425,0.179355,0.18515,0.33929,0.0793531169940222,0.134749359521776,0.109353116994022,0.192749359521776,0.171293766011956,0.312501280956447,"receptora_degradada","receptora_degradada",0.0348441883863254,0.930187634168388,0.946676444656115,0.0164888104877278,FALSE,FALSE
399,0.145,0.245,0.61,0.0163428288247256,0.21656794677842,0.767089224396855,"esc_alta","esc_alta",0.222748173093234,0.842982251726283,0.547914753495964,-0.295067498230319,0.062375,0.101925,0.2213,0.40918,0.076325,0.128895,0.0542290889311598,0.0861762386002423,0.229019430270516,0.424104231856332,0.0767514807983237,0.129719529543426,"transferencia_degradada","transferencia_degradada",0.0287586834411533,0.873816318538149,0.855373056952563,-0.0184432615855862,FALSE,FALSE
400,0.555,0.2725,0.1725,0.957355055103019,0.0261140392908481,0.0165309056061332,"esc_baja","esc_baja",0.422572030008761,0.895860114045862,0.186356839165627,-0.709503274880234,0.0592625,0.0959075,0.0892625,0.1539075,0.211475,0.390185,0.0508876377575467,0.0797160996645903,0.0808876377575467,0.13771609966459,0.228224724484906,0.422567800670819,"receptora_degradada","receptora_degradada",0.0440209404063453,0.88838739142967,0.854355811718715,-0.0340315797109554,FALSE,FALSE
401,0.205,0.56,0.235,0.267068659162494,0.701328222075238,0.0316031187622679,"esc_media","esc_media",0.268279211802066,0.901037653371437,0.646804110750796,-0.254233542620641,0.06545,0.10787,0.09545,0.16587,0.1991,0.36626,0.0614680168939966,0.100171499328393,0.0914680168939966,0.158171499328393,0.207063966212007,0.381657001343213,"receptora_degradada","receptora_degradada",0.0203731856508549,0.909769899800598,0.896367463582827,-0.013402436217771,FALSE,FALSE
402,0.145,0.245,0.61,0.0127528583992964,0.0215479331574318,0.965699208443272,"esc_alta","esc_alta",0.394224041935884,0.842982251726283,0.156582359929188,-0.686399891797095,0.062375,0.101925,0.2213,0.40918,0.076325,0.128895,0.0510883905013193,0.0801042216358839,0.229234828496042,0.424520668425682,0.0796767810026385,0.135375109938434,"transferencia_degradada","transferencia_degradada",0.0398350591428907,0.873816318538149,0.852698679496852,-0.0211176390412974,FALSE,FALSE
403,0.175,0.64,0.185,0.0147306397306397,0.96969696969697,0.0155723905723906,"esc_media","esc_media",0.377926264157935,0.821775145200831,0.142713428475111,-0.67906171672572,0.36858,0.2003,0.16471,0.09485,0.10671,0.06485,0.368048821548822,0.200025252525252,0.164975589225589,0.0949873737373737,0.106975589225589,0.0649873737373737,"aporte_conservada","aporte_conservada",0.000700472379864083,0.907832455050351,0.908278600067441,0.00044614501709006,FALSE,FALSE
404,0.175,0.64,0.185,0.0539823933181542,0.92888223185794,0.0171353748239052,"esc_media","esc_media",0.319878014311384,0.821775145200831,0.269239182644586,-0.552535962556245,0.11686,0.0701,0.4057,0.2195,0.11744,0.0704,0.111199542348786,0.0671721770769584,0.419738042375094,0.226761056400911,0.10906241527612,0.0660667665221309,"transferencia_conservada","transferencia_conservada",0.0190616225892097,0.878679781883175,0.863776599736203,-0.0149031821469717,FALSE,FALSE
405,0.175,0.64,0.185,0.277172218412139,0.696805104928066,0.0260226766597948,"esc_media","esc_media",0.240685707598356,0.821775145200831,0.639275474308368,-0.182499670892463,0.36858,0.2003,0.16471,0.09485,0.10671,0.06485,0.353433326578364,0.19246551374743,0.172283336710818,0.0987672431262852,0.114283336710818,0.0687672431262852,"aporte_conservada","aporte_conservada",0.019900015876888,0.907832455050351,0.919961702557467,0.0121292475071162,FALSE,FALSE
406,0.145,0.245,0.61,0.0280735721200387,0.853823814133592,0.11810261374637,"esc_alta","esc_media",0.539649333999364,0.842982251726283,0.443765212253567,-0.399217039472716,0.39497,0.21395,0.151515,0.088025,0.093515,0.058025,0.373221684414327,0.20270087124879,0.162389157792836,0.093649564375605,0.104389157792836,0.063649564375605,"aporte_conservada","aporte_conservada",0.0289790644950852,0.883733523318399,0.90386909935513,0.0201355760367312,TRUE,FALSE
407,0.59,0.255,0.155,0.947974608111769,0.037711351727622,0.014314040160609,"esc_baja","esc_baja",0.380580502465072,0.863571156866974,0.213945173383974,-0.649625983483,0.39842,0.1313,0.20479,0.07435,0.13679,0.05435,0.364511081379321,0.121326788640977,0.221744459310339,0.0793366056795116,0.153744459310339,0.0593366056795116,"aporte_conservada","aporte_conservada",0.0377261016241126,0.882710526136348,0.900955151708215,0.0182446255718662,FALSE,FALSE
408,0.145,0.245,0.61,0.0242556414542051,0.646420186187035,0.32932417235876,"esc_alta","esc_media",0.364383296956289,0.842982251726283,0.671784357095642,-0.171197894630641,0.101925,0.062375,0.40918,0.2213,0.128895,0.076325,0.0995598398081118,0.0611516412800578,0.423186345591312,0.228544661512748,0.117253814600576,0.0703036972071945,"transferencia_conservada","transferencia_conservada",0.0207202015308193,0.873816318538149,0.859375690998762,-0.0144406275393867,TRUE,FALSE
409,0.59,0.255,0.155,0.946845373481391,0.0388207099145485,0.0143339166040606,"esc_baja","esc_baja",0.378907300677667,0.863571156866974,0.21726160734242,-0.646309549524554,0.39842,0.1313,0.20479,0.07435,0.13679,0.05435,0.364589220932341,0.121349770862453,0.221705389533829,0.0793251145687733,0.153705389533829,0.0593251145687733,"aporte_conservada","aporte_conservada",0.0376393200775496,0.882710526136348,0.900918166938489,0.0182076408021405,FALSE,FALSE
410,0.145,0.245,0.61,0.0128845199579959,0.0287002592014173,0.958415220840587,"esc_alta","esc_alta",0.381422791898028,0.842982251726283,0.180853717677169,-0.662128534049114,0.45962,0.1493,0.17419,0.06535,0.10619,0.04535,0.492296087660016,0.158910614017652,0.157851956169992,0.0605446929911741,0.0898519561699919,0.0405446929911741,"aporte_conservada","aporte_conservada",0.0381791444110715,0.838468544093119,0.808616776316715,-0.0298517677764041,FALSE,FALSE
411,0.175,0.64,0.185,0.389167637973502,0.580350086469397,0.0304822755571003,"esc_media","esc_media",0.274786344704031,0.821775145200831,0.718596593679336,-0.103178551521495,0.11686,0.0701,0.4057,0.2195,0.11744,0.0704,0.139973598512539,0.0820553095754511,0.380856553995074,0.20664994172159,0.119169847492387,0.071294748702959,"transferencia_conservada","transferencia_conservada",0.0389851371411263,0.878679781883175,0.90172024672391,0.0230404648407347,FALSE,FALSE
412,0.145,0.245,0.61,0.0127528583992964,0.0215479331574318,0.965699208443272,"esc_alta","esc_alta",0.394224041935883,0.842982251726283,0.156582359929188,-0.686399891797095,0.101925,0.062375,0.40918,0.2213,0.128895,0.076325,0.0801042216358839,0.0510883905013193,0.424520668425682,0.229234828496042,0.135375109938434,0.0796767810026385,"transferencia_conservada","transferencia_conservada",0.0398350591428906,0.873816318538149,0.852698679496852,-0.0211176390412975,FALSE,FALSE
413,0.145,0.245,0.61,0.0127528583992964,0.0215479331574318,0.965699208443272,"esc_alta","esc_alta",0.394224041935883,0.842982251726283,0.156582359929188,-0.686399891797095,0.45962,0.1493,0.17419,0.06535,0.10619,0.04535,0.49280035180299,0.15905892700088,0.157599824098505,0.0604705364995603,0.0895998240985048,0.0404705364995602,"aporte_conservada","aporte_conservada",0.038778151472003,0.838468544093119,0.808120345947055,-0.030348198146064,FALSE,FALSE
414,0.59,0.255,0.155,0.962828649138713,0.0231187669990934,0.014052583862194,"esc_baja","esc_baja",0.404754508247882,0.863571156866974,0.1670255104958,-0.696545646371175,0.17691,0.06615,0.41576,0.1364,0.14733,0.05745,0.219730734360834,0.0787443336355395,0.365055303717135,0.121486854034452,0.155213961922031,0.0597688123300091,"transferencia_conservada","transferencia_conservada",0.0604666714694373,0.875662411769104,0.901125245081153,0.0254628333120489,FALSE,FALSE
415,0.145,0.245,0.61,0.0133919083810511,0.0562634102720941,0.930344681346855,"esc_alta","esc_alta",0.341017917118487,0.842982251726283,0.261094422863518,-0.581887828862764,0.11605,0.04825,0.47628,0.1542,0.14767,0.05755,0.0917342554890742,0.041098310437963,0.494178700460177,0.159464323664758,0.154087044050749,0.0594373658972791,"transferencia_conservada","transferencia_conservada",0.0380327610964471,0.828533396448468,0.807792820421648,-0.0207405760268201,FALSE,FALSE
416,0.185,0.62,0.195,0.0160311958405546,0.967071057192374,0.0168977469670711,"esc_media","esc_media",0.388859957917814,0.844090741204695,0.152550356698301,-0.691540384506394,0.42868,0.1402,0.18966,0.0699,0.12166,0.0499,0.428058925476603,0.14001733102253,0.189970537261698,0.0699913344887348,0.121970537261698,0.0499913344887348,"aporte_conservada","aporte_conservada",0.000700958994068346,0.862684373854597,0.863131371126098,0.000446997271501659,FALSE,FALSE
417,0.185,0.62,0.195,0.07191948043033,0.909042853293079,0.019037666276591,"esc_media","esc_media",0.314790627047342,0.844090741204695,0.31986782353201,-0.524222917672685,0.36858,0.2003,0.16471,0.09485,0.10671,0.06485,0.364932854779083,0.198413545575388,0.166533572610458,0.0957932272123061,0.108533572610458,0.0657932272123061,"aporte_conservada","aporte_conservada",0.00480544813938312,0.907832455050351,0.910865205523267,0.00303275047291585,FALSE,FALSE
418,0.145,0.245,0.61,0.0127528583992964,0.0215479331574318,0.965699208443272,"esc_alta","esc_alta",0.394224041935883,0.842982251726283,0.156582359929188,-0.686399891797095,0.45962,0.1493,0.17419,0.06535,0.10619,0.04535,0.49280035180299,0.15905892700088,0.157599824098505,0.0604705364995603,0.0895998240985048,0.0404705364995602,"aporte_conservada","aporte_conservada",0.038778151472003,0.838468544093119,0.808120345947055,-0.030348198146064,FALSE,FALSE
419,0.175,0.64,0.185,0.315464517545966,0.65698802651611,0.0275474559379236,"esc_media","esc_media",0.248881669651917,0.821775145200831,0.672570512986075,-0.149204632214755,0.36858,0.2003,0.16471,0.09485,0.10671,0.06485,0.351300810426733,0.191362488151759,0.173349594786633,0.0993187559241206,0.115349594786633,0.0693187559241206,"aporte_conservada","aporte_conservada",0.0226907633627238,0.907832455050351,0.921571255101498,0.0137388000511469,FALSE,FALSE
420,0.185,0.62,0.195,0.217101624015542,0.758301797411025,0.0245965785734327,"esc_media","esc_media",0.245327539182983,0.844090741204695,0.575758176913734,-0.268332564290961,0.36858,0.2003,0.16471,0.09485,0.10671,0.06485,0.356834707364358,0.194224848636737,0.170582646317821,0.0978875756816316,0.112582646317821,0.0678875756816316,"aporte_conservada","aporte_conservada",0.0154436068627121,0.907832455050351,0.917344494092446,0.00951203904209486,FALSE,FALSE
421,0.185,0.62,0.195,0.214764023056318,0.760728903307954,0.0245070736357285,"esc_media","esc_media",0.245612808424235,0.844090741204695,0.572802435860528,-0.271288305344167,0.36858,0.2003,0.16471,0.09485,0.10671,0.06485,0.356965096933606,0.194292291517382,0.170517451533197,0.0978538542413088,0.112517451533197,0.0678538542413088,"aporte_conservada","aporte_conservada",0.015272642158709,0.907832455050351,0.917242941093881,0.00941048604353034,FALSE,FALSE
422,0.175,0.64,0.185,0.0147306397306397,0.96969696969697,0.0155723905723906,"esc_media","esc_media",0.377926264157935,0.821775145200831,0.142713428475111,-0.67906171672572,0.36858,0.2003,0.16471,0.09485,0.10671,0.06485,0.368048821548822,0.200025252525252,0.164975589225589,0.0949873737373737,0.106975589225589,0.0649873737373737,"aporte_conservada","aporte_conservada",0.000700472379864083,0.907832455050351,0.908278600067441,0.00044614501709006,FALSE,FALSE
423,0.145,0.245,0.61,0.0129236710558719,0.0308270866501845,0.956249242293944,"esc_alta","esc_alta",0.377852656740311,0.842982251726283,0.187726920295854,-0.655255331430428,0.45962,0.1493,0.17419,0.06535,0.10619,0.04535,0.492146138844189,0.158866511424761,0.157926930577906,0.0605667442876193,0.0899269305779056,0.0405667442876193,"aporte_conservada","aporte_conservada",0.0380010873404729,0.838468544093119,0.80876418119969,-0.0297043628934287,FALSE,FALSE
424,0.59,0.255,0.155,0.962828649138713,0.0231187669990934,0.014052583862194,"esc_baja","esc_baja",0.404754508247882,0.863571156866974,0.1670255104958,-0.696545646371175,0.153835,0.089225,0.35756,0.1946,0.128605,0.076175,0.190358567543064,0.108116500453309,0.314311876699909,0.172230281051677,0.135329555757026,0.0796532184950136,"transferencia_conservada","transferencia_conservada",0.0603376093250653,0.920735393412878,0.946105609084125,0.0253702156712471,FALSE,FALSE
425,0.175,0.64,0.185,0.214816718315547,0.761643568350844,0.0235397133336087,"esc_media","esc_media",0.23775289186427,0.821775145200831,0.569820085715109,-0.251955059485721,0.36858,0.2003,0.16471,0.09485,0.10671,0.06485,0.356905933711048,0.194261689850542,0.170547033144476,0.0978691550747291,0.112547033144476,0.0678691550747291,"aporte_conservada","aporte_conservada",0.0153502172568148,0.907832455050351,0.917289031166133,0.00945657611578232,FALSE,FALSE
426,0.2025,0.55,0.2475,0.4001102361093,0.560867963599585,0.0390218002911147,"esc_media","esc_media",0.291294062235278,0.908237865329521,0.744040923869418,-0.164196941460103,0.20135,0.37061,0.094325,0.163695,0.064325,0.105695,0.189167346925454,0.347056870722545,0.100416326537273,0.175471564638727,0.0704163265372728,0.117471564638727,"aporte_degradada","aporte_degradada",0.0309158035116925,0.906113423686927,0.924702792589655,0.0185893689027278,FALSE,FALSE
427,0.18,0.28,0.54,0.03125,0.875,0.09375,"esc_alta","esc_media",0.53206383982363,0.908268214242105,0.406933418590992,-0.501334795651113,0.107,0.065,0.40512,0.2192,0.12788,0.0758,0.107,0.065,0.422375,0.228125,0.110625,0.066875,"transferencia_conservada","transferencia_conservada",0.0290885438537469,0.878522229300612,0.860839475059823,-0.0176827542407899,TRUE,FALSE
428,0.2025,0.55,0.2475,0.820483961733258,0.123804164321891,0.0557118739448509,"esc_media","esc_baja",0.544665325676038,0.908237865329521,0.529619796176323,-0.378618069153197,0.0704,0.11744,0.21785,0.40251,0.07175,0.12005,0.101086100168824,0.176766460326393,0.180770962296005,0.330823860438942,0.0781429375351716,0.132409679234665,"transferencia_degradada","transferencia_degradada",0.102125715007622,0.881901499538298,0.937663333410568,0.0557618338722703,TRUE,FALSE
429,0.145,0.245,0.61,0.0127528583992964,0.0215479331574318,0.965699208443272,"esc_alta","esc_alta",0.394224041935883,0.842982251726283,0.156582359929188,-0.686399891797095,0.101925,0.062375,0.40918,0.2213,0.128895,0.076325,0.0801042216358839,0.0510883905013193,0.424520668425682,0.229234828496042,0.135375109938434,0.0796767810026385,"transferencia_conservada","transferencia_conservada",0.0398350591428906,0.873816318538149,0.852698679496852,-0.0211176390412975,FALSE,FALSE
430,0.2025,0.55,0.2475,0.820483961733258,0.123804164321891,0.0557118739448509,"esc_media","esc_baja",0.544665325676038,0.908237865329521,0.529619796176323,-0.378618069153197,0.0704,0.11744,0.21785,0.40251,0.07175,0.12005,0.101086100168824,0.176766460326393,0.180770962296005,0.330823860438942,0.0781429375351716,0.132409679234665,"transferencia_degradada","transferencia_degradada",0.102125715007622,0.881901499538298,0.937663333410568,0.0557618338722703,TRUE,FALSE
431,0.18,0.28,0.54,0.03125,0.875,0.09375,"esc_alta","esc_media",0.53206383982363,0.908268214242105,0.406933418590992,-0.501334795651113,0.38888,0.2108,0.15456,0.0896,0.09656,0.0596,0.371625,0.201875,0.1631875,0.0940625,0.1051875,0.0640625,"aporte_conservada","aporte_conservada",0.0229270894840395,0.889634547353356,0.905245572560608,0.0156110252072521,TRUE,FALSE
432,0.2025,0.55,0.2475,0.771010414408443,0.175241957027497,0.0537476285640599,"esc_media","esc_baja",0.499748071917301,0.908237865329521,0.60333561308524,-0.304902252244281,0.0704,0.11744,0.21785,0.40251,0.07175,0.12005,0.098889254219919,0.172519224825177,0.183739375135493,0.336562791928621,0.0773713706445875,0.130917983246203,"transferencia_degradada","transferencia_degradada",0.0946137061235739,0.881901499538298,0.934251368072834,0.0523498685345365,TRUE,FALSE
433,0.63,0.235,0.135,0.968403074295474,0.020068317677199,0.0115286080273271,"esc_baja","esc_baja",0.383427959903019,0.820796482214274,0.146533027381825,-0.674263454832449,0.33929,0.18515,0.179355,0.102425,0.121355,0.072425,0.312501280956447,0.171293766011956,0.192749359521776,0.109353116994022,0.134749359521776,0.0793531169940222,"aporte_conservada","aporte_conservada",0.0348441883863252,0.930187634168388,0.946676444656115,0.0164888104877277,FALSE,FALSE
434,0.2025,0.55,0.2475,0.820483961733258,0.123804164321891,0.0557118739448509,"esc_media","esc_baja",0.544665325676038,0.908237865329521,0.529619796176323,-0.378618069153197,0.0704,0.11744,0.21785,0.40251,0.07175,0.12005,0.101086100168824,0.176766460326393,0.180770962296005,0.330823860438942,0.0781429375351716,0.132409679234665,"transferencia_degradada","transferencia_degradada",0.102125715007622,0.881901499538298,0.937663333410568,0.0557618338722703,TRUE,FALSE
435,0.135,0.235,0.63,0.027027027027027,0.846846846846847,0.126126126126126,"esc_alta","esc_media",0.541305574247255,0.820796482214274,0.454672721374376,-0.366123760839898,0.21485,0.39671,0.087575,0.150645,0.057575,0.092645,0.202972972972973,0.373747747747748,0.0935135135135135,0.162126126126126,0.0635135135135135,0.104126126126126,"aporte_degradada","aporte_degradada",0.0306231509013415,0.882009522904832,0.903412568525205,0.0214030456203739,TRUE,FALSE
436,0.145,0.245,0.61,0.0280735721200387,0.853823814133592,0.11810261374637,"esc_alta","esc_media",0.539649333999364,0.842982251726283,0.443765212253567,-0.399217039472716,0.39497,0.21395,0.151515,0.088025,0.093515,0.058025,0.373221684414327,0.20270087124879,0.162389157792836,0.093649564375605,0.104389157792836,0.063649564375605,"aporte_conservada","aporte_conservada",0.0289790644950852,0.883733523318399,0.90386909935513,0.0201355760367312,TRUE,FALSE
437,0.54,0.28,0.18,0.954813359528487,0.0275049115913556,0.0176817288801572,"esc_baja","esc_baja",0.429976594528833,0.908268214242105,0.195096679720355,-0.71317153452175,0.0866,0.14876,0.1976,0.36336,0.0758,0.12788,0.10770137524558,0.189555992141454,0.172711198428291,0.315241650294695,0.0795874263261297,0.135202357563851,"transferencia_degradada","transferencia_degradada",0.0674465451320244,0.916484382195692,0.945682388037966,0.0291980058422748,FALSE,FALSE
438,0.145,0.245,0.61,0.0280735721200387,0.853823814133592,0.11810261374637,"esc_alta","esc_media",0.539649333999364,0.842982251726283,0.443765212253567,-0.399217039472716,0.39497,0.21395,0.151515,0.088025,0.093515,0.058025,0.373221684414327,0.20270087124879,0.162389157792836,0.093649564375605,0.104389157792836,0.063649564375605,"aporte_conservada","aporte_conservada",0.0289790644950852,0.883733523318399,0.90386909935513,0.0201355760367312,TRUE,FALSE
439,0.54,0.28,0.18,0.954813359528487,0.0275049115913556,0.0176817288801572,"esc_baja","esc_baja",0.429976594528833,0.908268214242105,0.195096679720355,-0.71317153452175,0.1892,0.34712,0.1004,0.17544,0.0704,0.11744,0.17188605108055,0.313646365422397,0.109056974459725,0.192176817288802,0.079056974459725,0.134176817288802,"aporte_degradada","aporte_degradada",0.0435684519592026,0.924656908219664,0.946048456170975,0.0213915479513115,FALSE,FALSE
440,0.59,0.255,0.155,0.962828649138713,0.0231187669990934,0.014052583862194,"esc_baja","esc_baja",0.404754508247882,0.863571156866974,0.1670255104958,-0.696545646371175,0.34277,0.18695,0.177615,0.101525,0.119615,0.071525,0.312970988213962,0.171536718041704,0.192514505893019,0.109231640979148,0.134514505893019,0.0792316409791478,"aporte_conservada","aporte_conservada",0.0387700708866424,0.927769419019908,0.946419676621854,0.0186502576019465,FALSE,FALSE
441,0.175,0.64,0.185,0.438932496252708,0.528603617620976,0.0324638861263157,"esc_media","esc_media",0.297896060991352,0.821775145200831,0.737010540225422,-0.0847646049754086,0.36858,0.2003,0.16471,0.09485,0.10671,0.06485,0.344424820612669,0.187805941696208,0.176787589693665,0.101097029151896,0.118787589693665,0.0710970291518959,"aporte_conservada","aporte_conservada",0.0316738025195059,0.907832455050351,0.926597124978335,0.0187646699279838,FALSE,FALSE
442,0.135,0.235,0.63,0.0231115197029931,0.637970226181189,0.338918254115818,"esc_alta","esc_media",0.365162074511838,0.820796482214274,0.674053667104243,-0.146742815110032,0.061625,0.100475,0.2219,0.41034,0.076475,0.129185,0.0609562445748974,0.0991820728448017,0.22861330881782,0.423319063714453,0.0704304466072822,0.117498863440746,"transferencia_degradada","transferencia_degradada",0.0200692778963162,0.872427575940594,0.859184958094022,-0.0132426178465718,TRUE,FALSE
443,0.54,0.28,0.18,0.954813359528487,0.0275049115913556,0.0176817288801572,"esc_baja","esc_baja",0.429976594528833,0.908268214242105,0.195096679720355,-0.71317153452175,0.1892,0.34712,0.1004,0.17544,0.0704,0.11744,0.17188605108055,0.313646365422397,0.109056974459725,0.192176817288802,0.079056974459725,0.134176817288802,"aporte_degradada","aporte_degradada",0.0435684519592026,0.924656908219664,0.946048456170975,0.0213915479513115,FALSE,FALSE
444,0.145,0.245,0.61,0.0280735721200387,0.853823814133592,0.11810261374637,"esc_alta","esc_media",0.539649333999364,0.842982251726283,0.443765212253567,-0.399217039472716,0.101925,0.062375,0.40918,0.2213,0.128895,0.076325,0.106017424975799,0.0644917715392062,0.422743465634076,0.228315585672798,0.111239109390126,0.0671926427879961,"transferencia_conservada","transferencia_conservada",0.0289724140429909,0.873816318538149,0.860401964033812,-0.0134143545043375,TRUE,FALSE
445,0.2025,0.55,0.2475,0.678482650407539,0.271443345477451,0.0500740041150094,"esc_media","esc_baja",0.429146927672832,0.908237865329521,0.698224329966086,-0.210013535363435,0.0704,0.11744,0.21785,0.40251,0.07175,0.12005,0.0947806092066141,0.164575844466121,0.189291040975548,0.347296012552725,0.0759283498178382,0.128128142981154,"transferencia_degradada","transferencia_degradada",0.0805351047953473,0.881901499538298,0.927384261895971,0.0454827623576729,TRUE,FALSE
446,0.185,0.64,0.175,0.803377563329313,0.154402895054282,0.0422195416164053,"esc_media","esc_baja",0.544880687004133,0.821775145200831,0.54428411388008,-0.277491031320751,0.11802,0.0707,0.40454,0.2189,0.11744,0.0704,0.175669481302774,0.100518697225573,0.3328082026538,0.181797346200241,0.131522316043426,0.0776839565741858,"transferencia_conservada","transferencia_conservada",0.100842361358296,0.879861780602772,0.93641706128372,0.0565552806809482,TRUE,FALSE
447,0.135,0.235,0.63,0.0139613899371525,0.14984748090894,0.836191129153908,"esc_alta","esc_alta",0.241661433950584,0.820796482214274,0.449348317618252,-0.371448164596022,0.072425,0.121355,0.102425,0.179355,0.18515,0.33929,0.0773334460882513,0.130844662437286,0.107333446088251,0.188844662437286,0.175333107823497,0.320310675125428,"receptora_degradada","receptora_degradada",0.0246968585053348,0.930187634168388,0.942257550731015,0.0120699165626269,FALSE,FALSE
448,0.145,0.245,0.61,0.0280735721200387,0.853823814133592,0.11810261374637,"esc_alta","esc_media",0.539649333999364,0.842982251726283,0.443765212253567,-0.399217039472716,0.39497,0.21395,0.151515,0.088025,0.093515,0.058025,0.373221684414327,0.20270087124879,0.162389157792836,0.093649564375605,0.104389157792836,0.063649564375605,"aporte_conservada","aporte_conservada",0.0289790644950852,0.883733523318399,0.90386909935513,0.0201355760367312,TRUE,FALSE
449,0.59,0.255,0.155,0.962828649138713,0.0231187669990934,0.014052583862194,"esc_baja","esc_baja",0.404754508247882,0.863571156866974,0.1670255104958,-0.696545646371175,0.153835,0.089225,0.35756,0.1946,0.128605,0.076175,0.190358567543064,0.108116500453309,0.314311876699909,0.172230281051677,0.135329555757026,0.0796532184950136,"transferencia_conservada","transferencia_conservada",0.0603376093250653,0.920735393412878,0.946105609084125,0.0253702156712471,FALSE,FALSE
450,0.185,0.62,0.195,0.0160311958405546,0.967071057192374,0.0168977469670711,"esc_media","esc_media",0.388859957917814,0.844090741204695,0.152550356698301,-0.691540384506394,0.13424,0.0536,0.47084,0.1526,0.13492,0.0538,0.123060658578856,0.0503119584055459,0.493819757365685,0.159358752166378,0.123119584055459,0.0503292894280763,"transferencia_conservada","transferencia_conservada",0.026447785367729,0.834616405506392,0.813540164760646,-0.021076240745746,FALSE,FALSE
451,0.145,0.245,0.61,0.0280735721200387,0.853823814133592,0.11810261374637,"esc_alta","esc_media",0.539649333999364,0.842982251726283,0.443765212253567,-0.399217039472716,0.101925,0.062375,0.40918,0.2213,0.128895,0.076325,0.106017424975799,0.0644917715392062,0.422743465634076,0.228315585672798,0.111239109390126,0.0671926427879961,"transferencia_conservada","transferencia_conservada",0.0289724140429909,0.873816318538149,0.860401964033812,-0.0134143545043375,TRUE,FALSE
452,0.185,0.62,0.195,0.0160311958405546,0.967071057192374,0.0168977469670711,"esc_media","esc_media",0.388859957917814,0.844090741204695,0.152550356698301,-0.691540384506394,0.36858,0.2003,0.16471,0.09485,0.10671,0.06485,0.368050259965338,0.200025996533795,0.164974870017331,0.0949870017331022,0.106974870017331,0.0649870017331022,"aporte_conservada","aporte_conservada",0.000698575799792154,0.907832455050351,0.90827739396938,0.000444938919028748,FALSE,FALSE
453,0.145,0.245,0.61,0.0127528583992964,0.0215479331574318,0.965699208443272,"esc_alta","esc_alta",0.394224041935883,0.842982251726283,0.156582359929188,-0.686399891797095,0.11605,0.04825,0.47628,0.1542,0.14767,0.05755,0.090467018469657,0.0407255936675462,0.494265611257696,0.159489885664028,0.155267370272647,0.0597845206684257,"transferencia_conservada","transferencia_conservada",0.0401525802201348,0.828533396448468,0.807269723720611,-0.0212636727278565,FALSE,FALSE
454,0.145,0.245,0.61,0.0204532925240148,0.439863013764416,0.539683693711569,"esc_alta","esc_alta",0.244763674894269,0.842982251726283,0.704227631552115,-0.138754620174167,0.11605,0.04825,0.47628,0.1542,0.14767,0.05755,0.105736990251256,0.0452167618386047,0.493218352216734,0.159181868299039,0.14104465753201,0.0556013698623558,"transferencia_conservada","transferencia_conservada",0.020267827390422,0.828533396448468,0.812405983276407,-0.0161274131720609,FALSE,FALSE
455,0.54,0.28,0.18,0.954813359528487,0.0275049115913556,0.0176817288801572,"esc_baja","esc_baja",0.429976594528833,0.908268214242105,0.195096679720355,-0.71317153452175,0.0866,0.14876,0.1976,0.36336,0.0758,0.12788,0.10770137524558,0.189555992141454,0.172711198428291,0.315241650294695,0.0795874263261297,0.135202357563851,"transferencia_degradada","transferencia_degradada",0.0674465451320244,0.916484382195692,0.945682388037966,0.0291980058422748,FALSE,FALSE
456,0.59,0.255,0.155,0.962828649138713,0.0231187669990934,0.014052583862194,"esc_baja","esc_baja",0.404754508247882,0.863571156866974,0.1670255104958,-0.696545646371175,0.34277,0.18695,0.177615,0.101525,0.119615,0.071525,0.312970988213962,0.171536718041704,0.192514505893019,0.109231640979148,0.134514505893019,0.0792316409791478,"aporte_conservada","aporte_conservada",0.0387700708866424,0.927769419019908,0.946419676621854,0.0186502576019465,FALSE,FALSE
457,0.145,0.245,0.61,0.0280735721200387,0.853823814133592,0.11810261374637,"esc_alta","esc_media",0.539649333999364,0.842982251726283,0.443765212253567,-0.399217039472716,0.101925,0.062375,0.40918,0.2213,0.128895,0.076325,0.106017424975799,0.0644917715392062,0.422743465634076,0.228315585672798,0.111239109390126,0.0671926427879961,"transferencia_conservada","transferencia_conservada",0.0289724140429909,0.873816318538149,0.860401964033812,-0.0134143545043375,TRUE,FALSE
458,0.145,0.245,0.61,0.0226667402324684,0.560105397711176,0.417227862056355,"esc_alta","esc_media",0.307799389743212,0.842982251726283,0.705615748994733,-0.137366502731549,0.39497,0.21395,0.151515,0.088025,0.093515,0.058025,0.390884545065785,0.211836833654717,0.153557727467107,0.0890815831726417,0.0955577274671073,0.0590815831726417,"aporte_conservada","aporte_conservada",0.00548162191956765,0.883733523318399,0.88771496651466,0.00398144319626137,TRUE,FALSE
459,0.175,0.64,0.185,0.0147306397306397,0.96969696969697,0.0155723905723906,"esc_media","esc_media",0.377926264157935,0.821775145200831,0.142713428475111,-0.67906171672572,0.11686,0.0701,0.4057,0.2195,0.11744,0.0704,0.107829966329966,0.0654292929292929,0.424291245791246,0.229116161616162,0.107878787878788,0.0654545454545455,"transferencia_conservada","transferencia_conservada",0.0249974790800678,0.878679781883175,0.858716238328341,-0.0199635435548342,FALSE,FALSE
460,0.54,0.28,0.18,0.954813359528487,0.0275049115913556,0.0176817288801572,"esc_baja","esc_baja",0.429976594528833,0.908268214242105,0.195096679720355,-0.71317153452175,0.0866,0.14876,0.1976,0.36336,0.0758,0.12788,0.10770137524558,0.189555992141454,0.172711198428291,0.315241650294695,0.0795874263261297,0.135202357563851,"transferencia_degradada","transferencia_degradada",0.0674465451320244,0.916484382195692,0.945682388037966,0.0291980058422748,FALSE,FALSE
461,0.54,0.28,0.18,0.954813359528487,0.0275049115913556,0.0176817288801572,"esc_baja","esc_baja",0.429976594528833,0.908268214242105,0.195096679720355,-0.71317153452175,0.0866,0.14876,0.1976,0.36336,0.0758,0.12788,0.10770137524558,0.189555992141454,0.172711198428291,0.315241650294695,0.0795874263261297,0.135202357563851,"transferencia_degradada","transferencia_degradada",0.0674465451320244,0.916484382195692,0.945682388037966,0.0291980058422748,FALSE,FALSE
462,0.175,0.64,0.185,0.792452830188679,0.161006289308176,0.0465408805031446,"esc_media","esc_baja",0.544374692560613,0.821775145200831,0.565395563204837,-0.256379581995994,0.36858,0.2003,0.16471,0.09485,0.10671,0.06485,0.324737106918239,0.177622641509434,0.186631446540881,0.106188679245283,0.128631446540881,0.076188679245283,"aporte_conservada","aporte_conservada",0.0572956380288462,0.907832455050351,0.939611265505845,0.0317788104554942,TRUE,FALSE
463,0.145,0.245,0.61,0.0280735721200387,0.853823814133592,0.11810261374637,"esc_alta","esc_media",0.539649333999364,0.842982251726283,0.443765212253567,-0.399217039472716,0.101925,0.062375,0.40918,0.2213,0.128895,0.076325,0.106017424975799,0.0644917715392062,0.422743465634076,0.228315585672798,0.111239109390126,0.0671926427879961,"transferencia_conservada","transferencia_conservada",0.0289724140429909,0.873816318538149,0.860401964033812,-0.0134143545043375,TRUE,FALSE
464,0.175,0.64,0.185,0.315355579846277,0.657101302057895,0.0275431180958287,"esc_media","esc_media",0.248852550375376,0.821775145200831,0.672485217815448,-0.149289927385383,0.11686,0.0701,0.4057,0.2195,0.11744,0.0704,0.133637185021847,0.078777854321645,0.389418752737832,0.211078665209223,0.116944062240321,0.0701434804691316,"transferencia_conservada","transferencia_conservada",0.0277186688194233,0.878679781883175,0.894148987576404,0.0154692056932293,FALSE,FALSE
465,0.2025,0.55,0.2475,0.445291015271404,0.513893374582144,0.0408156101464511,"esc_media","esc_media",0.305653201678464,0.908237865329521,0.758163903055747,-0.150073962273774,0.0704,0.11744,0.21785,0.40251,0.07175,0.12005,0.0844258615350165,0.144556665634365,0.203282539083716,0.374346242228517,0.0722915993812678,0.121097092137118,"transferencia_degradada","transferencia_degradada",0.0450053179567084,0.881901499538298,0.907224872027825,0.0253233724895274,FALSE,FALSE
466,0.145,0.245,0.61,0.0140208124640108,0.0904277259322809,0.895551461603708,"esc_alta","esc_alta",0.302712460772237,0.842982251726283,0.342194770692841,-0.500787481033441,0.39497,0.21395,0.151515,0.088025,0.093515,0.058025,0.419128777650102,0.226445919474191,0.139435611174949,0.0817770402629045,0.0814356111749488,0.0517770402629045,"aporte_conservada","aporte_conservada",0.0328591276587272,0.883733523318399,0.858257215193975,-0.025476308124424,FALSE,FALSE
467,0.135,0.235,0.63,0.0122956157762236,0.0609851065771956,0.926719277646581,"esc_alta","esc_alta",0.321009673799391,0.820796482214274,0.268696258640862,-0.552100223573412,0.21485,0.39671,0.087575,0.150645,0.057575,0.092645,0.227432709856111,0.421036572388481,0.0812836450719446,0.13848171380576,0.0512836450719446,0.0804817138057596,"aporte_degradada","aporte_degradada",0.0331516691593673,0.882009522904832,0.856101545685895,-0.0259079772189366,FALSE,FALSE
468,0.61,0.245,0.145,0.965699208443272,0.0215479331574318,0.0127528583992964,"esc_baja","esc_baja",0.394224041935883,0.842982251726282,0.156582359929188,-0.686399891797095,0.090275,0.155865,0.1934,0.35524,0.076325,0.128895,0.108265171503958,0.190645998240985,0.172058047493404,0.31397889182058,0.0796767810026385,0.135375109938434,"transferencia_degradada","transferencia_degradada",0.0574563291917433,0.922374528809363,0.94625592447414,0.0238813956647774,FALSE,FALSE
469,0.175,0.64,0.185,0.725235513794558,0.230900164004817,0.0438643222006257,"esc_media","esc_baja",0.485960858595233,0.821775145200831,0.644980379067494,-0.176794766133337,0.0701,0.11686,0.2195,0.4057,0.0704,0.11744,0.0969776332877457,0.168823424356308,0.186485869172327,0.341872680399831,0.0765364975399278,0.12930389524386,"transferencia_degradada","transferencia_degradada",0.090718485941228,0.878679781883175,0.930883003182919,0.0522032212997435,TRUE,FALSE
470,0.145,0.245,0.61,0.0127528583992964,0.0215479331574318,0.965699208443272,"esc_alta","esc_alta",0.394224041935884,0.842982251726283,0.156582359929188,-0.686399891797095,0.062375,0.101925,0.2213,0.40918,0.076325,0.128895,0.0510883905013193,0.0801042216358839,0.229234828496042,0.424520668425682,0.0796767810026385,0.135375109938434,"transferencia_degradada","transferencia_degradada",0.0398350591428907,0.873816318538149,0.852698679496852,-0.0211176390412974,FALSE,FALSE
471,0.145,0.245,0.61,0.0127528583992964,0.0215479331574318,0.965699208443272,"esc_alta","esc_alta",0.394224041935884,0.842982251726283,0.156582359929188,-0.686399891797095,0.062375,0.101925,0.2213,0.40918,0.076325,0.128895,0.0510883905013193,0.0801042216358839,0.229234828496042,0.424520668425682,0.0796767810026385,0.135375109938434,"transferencia_degradada","transferencia_degradada",0.0398350591428907,0.873816318538149,0.852698679496852,-0.0211176390412974,FALSE,FALSE
472,0.175,0.64,0.185,0.0147306397306397,0.96969696969697,0.0155723905723906,"esc_media","esc_media",0.377926264157935,0.821775145200831,0.142713428475111,-0.67906171672572,0.0701,0.11686,0.2195,0.4057,0.0704,0.11744,0.0654292929292929,0.107829966329966,0.229116161616162,0.424291245791246,0.0654545454545455,0.107878787878788,"transferencia_degradada","transferencia_degradada",0.0249974790800678,0.878679781883175,0.858716238328341,-0.0199635435548342,FALSE,FALSE
473,0.59,0.255,0.155,0.962828649138713,0.0231187669990934,0.014052583862194,"esc_baja","esc_baja",0.404754508247882,0.863571156866974,0.1670255104958,-0.696545646371175,0.39842,0.1313,0.20479,0.07435,0.13679,0.05435,0.363483227561197,0.12102447869447,0.222258386219402,0.0794877606527652,0.154258386219402,0.0594877606527652,"aporte_conservada","aporte_conservada",0.0388676150433941,0.882710526136348,0.901439480212449,0.0187289540761008,FALSE,FALSE
474,0.145,0.245,0.61,0.0127528583992964,0.0215479331574318,0.965699208443272,"esc_alta","esc_alta",0.394224041935883,0.842982251726283,0.156582359929188,-0.686399891797095,0.11605,0.04825,0.47628,0.1542,0.14767,0.05755,0.090467018469657,0.0407255936675462,0.494265611257696,0.159489885664028,0.155267370272647,0.0597845206684257,"transferencia_conservada","transferencia_conservada",0.0401525802201348,0.828533396448468,0.807269723720611,-0.0212636727278565,FALSE,FALSE
475,0.645,0.2275,0.1275,0.970330129544505,0.0190137902214793,0.0106560802340159,"esc_baja","esc_baja",0.375148658849887,0.803083415349579,0.139234822510733,-0.663848592838846,0.39281,0.12965,0.207595,0.075175,0.139595,0.055175,0.362742164646887,0.12080651901379,0.222628917676557,0.0795967404931049,0.154628917676557,0.0595967404931049,"aporte_conservada","aporte_conservada",0.0334374697285773,0.886033399842507,0.901786167096061,0.0157527672535541,FALSE,FALSE
476,0.645,0.2275,0.1275,0.970330129544505,0.0190137902214793,0.0106560802340159,"esc_baja","esc_baja",0.375148658849887,0.803083415349579,0.139234822510733,-0.663848592838846,0.39281,0.12965,0.207595,0.075175,0.139595,0.055175,0.362742164646887,0.12080651901379,0.222628917676557,0.0795967404931049,0.154628917676557,0.0595967404931049,"aporte_conservada","aporte_conservada",0.0334374697285773,0.886033399842507,0.901786167096061,0.0157527672535541,FALSE,FALSE
477,0.59,0.255,0.155,0.962828649138713,0.0231187669990934,0.014052583862194,"esc_baja","esc_baja",0.404754508247882,0.863571156866974,0.1670255104958,-0.696545646371175,0.39842,0.1313,0.20479,0.07435,0.13679,0.05435,0.363483227561197,0.12102447869447,0.222258386219402,0.0794877606527652,0.154258386219402,0.0594877606527652,"aporte_conservada","aporte_conservada",0.0388676150433941,0.882710526136348,0.901439480212449,0.0187289540761008,FALSE,FALSE
478,0.63,0.235,0.135,0.968403074295474,0.020068317677199,0.0115286080273271,"esc_baja","esc_baja",0.383427959903019,0.820796482214274,0.146533027381825,-0.674263454832449,0.39434,0.1301,0.20683,0.07495,0.13883,0.05495,0.362932536293766,0.120862510674637,0.222533731853117,0.0795687446626815,0.154533731853117,0.0595687446626815,"aporte_conservada","aporte_conservada",0.0349307316693308,0.885139172705615,0.901697307016653,0.0165581343110376,FALSE,FALSE
479,0.645,0.2275,0.1275,0.970330129544505,0.0190137902214793,0.0106560802340159,"esc_baja","esc_baja",0.375148658849887,0.803083415349579,0.139234822510733,-0.663848592838846,0.39281,0.12965,0.207595,0.075175,0.139595,0.055175,0.362742164646887,0.12080651901379,0.222628917676557,0.0795967404931049,0.154628917676557,0.0595967404931049,"aporte_conservada","aporte_conservada",0.0334374697285773,0.886033399842507,0.901786167096061,0.0157527672535541,FALSE,FALSE
480,0.555,0.2725,0.1725,0.957355055103019,0.0261140392908481,0.0165309056061332,"esc_baja","esc_baja",0.422572030008761,0.895860114045862,0.186356839165627,-0.709503274880234,0.345815,0.188525,0.1760925,0.1007375,0.135005,0.053825,0.313432199329181,0.171775275515093,0.19228390033541,0.109112362242453,0.153988021082894,0.0594082414949689,"aporte_conservada","aporte_conservada",0.0422092978844226,0.91888704146614,0.938078096583857,0.0191910551177177,FALSE,FALSE
481,0.63,0.235,0.135,0.968403074295474,0.020068317677199,0.0115286080273271,"esc_baja","esc_baja",0.383427959903019,0.820796482214274,0.146533027381825,-0.674263454832449,0.39434,0.1301,0.20683,0.07495,0.13883,0.05495,0.362932536293766,0.120862510674637,0.222533731853117,0.0795687446626815,0.154533731853117,0.0595687446626815,"aporte_conservada","aporte_conservada",0.0349307316693308,0.885139172705615,0.901697307016653,0.0165581343110376,FALSE,FALSE
482,0.1275,0.2275,0.645,0.0242550567592366,0.738676992801857,0.237067950438907,"esc_alta","esc_media",0.448530817385372,0.803083415349579,0.596376504707627,-0.206706910641952,0.215525,0.398015,0.0872375,0.1499925,0.0572375,0.0919925,0.20638438681039,0.380343147833421,0.0918078065948049,0.15882842608329,0.0618078065948049,0.10082842608329,"aporte_degradada","aporte_degradada",0.0236393112903154,0.88070538177229,0.897561384476572,0.0168560027042819,TRUE,FALSE
483,0.145,0.245,0.61,0.0127528583992964,0.0215479331574318,0.965699208443272,"esc_alta","esc_alta",0.394224041935883,0.842982251726283,0.156582359929188,-0.686399891797095,0.101925,0.062375,0.40918,0.2213,0.128895,0.076325,0.0801042216358839,0.0510883905013193,0.424520668425682,0.229234828496042,0.135375109938434,0.0796767810026385,"transferencia_conservada","transferencia_conservada",0.0398350591428906,0.873816318538149,0.852698679496852,-0.0211176390412975,FALSE,FALSE
484,0.155,0.255,0.59,0.0290534208059981,0.860356138706654,0.110590440487348,"esc_alta","esc_media",0.537748388647027,0.863571156866974,0.433024154544496,-0.430547002322479,0.39323,0.21305,0.152385,0.088475,0.094385,0.058475,0.372729147141518,0.20244611059044,0.162635426429241,0.0937769447047798,0.104635426429241,0.0637769447047798,"aporte_conservada","aporte_conservada",0.02729395773646,0.885440595488613,0.904295177587536,0.0188545820989229,TRUE,FALSE
485,0.185,0.64,0.175,0.0499150668656148,0.934155973702676,0.0159289594317092,"esc_media","esc_media",0.325086821323999,0.821775145200831,0.25412415624083,-0.567650988960001,0.11802,0.0707,0.40454,0.2189,0.11744,0.0704,0.110880670993789,0.067007243617477,0.420209852243589,0.227005095988063,0.108909476762622,0.0659876603944599,"transferencia_conservada","transferencia_conservada",0.0210723890214874,0.879861780602772,0.863258055364548,-0.0166037252382238,FALSE,FALSE
486,0.145,0.245,0.61,0.0127528583992964,0.0215479331574318,0.965699208443272,"esc_alta","esc_alta",0.394224041935884,0.842982251726283,0.156582359929188,-0.686399891797095,0.062375,0.101925,0.2213,0.40918,0.076325,0.128895,0.0510883905013193,0.0801042216358839,0.229234828496042,0.424520668425682,0.0796767810026385,0.135375109938434,"transferencia_degradada","transferencia_degradada",0.0398350591428907,0.873816318538149,0.852698679496852,-0.0211176390412974,FALSE,FALSE
487,0.145,0.245,0.61,0.0127528583992964,0.0215479331574318,0.965699208443272,"esc_alta","esc_alta",0.394224041935884,0.842982251726283,0.156582359929188,-0.686399891797095,0.062375,0.101925,0.2213,0.40918,0.076325,0.128895,0.0510883905013193,0.0801042216358839,0.229234828496042,0.424520668425682,0.0796767810026385,0.135375109938434,"transferencia_degradada","transferencia_degradada",0.0398350591428907,0.873816318538149,0.852698679496852,-0.0211176390412974,FALSE,FALSE
488,0.145,0.245,0.61,0.0576887899551057,0.821842249521907,0.120468960522987,"esc_alta","esc_media",0.511927438735663,0.842982251726283,0.528644632911025,-0.314337618815258,0.39497,0.21395,0.151515,0.088025,0.093515,0.058025,0.371641249892937,0.201883405117036,0.163179375053531,0.0940582974414818,0.105179375053531,0.0640582974414818,"aporte_conservada","aporte_conservada",0.0310673949837559,0.883733523318399,0.905231633235072,0.0214981099166729,TRUE,FALSE
489,0.175,0.64,0.185,0.792452830188679,0.161006289308176,0.0465408805031446,"esc_media","esc_baja",0.544374692560613,0.821775145200831,0.565395563204837,-0.256379581995994,0.42868,0.1402,0.18966,0.0699,0.12166,0.0499,0.377277987421384,0.125081761006289,0.215361006289308,0.0774591194968553,0.147361006289308,0.0574591194968554,"aporte_conservada","aporte_conservada",0.0574604169767761,0.862684373854597,0.894602776782792,0.0319184029281953,TRUE,FALSE
490,0.61,0.245,0.145,0.965699208443272,0.0215479331574318,0.0127528583992964,"esc_baja","esc_baja",0.394224041935883,0.842982251726282,0.156582359929188,-0.686399891797095,0.155865,0.090275,0.35524,0.1934,0.128895,0.076325,0.190645998240985,0.108265171503958,0.31397889182058,0.172058047493404,0.135375109938434,0.0796767810026385,"transferencia_conservada","transferencia_conservada",0.0574563291917433,0.922374528809363,0.94625592447414,0.0238813956647774,FALSE,FALSE
491,0.175,0.64,0.185,0.157408999978505,0.821337231938106,0.0212537680833887,"esc_media","esc_media",0.24948998620496,0.821775145200831,0.486563376868238,-0.335211768332592,0.11686,0.0701,0.4057,0.2195,0.11744,0.0704,0.120078223723712,0.0717645984777819,0.407740556002493,0.22055546000129,0.112181220273795,0.0676799415209284,"transferencia_conservada","transferencia_conservada",0.0093989078419318,0.878679781883175,0.876474805479413,-0.00220497640376216,FALSE,FALSE
492,0.59,0.255,0.155,0.89373452525269,0.0909967171960379,0.0152687575512726,"esc_baja","esc_baja",0.315988904354858,0.863571156866974,0.348051816365797,-0.515519340501177,0.34277,0.18695,0.177615,0.101525,0.119615,0.071525,0.317048985473318,0.173646026968958,0.190475507263341,0.108176986515521,0.132475507263341,0.0781769865155213,"aporte_conservada","aporte_conservada",0.0334721721417347,0.927769419019908,0.944141934670403,0.0163725156504957,FALSE,FALSE
493,0.145,0.245,0.61,0.0280735721200387,0.853823814133592,0.11810261374637,"esc_alta","esc_media",0.539649333999364,0.842982251726283,0.443765212253567,-0.399217039472716,0.39497,0.21395,0.151515,0.088025,0.093515,0.058025,0.373221684414327,0.20270087124879,0.162389157792836,0.093649564375605,0.104389157792836,0.063649564375605,"aporte_conservada","aporte_conservada",0.0289790644950852,0.883733523318399,0.90386909935513,0.0201355760367312,TRUE,FALSE
494,0.175,0.64,0.185,0.281601170261516,0.692199794537768,0.026199035200716,"esc_media","esc_media",0.241411645226145,0.821775145200831,0.643473171536293,-0.178301973664538,0.42868,0.1402,0.18966,0.0699,0.12166,0.0499,0.410632654815866,0.134891957298784,0.198683672592067,0.072554021350608,0.130683672592067,0.052554021350608,"aporte_conservada","aporte_conservada",0.0202877311244381,0.862684373854597,0.875056817956473,0.0123724441018762,FALSE,FALSE
495,0.175,0.64,0.185,0.0147306397306397,0.96969696969697,0.0155723905723906,"esc_media","esc_media",0.377926264157935,0.821775145200831,0.142713428475111,-0.67906171672572,0.11686,0.0701,0.4057,0.2195,0.11744,0.0704,0.107829966329966,0.0654292929292929,0.424291245791246,0.229116161616162,0.107878787878788,0.0654545454545455,"transferencia_conservada","transferencia_conservada",0.0249974790800678,0.878679781883175,0.858716238328341,-0.0199635435548342,FALSE,FALSE
496,0.59,0.255,0.155,0.962828649138713,0.0231187669990934,0.014052583862194,"esc_baja","esc_baja",0.404754508247882,0.863571156866974,0.1670255104958,-0.696545646371175,0.058475,0.094385,0.088475,0.152385,0.21305,0.39323,0.0507683590208522,0.079485494106981,0.0807683590208522,0.137485494106981,0.228463281958296,0.423029011786038,"receptora_degradada","receptora_degradada",0.0405812408125765,0.885440595488613,0.853827266990514,-0.0316133284980998,FALSE,FALSE
497,0.645,0.2275,0.1275,0.970330129544505,0.0190137902214793,0.0106560802340159,"esc_baja","esc_baja",0.375148658849887,0.803083415349579,0.139234822510733,-0.663848592838846,0.0919925,0.0572375,0.1499925,0.0872375,0.398015,0.215525,0.0791694525699958,0.0506048892603427,0.137169452569996,0.0806048892603427,0.423661094860008,0.228790221479315,"receptora_conservada","receptora_conservada",0.0350257010525466,0.88070538177229,0.853100851254593,-0.0276045305176964,FALSE,FALSE
498,0.185,0.62,0.195,0.0978954946511263,0.882072237523435,0.0200322678254389,"esc_media","esc_media",0.293040424143094,0.844090741204695,0.379126381423481,-0.464964359781214,0.42868,0.1402,0.18966,0.0699,0.12166,0.0499,0.422705300575853,0.138442735463486,0.192647349712073,0.0707786322682569,0.124647349712073,0.0507786322682569,"aporte_conservada","aporte_conservada",0.00673440372977999,0.862684373854597,0.866921529315763,0.00423715546116621,FALSE,FALSE
499,0.185,0.62,0.195,0.0628063333898538,0.918504935704636,0.0186887309055101,"esc_media","esc_media",0.323815471830267,0.844090741204695,0.296999567092718,-0.547091174111978,0.11744,0.0704,0.40454,0.2189,0.11802,0.0707,0.111922177808657,0.0675459540389608,0.418714465326777,0.226231619996609,0.109363356864566,0.0662224259644305,"transferencia_conservada","transferencia_conservada",0.0192996862304152,0.879861780602772,0.864896354195356,-0.0149654264074158,FALSE,FALSE
500,0.175,0.64,0.185,0.0343995428809224,0.949244861133968,0.0163555959851097,"esc_media","esc_media",0.344706370227028,0.821775145200831,0.211753395351993,-0.610021749848838,0.11686,0.0701,0.4057,0.2195,0.11744,0.0704,0.109518447947072,0.0663026454898649,0.422009653025813,0.227936027427145,0.108471899027115,0.0657613270829905,"transferencia_conservada","transferencia_conservada",0.021971689909372,0.878679781883175,0.861268818837829,-0.0174109630453464,FALSE,FALSE
501,0.145,0.245,0.61,0.0272714025703485,0.810247099573825,0.162481497855827,"esc_alta","esc_media",0.49657699488023,0.842982251726283,0.513355103359546,-0.329627148366736,0.21395,0.39497,0.088025,0.151515,0.058025,0.093515,0.204056302858564,0.375842185526558,0.0929718485707178,0.161078907236721,0.0629718485707178,0.103078907236721,"aporte_degradada","aporte_degradada",0.0255117012537418,0.883733523318399,0.901580089632611,0.0178465663142117,TRUE,FALSE
502,0.54,0.28,0.18,0.896258524954287,0.0851370639237804,0.0186044111219324,"esc_baja","esc_baja",0.355652772105155,0.908268214242105,0.347734231228555,-0.560533983013551,0.1892,0.34712,0.1004,0.17544,0.0704,0.11744,0.173670376585029,0.317096061397723,0.108164811707485,0.190451969301138,0.0781648117074853,0.132451969301138,"aporte_degradada","aporte_degradada",0.0390874940359099,0.924656908219664,0.944115133024375,0.0194582248047113,FALSE,FALSE
503,0.59,0.255,0.155,0.962828649138713,0.0231187669990934,0.014052583862194,"esc_baja","esc_baja",0.404754508247882,0.863571156866974,0.1670255104958,-0.696545646371175,0.153835,0.089225,0.35756,0.1946,0.128605,0.076175,0.190358567543064,0.108116500453309,0.314311876699909,0.172230281051677,0.135329555757026,0.0796532184950136,"transferencia_conservada","transferencia_conservada",0.0603376093250653,0.920735393412878,0.946105609084125,0.0253702156712471,FALSE,FALSE
504,0.155,0.255,0.59,0.0290534208059981,0.860356138706654,0.110590440487348,"esc_alta","esc_media",0.537748388647027,0.863571156866974,0.433024154544496,-0.430547002322479,0.103375,0.063125,0.40802,0.2207,0.128605,0.076175,0.106320524835989,0.0646485473289597,0.422629803186504,0.22825679475164,0.111049671977507,0.0670946579194002,"transferencia_conservada","transferencia_conservada",0.0288440675815534,0.875185242956966,0.860538023241762,-0.0146472197152043,TRUE,FALSE
505,0.2475,0.55,0.2025,0.448168262971288,0.522409381235669,0.0294223557930433,"esc_media","esc_media",0.271583700577559,0.908237865329521,0.730593883851126,-0.177643981478395,0.42494,0.1391,0.19153,0.07045,0.12353,0.05045,0.399525278311879,0.131625081856435,0.20423736084406,0.0741874590717825,0.13623736084406,0.0541874590717824,"aporte_conservada","aporte_conservada",0.0284872831704409,0.865353145423041,0.882041562710469,0.0166884172874281,FALSE,FALSE
506,0.145,0.245,0.61,0.0280735721200387,0.853823814133592,0.11810261374637,"esc_alta","esc_media",0.539649333999364,0.842982251726283,0.443765212253567,-0.399217039472716,0.45962,0.1493,0.17419,0.06535,0.10619,0.04535,0.43412197483059,0.141800580832527,0.186939012584705,0.0690997095837367,0.118939012584705,0.0490997095837367,"aporte_conservada","aporte_conservada",0.0290934493110829,0.838468544093119,0.858702533740505,0.0202339896473862,TRUE,FALSE
507,0.59,0.255,0.155,0.962828649138713,0.0231187669990934,0.014052583862194,"esc_baja","esc_baja",0.404754508247882,0.863571156866974,0.1670255104958,-0.696545646371175,0.34277,0.18695,0.177615,0.101525,0.119615,0.071525,0.312970988213962,0.171536718041704,0.192514505893019,0.109231640979148,0.134514505893019,0.0792316409791478,"aporte_conservada","aporte_conservada",0.0387700708866424,0.927769419019908,0.946419676621854,0.0186502576019465,FALSE,FALSE
508,0.59,0.255,0.155,0.962828649138713,0.0231187669990934,0.014052583862194,"esc_baja","esc_baja",0.404754508247882,0.863571156866974,0.1670255104958,-0.696545646371175,0.153835,0.089225,0.35756,0.1946,0.128605,0.076175,0.190358567543064,0.108116500453309,0.314311876699909,0.172230281051677,0.135329555757026,0.0796532184950136,"transferencia_conservada","transferencia_conservada",0.0603376093250653,0.920735393412878,0.946105609084125,0.0253702156712471,FALSE,FALSE
509,0.61,0.245,0.145,0.81868348009765,0.165906281918801,0.0154102379835491,"esc_baja","esc_baja",0.245271240773534,0.842982251726283,0.478885435365995,-0.364096816360288,0.18605,0.34103,0.101975,0.178485,0.071975,0.120485,0.175901802736577,0.321410151957382,0.107049098631712,0.188294924021309,0.0770490986317115,0.130294924021309,"aporte_degradada","aporte_degradada",0.025536058201017,0.928986494653445,0.941609809788091,0.0126233151346455,FALSE,FALSE
510,0.155,0.255,0.59,0.0245014907564218,0.606300583994551,0.369197925249027,"esc_alta","esc_media",0.331450593601844,0.863571156866974,0.693724223443661,-0.169846933423313,0.071525,0.119615,0.101525,0.177615,0.18695,0.34277,0.0701704465173891,0.116996196600286,0.100170446517389,0.174996196600286,0.189659106965222,0.348007606799429,"receptora_degradada","receptora_degradada",0.00683907609385721,0.927769419019908,0.924009538041707,-0.00375988097820112,TRUE,FALSE
511,0.155,0.255,0.59,0.0290534208059981,0.860356138706654,0.110590440487348,"esc_alta","esc_media",0.537748388647027,0.863571156866974,0.433024154544496,-0.430547002322479,0.063125,0.103375,0.2207,0.40802,0.076175,0.128605,0.0646485473289597,0.106320524835989,0.22825679475164,0.422629803186504,0.0670946579194002,0.111049671977507,"transferencia_degradada","transferencia_degradada",0.0288440675815534,0.875185242956966,0.860538023241762,-0.0146472197152043,TRUE,FALSE
512,0.155,0.255,0.59,0.0276576626594909,0.78245509315174,0.189887244188769,"esc_alta","esc_media",0.463015244608257,0.863571156866974,0.552193814819732,-0.311377342047242,0.063125,0.103375,0.2207,0.40802,0.076175,0.128605,0.0633962861568456,0.103899486569901,0.228340540240431,0.422791711131499,0.0682631736027239,0.1133088022986,"transferencia_degradada","transferencia_degradada",0.0254513030054502,0.875185242956966,0.860234539663017,-0.0149507032939491,TRUE,FALSE
513,0.2025,0.55,0.2475,0.755346811811202,0.191527450730427,0.053125737458371,"esc_media","esc_baja",0.486719630080055,0.908237865329521,0.622972252394772,-0.285265612934749,0.065675,0.108305,0.095675,0.166305,0.19865,0.36539,0.0544666838847075,0.0866355888437679,0.0844666838847075,0.144635588843768,0.221066632230585,0.408728822312464,"receptora_degradada","receptora_degradada",0.0579020089927623,0.910488986186234,0.869634449471459,-0.0408545367147751,TRUE,FALSE
514,0.63,0.235,0.135,0.968403074295474,0.020068317677199,0.0115286080273271,"esc_baja","esc_baja",0.383427959903019,0.820796482214274,0.146533027381825,-0.674263454832449,0.092645,0.057575,0.150645,0.087575,0.39671,0.21485,0.0792506404782237,0.0506468830059778,0.137250640478224,0.0806468830059778,0.423498719043553,0.228706233988044,"receptora_conservada","receptora_conservada",0.0365574811951748,0.882009522904832,0.853287686945143,-0.0287218359596886,FALSE,FALSE
515,0.54,0.28,0.18,0.954813359528487,0.0275049115913556,0.0176817288801572,"esc_baja","esc_baja",0.429976594528833,0.908268214242105,0.195096679720355,-0.71317153452175,0.0866,0.14876,0.1976,0.36336,0.0758,0.12788,0.10770137524558,0.189555992141454,0.172711198428291,0.315241650294695,0.0795874263261297,0.135202357563851,"transferencia_degradada","transferencia_degradada",0.0674465451320244,0.916484382195692,0.945682388037966,0.0291980058422748,FALSE,FALSE
516,0.63,0.235,0.135,0.968403074295474,0.020068317677199,0.0115286080273271,"esc_baja","esc_baja",0.383427959903019,0.820796482214274,0.146533027381825,-0.674263454832449,0.33929,0.18515,0.179355,0.102425,0.121355,0.072425,0.312501280956447,0.171293766011956,0.192749359521776,0.109353116994022,0.134749359521776,0.0793531169940222,"aporte_conservada","aporte_conservada",0.0348441883863252,0.930187634168388,0.946676444656115,0.0164888104877277,FALSE,FALSE
517,0.1725,0.2725,0.555,0.0182166820390889,0.127144521389198,0.854638796571713,"esc_alta","esc_alta",0.307680184347681,0.895860114045862,0.427298838235005,-0.468561275810857,0.390185,0.211475,0.1539075,0.0892625,0.0959075,0.0592625,0.416512482642892,0.225092663435979,0.140743758678554,0.0824536682820106,0.0827437586785539,0.0524536682820106,"aporte_conservada","aporte_conservada",0.0356747585210638,0.88838739142967,0.861178644934024,-0.0272087464956462,FALSE,FALSE
518,0.185,0.62,0.195,0.0160311958405546,0.967071057192374,0.0168977469670711,"esc_media","esc_media",0.388859957917814,0.844090741204695,0.152550356698301,-0.691540384506394,0.2003,0.36858,0.09485,0.16471,0.06485,0.10671,0.200025996533795,0.368050259965338,0.0949870017331022,0.164974870017331,0.0649870017331022,0.106974870017331,"aporte_degradada","aporte_degradada",0.000698575799792154,0.907832455050351,0.90827739396938,0.000444938919028748,FALSE,FALSE
519,0.61,0.245,0.145,0.723973967540467,0.25890387475191,0.0171221577076232,"esc_baja","esc_baja",0.21278291449701,0.842982251726283,0.594697726933379,-0.248284524792904,0.090275,0.155865,0.1934,0.35524,0.076325,0.128895,0.0973219961737066,0.1694891926025,0.186561561947572,0.342019019765306,0.0761164418787214,0.128491787632195,"transferencia_degradada","transferencia_degradada",0.0208919481788086,0.922374528809363,0.930618213678033,0.00824368486867066,FALSE,FALSE
520,0.185,0.64,0.175,0.0155723905723906,0.96969696969697,0.0147306397306397,"esc_media","esc_media",0.377926264157935,0.821775145200831,0.142713428475111,-0.67906171672572,0.0707,0.11802,0.2189,0.40454,0.0704,0.11744,0.065479797979798,0.107927609427609,0.229065656565657,0.424193602693603,0.0654545454545455,0.107878787878788,"transferencia_degradada","transferencia_degradada",0.0264100483721332,0.879861780602772,0.858826171187244,-0.021035609415528,FALSE,FALSE
521,0.145,0.245,0.61,0.0127528583992964,0.0215479331574318,0.965699208443272,"esc_alta","esc_alta",0.394224041935883,0.842982251726283,0.156582359929188,-0.686399891797095,0.101925,0.062375,0.40918,0.2213,0.128895,0.076325,0.0801042216358839,0.0510883905013193,0.424520668425682,0.229234828496042,0.135375109938434,0.0796767810026385,"transferencia_conservada","transferencia_conservada",0.0398350591428906,0.873816318538149,0.852698679496852,-0.0211176390412975,FALSE,FALSE
522,0.145,0.245,0.61,0.0156826665551065,0.180705574793063,0.803611758651831,"esc_alta","esc_alta",0.237458492001967,0.842982251726283,0.500660853243645,-0.342321398482638,0.101925,0.062375,0.40918,0.2213,0.128895,0.076325,0.0850596509893912,0.0536515436152023,0.424180810679608,0.229059040006694,0.130759538331001,0.0772894163781041,"transferencia_conservada","transferencia_conservada",0.0306399158506075,0.873816318538149,0.854922273968882,-0.0188940445692671,FALSE,FALSE
523,0.145,0.245,0.61,0.0127528583992964,0.0215479331574318,0.965699208443272,"esc_alta","esc_alta",0.394224041935883,0.842982251726283,0.156582359929188,-0.686399891797095,0.39497,0.21395,0.151515,0.088025,0.093515,0.058025,0.42327088830255,0.228588390501319,0.137364555848725,0.0807058047493404,0.0793645558487247,0.0507058047493404,"aporte_conservada","aporte_conservada",0.0385808999367002,0.883733523318399,0.853549573152347,-0.0301839501660521,FALSE,FALSE
524,0.61,0.245,0.145,0.965699208443272,0.0215479331574318,0.0127528583992964,"esc_baja","esc_baja",0.394224041935883,0.842982251726283,0.156582359929188,-0.686399891797095,0.090275,0.155865,0.1934,0.35524,0.076325,0.128895,0.108265171503958,0.190645998240985,0.172058047493404,0.31397889182058,0.0796767810026385,0.135375109938434,"transferencia_degradada","transferencia_degradada",0.0574563291917433,0.922374528809363,0.94625592447414,0.0238813956647774,FALSE,FALSE
525,0.195,0.62,0.185,0.0168977469670711,0.967071057192374,0.0160311958405546,"esc_media","esc_media",0.388859957917814,0.844090741204695,0.152550356698301,-0.691540384506394,0.36742,0.1997,0.16529,0.09515,0.10729,0.06515,0.367949740034662,0.199974003466205,0.165025129982669,0.0950129982668977,0.107025129982669,0.0650129982668977,"aporte_conservada","aporte_conservada",0.000698332025646692,0.908804794812016,0.908361652147633,-0.0004431426643835,FALSE,FALSE
526,0.2025,0.55,0.2475,0.173767476628971,0.796197196535432,0.0300353268355975,"esc_media","esc_media",0.295408964772308,0.908237865329521,0.537810146993777,-0.370427718335744,0.065675,0.108305,0.095675,0.166305,0.19865,0.36539,0.0628440177530994,0.102831767655992,0.0928440177530994,0.160831767655992,0.204311964493801,0.376336464688016,"receptora_degradada","receptora_degradada",0.0144567510334665,0.910488986186234,0.901144159620408,-0.00934482656582647,FALSE,FALSE
527,0.61,0.245,0.145,0.965699208443272,0.0215479331574318,0.0127528583992964,"esc_baja","esc_baja",0.394224041935883,0.842982251726282,0.156582359929188,-0.686399891797095,0.155865,0.090275,0.35524,0.1934,0.128895,0.076325,0.190645998240985,0.108265171503958,0.31397889182058,0.172058047493404,0.135375109938434,0.0796767810026385,"transferencia_conservada","transferencia_conservada",0.0574563291917433,0.922374528809363,0.94625592447414,0.0238813956647774,FALSE,FALSE
528,0.61,0.245,0.145,0.965699208443272,0.0215479331574318,0.0127528583992964,"esc_baja","esc_baja",0.394224041935883,0.842982251726283,0.156582359929188,-0.686399891797095,0.34103,0.18605,0.178485,0.101975,0.120485,0.071975,0.312729111697449,0.171411609498681,0.192635444151275,0.10929419525066,0.134635444151275,0.0792941952506596,"aporte_conservada","aporte_conservada",0.0368157900309134,0.928986494653445,0.946552043807644,0.0175655491541987,FALSE,FALSE
529,0.185,0.62,0.195,0.420795005298052,0.546809153670787,0.0323958410311605,"esc_media","esc_media",0.286691030735534,0.844090741204695,0.733140624028191,-0.110950117176504,0.2003,0.36858,0.09485,0.16471,0.06485,0.10671,0.188348025071993,0.34547284847252,0.100825987464003,0.17626357576374,0.0708259874640034,0.11826357576374,"aporte_degradada","aporte_degradada",0.0303060318751451,0.907832455050351,0.925847221660221,0.0180147666098704,FALSE,FALSE
530,0.59,0.255,0.155,0.962828649138713,0.0231187669990934,0.014052583862194,"esc_baja","esc_baja",0.404754508247882,0.863571156866974,0.1670255104958,-0.696545646371175,0.18695,0.34277,0.101525,0.177615,0.071525,0.119615,0.171536718041704,0.312970988213962,0.109231640979148,0.192514505893019,0.0792316409791478,0.134514505893019,"aporte_degradada","aporte_degradada",0.0387700708866424,0.927769419019908,0.946419676621854,0.0186502576019465,FALSE,FALSE
531,0.2025,0.55,0.2475,0.0195652173913044,0.956521739130435,0.0239130434782609,"esc_media","esc_media",0.425055501660475,0.908237865329521,0.190025174237813,-0.718212691091708,0.20135,0.37061,0.094325,0.163695,0.064325,0.105695,0.200130434782609,0.368252173913043,0.0949347826086956,0.164873913043478,0.0649347826086956,0.106873913043478,"aporte_degradada","aporte_degradada",0.00311125990629469,0.906113423686927,0.908107980650169,0.0019945569632418,FALSE,FALSE
532,0.135,0.235,0.63,0.0118465975286843,0.0370317829331456,0.95112161953817,"esc_alta","esc_alta",0.354045431069262,0.820796482214274,0.202317029085196,-0.618479453129078,0.061625,0.100475,0.2219,0.41034,0.076475,0.129185,0.0512662725957182,0.0804481270183886,0.229289204148279,0.424625794686673,0.0794445232560028,0.134926078294939,"transferencia_degradada","transferencia_degradada",0.0366294848312927,0.872427575940594,0.852743186633922,-0.0196843893066717,FALSE,FALSE
533,0.135,0.235,0.63,0.0115286080273271,0.020068317677199,0.968403074295474,"esc_alta","esc_alta",0.383427959903019,0.820796482214274,0.146533027381825,-0.674263454832449,0.061625,0.100475,0.2219,0.41034,0.076475,0.129185,0.0509927412467976,0.0799192997438087,0.22930828351836,0.42466268146883,0.079698975234842,0.135418018787361,"transferencia_degradada","transferencia_degradada",0.0376653215551096,0.872427575940594,0.852486696354246,-0.0199408795863478,FALSE,FALSE
534,0.175,0.64,0.185,0.0147306397306397,0.96969696969697,0.0155723905723906,"esc_media","esc_media",0.377926264157935,0.821775145200831,0.142713428475111,-0.67906171672572,0.36858,0.2003,0.16471,0.09485,0.10671,0.06485,0.368048821548822,0.200025252525252,0.164975589225589,0.0949873737373737,0.106975589225589,0.0649873737373737,"aporte_conservada","aporte_conservada",0.000700472379864083,0.907832455050351,0.908278600067441,0.00044614501709006,FALSE,FALSE
535,0.2025,0.55,0.2475,0.238567397211597,0.728824528463235,0.0326080743251677,"esc_media","esc_media",0.27836154668159,0.908237865329521,0.622657331499269,-0.285580533830251,0.20135,0.37061,0.094325,0.163695,0.064325,0.105695,0.193821220313407,0.356054359272587,0.0980893898432964,0.170972820363706,0.0680893898432964,0.112972820363706,"aporte_degradada","aporte_degradada",0.0191451662066173,0.906113423686927,0.917950372147591,0.0118369484606643,FALSE,FALSE
536,0.205,0.56,0.235,0.0194866920152091,0.958174904942966,0.0223384030418251,"esc_media","esc_media",0.42007322295266,0.901037653371437,0.184410187343607,-0.716627466027829,0.2009,0.36974,0.09455,0.16413,0.06455,0.10613,0.200085551330798,0.368165399239544,0.0949572243346008,0.164917300380228,0.0649572243346008,0.106917300380228,"aporte_degradada","aporte_degradada",0.00207719261642016,0.9068528712146,0.908180814712863,0.00132794349826315,FALSE,FALSE
537,0.2025,0.55,0.2475,0.262428920090349,0.704015632925201,0.0335554469844498,"esc_media","esc_media",0.27571340275248,0.908237865329521,0.648139760870421,-0.260098104459099,0.0704,0.11744,0.21785,0.40251,0.07175,0.12005,0.076305969699299,0.128858208085311,0.214254264794579,0.395558245269519,0.069439765506122,0.115583546645169,"transferencia_degradada","transferencia_degradada",0.0188034132515521,0.881901499538298,0.888473822401008,0.0065723228627107,FALSE,FALSE
538,0.185,0.64,0.175,0.0155723905723906,0.96969696969697,0.0147306397306397,"esc_media","esc_media",0.377926264157935,0.821775145200831,0.142713428475111,-0.67906171672572,0.06485,0.10671,0.09485,0.16471,0.2003,0.36858,0.0649873737373737,0.106975589225589,0.0949873737373737,0.164975589225589,0.200025252525252,0.368048821548822,"receptora_degradada","receptora_degradada",0.000700472379864083,0.907832455050351,0.908278600067441,0.00044614501709006,FALSE,FALSE
539,0.135,0.235,0.63,0.027027027027027,0.846846846846847,0.126126126126126,"esc_alta","esc_media",0.541305574247255,0.820796482214274,0.454672721374376,-0.366123760839898,0.061625,0.100475,0.2219,0.41034,0.076475,0.129185,0.0643243243243243,0.105693693693694,0.228378378378378,0.422864864864865,0.0672972972972973,0.111441441441441,"transferencia_degradada","transferencia_degradada",0.0292202565453718,0.872427575940594,0.860255559361577,-0.0121720165790167,TRUE,FALSE
540,0.175,0.64,0.185,0.0147306397306397,0.96969696969697,0.0155723905723906,"esc_media","esc_media",0.377926264157935,0.821775145200831,0.142713428475111,-0.67906171672572,0.36858,0.2003,0.16471,0.09485,0.10671,0.06485,0.368048821548822,0.200025252525252,0.164975589225589,0.0949873737373737,0.106975589225589,0.0649873737373737,"aporte_conservada","aporte_conservada",0.000700472379864083,0.907832455050351,0.908278600067441,0.00044614501709006,FALSE,FALSE
541,0.135,0.235,0.63,0.0152613081635102,0.219192907642446,0.765545784194044,"esc_alta","esc_alta",0.210897433988968,0.820796482214274,0.547098462200262,-0.273698020014012,0.1499,0.46166,0.06505,0.17317,0.04505,0.10517,0.155005689520611,0.479019344370076,0.0624971552396947,0.164490327814962,0.0424971552396947,0.0964903278149619,"aporte_degradada","aporte_degradada",0.0201725370598976,0.836735737969119,0.821291140272049,-0.0154445976970694,FALSE,FALSE
542,0.175,0.64,0.185,0.0147306397306397,0.96969696969697,0.0155723905723906,"esc_media","esc_media",0.377926264157935,0.821775145200831,0.142713428475111,-0.67906171672572,0.0701,0.11686,0.2195,0.4057,0.0704,0.11744,0.0654292929292929,0.107829966329966,0.229116161616162,0.424291245791246,0.0654545454545455,0.107878787878788,"transferencia_degradada","transferencia_degradada",0.0249974790800678,0.878679781883175,0.858716238328341,-0.0199635435548342,FALSE,FALSE
543,0.155,0.255,0.59,0.0241970459301522,0.589308693000018,0.38649426106983,"esc_alta","esc_media",0.320805937764121,0.863571156866974,0.700060983921207,-0.163510172945767,0.21305,0.39323,0.088475,0.152385,0.058475,0.094385,0.21086891645419,0.389013238478101,0.0895655417729048,0.154493380760949,0.0595655417729048,0.0964933807609493,"aporte_degradada","aporte_degradada",0.00564918902583624,0.885440595488613,0.889507647008624,0.00406705152001019,TRUE,FALSE
544,0.175,0.64,0.185,0.0147306397306397,0.96969696969697,0.0155723905723906,"esc_media","esc_media",0.377926264157935,0.821775145200831,0.142713428475111,-0.67906171672572,0.0701,0.11686,0.2195,0.4057,0.0704,0.11744,0.0654292929292929,0.107829966329966,0.229116161616162,0.424291245791246,0.0654545454545455,0.107878787878788,"transferencia_degradada","transferencia_degradada",0.0249974790800678,0.878679781883175,0.858716238328341,-0.0199635435548342,FALSE,FALSE
545,0.61,0.245,0.145,0.965699208443272,0.0215479331574318,0.0127528583992964,"esc_baja","esc_baja",0.394224041935883,0.842982251726282,0.156582359929188,-0.686399891797095,0.058025,0.093515,0.088025,0.151515,0.21395,0.39497,0.0507058047493404,0.0793645558487247,0.0807058047493404,0.137364555848725,0.228588390501319,0.423270888302551,"receptora_degradada","receptora_degradada",0.0385808999366997,0.883733523318399,0.853549573152347,-0.0301839501660521,FALSE,FALSE
546,0.155,0.255,0.59,0.014052583862194,0.0231187669990934,0.962828649138713,"esc_alta","esc_alta",0.404754508247882,0.863571156866974,0.1670255104958,-0.696545646371175,0.071525,0.119615,0.101525,0.177615,0.18695,0.34277,0.0792316409791478,0.134514505893019,0.109231640979148,0.192514505893019,0.171536718041704,0.312970988213962,"receptora_degradada","receptora_degradada",0.0387700708866421,0.927769419019908,0.946419676621854,0.0186502576019466,FALSE,FALSE
547,0.61,0.245,0.145,0.825644294982008,0.159071287091736,0.0152844179262559,"esc_baja","esc_baja",0.249233859618082,0.842982251726283,0.468341988385772,-0.374640263340511,0.058025,0.093515,0.088025,0.151515,0.21395,0.39497,0.0528446018441637,0.0834995635653832,0.0828446018441637,0.141499563565383,0.224310796311673,0.415000872869234,"receptora_degradada","receptora_degradada",0.0271848044889365,0.883733523318399,0.862848298564846,-0.0208852247535531,FALSE,FALSE
548,0.61,0.245,0.145,0.918320206040763,0.0680705374376202,0.0136092565216163,"esc_baja","esc_baja",0.326625083475578,0.842982251726283,0.2909563335048,-0.552025918221482,0.058025,0.093515,0.088025,0.151515,0.21395,0.39497,0.0514293357572128,0.0807633824639447,0.0814293357572128,0.138763382463945,0.227141328485574,0.42047323507211,"receptora_degradada","receptora_degradada",0.0347131792670329,0.883733523318399,0.856740309565149,-0.0269932137532501,FALSE,FALSE
549,0.59,0.255,0.155,0.962828649138713,0.0231187669990934,0.014052583862194,"esc_baja","esc_baja",0.404754508247882,0.863571156866974,0.1670255104958,-0.696545646371175,0.089225,0.153835,0.1946,0.35756,0.076175,0.128605,0.108116500453309,0.190358567543064,0.172230281051677,0.314311876699909,0.0796532184950136,0.135329555757026,"transferencia_degradada","transferencia_degradada",0.0603376093250653,0.920735393412878,0.946105609084125,0.0253702156712471,FALSE,FALSE
550,0.1275,0.2275,0.645,0.0121508999409536,0.0981202388266343,0.889728861232412,"esc_alta","esc_alta",0.270646422109893,0.803083415349579,0.350748420162726,-0.452334995186854,0.0610625,0.0993875,0.22235,0.41121,0.0765875,0.1294025,0.0522008575788567,0.082254991319123,0.229270946003543,0.424590495606849,0.0785281964176005,0.133154513074028,"transferencia_degradada","transferencia_degradada",0.0312670711528096,0.871372882028022,0.853501074712058,-0.0178718073159634,FALSE,FALSE
551,0.145,0.245,0.61,0.0127528583992964,0.0215479331574318,0.965699208443272,"esc_alta","esc_alta",0.394224041935883,0.842982251726283,0.156582359929188,-0.686399891797095,0.101925,0.062375,0.40918,0.2213,0.128895,0.076325,0.0801042216358839,0.0510883905013193,0.424520668425682,0.229234828496042,0.135375109938434,0.0796767810026385,"transferencia_conservada","transferencia_conservada",0.0398350591428906,0.873816318538149,0.852698679496852,-0.0211176390412975,FALSE,FALSE
552,0.185,0.62,0.195,0.443971904492443,0.522744828882913,0.0332832666246443,"esc_media","esc_media",0.297254249232251,0.844090741204695,0.739878969819876,-0.104211771384819,0.42868,0.1402,0.18966,0.0699,0.12166,0.0499,0.40007317262499,0.131786227242644,0.203963413687505,0.074106886378678,0.135963413687505,0.054106886378678,"aporte_conservada","aporte_conservada",0.032092087965808,0.862684373854597,0.8817082064253,0.0190238325707032,FALSE,FALSE
553,0.185,0.62,0.195,0.145118768950355,0.833040820475267,0.0218404105743785,"esc_media","esc_media",0.26527856900005,0.844090741204695,0.469501389216963,-0.374589351987732,0.36858,0.2003,0.16471,0.09485,0.10671,0.06485,0.360849855214193,0.196301649248721,0.168575072392903,0.0968491753756397,0.110575072392903,0.0668491753756396,"aporte_conservada","aporte_conservada",0.0101743131700638,0.907832455050351,0.914175773092122,0.00634331804177046,FALSE,FALSE
554,0.61,0.245,0.145,0.965699208443272,0.0215479331574318,0.0127528583992964,"esc_baja","esc_baja",0.394224041935883,0.842982251726282,0.156582359929188,-0.686399891797095,0.090275,0.155865,0.1934,0.35524,0.076325,0.128895,0.108265171503958,0.190645998240985,0.172058047493404,0.31397889182058,0.0796767810026385,0.135375109938434,"transferencia_degradada","transferencia_degradada",0.0574563291917433,0.922374528809363,0.94625592447414,0.0238813956647774,FALSE,FALSE
555,0.175,0.64,0.185,0.0209992856791827,0.963178709552871,0.0158220047679462,"esc_media","esc_media",0.36602912025043,0.821775145200831,0.166450332266351,-0.655324812934479,0.36858,0.2003,0.16471,0.09485,0.10671,0.06485,0.367699717707148,0.199844681572663,0.165150141146426,0.0950776592136685,0.107150141146426,0.0650776592136685,"aporte_conservada","aporte_conservada",0.00116072786685063,0.907832455050351,0.908570991027147,0.000738535976795851,FALSE,FALSE
556,0.185,0.62,0.195,0.0160311958405546,0.967071057192374,0.0168977469670711,"esc_media","esc_media",0.388859957917814,0.844090741204695,0.152550356698301,-0.691540384506394,0.36858,0.2003,0.16471,0.09485,0.10671,0.06485,0.368050259965338,0.200025996533795,0.164974870017331,0.0949870017331022,0.106974870017331,0.0649870017331022,"aporte_conservada","aporte_conservada",0.000698575799792154,0.907832455050351,0.90827739396938,0.000444938919028748,FALSE,FALSE
557,0.145,0.245,0.61,0.0280735721200387,0.853823814133592,0.11810261374637,"esc_alta","esc_media",0.539649333999364,0.842982251726283,0.443765212253567,-0.399217039472716,0.101925,0.062375,0.40918,0.2213,0.128895,0.076325,0.106017424975799,0.0644917715392062,0.422743465634076,0.228315585672798,0.111239109390126,0.0671926427879961,"transferencia_conservada","transferencia_conservada",0.0289724140429909,0.873816318538149,0.860401964033812,-0.0134143545043375,TRUE,FALSE
558,0.1275,0.2275,0.645,0.0106560802340159,0.0190137902214793,0.970330129544505,"esc_alta","esc_alta",0.375148658849887,0.803083415349579,0.139234822510733,-0.663848592838846,0.0727625,0.1220075,0.1027625,0.1800075,0.184475,0.337985,0.0793951107396573,0.134830547430004,0.109395110739657,0.192830547430004,0.171209778520685,0.312338905139992,"receptora_degradada","receptora_degradada",0.033355015152682,0.931078039199254,0.946764939956144,0.0156869007568892,FALSE,FALSE
559,0.54,0.28,0.18,0.954813359528487,0.0275049115913556,0.0176817288801572,"esc_baja","esc_baja",0.429976594528833,0.908268214242105,0.195096679720355,-0.71317153452175,0.1892,0.34712,0.1004,0.17544,0.0704,0.11744,0.17188605108055,0.313646365422397,0.109056974459725,0.192176817288802,0.079056974459725,0.134176817288802,"aporte_degradada","aporte_degradada",0.0435684519592026,0.924656908219664,0.946048456170975,0.0213915479513115,FALSE,FALSE
560,0.1725,0.2725,0.555,0.0289288261430347,0.769135393945835,0.201935779911131,"esc_alta","esc_media",0.437795547080813,0.895860114045862,0.571119968516956,-0.324740145528906,0.390185,0.211475,0.1539075,0.0892625,0.0959075,0.0592625,0.37803440331855,0.205190208613043,0.159982798340725,0.0924048956934786,0.101982798340725,0.0624048956934786,"aporte_conservada","aporte_conservada",0.0161890469881221,0.88838739142967,0.899636541698343,0.0112491502686729,TRUE,FALSE
561,0.1725,0.2725,0.555,0.0306258322237017,0.870838881491345,0.0985352862849534,"esc_alta","esc_media",0.533897831305789,0.895860114045862,0.414645181005315,-0.481214933040547,0.390185,0.211475,0.1539075,0.0892625,0.0959075,0.0592625,0.371938748335553,0.202037283621838,0.163030625832224,0.0939813581890812,0.105030625832224,0.0639813581890812,"aporte_conservada","aporte_conservada",0.0242582099853712,0.88838739142967,0.904976183840472,0.0165887924108016,TRUE,FALSE
562,0.59,0.255,0.155,0.962828649138713,0.0231187669990934,0.014052583862194,"esc_baja","esc_baja",0.404754508247882,0.863571156866974,0.1670255104958,-0.696545646371175,0.089225,0.153835,0.1946,0.35756,0.076175,0.128605,0.108116500453309,0.190358567543064,0.172230281051677,0.314311876699909,0.0796532184950136,0.135329555757026,"transferencia_degradada","transferencia_degradada",0.0603376093250653,0.920735393412878,0.946105609084125,0.0253702156712471,FALSE,FALSE
563,0.135,0.235,0.63,0.027027027027027,0.846846846846847,0.126126126126126,"esc_alta","esc_media",0.541305574247255,0.820796482214274,0.454672721374376,-0.366123760839898,0.061625,0.100475,0.2219,0.41034,0.076475,0.129185,0.0643243243243243,0.105693693693694,0.228378378378378,0.422864864864865,0.0672972972972973,0.111441441441441,"transferencia_degradada","transferencia_degradada",0.0292202565453718,0.872427575940594,0.860255559361577,-0.0121720165790167,TRUE,FALSE
564,0.145,0.245,0.61,0.0280735721200387,0.853823814133592,0.11810261374637,"esc_alta","esc_media",0.539649333999364,0.842982251726283,0.443765212253567,-0.399217039472716,0.101925,0.062375,0.40918,0.2213,0.128895,0.076325,0.106017424975799,0.0644917715392062,0.422743465634076,0.228315585672798,0.111239109390126,0.0671926427879961,"transferencia_conservada","transferencia_conservada",0.028972414042991,0.873816318538149,0.860401964033812,-0.0134143545043374,TRUE,FALSE
565,0.205,0.56,0.235,0.06941064759819,0.906382754913331,0.0242065974884795,"esc_media","esc_media",0.355854404858747,0.901037653371437,0.331632320879803,-0.569405332491633,0.0707,0.11802,0.2177,0.40222,0.0716,0.11976,0.0677603801795914,0.112336735013877,0.225835361144109,0.41794836487861,0.0664042586763,0.109714900107513,"transferencia_degradada","transferencia_degradada",0.0215620086200363,0.88219905825563,0.865732693987164,-0.0164663642684664,FALSE,FALSE
566,0.185,0.62,0.195,0.0160311958405546,0.967071057192374,0.0168977469670711,"esc_media","esc_media",0.388859957917814,0.844090741204695,0.152550356698301,-0.691540384506394,0.36858,0.2003,0.16471,0.09485,0.10671,0.06485,0.368050259965338,0.200025996533795,0.164974870017331,0.0949870017331022,0.106974870017331,0.0649870017331022,"aporte_conservada","aporte_conservada",0.000698575799792154,0.907832455050351,0.90827739396938,0.000444938919028748,FALSE,FALSE
567,0.63,0.235,0.135,0.968403074295474,0.020068317677199,0.0115286080273271,"esc_baja","esc_baja",0.383427959903019,0.820796482214274,0.146533027381825,-0.674263454832449,0.157895,0.091325,0.35292,0.1922,0.129185,0.076475,0.190916737830914,0.108405209222886,0.313665243381725,0.171895815542272,0.135418018787361,0.079698975234842,"transferencia_conservada","transferencia_conservada",0.0545570979642289,0.923978951296294,0.94639690599231,0.0224179546960163,FALSE,FALSE
568,0.2025,0.55,0.2475,0.369901956077431,0.592275601221979,0.0378224427005893,"esc_media","esc_media",0.283942787939335,0.908237865329521,0.729976208548883,-0.178261656780638,0.20135,0.37061,0.094325,0.163695,0.064325,0.105695,0.190037614598695,0.348739388224143,0.0999811927006526,0.174630305887928,0.0699811927006526,0.116630305887928,"aporte_degradada","aporte_degradada",0.0287178461753482,0.906113423686927,0.923472686390497,0.0173592627035699,FALSE,FALSE
569,0.59,0.255,0.155,0.962828649138713,0.0231187669990934,0.014052583862194,"esc_baja","esc_baja",0.404754508247882,0.863571156866974,0.1670255104958,-0.696545646371175,0.34277,0.18695,0.177615,0.101525,0.119615,0.071525,0.312970988213962,0.171536718041704,0.192514505893019,0.109231640979148,0.134514505893019,0.0792316409791478,"aporte_conservada","aporte_conservada",0.0387700708866424,0.927769419019908,0.946419676621854,0.0186502576019465,FALSE,FALSE
570,0.59,0.255,0.155,0.962828649138713,0.0231187669990934,0.014052583862194,"esc_baja","esc_baja",0.404754508247882,0.863571156866974,0.1670255104958,-0.696545646371175,0.153835,0.089225,0.35756,0.1946,0.128605,0.076175,0.190358567543064,0.108116500453309,0.314311876699909,0.172230281051677,0.135329555757026,0.0796532184950136,"transferencia_conservada","transferencia_conservada",0.0603376093250653,0.920735393412878,0.946105609084125,0.0253702156712471,FALSE,FALSE
571,0.54,0.28,0.18,0.954813359528487,0.0275049115913556,0.0176817288801572,"esc_baja","esc_baja",0.429976594528833,0.908268214242105,0.195096679720355,-0.71317153452175,0.0596,0.09656,0.0896,0.15456,0.2108,0.38888,0.0509430255402751,0.0798231827111984,0.0809430255402751,0.137823182711198,0.22811394891945,0.422353634577603,"receptora_degradada","receptora_degradada",0.0454691120398647,0.889634547353356,0.854600815359022,-0.0350337319943343,FALSE,FALSE
572,0.145,0.245,0.61,0.709222809894326,0.118248662216813,0.172528527888861,"esc_alta","esc_baja",0.506200107720504,0.842982251726283,0.72755548051062,-0.115426771215662,0.101925,0.062375,0.40918,0.2213,0.128895,0.076325,0.163699057152029,0.0943270985269117,0.343730154052258,0.18744663140634,0.132570788795712,0.0782262700667478,"transferencia_conservada","transferencia_conservada",0.10339167565506,0.873816318538149,0.930408793354635,0.0565924748164857,TRUE,FALSE
573,0.2025,0.55,0.2475,0.790447393897417,0.155033272268896,0.0545193338336878,"esc_media","esc_baja",0.516655745264309,0.908237865329521,0.576623946419694,-0.331613918909827,0.20135,0.37061,0.094325,0.163695,0.064325,0.105695,0.177922158198088,0.325316172516304,0.106038920900956,0.186341913741848,0.0760389209009559,0.128341913741848,"aporte_degradada","aporte_degradada",0.0592189529805296,0.906113423686927,0.939257496130944,0.0331440724440174,TRUE,FALSE
574,0.205,0.56,0.235,0.822742474916388,0.124860646599777,0.052396878483835,"esc_media","esc_baja",0.544533188099048,0.901037653371437,0.523223930266818,-0.377813723104619,0.2009,0.36974,0.09455,0.16413,0.06455,0.10613,0.176889632107023,0.323319955406912,0.106555183946488,0.187340022296544,0.0765551839464883,0.129340022296544,"aporte_degradada","aporte_degradada",0.06066422205796,0.9068528712146,0.940469646214226,0.0336167749996261,TRUE,FALSE
575,0.205,0.56,0.235,0.822742474916388,0.124860646599777,0.052396878483835,"esc_media","esc_baja",0.544533188099048,0.901037653371437,0.523223930266818,-0.377813723104619,0.2009,0.36974,0.09455,0.16413,0.06455,0.10613,0.176889632107023,0.323319955406912,0.106555183946488,0.187340022296544,0.0765551839464883,0.129340022296544,"aporte_degradada","aporte_degradada",0.06066422205796,0.9068528712146,0.940469646214226,0.0336167749996261,TRUE,FALSE
576,0.2025,0.55,0.2475,0.820483961733258,0.123804164321891,0.0557118739448509,"esc_media","esc_baja",0.544665325676038,0.908237865329521,0.529619796176323,-0.378618069153197,0.20135,0.37061,0.094325,0.163695,0.064325,0.105695,0.177056837366348,0.323643218908272,0.106471581316826,0.187178390545864,0.0764715813168261,0.129178390545864,"aporte_degradada","aporte_degradada",0.0613913193586133,0.906113423686927,0.940274767874134,0.034161344187207,TRUE,FALSE
577,0.59,0.255,0.155,0.962828649138713,0.0231187669990934,0.014052583862194,"esc_baja","esc_baja",0.404754508247882,0.863571156866974,0.1670255104958,-0.696545646371175,0.10721,0.04565,0.17521,0.06565,0.45758,0.1487,0.0897416137805984,0.0405122393472348,0.157741613780598,0.0605122393472348,0.492516772438803,0.15897552130553,"receptora_conservada","receptora_conservada",0.0407865571981437,0.840184273140149,0.808399656748307,-0.0317846163918419,FALSE,FALSE
578,0.175,0.64,0.185,0.792452830188679,0.161006289308176,0.0465408805031446,"esc_media","esc_baja",0.544374692560613,0.821775145200831,0.565395563204837,-0.256379581995994,0.10729,0.06515,0.16529,0.09515,0.36742,0.1997,0.0853685534591195,0.053811320754717,0.14336855345912,0.083811320754717,0.411262893081761,0.222377358490566,"receptora_conservada","receptora_conservada",0.0586831984030795,0.908804794812016,0.866920046493034,-0.0418847483189829,TRUE,FALSE
579,0.54,0.28,0.18,0.954813359528487,0.0275049115913556,0.0176817288801572,"esc_baja","esc_baja",0.429976594528833,0.908268214242105,0.195096679720355,-0.71317153452175,0.0596,0.09656,0.0896,0.15456,0.2108,0.38888,0.0509430255402751,0.0798231827111984,0.0809430255402751,0.137823182711198,0.22811394891945,0.422353634577603,"receptora_degradada","receptora_degradada",0.0454691120398647,0.889634547353356,0.854600815359022,-0.0350337319943343,FALSE,FALSE
580,0.59,0.255,0.155,0.962828649138713,0.0231187669990934,0.014052583862194,"esc_baja","esc_baja",0.404754508247882,0.863571156866974,0.1670255104958,-0.696545646371175,0.39842,0.1313,0.20479,0.07435,0.13679,0.05435,0.363483227561197,0.12102447869447,0.222258386219402,0.0794877606527652,0.154258386219402,0.0594877606527652,"aporte_conservada","aporte_conservada",0.0388676150433941,0.882710526136348,0.901439480212449,0.0187289540761008,FALSE,FALSE
581,0.185,0.62,0.195,0.803377563329312,0.149577804583836,0.0470446320868516,"esc_media","esc_baja",0.544880687004133,0.844090741204695,0.549667852361108,-0.294422888843587,0.11744,0.0704,0.40454,0.2189,0.11802,0.0707,0.175529553679131,0.100446320868516,0.3328082026538,0.181797346200241,0.131662243667069,0.0777563329312425,"transferencia_conservada","transferencia_conservada",0.101239464506257,0.879861780602772,0.936449967508952,0.0565881869061806,TRUE,FALSE
582,0.175,0.64,0.185,0.792452830188679,0.161006289308176,0.0465408805031446,"esc_media","esc_baja",0.544374692560613,0.821775145200831,0.565395563204837,-0.256379581995994,0.36858,0.2003,0.16471,0.09485,0.10671,0.06485,0.324737106918239,0.177622641509434,0.186631446540881,0.106188679245283,0.128631446540881,0.076188679245283,"aporte_conservada","aporte_conservada",0.0572956380288462,0.907832455050351,0.939611265505845,0.0317788104554942,TRUE,FALSE
583,0.175,0.64,0.185,0.792452830188679,0.161006289308176,0.0465408805031446,"esc_media","esc_baja",0.544374692560613,0.821775145200831,0.565395563204837,-0.256379581995994,0.36858,0.2003,0.16471,0.09485,0.10671,0.06485,0.324737106918239,0.177622641509434,0.186631446540881,0.106188679245283,0.128631446540881,0.076188679245283,"aporte_conservada","aporte_conservada",0.0572956380288462,0.907832455050351,0.939611265505845,0.0317788104554942,TRUE,FALSE
584,0.145,0.245,0.61,0.710539544049471,0.116826716962393,0.172633738988136,"esc_alta","esc_baja",0.507052877785807,0.842982251726283,0.725363301547332,-0.117618950178951,0.120485,0.071975,0.178485,0.101975,0.34103,0.18605,0.0914007316532213,0.05693141292408,0.149400731653221,0.08693141292408,0.399198536693557,0.21613717415184,"receptora_conservada","receptora_conservada",0.0768520741117779,0.928986494653445,0.879514345314266,-0.0494721493391792,TRUE,FALSE
585,0.59,0.255,0.155,0.962828649138713,0.0231187669990934,0.014052583862194,"esc_baja","esc_baja",0.404754508247882,0.863571156866974,0.1670255104958,-0.696545646371175,0.094385,0.058475,0.152385,0.088475,0.39323,0.21305,0.079485494106981,0.0507683590208522,0.137485494106981,0.0807683590208522,0.423029011786038,0.228463281958296,"receptora_conservada","receptora_conservada",0.0405812408125765,0.885440595488613,0.853827266990514,-0.0316133284980998,FALSE,FALSE
586,0.59,0.255,0.155,0.962828649138713,0.0231187669990934,0.014052583862194,"esc_baja","esc_baja",0.404754508247882,0.863571156866974,0.1670255104958,-0.696545646371175,0.34277,0.18695,0.177615,0.101525,0.119615,0.071525,0.312970988213962,0.171536718041704,0.192514505893019,0.109231640979148,0.134514505893019,0.0792316409791478,"aporte_conservada","aporte_conservada",0.0387700708866424,0.927769419019908,0.946419676621854,0.0186502576019465,FALSE,FALSE
587,0.54,0.28,0.18,0.954813359528487,0.0275049115913556,0.0176817288801572,"esc_baja","esc_baja",0.429976594528833,0.908268214242105,0.195096679720355,-0.71317153452175,0.1892,0.34712,0.1004,0.17544,0.0704,0.11744,0.17188605108055,0.313646365422397,0.109056974459725,0.192176817288802,0.079056974459725,0.134176817288802,"aporte_degradada","aporte_degradada",0.0435684519592026,0.924656908219664,0.946048456170975,0.0213915479513115,FALSE,FALSE
588,0.175,0.64,0.185,0.792452830188679,0.161006289308176,0.0465408805031446,"esc_media","esc_baja",0.544374692560613,0.821775145200831,0.565395563204837,-0.256379581995994,0.12234,0.0501,0.19034,0.0701,0.42732,0.1398,0.0966389937106918,0.0425408805031447,0.164638993710692,0.0625408805031447,0.478722012578616,0.154918238993711,"receptora_conservada","receptora_conservada",0.0589283158241369,0.86366120749349,0.821566331841558,-0.0420948756519315,TRUE,FALSE
589,0.2,0.54,0.26,0.818181818181818,0.122727272727273,0.0590909090909091,"esc_media","esc_baja",0.544773585635748,0.914669585086509,0.53594012664999,-0.378729458436519,0.0659,0.10874,0.0959,0.16674,0.1982,0.36452,0.0536136363636364,0.0849863636363636,0.0836136363636364,0.142986363636364,0.222772727272727,0.412027272727273,"receptora_degradada","receptora_degradada",0.0635393212112376,0.911204011858529,0.866094000217192,-0.0451100116413375,TRUE,FALSE
590,0.175,0.64,0.185,0.792452830188679,0.161006289308176,0.0465408805031446,"esc_media","esc_baja",0.544374692560613,0.821775145200831,0.565395563204837,-0.256379581995994,0.36858,0.2003,0.16471,0.09485,0.10671,0.06485,0.324737106918239,0.177622641509434,0.186631446540881,0.106188679245283,0.128631446540881,0.076188679245283,"aporte_conservada","aporte_conservada",0.0572956380288462,0.907832455050351,0.939611265505845,0.0317788104554942,TRUE,FALSE
591,0.145,0.245,0.61,0.753246753246753,0.0707070707070707,0.176046176046176,"esc_alta","esc_baja",0.539333077317295,0.842982251726283,0.643132673318336,-0.199849578407946,0.39497,0.21395,0.151515,0.088025,0.093515,0.058025,0.334522366522366,0.182683982683983,0.181738816738817,0.103658008658009,0.123738816738817,0.0736580086580087,"aporte_conservada","aporte_conservada",0.0796319629946689,0.883733523318399,0.93339723503075,0.0496637117123515,TRUE,FALSE
592,0.59,0.255,0.155,0.962828649138713,0.0231187669990934,0.014052583862194,"esc_baja","esc_baja",0.404754508247882,0.863571156866974,0.1670255104958,-0.696545646371175,0.34277,0.18695,0.177615,0.101525,0.119615,0.071525,0.312970988213962,0.171536718041704,0.192514505893019,0.109231640979148,0.134514505893019,0.0792316409791478,"aporte_conservada","aporte_conservada",0.0387700708866424,0.927769419019908,0.946419676621854,0.0186502576019465,FALSE,FALSE
593,0.175,0.64,0.185,0.792452830188679,0.161006289308176,0.0465408805031446,"esc_media","esc_baja",0.544374692560613,0.821775145200831,0.565395563204837,-0.256379581995994,0.11686,0.0701,0.4057,0.2195,0.11744,0.0704,0.174593710691824,0.0999622641509434,0.334075471698113,0.182452830188679,0.131330817610063,0.0775849056603774,"transferencia_conservada","transferencia_conservada",0.100982377614564,0.878679781883175,0.93569836589839,0.0570185840152148,TRUE,FALSE
594,0.145,0.245,0.61,0.753246753246753,0.0707070707070707,0.176046176046176,"esc_alta","esc_baja",0.539333077317295,0.842982251726283,0.643132673318336,-0.199849578407946,0.120485,0.071975,0.178485,0.101975,0.34103,0.18605,0.0902611832611833,0.0563419913419913,0.148261183261183,0.0863419913419913,0.401477633477633,0.217316017316017,"receptora_conservada","receptora_conservada",0.0799224868385207,0.928986494653445,0.877198558299002,-0.0517879363544431,TRUE,FALSE
595,0.59,0.255,0.155,0.962828649138713,0.0231187669990934,0.014052583862194,"esc_baja","esc_baja",0.404754508247882,0.863571156866974,0.1670255104958,-0.696545646371175,0.39842,0.1313,0.20479,0.07435,0.13679,0.05435,0.363483227561197,0.12102447869447,0.222258386219402,0.0794877606527652,0.154258386219402,0.0594877606527652,"aporte_conservada","aporte_conservada",0.0388676150433941,0.882710526136348,0.901439480212449,0.0187289540761008,FALSE,FALSE
596,0.61,0.245,0.145,0.965699208443272,0.0215479331574318,0.0127528583992964,"esc_baja","esc_baja",0.394224041935883,0.842982251726283,0.156582359929188,-0.686399891797095,0.058025,0.093515,0.088025,0.151515,0.21395,0.39497,0.0507058047493404,0.0793645558487247,0.0807058047493404,0.137364555848725,0.228588390501319,0.423270888302551,"receptora_degradada","receptora_degradada",0.0385808999366997,0.883733523318399,0.853549573152347,-0.0301839501660521,FALSE,FALSE
597,0.59,0.255,0.155,0.962828649138713,0.0231187669990934,0.014052583862194,"esc_baja","esc_baja",0.404754508247882,0.863571156866974,0.1670255104958,-0.696545646371175,0.34277,0.18695,0.177615,0.101525,0.119615,0.071525,0.312970988213962,0.171536718041704,0.192514505893019,0.109231640979148,0.134514505893019,0.0792316409791478,"aporte_conservada","aporte_conservada",0.0387700708866424,0.927769419019908,0.946419676621854,0.0186502576019465,FALSE,FALSE
598,0.2025,0.55,0.2475,0.820483961733258,0.123804164321891,0.0557118739448509,"esc_media","esc_baja",0.544665325676038,0.908237865329521,0.529619796176323,-0.378618069153197,0.20135,0.37061,0.094325,0.163695,0.064325,0.105695,0.177056837366348,0.323643218908272,0.106471581316826,0.187178390545864,0.0764715813168261,0.129178390545864,"aporte_degradada","aporte_degradada",0.0613913193586133,0.906113423686927,0.940274767874134,0.034161344187207,TRUE,FALSE
599,0.59,0.255,0.155,0.962828649138713,0.0231187669990934,0.014052583862194,"esc_baja","esc_baja",0.404754508247882,0.863571156866974,0.1670255104958,-0.696545646371175,0.34277,0.18695,0.177615,0.101525,0.119615,0.071525,0.312970988213962,0.171536718041704,0.192514505893019,0.109231640979148,0.134514505893019,0.0792316409791478,"aporte_conservada","aporte_conservada",0.0387700708866424,0.927769419019908,0.946419676621854,0.0186502576019465,FALSE,FALSE
600,0.175,0.64,0.185,0.792452830188679,0.161006289308176,0.0465408805031446,"esc_media","esc_baja",0.544374692560613,0.821775145200831,0.565395563204837,-0.256379581995994,0.36858,0.2003,0.16471,0.09485,0.10671,0.06485,0.324737106918239,0.177622641509434,0.186631446540881,0.106188679245283,0.128631446540881,0.076188679245283,"aporte_conservada","aporte_conservada",0.0572956380288462,0.907832455050351,0.939611265505845,0.0317788104554942,TRUE,FALSE
601,0.175,0.64,0.185,0.792452830188679,0.161006289308176,0.0465408805031446,"esc_media","esc_baja",0.544374692560613,0.821775145200831,0.565395563204837,-0.256379581995994,0.36858,0.2003,0.16471,0.09485,0.10671,0.06485,0.324737106918239,0.177622641509434,0.186631446540881,0.106188679245283,0.128631446540881,0.076188679245283,"aporte_conservada","aporte_conservada",0.0572956380288462,0.907832455050351,0.939611265505845,0.0317788104554942,TRUE,FALSE
602,0.63,0.235,0.135,0.968403074295474,0.020068317677199,0.0115286080273271,"esc_baja","esc_baja",0.383427959903019,0.820796482214274,0.146533027381825,-0.674263454832449,0.39434,0.1301,0.20683,0.07495,0.13883,0.05495,0.362932536293766,0.120862510674637,0.222533731853117,0.0795687446626815,0.154533731853117,0.0595687446626815,"aporte_conservada","aporte_conservada",0.0349307316693308,0.885139172705615,0.901697307016653,0.0165581343110376,FALSE,FALSE
603,0.59,0.255,0.155,0.962828649138713,0.0231187669990934,0.014052583862194,"esc_baja","esc_baja",0.404754508247882,0.863571156866974,0.1670255104958,-0.696545646371175,0.34277,0.18695,0.177615,0.101525,0.119615,0.071525,0.312970988213962,0.171536718041704,0.192514505893019,0.109231640979148,0.134514505893019,0.0792316409791478,"aporte_conservada","aporte_conservada",0.0387700708866424,0.927769419019908,0.946419676621854,0.0186502576019465,FALSE,FALSE
604,0.54,0.28,0.18,0.954813359528487,0.0275049115913556,0.0176817288801572,"esc_baja","esc_baja",0.429976594528833,0.908268214242105,0.195096679720355,-0.71317153452175,0.1892,0.34712,0.1004,0.17544,0.0704,0.11744,0.17188605108055,0.313646365422397,0.109056974459725,0.192176817288802,0.079056974459725,0.134176817288802,"aporte_degradada","aporte_degradada",0.0435684519592026,0.924656908219664,0.946048456170975,0.0213915479513115,FALSE,FALSE
605,0.185,0.64,0.175,0.803377563329313,0.154402895054282,0.0422195416164053,"esc_media","esc_baja",0.544880687004133,0.821775145200831,0.54428411388008,-0.277491031320751,0.1997,0.36742,0.09515,0.16529,0.06515,0.10729,0.177165259348613,0.323852834740651,0.106417370325694,0.187073582629674,0.0764173703256936,0.129073582629674,"aporte_degradada","aporte_degradada",0.0569165459642838,0.908804794812016,0.940148109448797,0.0313433146367803,TRUE,FALSE
606,0.2475,0.55,0.2025,0.85549687950072,0.105616898703793,0.0388862217954873,"esc_media","esc_baja",0.539196124569531,0.908237865329521,0.452578216613571,-0.45565964871595,0.42494,0.1391,0.19153,0.07045,0.12353,0.05045,0.372470475276044,0.123667786845895,0.217764762361978,0.0781661065770523,0.149764762361978,0.0581661065770523,"aporte_conservada","aporte_conservada",0.0585855181274369,0.865353145423041,0.897067970576588,0.0317148251535478,TRUE,FALSE
607,0.18,0.28,0.54,0.798029556650246,0.0689655172413793,0.133004926108374,"esc_alta","esc_baja",0.544690273884466,0.908268214242105,0.575987766706388,-0.332280447535717,0.45248,0.1472,0.17776,0.0664,0.10976,0.0464,0.382778325123153,0.126699507389163,0.212610837438424,0.0766502463054187,0.144610837438424,0.0566502463054187,"aporte_conservada","aporte_conservada",0.0783517645128184,0.844399235781562,0.891673850109087,0.0472746143275246,TRUE,FALSE
608,0.61,0.245,0.145,0.965699208443272,0.0215479331574318,0.0127528583992964,"esc_baja","esc_baja",0.394224041935883,0.842982251726282,0.156582359929188,-0.686399891797095,0.34103,0.18605,0.178485,0.101975,0.120485,0.071975,0.312729111697449,0.171411609498681,0.192635444151275,0.10929419525066,0.134635444151275,0.0792941952506596,"aporte_conservada","aporte_conservada",0.0368157900309134,0.928986494653445,0.946552043807644,0.0175655491541987,FALSE,FALSE
609,0.59,0.255,0.155,0.962828649138713,0.0231187669990934,0.014052583862194,"esc_baja","esc_baja",0.404754508247882,0.863571156866974,0.1670255104958,-0.696545646371175,0.34277,0.18695,0.177615,0.101525,0.119615,0.071525,0.312970988213962,0.171536718041704,0.192514505893019,0.109231640979148,0.134514505893019,0.0792316409791478,"aporte_conservada","aporte_conservada",0.0387700708866424,0.927769419019908,0.946419676621854,0.0186502576019465,FALSE,FALSE
610,0.555,0.2725,0.1725,0.957355055103019,0.0261140392908481,0.0165309056061332,"esc_baja","esc_baja",0.422572030008761,0.895860114045862,0.186356839165627,-0.709503274880234,0.345815,0.188525,0.1760925,0.1007375,0.135005,0.053825,0.313432199329181,0.171775275515093,0.19228390033541,0.109112362242453,0.153988021082894,0.0594082414949689,"aporte_conservada","aporte_conservada",0.0422092978844226,0.91888704146614,0.938078096583857,0.0191910551177177,FALSE,FALSE
611,0.59,0.255,0.155,0.962828649138713,0.0231187669990934,0.014052583862194,"esc_baja","esc_baja",0.404754508247882,0.863571156866974,0.1670255104958,-0.696545646371175,0.39842,0.1313,0.20479,0.07435,0.13679,0.05435,0.363483227561197,0.12102447869447,0.222258386219402,0.0794877606527652,0.154258386219402,0.0594877606527652,"aporte_conservada","aporte_conservada",0.0388676150433941,0.882710526136348,0.901439480212449,0.0187289540761008,FALSE,FALSE
612,0.63,0.235,0.135,0.968403074295474,0.020068317677199,0.0115286080273271,"esc_baja","esc_baja",0.383427959903019,0.820796482214274,0.146533027381825,-0.674263454832449,0.39434,0.1301,0.20683,0.07495,0.13883,0.05495,0.362932536293766,0.120862510674637,0.222533731853117,0.0795687446626815,0.154533731853117,0.0595687446626815,"aporte_conservada","aporte_conservada",0.0349307316693308,0.885139172705615,0.901697307016653,0.0165581343110376,FALSE,FALSE
613,0.175,0.64,0.185,0.792452830188679,0.161006289308176,0.0465408805031446,"esc_media","esc_baja",0.544374692560613,0.821775145200831,0.565395563204837,-0.256379581995994,0.42868,0.1402,0.18966,0.0699,0.12166,0.0499,0.377277987421384,0.125081761006289,0.215361006289308,0.0774591194968553,0.147361006289308,0.0574591194968554,"aporte_conservada","aporte_conservada",0.0574604169767761,0.862684373854597,0.894602776782792,0.0319184029281953,TRUE,FALSE
614,0.2025,0.55,0.2475,0.312354260629808,0.652108109485147,0.0355376298850452,"esc_media","esc_media",0.275724794898276,0.908237865329521,0.692565704820434,-0.215672160509087,0.0704,0.11744,0.21785,0.40251,0.07175,0.12005,0.0785228772800657,0.133144229408127,0.211258744362212,0.389766905766942,0.0702183783577228,0.117088864824931,"transferencia_degradada","transferencia_degradada",0.0253933820917306,0.881901499538298,0.893856808903019,0.0119553093647214,FALSE,FALSE
615,0.175,0.64,0.185,0.42902878597574,0.538901688449504,0.0320695255747558,"esc_media","esc_media",0.293003406663322,0.821775145200831,0.73413783144745,-0.0876373137533809,0.36858,0.2003,0.16471,0.09485,0.10671,0.06485,0.344976362896743,0.18809122218797,0.176511818551629,0.100954388906015,0.118511818551629,0.0709543889060148,"aporte_conservada","aporte_conservada",0.0309540499041431,0.907832455050351,0.926203198019718,0.0183707429693668,FALSE,FALSE
616,0.155,0.255,0.59,0.0239802003319778,0.577205952375476,0.398813847292546,"esc_alta","esc_media",0.313439704577648,0.863571156866974,0.703869496672311,-0.159701660194663,0.39323,0.21305,0.152385,0.088475,0.094385,0.058475,0.389740351523713,0.211245009408817,0.154129824238144,0.0893774952955915,0.0961298242381435,0.0593774952955915,"aporte_conservada","aporte_conservada",0.00467648764618933,0.885440595488613,0.888813390676049,0.00337279518743538,TRUE,FALSE
617,0.195,0.62,0.185,0.0456674537489673,0.937331848253234,0.0170006979977981,"esc_media","esc_media",0.344074115488773,0.844090741204695,0.246563907751601,-0.597526833453094,0.1186,0.071,0.40338,0.2183,0.11802,0.0707,0.110480048234224,0.0668000249487365,0.42070257536512,0.227259952775062,0.108817376400656,0.0659400222762015,"transferencia_conservada","transferencia_conservada",0.0232561737718817,0.881036391572723,0.862715940377656,-0.0183204511950672,FALSE,FALSE
618,0.2475,0.55,0.2025,0.85549687950072,0.105616898703793,0.0388862217954873,"esc_media","esc_baja",0.539196124569531,0.908237865329521,0.452578216613571,-0.45565964871595,0.42494,0.1391,0.19153,0.07045,0.12353,0.05045,0.372470475276044,0.123667786845895,0.217764762361978,0.0781661065770523,0.149764762361978,0.0581661065770523,"aporte_conservada","aporte_conservada",0.0585855181274369,0.865353145423041,0.897067970576588,0.0317148251535478,TRUE,FALSE
619,0.175,0.64,0.185,0.0147306397306397,0.96969696969697,0.0155723905723906,"esc_media","esc_media",0.377926264157935,0.821775145200831,0.142713428475111,-0.67906171672572,0.11686,0.0701,0.4057,0.2195,0.11744,0.0704,0.107829966329966,0.0654292929292929,0.424291245791246,0.229116161616162,0.107878787878788,0.0654545454545455,"transferencia_conservada","transferencia_conservada",0.0249974790800678,0.878679781883175,0.858716238328341,-0.0199635435548342,FALSE,FALSE
620,0.175,0.64,0.185,0.0147306397306397,0.96969696969697,0.0155723905723906,"esc_media","esc_media",0.377926264157935,0.821775145200831,0.142713428475111,-0.67906171672572,0.11686,0.0701,0.4057,0.2195,0.11744,0.0704,0.107829966329966,0.0654292929292929,0.424291245791246,0.229116161616162,0.107878787878788,0.0654545454545455,"transferencia_conservada","transferencia_conservada",0.0249974790800678,0.878679781883175,0.858716238328341,-0.0199635435548342,FALSE,FALSE
621,0.26,0.54,0.2,0.288531560041951,0.686406751708913,0.0250616882491356,"esc_media","esc_media",0.250341593015705,0.914669585086509,0.64563524089414,-0.269034344192368,0.36452,0.1982,0.16674,0.0959,0.10874,0.0659,0.352718747436017,0.192095903846216,0.172640626281992,0.0989520480768922,0.114640626281992,0.0689520480768922,"aporte_conservada","aporte_conservada",0.015487288609939,0.911204011858529,0.920503729579063,0.00929971772053384,FALSE,FALSE
622,0.2475,0.55,0.2025,0.0239130434782609,0.956521739130435,0.0195652173913043,"esc_media","esc_media",0.425055501660476,0.908237865329521,0.190025174237813,-0.718212691091708,0.105695,0.064325,0.163695,0.094325,0.37061,0.20135,0.106873913043478,0.0649347826086956,0.164873913043478,0.0949347826086956,0.368252173913043,0.200130434782609,"receptora_conservada","receptora_conservada",0.00311125990628479,0.906113423686927,0.908107980650169,0.0019945569632418,FALSE,FALSE
623,0.185,0.64,0.175,0.163883868060823,0.816210456813751,0.0199056751254256,"esc_media","esc_media",0.243442153760652,0.821775145200831,0.49164202875666,-0.330133116444171,0.1997,0.36742,0.09515,0.16529,0.06515,0.10729,0.195680654211938,0.359649264809747,0.097159672894031,0.169175367595127,0.067159672894031,0.111175367595127,"aporte_degradada","aporte_degradada",0.0102215823567158,0.908804794812016,0.915132277898725,0.00632748308670883,FALSE,FALSE
624,0.175,0.64,0.185,0.0147306397306397,0.96969696969697,0.0155723905723906,"esc_media","esc_media",0.377926264157935,0.821775145200831,0.142713428475111,-0.67906171672572,0.06515,0.10729,0.09515,0.16529,0.1997,0.36742,0.0650126262626263,0.107024410774411,0.0950126262626263,0.165024410774411,0.199974747474747,0.367951178451178,"receptora_degradada","receptora_degradada",0.000700228501608189,0.908804794812016,0.908360446816337,-0.000444347995679717,FALSE,FALSE
625,0.145,0.245,0.61,0.0198639115169867,0.407845732729343,0.57229035575367,"esc_alta","esc_alta",0.232208688708644,0.842982251726283,0.694537173535336,-0.148445078190947,0.071975,0.120485,0.101975,0.178485,0.18605,0.34103,0.0732863966635502,0.123020366882864,0.10328639666355,0.181020366882864,0.183427206672899,0.335959266234272,"receptora_degradada","receptora_degradada",0.00660879502215852,0.928986494653445,0.932442474113806,0.00345597946036069,FALSE,FALSE
626,0.155,0.255,0.59,0.0255936196568009,0.667255258293369,0.30715112204983,"esc_alta","esc_media",0.372468384525645,0.863571156866974,0.66114038693356,-0.202430769933414,0.39323,0.21305,0.152385,0.088475,0.094385,0.058475,0.384330335138796,0.208446725071791,0.156834832430602,0.0907766374641046,0.0988348324306022,0.0607766374641046,"aporte_conservada","aporte_conservada",0.011900286507836,0.885440595488613,0.893908967553741,0.00846837206512752,TRUE,FALSE
627,0.2025,0.55,0.2475,0.205244523726418,0.763470418062221,0.0312850582113602,"esc_media","esc_media",0.285228837993245,0.908237865329521,0.582054639948493,-0.326183225381028,0.20135,0.37061,0.094325,0.163695,0.064325,0.105695,0.194781216034548,0.357910351000127,0.0976093919827259,0.170044824499937,0.0676093919827259,0.112044824499937,"aporte_degradada","aporte_degradada",0.0167116137792853,0.906113423686927,0.916504030423427,0.0103906067364997,FALSE,FALSE
628,0.2025,0.55,0.2475,0.108355282527569,0.864206447186417,0.0274382702860132,"esc_media","esc_media",0.330032931748484,0.908237865329521,0.423798862262594,-0.484439003066926,0.0704,0.11744,0.21785,0.40251,0.07175,0.12005,0.0694644136594504,0.115631199741604,0.223498683048346,0.413430787226802,0.0670369032922037,0.110938013031594,"transferencia_degradada","transferencia_degradada",0.0165387939881862,0.881901499538298,0.870574059849697,-0.0113274396886011,FALSE,FALSE
629,0.59,0.255,0.155,0.962828649138713,0.0231187669990934,0.014052583862194,"esc_baja","esc_baja",0.404754508247882,0.863571156866974,0.1670255104958,-0.696545646371175,0.094385,0.058475,0.152385,0.088475,0.39323,0.21305,0.079485494106981,0.0507683590208522,0.137485494106981,0.0807683590208522,0.423029011786038,0.228463281958296,"receptora_conservada","receptora_conservada",0.0405812408125765,0.885440595488613,0.853827266990514,-0.0316133284980998,FALSE,FALSE
630,0.235,0.56,0.205,0.384823155406892,0.586214054512775,0.0289627900803328,"esc_media","esc_media",0.259230749392513,0.901037653371436,0.712856921266446,-0.188180732104991,0.10613,0.06455,0.16413,0.09455,0.36974,0.2009,0.0966800494055298,0.0596620945201016,0.15468004940553,0.0896620945201016,0.38863990118894,0.210675810959797,"receptora_conservada","receptora_conservada",0.0250946688258751,0.9068528712146,0.889862976680292,-0.0169898945343073,FALSE,FALSE
631,0.145,0.245,0.61,0.0127528583992964,0.0215479331574318,0.965699208443272,"esc_alta","esc_alta",0.394224041935883,0.842982251726283,0.156582359929188,-0.686399891797095,0.101925,0.062375,0.40918,0.2213,0.128895,0.076325,0.0801042216358839,0.0510883905013193,0.424520668425682,0.229234828496042,0.135375109938434,0.0796767810026385,"transferencia_conservada","transferencia_conservada",0.0398350591428906,0.873816318538149,0.852698679496852,-0.0211176390412975,FALSE,FALSE
632,0.59,0.255,0.155,0.962828649138713,0.0231187669990934,0.014052583862194,"esc_baja","esc_baja",0.404754508247882,0.863571156866974,0.1670255104958,-0.696545646371175,0.089225,0.153835,0.1946,0.35756,0.076175,0.128605,0.108116500453309,0.190358567543064,0.172230281051677,0.314311876699909,0.0796532184950136,0.135329555757026,"transferencia_degradada","transferencia_degradada",0.0603376093250653,0.920735393412878,0.946105609084125,0.0253702156712471,FALSE,FALSE
633,0.185,0.64,0.175,0.0155723905723906,0.96969696969697,0.0147306397306397,"esc_media","esc_media",0.377926264157935,0.821775145200831,0.142713428475111,-0.67906171672572,0.06485,0.10671,0.09485,0.16471,0.2003,0.36858,0.0649873737373737,0.106975589225589,0.0949873737373737,0.164975589225589,0.200025252525252,0.368048821548822,"receptora_degradada","receptora_degradada",0.000700472379864083,0.907832455050351,0.908278600067441,0.00044614501709006,FALSE,FALSE
634,0.145,0.245,0.61,0.0237254307714584,0.617617248469546,0.358657320758996,"esc_alta","esc_media",0.344587327419381,0.842982251726283,0.686453235979809,-0.156529015746473,0.21395,0.39497,0.088025,0.151515,0.058025,0.093515,0.210047956699626,0.387426049619277,0.0899760216501869,0.155286975190361,0.059976021650187,0.0972869751903614,"aporte_degradada","aporte_degradada",0.0101073791987775,0.883733523318399,0.891012952442191,0.00727942912379254,TRUE,FALSE
635,0.185,0.64,0.175,0.0155723905723906,0.96969696969697,0.0147306397306397,"esc_media","esc_media",0.377926264157935,0.821775145200831,0.142713428475111,-0.67906171672572,0.1997,0.36742,0.09515,0.16529,0.06515,0.10729,0.199974747474747,0.367951178451178,0.0950126262626263,0.165024410774411,0.0650126262626263,0.107024410774411,"aporte_degradada","aporte_degradada",0.000700228501637927,0.908804794812016,0.908360446816337,-0.000444347995679606,FALSE,FALSE
636,0.185,0.64,0.175,0.0155723905723906,0.96969696969697,0.0147306397306397,"esc_media","esc_media",0.377926264157935,0.821775145200831,0.142713428475111,-0.67906171672572,0.1997,0.36742,0.09515,0.16529,0.06515,0.10729,0.199974747474747,0.367951178451178,0.0950126262626263,0.165024410774411,0.0650126262626263,0.107024410774411,"aporte_degradada","aporte_degradada",0.000700228501637927,0.908804794812016,0.908360446816337,-0.000444347995679606,FALSE,FALSE
637,0.205,0.56,0.235,0.0918557644685494,0.883097723773317,0.0250465117581334,"esc_media","esc_media",0.335921279977875,0.901037653371437,0.383613145042032,-0.517424508329405,0.2009,0.36974,0.09455,0.16413,0.06455,0.10613,0.197995722418688,0.364125063342796,0.0960021387906562,0.166937468328602,0.0660021387906562,0.108937468328602,"aporte_degradada","aporte_degradada",0.00739893163625886,0.9068528712146,0.911527258806605,0.00467438759200522,FALSE,FALSE
638,0.185,0.64,0.175,0.0155723905723906,0.96969696969697,0.0147306397306397,"esc_media","esc_media",0.377926264157935,0.821775145200831,0.142713428475111,-0.67906171672572,0.0707,0.11802,0.2189,0.40454,0.0704,0.11744,0.065479797979798,0.107927609427609,0.229065656565657,0.424193602693603,0.0654545454545455,0.107878787878788,"transferencia_degradada","transferencia_degradada",0.0264100483721332,0.879861780602772,0.858826171187244,-0.021035609415528,FALSE,FALSE
639,0.2,0.54,0.26,0.0196463654223969,0.954813359528487,0.0255402750491159,"esc_media","esc_media",0.429976594528833,0.914669585086509,0.195725498074422,-0.718944087012086,0.2018,0.37148,0.0941,0.16326,0.0641,0.10526,0.200176817288802,0.36834184675835,0.0949115913555992,0.164829076620825,0.0649115913555992,0.106829076620825,"aporte_degradada","aporte_degradada",0.0041420803112853,0.905369891898906,0.908032671440731,0.00266277954182492,FALSE,FALSE
640,0.185,0.62,0.195,0.182243651497515,0.794494454810321,0.0232618936921635,"esc_media","esc_media",0.251995481141891,0.844090741204695,0.52840568428,-0.315685056924695,0.36858,0.2003,0.16471,0.09485,0.10671,0.06485,0.35877905804729,0.195230547265839,0.169610470976355,0.0973847263670803,0.111610470976355,0.0673847263670803,"aporte_conservada","aporte_conservada",0.0128931592838718,0.907832455050351,0.915820760485211,0.00798830543486029,FALSE,FALSE
641,0.645,0.2275,0.1275,0.970330129544505,0.0190137902214793,0.0106560802340159,"esc_baja","esc_baja",0.375148658849887,0.803083415349579,0.139234822510733,-0.663848592838846,0.1594175,0.0921125,0.35118,0.1913,0.1294025,0.0765875,0.191109694943585,0.108505014625992,0.313441704972837,0.17178019222733,0.135448600083577,0.0797147931466778,"transferencia_conservada","transferencia_conservada",0.0523721065923327,0.925159601020029,0.946497025911327,0.0213374248912989,FALSE,FALSE
642,0.175,0.64,0.185,0.099884449189607,0.881152380184212,0.0189631706261811,"esc_media","esc_media",0.278945803916877,0.821775145200831,0.379377979045244,-0.442397166155587,0.10729,0.06515,0.16529,0.09515,0.36742,0.1997,0.104653282921661,0.0637861808215486,0.162653282921661,0.0937861808215486,0.372693434156679,0.202427638356903,"receptora_conservada","receptora_conservada",0.0069610758451118,0.908804794812016,0.904326020710554,-0.00447877410146236,FALSE,FALSE
643,0.235,0.56,0.205,0.0223384030418251,0.958174904942966,0.0194866920152091,"esc_media","esc_media",0.42007322295266,0.901037653371436,0.184410187343607,-0.716627466027829,0.10613,0.06455,0.16413,0.09455,0.36974,0.2009,0.106917300380228,0.0649572243346008,0.164917300380228,0.0949572243346008,0.368165399239544,0.200085551330798,"receptora_conservada","receptora_conservada",0.00207719261642178,0.9068528712146,0.908180814712863,0.00132794349826315,FALSE,FALSE
644,0.145,0.245,0.61,0.0127528583992964,0.0215479331574318,0.965699208443272,"esc_alta","esc_alta",0.394224041935883,0.842982251726283,0.156582359929188,-0.686399891797095,0.101925,0.062375,0.40918,0.2213,0.128895,0.076325,0.0801042216358839,0.0510883905013193,0.424520668425682,0.229234828496042,0.135375109938434,0.0796767810026385,"transferencia_conservada","transferencia_conservada",0.0398350591428906,0.873816318538149,0.852698679496852,-0.0211176390412975,FALSE,FALSE
645,0.1275,0.2275,0.645,0.0202499679462891,0.526726112792682,0.453023919261029,"esc_alta","esc_media",0.295758871828746,0.803083415349579,0.705750858176775,-0.0973325571728043,0.215525,0.398015,0.0872375,0.1499925,0.0572375,0.0919925,0.212983218539442,0.393100889176255,0.0885083907302789,0.152449555411873,0.0585083907302789,0.0944495554118725,"aporte_degradada","aporte_degradada",0.00660863304630796,0.88070538177229,0.885566589780852,0.00486120800856238,TRUE,FALSE
646,0.135,0.235,0.63,0.0194681180565164,0.443609352694247,0.536922529249237,"esc_alta","esc_alta",0.247421721124296,0.820796482214274,0.701947283711671,-0.118849198502603,0.072425,0.121355,0.102425,0.179355,0.18515,0.33929,0.0727618161678908,0.122006177924589,0.102761816167891,0.180006177924589,0.184476367664218,0.337987644150822,"receptora_degradada","receptora_degradada",0.00169743704079092,0.930187634168388,0.931076244139172,0.000888609970783882,FALSE,FALSE
647,0.54,0.28,0.18,0.954813359528487,0.0275049115913556,0.0176817288801572,"esc_baja","esc_baja",0.429976594528833,0.908268214242105,0.195096679720355,-0.71317153452175,0.0596,0.09656,0.0896,0.15456,0.2108,0.38888,0.0509430255402751,0.0798231827111984,0.0809430255402751,0.137823182711198,0.22811394891945,0.422353634577603,"receptora_degradada","receptora_degradada",0.0454691120398647,0.889634547353356,0.854600815359022,-0.0350337319943343,FALSE,FALSE
648,0.145,0.245,0.61,0.0280735721200387,0.853823814133592,0.11810261374637,"esc_alta","esc_media",0.539649333999364,0.842982251726283,0.443765212253567,-0.399217039472716,0.101925,0.062375,0.40918,0.2213,0.128895,0.076325,0.106017424975799,0.0644917715392062,0.422743465634076,0.228315585672798,0.111239109390126,0.0671926427879961,"transferencia_conservada","transferencia_conservada",0.0289724140429909,0.873816318538149,0.860401964033812,-0.0134143545043375,TRUE,FALSE
649,0.54,0.28,0.18,0.954813359528487,0.0275049115913556,0.0176817288801572,"esc_baja","esc_baja",0.429976594528833,0.908268214242105,0.195096679720355,-0.71317153452175,0.0866,0.14876,0.1976,0.36336,0.0758,0.12788,0.10770137524558,0.189555992141454,0.172711198428291,0.315241650294695,0.0795874263261297,0.135202357563851,"transferencia_degradada","transferencia_degradada",0.0674465451320244,0.916484382195692,0.945682388037966,0.0291980058422748,FALSE,FALSE
650,0.155,0.255,0.59,0.0260578726154966,0.693166474340978,0.280775653043526,"esc_alta","esc_media",0.391257203255728,0.863571156866974,0.642374594111245,-0.221196562755729,0.071525,0.119615,0.101525,0.177615,0.18695,0.34277,0.0688207667064204,0.114386815632413,0.0988207667064204,0.172386815632413,0.192358466587159,0.353226368735174,"receptora_degradada","receptora_degradada",0.013665246666672,0.927769419019908,0.920118964181318,-0.00765045483858984,TRUE,FALSE
651,0.185,0.62,0.195,0.646935588723782,0.31200982173111,0.0410545895451085,"esc_media","esc_baja",0.418005729518936,0.844090741204695,0.706556361212059,-0.137534379992636,0.10729,0.06515,0.16529,0.09515,0.36742,0.1997,0.0894294510238185,0.0559117850123199,0.147429451023818,0.0859117850123199,0.403141097952363,0.21817642997536,"receptora_conservada","receptora_conservada",0.0476506962763711,0.908804794812016,0.875489764742086,-0.0333150300699302,TRUE,FALSE
652,0.63,0.235,0.135,0.968403074295474,0.020068317677199,0.0115286080273271,"esc_baja","esc_baja",0.383427959903019,0.820796482214274,0.146533027381825,-0.674263454832449,0.092645,0.057575,0.150645,0.087575,0.39671,0.21485,0.0792506404782237,0.0506468830059778,0.137250640478224,0.0806468830059778,0.423498719043553,0.228706233988044,"receptora_conservada","receptora_conservada",0.0365574811951748,0.882009522904832,0.853287686945143,-0.0287218359596886,FALSE,FALSE
653,0.645,0.2275,0.1275,0.970330129544505,0.0190137902214793,0.0106560802340159,"esc_baja","esc_baja",0.375148658849887,0.803083415349579,0.139234822510733,-0.663848592838846,0.1594175,0.0921125,0.35118,0.1913,0.1294025,0.0765875,0.191109694943585,0.108505014625992,0.313441704972837,0.17178019222733,0.135448600083577,0.0797147931466778,"transferencia_conservada","transferencia_conservada",0.0523721065923327,0.925159601020029,0.946497025911327,0.0213374248912989,FALSE,FALSE
654,0.63,0.235,0.135,0.968403074295474,0.020068317677199,0.0115286080273271,"esc_baja","esc_baja",0.383427959903019,0.820796482214274,0.146533027381825,-0.674263454832449,0.092645,0.057575,0.150645,0.087575,0.39671,0.21485,0.0792506404782237,0.0506468830059778,0.137250640478224,0.0806468830059778,0.423498719043553,0.228706233988044,"receptora_conservada","receptora_conservada",0.0365574811951748,0.882009522904832,0.853287686945143,-0.0287218359596886,FALSE,FALSE
655,0.59,0.255,0.155,0.962828649138713,0.0231187669990934,0.014052583862194,"esc_baja","esc_baja",0.404754508247882,0.863571156866974,0.1670255104958,-0.696545646371175,0.34277,0.18695,0.177615,0.101525,0.119615,0.071525,0.312970988213962,0.171536718041704,0.192514505893019,0.109231640979148,0.134514505893019,0.0792316409791478,"aporte_conservada","aporte_conservada",0.0387700708866424,0.927769419019908,0.946419676621854,0.0186502576019465,FALSE,FALSE
656,0.63,0.235,0.135,0.968403074295474,0.020068317677199,0.0115286080273271,"esc_baja","esc_baja",0.383427959903019,0.820796482214274,0.146533027381825,-0.674263454832449,0.33929,0.18515,0.179355,0.102425,0.121355,0.072425,0.312501280956447,0.171293766011956,0.192749359521776,0.109353116994022,0.134749359521776,0.0793531169940222,"aporte_conservada","aporte_conservada",0.0348441883863252,0.930187634168388,0.946676444656115,0.0164888104877277,FALSE,FALSE
657,0.63,0.235,0.135,0.968403074295474,0.020068317677199,0.0115286080273271,"esc_baja","esc_baja",0.383427959903019,0.820796482214274,0.146533027381825,-0.674263454832449,0.092645,0.057575,0.150645,0.087575,0.39671,0.21485,0.0792506404782237,0.0506468830059778,0.137250640478224,0.0806468830059778,0.423498719043553,0.228706233988044,"receptora_conservada","receptora_conservada",0.0365574811951748,0.882009522904832,0.853287686945143,-0.0287218359596886,FALSE,FALSE
658,0.59,0.255,0.155,0.962828649138713,0.0231187669990934,0.014052583862194,"esc_baja","esc_baja",0.404754508247882,0.863571156866974,0.1670255104958,-0.696545646371175,0.34277,0.18695,0.177615,0.101525,0.119615,0.071525,0.312970988213962,0.171536718041704,0.192514505893019,0.109231640979148,0.134514505893019,0.0792316409791478,"aporte_conservada","aporte_conservada",0.0387700708866424,0.927769419019908,0.946419676621854,0.0186502576019465,FALSE,FALSE
659,0.1725,0.2725,0.555,0.0248800714370568,0.526488960025937,0.448630968537006,"esc_alta","esc_media",0.280108773183568,0.895860114045862,0.718412898615776,-0.177447215430086,0.390185,0.211475,0.1539075,0.0892625,0.0959075,0.0592625,0.392577552031797,0.212712526912998,0.152711223984101,0.0886437365435008,0.0947112239841015,0.0586437365435008,"aporte_conservada","aporte_conservada",0.00320598094938043,0.88838739142967,0.886076343136157,-0.00231104829351358,TRUE,FALSE
660,0.54,0.28,0.18,0.954813359528487,0.0275049115913556,0.0176817288801572,"esc_baja","esc_baja",0.429976594528833,0.908268214242105,0.195096679720355,-0.71317153452175,0.0866,0.14876,0.1976,0.36336,0.0758,0.12788,0.10770137524558,0.189555992141454,0.172711198428291,0.315241650294695,0.0795874263261297,0.135202357563851,"transferencia_degradada","transferencia_degradada",0.0674465451320244,0.916484382195692,0.945682388037966,0.0291980058422748,FALSE,FALSE
661,0.185,0.62,0.195,0.352423249339797,0.617798811428584,0.0297779392316192,"esc_media","esc_media",0.260978634721063,0.844090741204695,0.700626275956683,-0.143464465248012,0.36858,0.2003,0.16471,0.09485,0.10671,0.06485,0.349286572013726,0.190320640696755,0.174356713993137,0.0998396796516227,0.116356713993137,0.0698396796516227,"aporte_conservada","aporte_conservada",0.0253245747197541,0.907832455050351,0.923069409469695,0.0152369544193444,FALSE,FALSE
662,0.54,0.28,0.18,0.954813359528487,0.0275049115913556,0.0176817288801572,"esc_baja","esc_baja",0.429976594528833,0.908268214242105,0.195096679720355,-0.71317153452175,0.0866,0.14876,0.1976,0.36336,0.0758,0.12788,0.10770137524558,0.189555992141454,0.172711198428291,0.315241650294695,0.0795874263261297,0.135202357563851,"transferencia_degradada","transferencia_degradada",0.0674465451320244,0.916484382195692,0.945682388037966,0.0291980058422748,FALSE,FALSE
663,0.145,0.245,0.61,0.0202592110426415,0.429319814613559,0.5504209743438,"esc_alta","esc_alta",0.240386932990614,0.842982251726283,0.701473335338321,-0.141508916387962,0.39497,0.21395,0.151515,0.088025,0.093515,0.058025,0.398749382271467,0.215904852899035,0.149625308864266,0.0870475735504826,0.0916253088642664,0.0570475735504826,"aporte_conservada","aporte_conservada",0.00508855176816418,0.883733523318399,0.879967274235467,-0.0037662490829321,FALSE,FALSE
664,0.145,0.245,0.61,0.0280735721200387,0.853823814133592,0.11810261374637,"esc_alta","esc_media",0.539649333999364,0.842982251726283,0.443765212253567,-0.399217039472716,0.120485,0.071975,0.178485,0.101975,0.34103,0.18605,0.109610842207164,0.066350435624395,0.167610842207164,0.096350435624395,0.362778315585673,0.19729912875121,"receptora_conservada","receptora_conservada",0.0284643960630712,0.928986494653445,0.912623260399107,-0.0163632342543388,TRUE,FALSE
665,0.145,0.245,0.61,0.0280735721200387,0.853823814133592,0.11810261374637,"esc_alta","esc_media",0.539649333999364,0.842982251726283,0.443765212253567,-0.399217039472716,0.120485,0.071975,0.178485,0.101975,0.34103,0.18605,0.109610842207164,0.066350435624395,0.167610842207164,0.096350435624395,0.362778315585673,0.19729912875121,"receptora_conservada","receptora_conservada",0.0284643960630712,0.928986494653445,0.912623260399107,-0.0163632342543388,TRUE,FALSE
666,0.2475,0.55,0.2025,0.685309933350172,0.279757965405597,0.0349321012442307,"esc_media","esc_baja",0.395746568733442,0.908237865329521,0.666756055536728,-0.241481809792793,0.36539,0.19865,0.166305,0.095675,0.108305,0.065675,0.330278085737855,0.180488665036822,0.183860957131072,0.104755667481589,0.125860957131072,0.0747556674815891,"aporte_conservada","aporte_conservada",0.0458962450508747,0.910488986186234,0.936154136176599,0.025665149990365,TRUE,FALSE
667,0.185,0.62,0.195,0.12911880926277,0.849653406278294,0.0212277844589356,"esc_media","esc_media",0.273201562315029,0.844090741204695,0.441028404841226,-0.403062336363469,0.10729,0.06515,0.16529,0.09515,0.36742,0.1997,0.103871160280689,0.0633816346279425,0.161871160280689,0.0933816346279425,0.374257679438622,0.203236730744115,"receptora_conservada","receptora_conservada",0.00903007338507607,0.908804794812016,0.902968606426773,-0.00583618838524291,FALSE,FALSE
668,0.135,0.235,0.63,0.027027027027027,0.846846846846847,0.126126126126126,"esc_alta","esc_media",0.541305574247255,0.820796482214274,0.454672721374376,-0.366123760839898,0.072425,0.121355,0.102425,0.179355,0.18515,0.33929,0.0664864864864865,0.109873873873874,0.0964864864864865,0.167873873873874,0.197027027027027,0.362252252252252,"receptora_degradada","receptora_degradada",0.0300409503312919,0.930187634168388,0.913048741375168,-0.0171388927932198,TRUE,FALSE
669,0.1725,0.2725,0.555,0.0165309056061332,0.0261140392908481,0.957355055103019,"esc_alta","esc_alta",0.422572030008761,0.895860114045862,0.186356839165627,-0.709503274880234,0.390185,0.211475,0.1539075,0.0892625,0.0959075,0.0592625,0.422567800670819,0.228224724484907,0.13771609966459,0.0808876377575467,0.0797160996645903,0.0508876377575467,"aporte_conservada","aporte_conservada",0.0440209404063452,0.88838739142967,0.854355811718715,-0.0340315797109554,FALSE,FALSE
670,0.61,0.245,0.145,0.965699208443272,0.0215479331574318,0.0127528583992964,"esc_baja","esc_baja",0.394224041935883,0.842982251726282,0.156582359929188,-0.686399891797095,0.090275,0.155865,0.1934,0.35524,0.076325,0.128895,0.108265171503958,0.190645998240985,0.172058047493404,0.31397889182058,0.0796767810026385,0.135375109938434,"transferencia_degradada","transferencia_degradada",0.0574563291917433,0.922374528809363,0.94625592447414,0.0238813956647774,FALSE,FALSE
671,0.185,0.64,0.175,0.0961583099321811,0.886299164217032,0.0175425258507871,"esc_media","esc_media",0.280347612479696,0.821775145200831,0.366902180572638,-0.454872964628192,0.1997,0.36742,0.09515,0.16529,0.06515,0.10729,0.197641526477558,0.363440284523279,0.0961792367612209,0.16727985773836,0.0661792367612209,0.10927985773836,"aporte_degradada","aporte_degradada",0.00523994318865584,0.908804794812016,0.912085754642315,0.00328095983029852,FALSE,FALSE
672,0.59,0.255,0.155,0.962828649138713,0.0231187669990934,0.014052583862194,"esc_baja","esc_baja",0.404754508247882,0.863571156866974,0.1670255104958,-0.696545646371175,0.153835,0.089225,0.35756,0.1946,0.128605,0.076175,0.190358567543064,0.108116500453309,0.314311876699909,0.172230281051677,0.135329555757026,0.0796532184950136,"transferencia_conservada","transferencia_conservada",0.0603376093250653,0.920735393412878,0.946105609084125,0.0253702156712471,FALSE,FALSE
673,0.2475,0.55,0.2025,0.0239130434782609,0.956521739130435,0.0195652173913043,"esc_media","esc_media",0.425055501660476,0.908237865329521,0.190025174237813,-0.718212691091708,0.36539,0.19865,0.166305,0.095675,0.108305,0.065675,0.367747826086956,0.199869565217391,0.165126086956522,0.0950652173913043,0.107126086956522,0.0650652173913043,"aporte_conservada","aporte_conservada",0.00310633228551885,0.910488986186234,0.908530736931643,-0.00195824925459187,FALSE,FALSE
674,0.54,0.28,0.18,0.954813359528487,0.0275049115913556,0.0176817288801572,"esc_baja","esc_baja",0.429976594528833,0.908268214242105,0.195096679720355,-0.71317153452175,0.0866,0.14876,0.1976,0.36336,0.0758,0.12788,0.10770137524558,0.189555992141454,0.172711198428291,0.315241650294695,0.0795874263261297,0.135202357563851,"transferencia_degradada","transferencia_degradada",0.0674465451320244,0.916484382195692,0.945682388037966,0.0291980058422748,FALSE,FALSE
675,0.61,0.245,0.145,0.965699208443272,0.0215479331574318,0.0127528583992964,"esc_baja","esc_baja",0.394224041935883,0.842982251726282,0.156582359929188,-0.686399891797095,0.090275,0.155865,0.1934,0.35524,0.076325,0.128895,0.108265171503958,0.190645998240985,0.172058047493404,0.31397889182058,0.0796767810026385,0.135375109938434,"transferencia_degradada","transferencia_degradada",0.0574563291917433,0.922374528809363,0.94625592447414,0.0238813956647774,FALSE,FALSE
676,0.59,0.255,0.155,0.903474302241082,0.0814283767907377,0.0150973209681803,"esc_baja","esc_baja",0.325729996067888,0.863571156866974,0.326995349055172,-0.536575807811802,0.34277,0.18695,0.177615,0.101525,0.119615,0.071525,0.316474135086172,0.173348690561813,0.190762932456914,0.108325654719094,0.132762932456914,0.0783256547190935,"aporte_conservada","aporte_conservada",0.0342190325420949,0.927769419019908,0.944468278507683,0.0166988594877749,FALSE,FALSE
677,0.645,0.2275,0.1275,0.970330129544505,0.0190137902214793,0.0106560802340159,"esc_baja","esc_baja",0.375148658849887,0.803083415349579,0.139234822510733,-0.663848592838846,0.1594175,0.0921125,0.35118,0.1913,0.1294025,0.0765875,0.191109694943585,0.108505014625992,0.313441704972837,0.17178019222733,0.135448600083577,0.0797147931466778,"transferencia_conservada","transferencia_conservada",0.0523721065923327,0.925159601020029,0.946497025911327,0.0213374248912989,FALSE,FALSE
678,0.59,0.255,0.155,0.962828649138713,0.0231187669990934,0.014052583862194,"esc_baja","esc_baja",0.404754508247882,0.863571156866974,0.1670255104958,-0.696545646371175,0.34277,0.18695,0.177615,0.101525,0.119615,0.071525,0.312970988213962,0.171536718041704,0.192514505893019,0.109231640979148,0.134514505893019,0.0792316409791478,"aporte_conservada","aporte_conservada",0.0387700708866424,0.927769419019908,0.946419676621854,0.0186502576019465,FALSE,FALSE
679,0.61,0.245,0.145,0.965699208443272,0.0215479331574318,0.0127528583992964,"esc_baja","esc_baja",0.394224041935883,0.842982251726283,0.156582359929188,-0.686399891797095,0.090275,0.155865,0.1934,0.35524,0.076325,0.128895,0.108265171503958,0.190645998240985,0.172058047493404,0.31397889182058,0.0796767810026385,0.135375109938434,"transferencia_degradada","transferencia_degradada",0.0574563291917433,0.922374528809363,0.94625592447414,0.0238813956647774,FALSE,FALSE
680,0.175,0.64,0.185,0.120936609718756,0.859261933658641,0.019801456622603,"esc_media","esc_media",0.265799577332227,0.821775145200831,0.421870990367557,-0.399904154833274,0.0701,0.11686,0.2195,0.4057,0.0704,0.11744,0.070145125588005,0.116947242803476,0.222743803416875,0.411971353272624,0.0671110709951204,0.111081403923899,"transferencia_degradada","transferencia_degradada",0.0108693547789792,0.878679781883175,0.872100711548791,-0.00657907033438443,FALSE,FALSE
681,0.54,0.28,0.18,0.954813359528487,0.0275049115913556,0.0176817288801572,"esc_baja","esc_baja",0.429976594528833,0.908268214242105,0.195096679720355,-0.71317153452175,0.0866,0.14876,0.1976,0.36336,0.0758,0.12788,0.10770137524558,0.189555992141454,0.172711198428291,0.315241650294695,0.0795874263261297,0.135202357563851,"transferencia_degradada","transferencia_degradada",0.0674465451320244,0.916484382195692,0.945682388037966,0.0291980058422748,FALSE,FALSE
682,0.59,0.255,0.155,0.962828649138713,0.0231187669990934,0.014052583862194,"esc_baja","esc_baja",0.404754508247882,0.863571156866974,0.1670255104958,-0.696545646371175,0.089225,0.153835,0.1946,0.35756,0.076175,0.128605,0.108116500453309,0.190358567543064,0.172230281051677,0.314311876699909,0.0796532184950136,0.135329555757026,"transferencia_degradada","transferencia_degradada",0.0603376093250653,0.920735393412878,0.946105609084125,0.0253702156712471,FALSE,FALSE
683,0.61,0.245,0.145,0.965699208443272,0.0215479331574318,0.0127528583992964,"esc_baja","esc_baja",0.394224041935883,0.842982251726283,0.156582359929188,-0.686399891797095,0.090275,0.155865,0.1934,0.35524,0.076325,0.128895,0.108265171503958,0.190645998240985,0.172058047493404,0.31397889182058,0.0796767810026385,0.135375109938434,"transferencia_degradada","transferencia_degradada",0.0574563291917433,0.922374528809363,0.94625592447414,0.0238813956647774,FALSE,FALSE
684,0.61,0.245,0.145,0.965699208443272,0.0215479331574318,0.0127528583992964,"esc_baja","esc_baja",0.394224041935883,0.842982251726282,0.156582359929188,-0.686399891797095,0.090275,0.155865,0.1934,0.35524,0.076325,0.128895,0.108265171503958,0.190645998240985,0.172058047493404,0.31397889182058,0.0796767810026385,0.135375109938434,"transferencia_degradada","transferencia_degradada",0.0574563291917433,0.922374528809363,0.94625592447414,0.0238813956647774,FALSE,FALSE
685,0.54,0.28,0.18,0.954813359528487,0.0275049115913556,0.0176817288801572,"esc_baja","esc_baja",0.429976594528833,0.908268214242105,0.195096679720355,-0.71317153452175,0.1892,0.34712,0.1004,0.17544,0.0704,0.11744,0.17188605108055,0.313646365422397,0.109056974459725,0.192176817288802,0.079056974459725,0.134176817288802,"aporte_degradada","aporte_degradada",0.0435684519592026,0.924656908219664,0.946048456170975,0.0213915479513115,FALSE,FALSE
686,0.61,0.245,0.145,0.965699208443272,0.0215479331574318,0.0127528583992964,"esc_baja","esc_baja",0.394224041935883,0.842982251726282,0.156582359929188,-0.686399891797095,0.090275,0.155865,0.1934,0.35524,0.076325,0.128895,0.108265171503958,0.190645998240985,0.172058047493404,0.31397889182058,0.0796767810026385,0.135375109938434,"transferencia_degradada","transferencia_degradada",0.0574563291917433,0.922374528809363,0.94625592447414,0.0238813956647774,FALSE,FALSE
687,0.155,0.255,0.59,0.218182787053244,0.657980925519221,0.123836287427535,"esc_alta","esc_media",0.435485299709992,0.863571156866974,0.788496654553079,-0.0750745023138948,0.21305,0.39323,0.088475,0.152385,0.058475,0.094385,0.197169605011229,0.362527903021709,0.0964151974943856,0.167736048489146,0.0664151974943856,0.109736048489146,"aporte_degradada","aporte_degradada",0.0407354355873861,0.885440595488613,0.912825979155151,0.0273853836665374,TRUE,FALSE
688,0.61,0.245,0.145,0.965699208443272,0.0215479331574318,0.0127528583992964,"esc_baja","esc_baja",0.394224041935883,0.842982251726282,0.156582359929188,-0.686399891797095,0.090275,0.155865,0.1934,0.35524,0.076325,0.128895,0.108265171503958,0.190645998240985,0.172058047493404,0.31397889182058,0.0796767810026385,0.135375109938434,"transferencia_degradada","transferencia_degradada",0.0574563291917433,0.922374528809363,0.94625592447414,0.0238813956647774,FALSE,FALSE
689,0.135,0.235,0.63,0.0141893672514719,0.162009156794767,0.823801475953761,"esc_alta","esc_alta",0.234509006589009,0.820796482214274,0.468706427886689,-0.352090054327585,0.21485,0.39671,0.087575,0.150645,0.057575,0.092645,0.224288363261069,0.414957502304733,0.0828558183694657,0.141521248847634,0.0528558183694657,0.0835212488476336,"aporte_degradada","aporte_degradada",0.024785497763697,0.882009522904832,0.862896007036418,-0.0191135158684133,FALSE,FALSE
690,0.145,0.245,0.61,0.0974676905514074,0.778884892710032,0.123647416738561,"esc_alta","esc_media",0.485502938421282,0.842982251726283,0.618987747885963,-0.22399450384032,0.101925,0.062375,0.40918,0.2213,0.128895,0.076325,0.111893913992554,0.0675313348237349,0.414693747896037,0.224151938566916,0.113412338111409,0.0683167266093495,"transferencia_conservada","transferencia_conservada",0.0279013224775377,0.873816318538149,0.869259665425811,-0.00455665311233855,TRUE,FALSE
691,0.59,0.255,0.155,0.962828649138713,0.0231187669990934,0.014052583862194,"esc_baja","esc_baja",0.404754508247882,0.863571156866974,0.1670255104958,-0.696545646371175,0.34277,0.18695,0.177615,0.101525,0.119615,0.071525,0.312970988213962,0.171536718041704,0.192514505893019,0.109231640979148,0.134514505893019,0.0792316409791478,"aporte_conservada","aporte_conservada",0.0387700708866424,0.927769419019908,0.946419676621854,0.0186502576019465,FALSE,FALSE
692,0.145,0.245,0.61,0.191038124359642,0.677837894128175,0.131123981512183,"esc_alta","esc_media",0.4466738385081,0.842982251726283,0.770235677054831,-0.0727465746714518,0.101925,0.062375,0.40918,0.2213,0.128895,0.076325,0.119817721355436,0.0716298558735012,0.403839577574281,0.218537712538421,0.116342701070283,0.0698324315880774,"transferencia_conservada","transferencia_conservada",0.0332687895465341,0.873816318538149,0.880551840195867,0.00673552165771774,TRUE,FALSE
693,0.155,0.255,0.59,0.347071787921671,0.520065066412687,0.132863145665642,"esc_alta","esc_media",0.416177375371791,0.863571156866974,0.887915175170155,0.0243440183031803,0.39323,0.21305,0.152385,0.088475,0.094385,0.058475,0.35557589874915,0.193573740732319,0.171212050625425,0.0982131296338404,0.113212050625425,0.0682131296338404,"aporte_conservada","aporte_conservada",0.0498527976572223,0.885440595488613,0.918320257016508,0.0328796615278945,TRUE,FALSE
694,0.145,0.245,0.61,0.0280735721200387,0.853823814133592,0.11810261374637,"esc_alta","esc_media",0.539649333999364,0.842982251726283,0.443765212253567,-0.399217039472716,0.39497,0.21395,0.151515,0.088025,0.093515,0.058025,0.373221684414327,0.20270087124879,0.162389157792836,0.093649564375605,0.104389157792836,0.063649564375605,"aporte_conservada","aporte_conservada",0.0289790644950852,0.883733523318399,0.90386909935513,0.0201355760367312,TRUE,FALSE
695,0.59,0.255,0.155,0.962828649138713,0.0231187669990934,0.014052583862194,"esc_baja","esc_baja",0.404754508247882,0.863571156866974,0.1670255104958,-0.696545646371175,0.34277,0.18695,0.177615,0.101525,0.119615,0.071525,0.312970988213962,0.171536718041704,0.192514505893019,0.109231640979148,0.134514505893019,0.0792316409791478,"aporte_conservada","aporte_conservada",0.0387700708866424,0.927769419019908,0.946419676621854,0.0186502576019465,FALSE,FALSE
696,0.63,0.235,0.135,0.968403074295474,0.020068317677199,0.0115286080273271,"esc_baja","esc_baja",0.383427959903019,0.820796482214274,0.146533027381825,-0.674263454832449,0.092645,0.057575,0.150645,0.087575,0.39671,0.21485,0.0792506404782237,0.0506468830059778,0.137250640478224,0.0806468830059778,0.423498719043553,0.228706233988044,"receptora_conservada","receptora_conservada",0.0365574811951748,0.882009522904832,0.853287686945143,-0.0287218359596886,FALSE,FALSE
697,0.63,0.235,0.135,0.968403074295474,0.020068317677199,0.0115286080273271,"esc_baja","esc_baja",0.383427959903019,0.820796482214274,0.146533027381825,-0.674263454832449,0.092645,0.057575,0.150645,0.087575,0.39671,0.21485,0.0792506404782237,0.0506468830059778,0.137250640478224,0.0806468830059778,0.423498719043553,0.228706233988044,"receptora_conservada","receptora_conservada",0.0365574811951748,0.882009522904832,0.853287686945143,-0.0287218359596886,FALSE,FALSE
698,0.2025,0.55,0.2475,0.820483961733258,0.123804164321891,0.0557118739448509,"esc_media","esc_baja",0.544665325676038,0.908237865329521,0.529619796176323,-0.378618069153197,0.20135,0.37061,0.094325,0.163695,0.064325,0.105695,0.177056837366348,0.323643218908272,0.106471581316826,0.187178390545864,0.0764715813168261,0.129178390545864,"aporte_degradada","aporte_degradada",0.0613913193586133,0.906113423686927,0.940274767874134,0.034161344187207,TRUE,FALSE
699,0.63,0.235,0.135,0.968403074295474,0.020068317677199,0.0115286080273271,"esc_baja","esc_baja",0.383427959903019,0.820796482214274,0.146533027381825,-0.674263454832449,0.092645,0.057575,0.150645,0.087575,0.39671,0.21485,0.0792506404782237,0.0506468830059778,0.137250640478224,0.0806468830059778,0.423498719043553,0.228706233988044,"receptora_conservada","receptora_conservada",0.0365574811951748,0.882009522904832,0.853287686945143,-0.0287218359596886,FALSE,FALSE
700,0.59,0.255,0.155,0.962828649138713,0.0231187669990934,0.014052583862194,"esc_baja","esc_baja",0.404754508247882,0.863571156866974,0.1670255104958,-0.696545646371175,0.34277,0.18695,0.177615,0.101525,0.119615,0.071525,0.312970988213962,0.171536718041704,0.192514505893019,0.109231640979148,0.134514505893019,0.0792316409791478,"aporte_conservada","aporte_conservada",0.0387700708866424,0.927769419019908,0.946419676621854,0.0186502576019465,FALSE,FALSE
701,0.145,0.245,0.61,0.753246753246753,0.0707070707070707,0.176046176046176,"esc_alta","esc_baja",0.539333077317295,0.842982251726283,0.643132673318336,-0.199849578407946,0.13781,0.05465,0.20581,0.07465,0.39638,0.1307,0.10237518037518,0.0442279942279942,0.17037518037518,0.0642279942279942,0.467249639249639,0.151544011544012,"receptora_conservada","receptora_conservada",0.0802055986461761,0.883932861298583,0.831899857111303,-0.0520330041872802,TRUE,FALSE
702,0.59,0.255,0.155,0.962828649138713,0.0231187669990934,0.014052583862194,"esc_baja","esc_baja",0.404754508247882,0.863571156866974,0.1670255104958,-0.696545646371175,0.34277,0.18695,0.177615,0.101525,0.119615,0.071525,0.312970988213962,0.171536718041704,0.192514505893019,0.109231640979148,0.134514505893019,0.0792316409791478,"aporte_conservada","aporte_conservada",0.0387700708866424,0.927769419019908,0.946419676621854,0.0186502576019465,FALSE,FALSE
703,0.63,0.235,0.135,0.968403074295474,0.020068317677199,0.0115286080273271,"esc_baja","esc_baja",0.383427959903019,0.820796482214274,0.146533027381825,-0.674263454832449,0.092645,0.057575,0.150645,0.087575,0.39671,0.21485,0.0792506404782237,0.0506468830059778,0.137250640478224,0.0806468830059778,0.423498719043553,0.228706233988044,"receptora_conservada","receptora_conservada",0.0365574811951748,0.882009522904832,0.853287686945143,-0.0287218359596886,FALSE,FALSE
704,0.59,0.255,0.155,0.962828649138713,0.0231187669990934,0.014052583862194,"esc_baja","esc_baja",0.404754508247882,0.863571156866974,0.1670255104958,-0.696545646371175,0.39842,0.1313,0.20479,0.07435,0.13679,0.05435,0.363483227561197,0.12102447869447,0.222258386219402,0.0794877606527652,0.154258386219402,0.0594877606527652,"aporte_conservada","aporte_conservada",0.0388676150433941,0.882710526136348,0.901439480212449,0.0187289540761008,FALSE,FALSE
705,0.59,0.255,0.155,0.962828649138713,0.0231187669990934,0.014052583862194,"esc_baja","esc_baja",0.404754508247882,0.863571156866974,0.1670255104958,-0.696545646371175,0.39842,0.1313,0.20479,0.07435,0.13679,0.05435,0.363483227561197,0.12102447869447,0.222258386219402,0.0794877606527652,0.154258386219402,0.0594877606527652,"aporte_conservada","aporte_conservada",0.0388676150433941,0.882710526136348,0.901439480212449,0.0187289540761008,FALSE,FALSE
706,0.63,0.235,0.135,0.968403074295474,0.020068317677199,0.0115286080273271,"esc_baja","esc_baja",0.383427959903019,0.820796482214274,0.146533027381825,-0.674263454832449,0.39434,0.1301,0.20683,0.07495,0.13883,0.05495,0.362932536293766,0.120862510674637,0.222533731853117,0.0795687446626815,0.154533731853117,0.0595687446626815,"aporte_conservada","aporte_conservada",0.0349307316693308,0.885139172705615,0.901697307016653,0.0165581343110376,FALSE,FALSE
707,0.175,0.64,0.185,0.792452830188679,0.161006289308176,0.0465408805031446,"esc_media","esc_baja",0.544374692560613,0.821775145200831,0.565395563204837,-0.256379581995994,0.2003,0.36858,0.09485,0.16471,0.06485,0.10671,0.177622641509434,0.324737106918239,0.106188679245283,0.186631446540881,0.076188679245283,0.128631446540881,"aporte_degradada","aporte_degradada",0.0572956380288462,0.907832455050351,0.939611265505845,0.0317788104554942,TRUE,FALSE
708,0.61,0.245,0.145,0.965699208443272,0.0215479331574318,0.0127528583992964,"esc_baja","esc_baja",0.394224041935883,0.842982251726282,0.156582359929188,-0.686399891797095,0.18605,0.34103,0.101975,0.178485,0.071975,0.120485,0.171411609498681,0.312729111697449,0.10929419525066,0.192635444151275,0.0792941952506596,0.134635444151275,"aporte_degradada","aporte_degradada",0.0368157900309134,0.928986494653445,0.946552043807644,0.0175655491541987,FALSE,FALSE
709,0.54,0.28,0.18,0.954813359528487,0.0275049115913556,0.0176817288801572,"esc_baja","esc_baja",0.429976594528833,0.908268214242105,0.195096679720355,-0.71317153452175,0.1892,0.34712,0.1004,0.17544,0.0704,0.11744,0.17188605108055,0.313646365422397,0.109056974459725,0.192176817288802,0.079056974459725,0.134176817288802,"aporte_degradada","aporte_degradada",0.0435684519592026,0.924656908219664,0.946048456170975,0.0213915479513115,FALSE,FALSE
710,0.61,0.245,0.145,0.965699208443272,0.0215479331574318,0.0127528583992964,"esc_baja","esc_baja",0.394224041935883,0.842982251726283,0.156582359929188,-0.686399891797095,0.18605,0.34103,0.101975,0.178485,0.071975,0.120485,0.171411609498681,0.312729111697449,0.10929419525066,0.192635444151275,0.0792941952506596,0.134635444151275,"aporte_degradada","aporte_degradada",0.0368157900309134,0.928986494653445,0.946552043807644,0.0175655491541987,FALSE,FALSE
711,0.54,0.28,0.18,0.954813359528487,0.0275049115913556,0.0176817288801572,"esc_baja","esc_baja",0.429976594528833,0.908268214242105,0.195096679720355,-0.71317153452175,0.1892,0.34712,0.1004,0.17544,0.0704,0.11744,0.17188605108055,0.313646365422397,0.109056974459725,0.192176817288802,0.079056974459725,0.134176817288802,"aporte_degradada","aporte_degradada",0.0435684519592026,0.924656908219664,0.946048456170975,0.0213915479513115,FALSE,FALSE
712,0.2025,0.55,0.2475,0.820483961733258,0.123804164321891,0.0557118739448509,"esc_media","esc_baja",0.544665325676038,0.908237865329521,0.529619796176323,-0.378618069153197,0.20135,0.37061,0.094325,0.163695,0.064325,0.105695,0.177056837366348,0.323643218908272,0.106471581316826,0.187178390545864,0.0764715813168261,0.129178390545864,"aporte_degradada","aporte_degradada",0.0613913193586133,0.906113423686927,0.940274767874134,0.034161344187207,TRUE,FALSE
713,0.155,0.255,0.59,0.767537826685007,0.0701513067400275,0.162310866574966,"esc_alta","esc_baja",0.541684022190762,0.863571156866974,0.623136196336415,-0.240434960530559,0.071525,0.119615,0.101525,0.177615,0.18695,0.34277,0.0559215955983494,0.0894484181568088,0.0859215955983494,0.147448418156809,0.218156808803301,0.403103163686382,"receptora_degradada","receptora_degradada",0.0798523790643777,0.927769419019908,0.875528907561364,-0.0522405114585435,TRUE,FALSE
714,0.63,0.235,0.135,0.968403074295474,0.020068317677199,0.0115286080273271,"esc_baja","esc_baja",0.383427959903019,0.820796482214274,0.146533027381825,-0.674263454832449,0.39434,0.1301,0.20683,0.07495,0.13883,0.05495,0.362932536293766,0.120862510674637,0.222533731853117,0.0795687446626815,0.154533731853117,0.0595687446626815,"aporte_conservada","aporte_conservada",0.0349307316693308,0.885139172705615,0.901697307016653,0.0165581343110376,FALSE,FALSE
715,0.63,0.235,0.135,0.968403074295474,0.020068317677199,0.0115286080273271,"esc_baja","esc_baja",0.383427959903019,0.820796482214274,0.146533027381825,-0.674263454832449,0.39434,0.1301,0.20683,0.07495,0.13883,0.05495,0.362932536293766,0.120862510674637,0.222533731853117,0.0795687446626815,0.154533731853117,0.0595687446626815,"aporte_conservada","aporte_conservada",0.0349307316693308,0.885139172705615,0.901697307016653,0.0165581343110376,FALSE,FALSE
716,0.63,0.235,0.135,0.968403074295474,0.020068317677199,0.0115286080273271,"esc_baja","esc_baja",0.383427959903019,0.820796482214274,0.146533027381825,-0.674263454832449,0.39434,0.1301,0.20683,0.07495,0.13883,0.05495,0.362932536293766,0.120862510674637,0.222533731853117,0.0795687446626815,0.154533731853117,0.0595687446626815,"aporte_conservada","aporte_conservada",0.0349307316693308,0.885139172705615,0.901697307016653,0.0165581343110376,FALSE,FALSE
717,0.63,0.235,0.135,0.968403074295474,0.020068317677199,0.0115286080273271,"esc_baja","esc_baja",0.383427959903019,0.820796482214274,0.146533027381825,-0.674263454832449,0.39434,0.1301,0.20683,0.07495,0.13883,0.05495,0.362932536293766,0.120862510674637,0.222533731853117,0.0795687446626815,0.154533731853117,0.0595687446626815,"aporte_conservada","aporte_conservada",0.0349307316693308,0.885139172705615,0.901697307016653,0.0165581343110376,FALSE,FALSE
718,0.63,0.235,0.135,0.968403074295474,0.020068317677199,0.0115286080273271,"esc_baja","esc_baja",0.383427959903019,0.820796482214274,0.146533027381825,-0.674263454832449,0.39434,0.1301,0.20683,0.07495,0.13883,0.05495,0.362932536293766,0.120862510674637,0.222533731853117,0.0795687446626815,0.154533731853117,0.0595687446626815,"aporte_conservada","aporte_conservada",0.0349307316693308,0.885139172705615,0.901697307016653,0.0165581343110376,FALSE,FALSE
719,0.63,0.235,0.135,0.968403074295474,0.020068317677199,0.0115286080273271,"esc_baja","esc_baja",0.383427959903019,0.820796482214274,0.146533027381825,-0.674263454832449,0.39434,0.1301,0.20683,0.07495,0.13883,0.05495,0.362932536293766,0.120862510674637,0.222533731853117,0.0795687446626815,0.154533731853117,0.0595687446626815,"aporte_conservada","aporte_conservada",0.0349307316693308,0.885139172705615,0.901697307016653,0.0165581343110376,FALSE,FALSE
720,0.63,0.235,0.135,0.968403074295474,0.020068317677199,0.0115286080273271,"esc_baja","esc_baja",0.383427959903019,0.820796482214274,0.146533027381825,-0.674263454832449,0.39434,0.1301,0.20683,0.07495,0.13883,0.05495,0.362932536293766,0.120862510674637,0.222533731853117,0.0795687446626815,0.154533731853117,0.0595687446626815,"aporte_conservada","aporte_conservada",0.0349307316693308,0.885139172705615,0.901697307016653,0.0165581343110376,FALSE,FALSE
721,0.63,0.235,0.135,0.968403074295474,0.020068317677199,0.0115286080273271,"esc_baja","esc_baja",0.383427959903019,0.820796482214274,0.146533027381825,-0.674263454832449,0.39434,0.1301,0.20683,0.07495,0.13883,0.05495,0.362932536293766,0.120862510674637,0.222533731853117,0.0795687446626815,0.154533731853117,0.0595687446626815,"aporte_conservada","aporte_conservada",0.0349307316693308,0.885139172705615,0.901697307016653,0.0165581343110376,FALSE,FALSE
722,0.235,0.56,0.205,0.846846846846847,0.112112112112112,0.0410410410410411,"esc_media","esc_baja",0.541305574247254,0.901037653371436,0.470737019904338,-0.430300633467098,0.42596,0.1394,0.19102,0.0703,0.12302,0.0503,0.373205205205205,0.123883883883884,0.217397397397397,0.0780580580580581,0.149397397397397,0.0580580580580581,"aporte_conservada","aporte_conservada",0.0589179456610619,0.864630757294877,0.896696937636489,0.0320661803416112,TRUE,FALSE
723,0.63,0.235,0.135,0.968403074295474,0.020068317677199,0.0115286080273271,"esc_baja","esc_baja",0.383427959903019,0.820796482214274,0.146533027381825,-0.674263454832449,0.18167,0.06755,0.41032,0.1348,0.14801,0.05765,0.220385140905209,0.078936806148591,0.364297181895816,0.121263877028181,0.155317677198975,0.059799316823228,"transferencia_conservada","transferencia_conservada",0.0546711544889734,0.878918163074243,0.901417560443216,0.0224993973689727,FALSE,FALSE
724,0.63,0.235,0.135,0.968403074295474,0.020068317677199,0.0115286080273271,"esc_baja","esc_baja",0.383427959903019,0.820796482214274,0.146533027381825,-0.674263454832449,0.18167,0.06755,0.41032,0.1348,0.14801,0.05765,0.220385140905209,0.078936806148591,0.364297181895816,0.121263877028181,0.155317677198975,0.059799316823228,"transferencia_conservada","transferencia_conservada",0.0546711544889734,0.878918163074243,0.901417560443216,0.0224993973689727,FALSE,FALSE
725,0.63,0.235,0.135,0.968403074295474,0.020068317677199,0.0115286080273271,"esc_baja","esc_baja",0.383427959903019,0.820796482214274,0.146533027381825,-0.674263454832449,0.39434,0.1301,0.20683,0.07495,0.13883,0.05495,0.362932536293766,0.120862510674637,0.222533731853117,0.0795687446626815,0.154533731853117,0.0595687446626815,"aporte_conservada","aporte_conservada",0.0349307316693308,0.885139172705615,0.901697307016653,0.0165581343110376,FALSE,FALSE
726,0.2475,0.55,0.2025,0.623593290601216,0.342908531560361,0.033498177838423,"esc_media","esc_baja",0.355640002128922,0.908237865329521,0.705687535325313,-0.202550330004208,0.14036,0.0554,0.46234,0.1501,0.1373,0.0545,0.184467577594818,0.0683728169396522,0.411191312478235,0.135056268375951,0.144341109926948,0.0565709146843964,"transferencia_conservada","transferencia_conservada",0.0640530502063579,0.841859059276987,0.877861449926489,0.0360023906495018,TRUE,FALSE
727,0.63,0.235,0.135,0.968403074295474,0.020068317677199,0.0115286080273271,"esc_baja","esc_baja",0.383427959903019,0.820796482214274,0.146533027381825,-0.674263454832449,0.39434,0.1301,0.20683,0.07495,0.13883,0.05495,0.362932536293766,0.120862510674637,0.222533731853117,0.0795687446626815,0.154533731853117,0.0595687446626815,"aporte_conservada","aporte_conservada",0.0349307316693308,0.885139172705615,0.901697307016653,0.0165581343110376,FALSE,FALSE
728,0.63,0.235,0.135,0.968403074295474,0.020068317677199,0.0115286080273271,"esc_baja","esc_baja",0.383427959903019,0.820796482214274,0.146533027381825,-0.674263454832449,0.18167,0.06755,0.41032,0.1348,0.14801,0.05765,0.220385140905209,0.078936806148591,0.364297181895816,0.121263877028181,0.155317677198975,0.059799316823228,"transferencia_conservada","transferencia_conservada",0.0546711544889734,0.878918163074243,0.901417560443216,0.0224993973689727,FALSE,FALSE
729,0.2475,0.55,0.2025,0.117324488808168,0.860939973901992,0.0217355372898401,"esc_media","esc_media",0.320438465557109,0.908237865329521,0.421927224787655,-0.486310640541866,0.42494,0.1391,0.19153,0.07045,0.12353,0.05045,0.421499951296754,0.138088220969633,0.193250024351623,0.0709558895151833,0.125250024351623,0.0509558895151833,"aporte_conservada","aporte_conservada",0.00387296840249685,0.865353145423041,0.867759350623464,0.00240620520042301,FALSE,FALSE
730,0.145,0.245,0.61,0.0146604840266146,0.125176969538385,0.860162546435,"esc_alta","esc_alta",0.272351672135051,0.842982251726283,0.411060474215402,-0.43192177751088,0.101925,0.062375,0.40918,0.2213,0.128895,0.076325,0.0833307482637005,0.0527572835846726,0.424299383852913,0.229120370958403,0.132369867883387,0.0781223454569242,"transferencia_conservada","transferencia_conservada",0.0337119392403451,0.873816318538149,0.854188016211138,-0.0196283023270107,FALSE,FALSE
731,0.59,0.255,0.155,0.779844252173557,0.202882328434617,0.0172734193918265,"esc_baja","esc_baja",0.239437313437305,0.863571156866974,0.534898506695418,-0.328672650171556,0.153835,0.089225,0.35756,0.1946,0.128605,0.076175,0.174345520776736,0.0998338900569327,0.335538066747867,0.183209344869587,0.130116412475396,0.0769567650734808,"transferencia_conservada","transferencia_conservada",0.032532654206769,0.920735393412878,0.934625420901297,0.0138900274884187,FALSE,FALSE
732,0.59,0.255,0.155,0.931630334152341,0.0537679387632046,0.0146017270844541,"esc_baja","esc_baja",0.358055351453739,0.863571156866974,0.259291707983271,-0.604279448883703,0.34277,0.18695,0.177615,0.101525,0.119615,0.071525,0.314812340790063,0.172489141787963,0.191593829604969,0.108755429106018,0.133593829604969,0.0787554291060183,"aporte_conservada","aporte_conservada",0.0363779768978618,0.927769419019908,0.945401966194903,0.0176325471749949,FALSE,FALSE
733,0.61,0.245,0.145,0.965699208443272,0.0215479331574318,0.0127528583992964,"esc_baja","esc_baja",0.394224041935883,0.842982251726282,0.156582359929188,-0.686399891797095,0.155865,0.090275,0.35524,0.1934,0.128895,0.076325,0.190645998240985,0.108265171503958,0.31397889182058,0.172058047493404,0.135375109938434,0.0796767810026385,"transferencia_conservada","transferencia_conservada",0.0574563291917433,0.922374528809363,0.94625592447414,0.0238813956647774,FALSE,FALSE
734,0.59,0.255,0.155,0.962828649138713,0.0231187669990934,0.014052583862194,"esc_baja","esc_baja",0.404754508247882,0.863571156866974,0.1670255104958,-0.696545646371175,0.18695,0.34277,0.101525,0.177615,0.071525,0.119615,0.171536718041704,0.312970988213962,0.109231640979148,0.192514505893019,0.0792316409791478,0.134514505893019,"aporte_degradada","aporte_degradada",0.0387700708866424,0.927769419019908,0.946419676621854,0.0186502576019465,FALSE,FALSE
735,0.59,0.255,0.155,0.962828649138713,0.0231187669990934,0.014052583862194,"esc_baja","esc_baja",0.404754508247882,0.863571156866974,0.1670255104958,-0.696545646371175,0.18695,0.34277,0.101525,0.177615,0.071525,0.119615,0.171536718041704,0.312970988213962,0.109231640979148,0.192514505893019,0.0792316409791478,0.134514505893019,"aporte_degradada","aporte_degradada",0.0387700708866424,0.927769419019908,0.946419676621854,0.0186502576019465,FALSE,FALSE
736,0.175,0.64,0.185,0.0147306397306397,0.96969696969697,0.0155723905723906,"esc_media","esc_media",0.377926264157935,0.821775145200831,0.142713428475111,-0.67906171672572,0.0701,0.11686,0.2195,0.4057,0.0704,0.11744,0.0654292929292929,0.107829966329966,0.229116161616162,0.424291245791246,0.0654545454545455,0.107878787878788,"transferencia_degradada","transferencia_degradada",0.0249974790800678,0.878679781883175,0.858716238328341,-0.0199635435548342,FALSE,FALSE
737,0.59,0.255,0.155,0.962828649138713,0.0231187669990934,0.014052583862194,"esc_baja","esc_baja",0.404754508247882,0.863571156866974,0.1670255104958,-0.696545646371175,0.089225,0.153835,0.1946,0.35756,0.076175,0.128605,0.108116500453309,0.190358567543064,0.172230281051677,0.314311876699909,0.0796532184950136,0.135329555757026,"transferencia_degradada","transferencia_degradada",0.0603376093250653,0.920735393412878,0.946105609084125,0.0253702156712471,FALSE,FALSE
738,0.175,0.64,0.185,0.273771785841959,0.700340940940634,0.0258872732174065,"esc_media","esc_media",0.240170655509614,0.821775145200831,0.635989380663113,-0.185785764537718,0.42868,0.1402,0.18966,0.0699,0.12166,0.0499,0.41114385314153,0.135042309747509,0.198428073429235,0.0724788451262455,0.130428073429235,0.0524788451262455,"aporte_conservada","aporte_conservada",0.0197151663273791,0.862684373854597,0.874723852325574,0.012039478470977,FALSE,FALSE
739,0.59,0.255,0.155,0.962828649138713,0.0231187669990934,0.014052583862194,"esc_baja","esc_baja",0.404754508247882,0.863571156866974,0.1670255104958,-0.696545646371175,0.39842,0.1313,0.20479,0.07435,0.13679,0.05435,0.363483227561197,0.12102447869447,0.222258386219402,0.0794877606527652,0.154258386219402,0.0594877606527652,"aporte_conservada","aporte_conservada",0.0388676150433941,0.882710526136348,0.901439480212449,0.0187289540761008,FALSE,FALSE
740,0.145,0.245,0.61,0.0127528583992964,0.0215479331574318,0.965699208443272,"esc_alta","esc_alta",0.394224041935883,0.842982251726283,0.156582359929188,-0.686399891797095,0.101925,0.062375,0.40918,0.2213,0.128895,0.076325,0.0801042216358839,0.0510883905013193,0.424520668425682,0.229234828496042,0.135375109938434,0.0796767810026385,"transferencia_conservada","transferencia_conservada",0.0398350591428906,0.873816318538149,0.852698679496852,-0.0211176390412975,FALSE,FALSE
741,0.175,0.64,0.185,0.0147306397306397,0.96969696969697,0.0155723905723906,"esc_media","esc_media",0.377926264157935,0.821775145200831,0.142713428475111,-0.67906171672572,0.36858,0.2003,0.16471,0.09485,0.10671,0.06485,0.368048821548822,0.200025252525252,0.164975589225589,0.0949873737373737,0.106975589225589,0.0649873737373737,"aporte_conservada","aporte_conservada",0.000700472379864083,0.907832455050351,0.908278600067441,0.00044614501709006,FALSE,FALSE
742,0.59,0.255,0.155,0.770787344753929,0.211779818932968,0.0174328363131025,"esc_baja","esc_baja",0.235829674795773,0.863571156866974,0.546132417597228,-0.317438739269746,0.089225,0.153835,0.1946,0.35756,0.076175,0.128605,0.0994239379692303,0.173552946740512,0.183752759314764,0.336588668008544,0.0768233027160055,0.129858385250944,"transferencia_degradada","transferencia_degradada",0.0311683497378624,0.920735393412878,0.933992831935203,0.0132574385223252,FALSE,FALSE
743,0.185,0.64,0.175,0.0155723905723906,0.96969696969697,0.0147306397306397,"esc_media","esc_media",0.377926264157935,0.821775145200831,0.142713428475111,-0.67906171672572,0.1997,0.36742,0.09515,0.16529,0.06515,0.10729,0.199974747474747,0.367951178451178,0.0950126262626263,0.165024410774411,0.0650126262626263,0.107024410774411,"aporte_degradada","aporte_degradada",0.000700228501637927,0.908804794812016,0.908360446816337,-0.000444347995679606,FALSE,FALSE
744,0.59,0.255,0.155,0.962828649138713,0.0231187669990934,0.014052583862194,"esc_baja","esc_baja",0.404754508247882,0.863571156866974,0.1670255104958,-0.696545646371175,0.089225,0.153835,0.1946,0.35756,0.076175,0.128605,0.108116500453309,0.190358567543064,0.172230281051677,0.314311876699909,0.0796532184950136,0.135329555757026,"transferencia_degradada","transferencia_degradada",0.0603376093250653,0.920735393412878,0.946105609084125,0.0253702156712471,FALSE,FALSE
745,0.59,0.255,0.155,0.962828649138713,0.0231187669990934,0.014052583862194,"esc_baja","esc_baja",0.404754508247882,0.863571156866974,0.1670255104958,-0.696545646371175,0.089225,0.153835,0.1946,0.35756,0.076175,0.128605,0.108116500453309,0.190358567543064,0.172230281051677,0.314311876699909,0.0796532184950136,0.135329555757026,"transferencia_degradada","transferencia_degradada",0.0603376093250653,0.920735393412878,0.946105609084125,0.0253702156712471,FALSE,FALSE
746,0.145,0.245,0.61,0.0273907812428756,0.816732175377619,0.155877043379505,"esc_alta","esc_media",0.502696505697677,0.842982251726283,0.503916624772722,-0.339065626953561,0.21395,0.39497,0.088025,0.151515,0.058025,0.093515,0.203854587864099,0.375452203203924,0.0930727060679506,0.161273898398038,0.0630727060679506,0.103273898398038,"aporte_degradada","aporte_degradada",0.0260280946568867,0.883733523318399,0.901923098501962,0.0181895751835627,TRUE,FALSE
747,0.59,0.255,0.155,0.962828649138713,0.0231187669990934,0.014052583862194,"esc_baja","esc_baja",0.404754508247882,0.863571156866974,0.1670255104958,-0.696545646371175,0.153835,0.089225,0.35756,0.1946,0.128605,0.076175,0.190358567543064,0.108116500453309,0.314311876699909,0.172230281051677,0.135329555757026,0.0796532184950136,"transferencia_conservada","transferencia_conservada",0.0603376093250653,0.920735393412878,0.946105609084125,0.0253702156712471,FALSE,FALSE
748,0.195,0.62,0.185,0.226032572895813,0.750888656311626,0.0230787707925609,"esc_media","esc_media",0.238918919052165,0.844090741204695,0.580947366777366,-0.263143374427328,0.36742,0.1997,0.16529,0.09515,0.10729,0.06515,0.356228679478011,0.193911385936902,0.170885660260994,0.0980443070315488,0.112885660260994,0.0680443070315488,"aporte_conservada","aporte_conservada",0.0147087970485829,0.908804794812016,0.917815307381014,0.00901051256899743,FALSE,FALSE
749,0.185,0.64,0.175,0.23050687119406,0.747262775879713,0.0222303529262271,"esc_media","esc_media",0.230889038103164,0.821775145200831,0.583085254363962,-0.238689890836868,0.11802,0.0707,0.40454,0.2189,0.11744,0.0704,0.126409417559023,0.0750393539098393,0.399261202941489,0.216169587728356,0.114329379499488,0.0687910583618043,"transferencia_conservada","transferencia_conservada",0.0138178104223468,0.879861780602772,0.884903155439543,0.00504137483677181,FALSE,FALSE
750,0.195,0.62,0.185,0.629891234013074,0.333420477164066,0.0366882888228607,"esc_media","esc_baja",0.397087140588287,0.844090741204695,0.708729771789722,-0.135360969414973,0.36742,0.1997,0.16529,0.09515,0.10729,0.06515,0.333594229178968,0.182203911644294,0.182202885410516,0.103898044177853,0.124202885410516,0.0738980441778532,"aporte_conservada","aporte_conservada",0.0442553977826122,0.908804794812016,0.934008183973467,0.0252033891614506,TRUE,FALSE
751,0.155,0.255,0.59,0.0290534208059981,0.860356138706654,0.110590440487348,"esc_alta","esc_media",0.537748388647027,0.863571156866974,0.433024154544496,-0.430547002322479,0.39323,0.21305,0.152385,0.088475,0.094385,0.058475,0.372729147141518,0.20244611059044,0.162635426429241,0.0937769447047798,0.104635426429241,0.0637769447047798,"aporte_conservada","aporte_conservada",0.02729395773646,0.885440595488613,0.904295177587536,0.0188545820989229,TRUE,FALSE
752,0.2475,0.55,0.2025,0.290667144061793,0.683569878406614,0.0257629775315929,"esc_media","esc_media",0.250145081570415,0.908237865329521,0.649411569172575,-0.258826296156946,0.36539,0.19865,0.166305,0.095675,0.108305,0.065675,0.352635558341248,0.192052875004094,0.172682220829376,0.098973562497953,0.114682220829376,0.068973562497953,"aporte_conservada","aporte_conservada",0.0167412658304663,0.910488986186234,0.92056665467511,0.0100776684888754,FALSE,FALSE
753,0.185,0.62,0.195,0.370887741666267,0.598627327932857,0.0304849304008762,"esc_media","esc_media",0.267021250528202,0.844090741204695,0.711298067704913,-0.132792673499782,0.11744,0.0704,0.40454,0.2189,0.11802,0.0707,0.13838317054334,0.0812326744189689,0.382977021966713,0.207746735500024,0.118639807489947,0.0710205900810071,"transferencia_conservada","transferencia_conservada",0.0348916971672127,0.879861780602772,0.899887916615849,0.0200261360130773,FALSE,FALSE
754,0.145,0.245,0.61,0.0192418656253541,0.374053978513271,0.606704155861375,"esc_alta","esc_alta",0.221593266773422,0.842982251726283,0.679971157526642,-0.163011094199641,0.101925,0.062375,0.40918,0.2213,0.128895,0.076325,0.0910796217894259,0.0567653216152203,0.423767943587459,0.228845488062479,0.125152434623115,0.0743891903223009,"transferencia_conservada","transferencia_conservada",0.0219510135866635,0.873816318538149,0.857137393177267,-0.0166789253608823,FALSE,FALSE
755,0.145,0.245,0.61,0.0127528583992964,0.0215479331574318,0.965699208443272,"esc_alta","esc_alta",0.394224041935883,0.842982251726283,0.156582359929188,-0.686399891797095,0.39497,0.21395,0.151515,0.088025,0.093515,0.058025,0.42327088830255,0.228588390501319,0.137364555848725,0.0807058047493404,0.0793645558487247,0.0507058047493404,"aporte_conservada","aporte_conservada",0.0385808999367002,0.883733523318399,0.853549573152347,-0.0301839501660521,FALSE,FALSE
756,0.185,0.62,0.195,0.495770953468972,0.46896243427441,0.0352666122566182,"esc_media","esc_baja",0.323588533784871,0.844090741204695,0.747240338675013,-0.0968504025296826,0.36858,0.2003,0.16471,0.09485,0.10671,0.06485,0.341290748209684,0.186184869763629,0.178354625895158,0.101907565118185,0.120354625895158,0.0719075651181853,"aporte_conservada","aporte_conservada",0.0357612902605188,0.907832455050351,0.928805124903761,0.0209726698534102,TRUE,FALSE
757,0.59,0.255,0.155,0.962828649138713,0.0231187669990934,0.014052583862194,"esc_baja","esc_baja",0.404754508247882,0.863571156866974,0.1670255104958,-0.696545646371175,0.34277,0.18695,0.177615,0.101525,0.119615,0.071525,0.312970988213962,0.171536718041704,0.192514505893019,0.109231640979148,0.134514505893019,0.0792316409791478,"aporte_conservada","aporte_conservada",0.0387700708866424,0.927769419019908,0.946419676621854,0.0186502576019465,FALSE,FALSE
758,0.175,0.64,0.185,0.0147306397306397,0.96969696969697,0.0155723905723906,"esc_media","esc_media",0.377926264157935,0.821775145200831,0.142713428475111,-0.67906171672572,0.11686,0.0701,0.4057,0.2195,0.11744,0.0704,0.107829966329966,0.0654292929292929,0.424291245791246,0.229116161616162,0.107878787878788,0.0654545454545455,"transferencia_conservada","transferencia_conservada",0.0249974790800678,0.878679781883175,0.858716238328341,-0.0199635435548342,FALSE,FALSE
759,0.61,0.245,0.145,0.957719673623015,0.0293832340704606,0.0128970923065239,"esc_baja","esc_baja",0.380265701696059,0.842982251726282,0.183076511112126,-0.659905740614156,0.155865,0.090275,0.35524,0.1934,0.128895,0.076325,0.189947595928313,0.107903928928438,0.31490451785973,0.172536819582619,0.135147886211957,0.0795592514889431,"transferencia_conservada","transferencia_conservada",0.0562394977549731,0.922374528809363,0.945808536375731,0.0234340075663685,FALSE,FALSE
760,0.61,0.245,0.145,0.965699208443272,0.0215479331574318,0.0127528583992964,"esc_baja","esc_baja",0.394224041935883,0.842982251726282,0.156582359929188,-0.686399891797095,0.155865,0.090275,0.35524,0.1934,0.128895,0.076325,0.190645998240985,0.108265171503958,0.31397889182058,0.172058047493404,0.135375109938434,0.0796767810026385,"transferencia_conservada","transferencia_conservada",0.0574563291917433,0.922374528809363,0.94625592447414,0.0238813956647774,FALSE,FALSE
761,0.2025,0.55,0.2475,0.290429083381256,0.674903780774701,0.034667135844043,"esc_media","esc_media",0.274839098369835,0.908237865329521,0.674484616016538,-0.233753249312983,0.0704,0.11744,0.21785,0.40251,0.07175,0.12005,0.0775493017144959,0.131261983314692,0.212574254997125,0.392310226327774,0.0698764432883795,0.116427790357534,"transferencia_degradada","transferencia_degradada",0.0223906557336645,0.881901499538298,0.891517520479615,0.00961602094131719,FALSE,FALSE
762,0.145,0.245,0.61,0.0194758365384967,0.386764114046642,0.593760049414862,"esc_alta","esc_alta",0.225237670294594,0.842982251726283,0.685979227645006,-0.157003024081277,0.101925,0.062375,0.40918,0.2213,0.128895,0.076325,0.0914753563458182,0.0569700119030094,0.423740802961534,0.22883144980769,0.124783840692647,0.0741985382893004,"transferencia_conservada","transferencia_conservada",0.021545002322744,0.873816318538149,0.857264625786668,-0.0165516927514808,FALSE,FALSE
763,0.59,0.255,0.155,0.962828649138713,0.0231187669990934,0.014052583862194,"esc_baja","esc_baja",0.404754508247882,0.863571156866974,0.1670255104958,-0.696545646371175,0.34277,0.18695,0.177615,0.101525,0.119615,0.071525,0.312970988213962,0.171536718041704,0.192514505893019,0.109231640979148,0.134514505893019,0.0792316409791478,"aporte_conservada","aporte_conservada",0.0387700708866424,0.927769419019908,0.946419676621854,0.0186502576019465,FALSE,FALSE
764,0.59,0.255,0.155,0.962828649138713,0.0231187669990934,0.014052583862194,"esc_baja","esc_baja",0.404754508247882,0.863571156866974,0.1670255104958,-0.696545646371175,0.153835,0.089225,0.35756,0.1946,0.128605,0.076175,0.190358567543064,0.108116500453309,0.314311876699909,0.172230281051677,0.135329555757026,0.0796532184950136,"transferencia_conservada","transferencia_conservada",0.0603376093250653,0.920735393412878,0.946105609084125,0.0253702156712471,FALSE,FALSE
765,0.145,0.245,0.61,0.0127528583992964,0.0215479331574318,0.965699208443272,"esc_alta","esc_alta",0.394224041935883,0.842982251726283,0.156582359929188,-0.686399891797095,0.39497,0.21395,0.151515,0.088025,0.093515,0.058025,0.42327088830255,0.228588390501319,0.137364555848725,0.0807058047493404,0.0793645558487247,0.0507058047493404,"aporte_conservada","aporte_conservada",0.0385808999367002,0.883733523318399,0.853549573152347,-0.0301839501660521,FALSE,FALSE
766,0.59,0.255,0.155,0.962828649138713,0.0231187669990934,0.014052583862194,"esc_baja","esc_baja",0.404754508247882,0.863571156866974,0.1670255104958,-0.696545646371175,0.34277,0.18695,0.177615,0.101525,0.119615,0.071525,0.312970988213962,0.171536718041704,0.192514505893019,0.109231640979148,0.134514505893019,0.0792316409791478,"aporte_conservada","aporte_conservada",0.0387700708866424,0.927769419019908,0.946419676621854,0.0186502576019465,FALSE,FALSE
767,0.54,0.28,0.18,0.870269968135757,0.110716104089413,0.0190139277748305,"esc_baja","esc_baja",0.331314164082258,0.908268214242105,0.400443646478864,-0.507824567763241,0.0596,0.09656,0.0896,0.15456,0.2108,0.38888,0.0522311593945861,0.0823135748295332,0.0822311593945861,0.140313574829533,0.225537681210828,0.417372850340934,"receptora_degradada","receptora_degradada",0.0386018861614567,0.889634547353356,0.860222361476281,-0.0294121858770752,FALSE,FALSE
768,0.54,0.28,0.18,0.954813359528487,0.0275049115913556,0.0176817288801572,"esc_baja","esc_baja",0.429976594528833,0.908268214242105,0.195096679720355,-0.71317153452175,0.1892,0.34712,0.1004,0.17544,0.0704,0.11744,0.17188605108055,0.313646365422397,0.109056974459725,0.192176817288802,0.079056974459725,0.134176817288802,"aporte_degradada","aporte_degradada",0.0435684519592026,0.924656908219664,0.946048456170975,0.0213915479513115,FALSE,FALSE
769,0.145,0.245,0.61,0.0280735721200387,0.853823814133592,0.11810261374637,"esc_alta","esc_media",0.539649333999364,0.842982251726283,0.443765212253567,-0.399217039472716,0.39497,0.21395,0.151515,0.088025,0.093515,0.058025,0.373221684414327,0.20270087124879,0.162389157792836,0.093649564375605,0.104389157792836,0.063649564375605,"aporte_conservada","aporte_conservada",0.0289790644950856,0.883733523318399,0.90386909935513,0.0201355760367312,TRUE,FALSE
770,0.175,0.64,0.185,0.431904401193745,0.535911567740958,0.0321840310652974,"esc_media","esc_media",0.294410016408442,0.821775145200831,0.735012232501892,-0.0867629126989384,0.36858,0.2003,0.16471,0.09485,0.10671,0.06485,0.34481621853255,0.188008388896147,0.176591890733725,0.100995805551927,0.118591890733725,0.0709958055519267,"aporte_conservada","aporte_conservada",0.0311630489550019,0.907832455050351,0.926317742919188,0.0184852878688365,FALSE,FALSE
771,0.185,0.62,0.195,0.158763306317603,0.818873844296451,0.0223628493859463,"esc_media","esc_media",0.259601828064617,0.844090741204695,0.492254650381113,-0.351836090823583,0.36858,0.2003,0.16471,0.09485,0.10671,0.06485,0.360088773497964,0.19590798629205,0.168955613251018,0.0970460068539749,0.110955613251018,0.0670460068539749,"aporte_conservada","aporte_conservada",0.0111738838415856,0.907832455050351,0.914783016049347,0.00695056099899627,FALSE,FALSE
772,0.59,0.255,0.155,0.962828649138713,0.0231187669990934,0.014052583862194,"esc_baja","esc_baja",0.404754508247882,0.863571156866974,0.1670255104958,-0.696545646371175,0.153835,0.089225,0.35756,0.1946,0.128605,0.076175,0.190358567543064,0.108116500453309,0.314311876699909,0.172230281051677,0.135329555757026,0.0796532184950136,"transferencia_conservada","transferencia_conservada",0.0603376093250653,0.920735393412878,0.946105609084125,0.0253702156712471,FALSE,FALSE
773,0.175,0.64,0.185,0.178515878315734,0.799389888770022,0.0220942329142445,"esc_media","esc_media",0.243345548477317,0.821775145200831,0.519581134049004,-0.302194011151826,0.0701,0.11686,0.2195,0.4057,0.0704,0.11744,0.0727018010304943,0.121890148658956,0.219289047301056,0.405292158115375,0.0680091516684497,0.112817693225669,"transferencia_degradada","transferencia_degradada",0.0101882728130525,0.878679781883175,0.878955214031615,0.000275432148439725,FALSE,FALSE
774,0.185,0.62,0.195,0.0160311958405546,0.967071057192374,0.0168977469670711,"esc_media","esc_media",0.388859957917814,0.844090741204695,0.152550356698301,-0.691540384506394,0.2003,0.36858,0.09485,0.16471,0.06485,0.10671,0.200025996533795,0.368050259965338,0.0949870017331022,0.164974870017331,0.0649870017331022,0.106974870017331,"aporte_degradada","aporte_degradada",0.000698575799792154,0.907832455050351,0.90827739396938,0.000444938919028748,FALSE,FALSE
775,0.145,0.245,0.61,0.0127528583992964,0.0215479331574318,0.965699208443272,"esc_alta","esc_alta",0.394224041935883,0.842982251726283,0.156582359929188,-0.686399891797095,0.101925,0.062375,0.40918,0.2213,0.128895,0.076325,0.0801042216358839,0.0510883905013193,0.424520668425682,0.229234828496042,0.135375109938434,0.0796767810026385,"transferencia_conservada","transferencia_conservada",0.0398350591428906,0.873816318538149,0.852698679496852,-0.0211176390412975,FALSE,FALSE
776,0.61,0.245,0.145,0.881587986999098,0.104138804056888,0.0142732089440139,"esc_baja","esc_baja",0.289842775055092,0.842982251726282,0.370762527518327,-0.472219724207956,0.18605,0.34103,0.101975,0.178485,0.071975,0.120485,0.173980556658347,0.317695742872805,0.108009721670826,0.190152128563597,0.0780097216708263,0.132152128563597,"aporte_degradada","aporte_degradada",0.0303629860118041,0.928986494653445,0.943772703566729,0.0147862089132837,FALSE,FALSE
777,0.61,0.245,0.145,0.965699208443272,0.0215479331574318,0.0127528583992964,"esc_baja","esc_baja",0.394224041935883,0.842982251726283,0.156582359929188,-0.686399891797095,0.18605,0.34103,0.101975,0.178485,0.071975,0.120485,0.171411609498681,0.312729111697449,0.10929419525066,0.192635444151275,0.0792941952506596,0.134635444151275,"aporte_degradada","aporte_degradada",0.0368157900309134,0.928986494653445,0.946552043807644,0.0175655491541987,FALSE,FALSE
778,0.59,0.255,0.155,0.962828649138713,0.0231187669990934,0.014052583862194,"esc_baja","esc_baja",0.404754508247882,0.863571156866974,0.1670255104958,-0.696545646371175,0.153835,0.089225,0.35756,0.1946,0.128605,0.076175,0.190358567543064,0.108116500453309,0.314311876699909,0.172230281051677,0.135329555757026,0.0796532184950136,"transferencia_conservada","transferencia_conservada",0.0603376093250653,0.920735393412878,0.946105609084125,0.0253702156712471,FALSE,FALSE
779,0.135,0.235,0.63,0.0115286080273271,0.020068317677199,0.968403074295474,"esc_alta","esc_alta",0.383427959903019,0.820796482214274,0.146533027381825,-0.674263454832449,0.061625,0.100475,0.2219,0.41034,0.076475,0.129185,0.0509927412467976,0.0799192997438087,0.22930828351836,0.42466268146883,0.079698975234842,0.135418018787361,"transferencia_degradada","transferencia_degradada",0.0376653215551096,0.872427575940594,0.852486696354246,-0.0199408795863478,FALSE,FALSE
780,0.175,0.64,0.185,0.0362630663011836,0.947307133187998,0.0164298005108184,"esc_media","esc_media",0.342068637623459,0.821775145200831,0.217608131413102,-0.604167013787729,0.11686,0.0701,0.4057,0.2195,0.11744,0.0704,0.109678422553389,0.066385390975891,0.421793484309063,0.227824216021929,0.108528093137548,0.06579039300218,"transferencia_conservada","transferencia_conservada",0.0216897976322711,0.878679781883175,0.861508902358841,-0.0171708795243335,FALSE,FALSE
781,0.2025,0.55,0.2475,0.506485834806222,0.450268940675622,0.0432452245181562,"esc_media","esc_baja",0.3306632782676,0.908237865329521,0.76427623506381,-0.14396163026571,0.20135,0.37061,0.094325,0.163695,0.064325,0.105695,0.186102781691358,0.341132044603292,0.101948609154321,0.178433977698354,0.071948609154321,0.120433977698354,"aporte_degradada","aporte_degradada",0.0386456097578851,0.906113423686927,0.928915557675601,0.0228021339886741,TRUE,FALSE
782,0.2,0.54,0.26,0.254940661680957,0.709633124206592,0.0354262141124509,"esc_media","esc_media",0.283346510782649,0.914669585086509,0.646431130979136,-0.268238454107373,0.2018,0.37148,0.0941,0.16326,0.0641,0.10526,0.193414566572945,0.355268162041027,0.0982927167135276,0.171365918979487,0.0682927167135276,0.113365918979487,"aporte_degradada","aporte_degradada",0.0213242896601668,0.905369891898906,0.918557516856744,0.0131876249578381,FALSE,FALSE
783,0.185,0.64,0.175,0.349599264130135,0.624014889659297,0.0263858462105685,"esc_media","esc_media",0.250865050350473,0.821775145200831,0.689598862019506,-0.132176283181325,0.1997,0.36742,0.09515,0.16529,0.06515,0.10729,0.190303597462413,0.349253621760665,0.0998482012687935,0.174373189119667,0.0698482012687935,0.116373189119667,"aporte_degradada","aporte_degradada",0.0238385730395467,0.908804794812016,0.923093738767488,0.0142889439554713,FALSE,FALSE
784,0.145,0.245,0.61,0.0127528583992964,0.0215479331574318,0.965699208443272,"esc_alta","esc_alta",0.394224041935883,0.842982251726283,0.156582359929188,-0.686399891797095,0.39497,0.21395,0.151515,0.088025,0.093515,0.058025,0.42327088830255,0.228588390501319,0.137364555848725,0.0807058047493404,0.0793645558487247,0.0507058047493404,"aporte_conservada","aporte_conservada",0.0385808999367002,0.883733523318399,0.853549573152347,-0.0301839501660521,FALSE,FALSE
785,0.59,0.255,0.155,0.962828649138713,0.0231187669990934,0.014052583862194,"esc_baja","esc_baja",0.404754508247882,0.863571156866974,0.1670255104958,-0.696545646371175,0.34277,0.18695,0.177615,0.101525,0.119615,0.071525,0.312970988213962,0.171536718041704,0.192514505893019,0.109231640979148,0.134514505893019,0.0792316409791478,"aporte_conservada","aporte_conservada",0.0387700708866424,0.927769419019908,0.946419676621854,0.0186502576019465,FALSE,FALSE
786,0.61,0.245,0.145,0.909125532982143,0.0770990123843459,0.013775454633511,"esc_baja","esc_baja",0.316489172605961,0.842982251726282,0.312411587459017,-0.530570664267266,0.058025,0.093515,0.088025,0.151515,0.21395,0.39497,0.0515697488247705,0.0810348477278897,0.0815697488247705,0.13903484772789,0.226860502350459,0.419930304544221,"receptora_degradada","receptora_degradada",0.0339641021329096,0.883733523318399,0.857354161837054,-0.0263793614813452,FALSE,FALSE
787,0.61,0.245,0.145,0.965699208443272,0.0215479331574318,0.0127528583992964,"esc_baja","esc_baja",0.394224041935883,0.842982251726282,0.156582359929188,-0.686399891797095,0.18605,0.34103,0.101975,0.178485,0.071975,0.120485,0.171411609498681,0.312729111697449,0.10929419525066,0.192635444151275,0.0792941952506596,0.134635444151275,"aporte_degradada","aporte_degradada",0.0368157900309134,0.928986494653445,0.946552043807644,0.0175655491541987,FALSE,FALSE
788,0.61,0.245,0.145,0.965699208443272,0.0215479331574318,0.0127528583992964,"esc_baja","esc_baja",0.394224041935883,0.842982251726282,0.156582359929188,-0.686399891797095,0.18605,0.34103,0.101975,0.178485,0.071975,0.120485,0.171411609498681,0.312729111697449,0.10929419525066,0.192635444151275,0.0792941952506596,0.134635444151275,"aporte_degradada","aporte_degradada",0.0368157900309134,0.928986494653445,0.946552043807644,0.0175655491541987,FALSE,FALSE
789,0.185,0.64,0.175,0.189122108161474,0.790091578288922,0.0207863135496039,"esc_media","esc_media",0.236231355205934,0.821775145200831,0.52941557738847,-0.292359567812361,0.06485,0.10671,0.09485,0.16471,0.2003,0.36858,0.0624749630808219,0.102118261956256,0.092474963080822,0.160118261956256,0.205050073838356,0.377763476087488,"receptora_degradada","receptora_degradada",0.0121451122581151,0.907832455050351,0.899878152823283,-0.00795430222706828,FALSE,FALSE
790,0.185,0.64,0.175,0.137717972527882,0.843289359470701,0.0189926680014166,"esc_media","esc_media",0.254443484260516,0.821775145200831,0.447881617730965,-0.373893527469866,0.06485,0.10671,0.09485,0.16471,0.2003,0.36858,0.063219120432103,0.103556966168733,0.093219120432103,0.161556966168732,0.203561759135794,0.374886067662535,"receptora_degradada","receptora_degradada",0.00833239950141817,0.907832455050351,0.902419573916563,-0.00541288113378813,FALSE,FALSE
791,0.155,0.255,0.59,0.0290534208059981,0.860356138706654,0.110590440487348,"esc_alta","esc_media",0.537748388647027,0.863571156866974,0.433024154544496,-0.430547002322479,0.063125,0.103375,0.2207,0.40802,0.076175,0.128605,0.0646485473289597,0.106320524835989,0.22825679475164,0.422629803186504,0.0670946579194002,0.111049671977507,"transferencia_degradada","transferencia_degradada",0.0288440675815534,0.875185242956966,0.860538023241762,-0.0146472197152043,TRUE,FALSE
792,0.155,0.255,0.59,0.0204884430450848,0.382321513295797,0.597190043659118,"esc_alta","esc_alta",0.226657123557774,0.863571156866974,0.687339701618849,-0.176231455248125,0.063125,0.103375,0.2207,0.40802,0.076175,0.128605,0.0569641292821421,0.091463983278808,0.228770693417295,0.42362334060677,0.074265177300563,0.124912676114422,"transferencia_degradada","transferencia_degradada",0.0237242928777908,0.875185242956966,0.857380054845087,-0.0178051881118791,FALSE,FALSE
793,0.2,0.54,0.26,0.0196463654223969,0.954813359528487,0.0255402750491159,"esc_media","esc_media",0.429976594528833,0.914669585086509,0.195725498074422,-0.718944087012086,0.2018,0.37148,0.0941,0.16326,0.0641,0.10526,0.200176817288802,0.36834184675835,0.0949115913555992,0.164829076620825,0.0649115913555992,0.106829076620825,"aporte_degradada","aporte_degradada",0.0041420803112853,0.905369891898906,0.908032671440731,0.00266277954182492,FALSE,FALSE
794,0.59,0.255,0.155,0.962828649138713,0.0231187669990934,0.014052583862194,"esc_baja","esc_baja",0.404754508247882,0.863571156866974,0.1670255104958,-0.696545646371175,0.34277,0.18695,0.177615,0.101525,0.119615,0.071525,0.312970988213962,0.171536718041704,0.192514505893019,0.109231640979148,0.134514505893019,0.0792316409791478,"aporte_conservada","aporte_conservada",0.0387700708866424,0.927769419019908,0.946419676621854,0.0186502576019465,FALSE,FALSE
795,0.145,0.245,0.61,0.026349677723855,0.760175714348841,0.213474607927304,"esc_alta","esc_media",0.452048209730423,0.842982251726283,0.577014548742214,-0.265967702984069,0.120485,0.071975,0.178485,0.101975,0.34103,0.18605,0.1124266229759,0.0678068739530518,0.1704266229759,0.0978068739530518,0.3571467540482,0.194386252093897,"receptora_conservada","receptora_conservada",0.0210712509050716,0.928986494653445,0.91710130788796,-0.0118851867654852,TRUE,FALSE
796,0.235,0.56,0.205,0.0223384030418251,0.958174904942966,0.0194866920152091,"esc_media","esc_media",0.42007322295266,0.901037653371436,0.184410187343607,-0.716627466027829,0.1215,0.0725,0.39874,0.2159,0.11976,0.0716,0.108378326996198,0.065712927756654,0.423408745247148,0.22865969581749,0.108212927756654,0.0656273764258555,"transferencia_conservada","transferencia_conservada",0.0330830059661535,0.885656723198314,0.859707796613936,-0.0259489265843779,FALSE,FALSE
797,0.61,0.245,0.145,0.965699208443272,0.0215479331574318,0.0127528583992964,"esc_baja","esc_baja",0.394224041935883,0.842982251726282,0.156582359929188,-0.686399891797095,0.090275,0.155865,0.1934,0.35524,0.076325,0.128895,0.108265171503958,0.190645998240985,0.172058047493404,0.31397889182058,0.0796767810026385,0.135375109938434,"transferencia_degradada","transferencia_degradada",0.0574563291917433,0.922374528809363,0.94625592447414,0.0238813956647774,FALSE,FALSE
798,0.61,0.245,0.145,0.965699208443272,0.0215479331574318,0.0127528583992964,"esc_baja","esc_baja",0.394224041935883,0.842982251726283,0.156582359929188,-0.686399891797095,0.18605,0.34103,0.101975,0.178485,0.071975,0.120485,0.171411609498681,0.312729111697449,0.10929419525066,0.192635444151275,0.0792941952506596,0.134635444151275,"aporte_degradada","aporte_degradada",0.0368157900309134,0.928986494653445,0.946552043807644,0.0175655491541987,FALSE,FALSE
799,0.135,0.235,0.63,0.0237261549984356,0.670758555465067,0.305515289536498,"esc_alta","esc_media",0.389044381259242,0.820796482214274,0.654366375664102,-0.166430106550172,0.061625,0.100475,0.2219,0.41034,0.076475,0.129185,0.0614849476318821,0.100204232088305,0.228576430700094,0.423247766020181,0.069938621668024,0.116548001891513,"transferencia_degradada","transferencia_degradada",0.0211599931822035,0.872427575940594,0.859392177465834,-0.0130353984747595,TRUE,FALSE
800,0.59,0.255,0.155,0.962828649138713,0.0231187669990934,0.014052583862194,"esc_baja","esc_baja",0.404754508247882,0.863571156866974,0.1670255104958,-0.696545646371175,0.153835,0.089225,0.35756,0.1946,0.128605,0.076175,0.190358567543064,0.108116500453309,0.314311876699909,0.172230281051677,0.135329555757026,0.0796532184950136,"transferencia_conservada","transferencia_conservada",0.0603376093250653,0.920735393412878,0.946105609084125,0.0253702156712471,FALSE,FALSE
801,0.185,0.64,0.175,0.37068858621732,0.602189697428402,0.0271217163542782,"esc_media","esc_media",0.258472523141187,0.821775145200831,0.701911335718385,-0.119863809482445,0.1997,0.36742,0.09515,0.16529,0.06515,0.10729,0.189692993904109,0.348073121547944,0.100153503047946,0.174963439226028,0.0701535030479456,0.116963439226028,"aporte_degradada","aporte_degradada",0.0253812908037415,0.908804794812016,0.923961590296903,0.0151567954848866,FALSE,FALSE
802,0.185,0.62,0.195,0.147653530780244,0.830409004570009,0.0219374646497474,"esc_media","esc_media",0.264150876493812,0.844090741204695,0.473831025243919,-0.370259715960776,0.36858,0.2003,0.16471,0.09485,0.10671,0.06485,0.360708468164431,0.196228518016085,0.168645765917784,0.0968857409919574,0.110645765917784,0.0668857409919574,"aporte_conservada","aporte_conservada",0.010360032298639,0.907832455050351,0.914288815233649,0.00645636018329776,FALSE,FALSE
803,0.63,0.235,0.135,0.968403074295474,0.020068317677199,0.0115286080273271,"esc_baja","esc_baja",0.383427959903019,0.820796482214274,0.146533027381825,-0.674263454832449,0.157895,0.091325,0.35292,0.1922,0.129185,0.076475,0.190916737830914,0.108405209222886,0.313665243381725,0.171895815542272,0.135418018787361,0.079698975234842,"transferencia_conservada","transferencia_conservada",0.0545570979642289,0.923978951296294,0.94639690599231,0.0224179546960163,FALSE,FALSE
804,0.59,0.255,0.155,0.962828649138713,0.0231187669990934,0.014052583862194,"esc_baja","esc_baja",0.404754508247882,0.863571156866974,0.1670255104958,-0.696545646371175,0.094385,0.058475,0.152385,0.088475,0.39323,0.21305,0.079485494106981,0.0507683590208522,0.137485494106981,0.0807683590208522,0.423029011786038,0.228463281958296,"receptora_conservada","receptora_conservada",0.0405812408125765,0.885440595488613,0.853827266990514,-0.0316133284980998,FALSE,FALSE
805,0.59,0.255,0.155,0.962828649138713,0.0231187669990934,0.014052583862194,"esc_baja","esc_baja",0.404754508247882,0.863571156866974,0.1670255104958,-0.696545646371175,0.094385,0.058475,0.152385,0.088475,0.39323,0.21305,0.079485494106981,0.0507683590208522,0.137485494106981,0.0807683590208522,0.423029011786038,0.228463281958296,"receptora_conservada","receptora_conservada",0.0405812408125765,0.885440595488613,0.853827266990514,-0.0316133284980998,FALSE,FALSE
806,0.59,0.255,0.155,0.962828649138713,0.0231187669990934,0.014052583862194,"esc_baja","esc_baja",0.404754508247882,0.863571156866974,0.1670255104958,-0.696545646371175,0.094385,0.058475,0.152385,0.088475,0.39323,0.21305,0.079485494106981,0.0507683590208522,0.137485494106981,0.0807683590208522,0.423029011786038,0.228463281958296,"receptora_conservada","receptora_conservada",0.0405812408125765,0.885440595488613,0.853827266990514,-0.0316133284980998,FALSE,FALSE
807,0.59,0.255,0.155,0.962828649138713,0.0231187669990934,0.014052583862194,"esc_baja","esc_baja",0.404754508247882,0.863571156866974,0.1670255104958,-0.696545646371175,0.34277,0.18695,0.177615,0.101525,0.119615,0.071525,0.312970988213962,0.171536718041704,0.192514505893019,0.109231640979148,0.134514505893019,0.0792316409791478,"aporte_conservada","aporte_conservada",0.0387700708866424,0.927769419019908,0.946419676621854,0.0186502576019465,FALSE,FALSE
808,0.235,0.56,0.205,0.2990346957066,0.674245201254858,0.026720103038542,"esc_media","esc_media",0.250405069741642,0.901037653371436,0.658598239835948,-0.242439413535488,0.36626,0.1991,0.16587,0.09545,0.10787,0.06545,0.352205753625253,0.191830562219958,0.172897123187374,0.0990847188900209,0.114897123187374,0.0690847188900209,"aporte_conservada","aporte_conservada",0.0184493673994177,0.909769899800598,0.92089117884081,0.0111212790402119,FALSE,FALSE
809,0.63,0.235,0.135,0.968403074295474,0.020068317677199,0.0115286080273271,"esc_baja","esc_baja",0.383427959903019,0.820796482214274,0.146533027381825,-0.674263454832449,0.33929,0.18515,0.179355,0.102425,0.121355,0.072425,0.312501280956447,0.171293766011956,0.192749359521776,0.109353116994022,0.134749359521776,0.0793531169940222,"aporte_conservada","aporte_conservada",0.0348441883863252,0.930187634168388,0.946676444656115,0.0164888104877277,FALSE,FALSE
810,0.18,0.28,0.54,0.0176817288801572,0.0275049115913556,0.954813359528487,"esc_alta","esc_alta",0.429976594528833,0.908268214242105,0.195096679720355,-0.71317153452175,0.107,0.065,0.40512,0.2192,0.12788,0.0758,0.0808487229862476,0.0514734774066798,0.423948919449902,0.228939096267191,0.135202357563851,0.0795874263261297,"transferencia_conservada","transferencia_conservada",0.0471446692576637,0.878522229300612,0.853548203009197,-0.024974026291415,FALSE,FALSE
811,0.59,0.255,0.155,0.962828649138713,0.0231187669990934,0.014052583862194,"esc_baja","esc_baja",0.404754508247882,0.863571156866974,0.1670255104958,-0.696545646371175,0.153835,0.089225,0.35756,0.1946,0.128605,0.076175,0.190358567543064,0.108116500453309,0.314311876699909,0.172230281051677,0.135329555757026,0.0796532184950136,"transferencia_conservada","transferencia_conservada",0.0603376093250653,0.920735393412878,0.946105609084125,0.0253702156712471,FALSE,FALSE
812,0.175,0.64,0.185,0.0147306397306397,0.96969696969697,0.0155723905723906,"esc_media","esc_media",0.377926264157935,0.821775145200831,0.142713428475111,-0.67906171672572,0.36858,0.2003,0.16471,0.09485,0.10671,0.06485,0.368048821548822,0.200025252525252,0.164975589225589,0.0949873737373737,0.106975589225589,0.0649873737373737,"aporte_conservada","aporte_conservada",0.000700472379864083,0.907832455050351,0.908278600067441,0.00044614501709006,FALSE,FALSE
813,0.145,0.245,0.61,0.0244212973970378,0.655419208574179,0.320159494028783,"esc_alta","esc_media",0.370754770819248,0.842982251726283,0.666478987360957,-0.176503264365325,0.45962,0.1493,0.17419,0.06535,0.10619,0.04535,0.448110197370959,0.145914763932635,0.179944901314521,0.0670426180336825,0.111944901314521,0.0470426180336825,"aporte_conservada","aporte_conservada",0.0131957580496014,0.838468544093119,0.84792669158928,0.00945814749616147,TRUE,FALSE
814,0.145,0.245,0.61,0.0127528583992964,0.0215479331574318,0.965699208443272,"esc_alta","esc_alta",0.394224041935883,0.842982251726283,0.156582359929188,-0.686399891797095,0.101925,0.062375,0.40918,0.2213,0.128895,0.076325,0.0801042216358839,0.0510883905013193,0.424520668425682,0.229234828496042,0.135375109938434,0.0796767810026385,"transferencia_conservada","transferencia_conservada",0.0398350591428906,0.873816318538149,0.852698679496852,-0.0211176390412975,FALSE,FALSE
815,0.185,0.62,0.195,0.0160311958405546,0.967071057192374,0.0168977469670711,"esc_media","esc_media",0.388859957917814,0.844090741204695,0.152550356698301,-0.691540384506394,0.13424,0.0536,0.47084,0.1526,0.13492,0.0538,0.123060658578856,0.0503119584055459,0.493819757365685,0.159358752166378,0.123119584055459,0.0503292894280763,"transferencia_conservada","transferencia_conservada",0.026447785367729,0.834616405506392,0.813540164760646,-0.021076240745746,FALSE,FALSE
816,0.175,0.64,0.185,0.0382112771784549,0.945281345574874,0.0165073772466709,"esc_media","esc_media",0.339381392259322,0.821775145200831,0.22363157987015,-0.598143565330681,0.13356,0.0534,0.4722,0.153,0.13424,0.0536,0.125336299445816,0.0509812645428869,0.49080326630373,0.158471548912862,0.123860434250454,0.0505471865442513,"transferencia_conservada","transferencia_conservada",0.0214852155246378,0.833428941220827,0.816427878294749,-0.0170010629260775,FALSE,FALSE
817,0.175,0.64,0.185,0.0147306397306397,0.96969696969697,0.0155723905723906,"esc_media","esc_media",0.377926264157935,0.821775145200831,0.142713428475111,-0.67906171672572,0.36858,0.2003,0.16471,0.09485,0.10671,0.06485,0.368048821548822,0.200025252525252,0.164975589225589,0.0949873737373737,0.106975589225589,0.0649873737373737,"aporte_conservada","aporte_conservada",0.000700472379864083,0.907832455050351,0.908278600067441,0.00044614501709006,FALSE,FALSE
818,0.185,0.62,0.195,0.0620890540457748,0.919249679121552,0.018661266832673,"esc_media","esc_media",0.324561443527729,0.844090741204695,0.295146647296114,-0.548944093908581,0.36858,0.2003,0.16471,0.09485,0.10671,0.06485,0.36548118834164,0.198697166383607,0.16625940582918,0.0956514168081965,0.10825940582918,0.0656514168081965,"aporte_conservada","aporte_conservada",0.00408357058570609,0.907832455050351,0.910413806300898,0.00258135125054682,FALSE,FALSE
819,0.63,0.235,0.135,0.968403074295474,0.020068317677199,0.0115286080273271,"esc_baja","esc_baja",0.383427959903019,0.820796482214274,0.146533027381825,-0.674263454832449,0.39434,0.1301,0.20683,0.07495,0.13883,0.05495,0.362932536293766,0.120862510674637,0.222533731853117,0.0795687446626815,0.154533731853117,0.0595687446626815,"aporte_conservada","aporte_conservada",0.0349307316693308,0.885139172705615,0.901697307016653,0.0165581343110376,FALSE,FALSE
820,0.63,0.235,0.135,0.968403074295474,0.020068317677199,0.0115286080273271,"esc_baja","esc_baja",0.383427959903019,0.820796482214274,0.146533027381825,-0.674263454832449,0.39434,0.1301,0.20683,0.07495,0.13883,0.05495,0.362932536293766,0.120862510674637,0.222533731853117,0.0795687446626815,0.154533731853117,0.0595687446626815,"aporte_conservada","aporte_conservada",0.0349307316693308,0.885139172705615,0.901697307016653,0.0165581343110376,FALSE,FALSE
821,0.63,0.235,0.135,0.968403074295474,0.020068317677199,0.0115286080273271,"esc_baja","esc_baja",0.383427959903019,0.820796482214274,0.146533027381825,-0.674263454832449,0.39434,0.1301,0.20683,0.07495,0.13883,0.05495,0.362932536293766,0.120862510674637,0.222533731853117,0.0795687446626815,0.154533731853117,0.0595687446626815,"aporte_conservada","aporte_conservada",0.0349307316693308,0.885139172705615,0.901697307016653,0.0165581343110376,FALSE,FALSE
822,0.185,0.62,0.195,0.0160311958405546,0.967071057192374,0.0168977469670711,"esc_media","esc_media",0.388859957917814,0.844090741204695,0.152550356698301,-0.691540384506394,0.36858,0.2003,0.16471,0.09485,0.10671,0.06485,0.368050259965338,0.200025996533795,0.164974870017331,0.0949870017331022,0.106974870017331,0.0649870017331022,"aporte_conservada","aporte_conservada",0.000698575799792154,0.907832455050351,0.90827739396938,0.000444938919028748,FALSE,FALSE
823,0.59,0.255,0.155,0.962828649138713,0.0231187669990934,0.014052583862194,"esc_baja","esc_baja",0.404754508247882,0.863571156866974,0.1670255104958,-0.696545646371175,0.34277,0.18695,0.177615,0.101525,0.119615,0.071525,0.312970988213962,0.171536718041704,0.192514505893019,0.109231640979148,0.134514505893019,0.0792316409791478,"aporte_conservada","aporte_conservada",0.0387700708866424,0.927769419019908,0.946419676621854,0.0186502576019465,FALSE,FALSE
824,0.145,0.245,0.61,0.0128294561789436,0.025708998085522,0.961461545735534,"esc_alta","esc_alta",0.386616975848072,0.842982251726283,0.170933656525312,-0.672048595200971,0.101925,0.062375,0.40918,0.2213,0.128895,0.076325,0.0802337778612376,0.0511554023420195,0.424511783083242,0.229230232629263,0.13525443905552,0.0796143650287172,"transferencia_conservada","transferencia_conservada",0.0395813158050632,0.873816318538149,0.852761493298816,-0.0210548252393329,FALSE,FALSE
825,0.2025,0.55,0.2475,0.231179393532573,0.736505857623946,0.0323147488434812,"esc_media","esc_media",0.279556238968323,0.908237865329521,0.614174480605546,-0.294063384723975,0.0704,0.11744,0.21785,0.40251,0.07175,0.12005,0.0749183514763136,0.126175479520873,0.216129236388046,0.399183190350221,0.0689524121356408,0.114641330128906,"transferencia_degradada","transferencia_degradada",0.015366938602294,0.881901499538298,0.885001849691941,0.00310035015364285,FALSE,FALSE
826,0.2,0.54,0.26,0.532833447416491,0.420064614963919,0.0471019376195902,"esc_media","esc_baja",0.347289197151062,0.914669585086509,0.767970875047214,-0.146698710039295,0.0701,0.11686,0.218,0.4028,0.0719,0.12034,0.0882709760694482,0.151990553734267,0.198029993155011,0.364191320099687,0.0736990307755412,0.123818126166046,"transferencia_degradada","transferencia_degradada",0.059051246686523,0.881600888392151,0.915291045235157,0.0336901568430059,TRUE,FALSE
827,0.1275,0.2275,0.645,0.0261941448382126,0.841294298921418,0.13251155624037,"esc_alta","esc_media",0.542372074994677,0.803083415349579,0.462956055042096,-0.340127360307484,0.215525,0.398015,0.0872375,0.1499925,0.0572375,0.0919925,0.203189522342065,0.374166409861325,0.0934052388289676,0.161916795069337,0.0634052388289676,0.103916795069337,"aporte_degradada","aporte_degradada",0.0318265336753986,0.88070538177229,0.903048172031271,0.0223427902589817,TRUE,FALSE
828,0.59,0.255,0.155,0.962828649138713,0.0231187669990934,0.014052583862194,"esc_baja","esc_baja",0.404754508247882,0.863571156866974,0.1670255104958,-0.696545646371175,0.34277,0.18695,0.177615,0.101525,0.119615,0.071525,0.312970988213962,0.171536718041704,0.192514505893019,0.109231640979148,0.134514505893019,0.0792316409791478,"aporte_conservada","aporte_conservada",0.0387700708866424,0.927769419019908,0.946419676621854,0.0186502576019465,FALSE,FALSE
829,0.1725,0.2725,0.555,0.0165309056061332,0.0261140392908481,0.957355055103019,"esc_alta","esc_alta",0.422572030008761,0.895860114045862,0.186356839165627,-0.709503274880234,0.1059125,0.0644375,0.40599,0.21965,0.1280975,0.0759125,0.080674892189746,0.0513835649257307,0.424082414949688,0.229008145663632,0.135242692860565,0.0796082894106373,"transferencia_conservada","transferencia_conservada",0.0456182298414636,0.877533808925172,0.853350412594473,-0.0241833963306991,FALSE,FALSE
830,0.54,0.28,0.18,0.954813359528487,0.0275049115913556,0.0176817288801572,"esc_baja","esc_baja",0.429976594528833,0.908268214242105,0.195096679720355,-0.71317153452175,0.1892,0.34712,0.1004,0.17544,0.0704,0.11744,0.17188605108055,0.313646365422397,0.109056974459725,0.192176817288802,0.079056974459725,0.134176817288802,"aporte_degradada","aporte_degradada",0.0435684519592026,0.924656908219664,0.946048456170975,0.0213915479513115,FALSE,FALSE
831,0.59,0.255,0.155,0.962828649138713,0.0231187669990934,0.014052583862194,"esc_baja","esc_baja",0.404754508247882,0.863571156866974,0.1670255104958,-0.696545646371175,0.153835,0.089225,0.35756,0.1946,0.128605,0.076175,0.190358567543064,0.108116500453309,0.314311876699909,0.172230281051677,0.135329555757026,0.0796532184950136,"transferencia_conservada","transferencia_conservada",0.0603376093250653,0.920735393412878,0.946105609084125,0.0253702156712471,FALSE,FALSE
832,0.59,0.255,0.155,0.962828649138713,0.0231187669990934,0.014052583862194,"esc_baja","esc_baja",0.404754508247882,0.863571156866974,0.1670255104958,-0.696545646371175,0.39842,0.1313,0.20479,0.07435,0.13679,0.05435,0.363483227561197,0.12102447869447,0.222258386219402,0.0794877606527652,0.154258386219402,0.0594877606527652,"aporte_conservada","aporte_conservada",0.0388676150433941,0.882710526136348,0.901439480212449,0.0187289540761008,FALSE,FALSE
833,0.59,0.255,0.155,0.962828649138713,0.0231187669990934,0.014052583862194,"esc_baja","esc_baja",0.404754508247882,0.863571156866974,0.1670255104958,-0.696545646371175,0.39842,0.1313,0.20479,0.07435,0.13679,0.05435,0.363483227561197,0.12102447869447,0.222258386219402,0.0794877606527652,0.154258386219402,0.0594877606527652,"aporte_conservada","aporte_conservada",0.0388676150433941,0.882710526136348,0.901439480212449,0.0187289540761008,FALSE,FALSE
834,0.54,0.28,0.18,0.954813359528487,0.0275049115913556,0.0176817288801572,"esc_baja","esc_baja",0.429976594528833,0.908268214242105,0.195096679720355,-0.71317153452175,0.0866,0.14876,0.1976,0.36336,0.0758,0.12788,0.10770137524558,0.189555992141454,0.172711198428291,0.315241650294695,0.0795874263261297,0.135202357563851,"transferencia_degradada","transferencia_degradada",0.0674465451320244,0.916484382195692,0.945682388037966,0.0291980058422748,FALSE,FALSE
835,0.185,0.64,0.175,0.803377563329313,0.154402895054282,0.0422195416164053,"esc_media","esc_baja",0.544880687004133,0.821775145200831,0.54428411388008,-0.277491031320751,0.06485,0.10671,0.09485,0.16471,0.2003,0.36858,0.0535826296743064,0.0849264173703257,0.0835826296743064,0.142926417370326,0.222834740651387,0.412147165259349,"receptora_degradada","receptora_degradada",0.0583626657407218,0.907832455050351,0.865964128793933,-0.0418683262564181,TRUE,FALSE
836,0.2025,0.55,0.2475,0.820483961733258,0.123804164321891,0.0557118739448509,"esc_media","esc_baja",0.544665325676038,0.908237865329521,0.529619796176323,-0.378618069153197,0.20135,0.37061,0.094325,0.163695,0.064325,0.105695,0.177056837366348,0.323643218908272,0.106471581316826,0.187178390545864,0.0764715813168261,0.129178390545864,"aporte_degradada","aporte_degradada",0.0613913193586133,0.906113423686927,0.940274767874134,0.034161344187207,TRUE,FALSE
837,0.59,0.255,0.155,0.962828649138713,0.0231187669990934,0.014052583862194,"esc_baja","esc_baja",0.404754508247882,0.863571156866974,0.1670255104958,-0.696545646371175,0.34277,0.18695,0.177615,0.101525,0.119615,0.071525,0.312970988213962,0.171536718041704,0.192514505893019,0.109231640979148,0.134514505893019,0.0792316409791478,"aporte_conservada","aporte_conservada",0.0387700708866424,0.927769419019908,0.946419676621854,0.0186502576019465,FALSE,FALSE
838,0.185,0.62,0.195,0.803377563329312,0.149577804583836,0.0470446320868516,"esc_media","esc_baja",0.544880687004133,0.844090741204695,0.549667852361108,-0.294422888843587,0.10729,0.06515,0.16529,0.09515,0.36742,0.1997,0.0850663449939686,0.0536550060313631,0.143066344993969,0.0836550060313631,0.411867310012063,0.222689987937274,"receptora_conservada","receptora_conservada",0.0595078137548076,0.908804794812016,0.86626714745867,-0.0425376473533461,TRUE,FALSE
839,0.175,0.64,0.185,0.792452830188679,0.161006289308176,0.0465408805031446,"esc_media","esc_baja",0.544374692560613,0.821775145200831,0.565395563204837,-0.256379581995994,0.11686,0.0701,0.4057,0.2195,0.11744,0.0704,0.174593710691824,0.0999622641509434,0.334075471698113,0.182452830188679,0.131330817610063,0.0775849056603774,"transferencia_conservada","transferencia_conservada",0.100982377614564,0.878679781883175,0.93569836589839,0.0570185840152148,TRUE,FALSE
840,0.175,0.64,0.185,0.792452830188679,0.161006289308176,0.0465408805031446,"esc_media","esc_baja",0.544374692560613,0.821775145200831,0.565395563204837,-0.256379581995994,0.36858,0.2003,0.16471,0.09485,0.10671,0.06485,0.324737106918239,0.177622641509434,0.186631446540881,0.106188679245283,0.128631446540881,0.076188679245283,"aporte_conservada","aporte_conservada",0.0572956380288462,0.907832455050351,0.939611265505845,0.0317788104554942,TRUE,FALSE
841,0.145,0.245,0.61,0.0162215593586209,0.209980156315294,0.773798284326085,"esc_alta","esc_alta",0.22501088208396,0.842982251726283,0.539787001623817,-0.303195250102466,0.101925,0.062375,0.40918,0.2213,0.128895,0.076325,0.0859711254187436,0.0541229959062467,0.4241182991144,0.229026706438483,0.129910575466856,0.0768502976552706,"transferencia_conservada","transferencia_conservada",0.0290973686236801,0.873816318538149,0.855291622710761,-0.0185246958273884,FALSE,FALSE
842,0.145,0.245,0.61,0.0240560865980889,0.635579653774215,0.340364259627696,"esc_alta","esc_media",0.356826328570637,0.842982251726283,0.677714714779309,-0.165267536946973,0.39497,0.21395,0.151515,0.088025,0.093515,0.058025,0.386345874035717,0.209489245190888,0.155827062982141,0.0902553774045559,0.0978270629821414,0.0602553774045559,"aporte_conservada","aporte_conservada",0.0115494798133622,0.883733523318399,0.892029445182809,0.00829592186441019,TRUE,FALSE
843,0.54,0.28,0.18,0.954813359528487,0.0275049115913556,0.0176817288801572,"esc_baja","esc_baja",0.429976594528833,0.908268214242105,0.195096679720355,-0.71317153452175,0.0866,0.14876,0.1976,0.36336,0.0758,0.12788,0.10770137524558,0.189555992141454,0.172711198428291,0.315241650294695,0.0795874263261297,0.135202357563851,"transferencia_degradada","transferencia_degradada",0.0674465451320244,0.916484382195692,0.945682388037966,0.0291980058422748,FALSE,FALSE
844,0.135,0.235,0.63,0.0235709303961269,0.662477945140222,0.313951124463651,"esc_alta","esc_media",0.382907844757771,0.820796482214274,0.659780519927882,-0.161015962286392,0.21485,0.39671,0.087575,0.150645,0.057575,0.092645,0.208711405822026,0.384842051255916,0.0906442970889871,0.156578974372042,0.0606442970889871,0.0985789743720418,"aporte_degradada","aporte_degradada",0.0158954909676127,0.882009522904832,0.893433901140815,0.0114243782359835,TRUE,FALSE
845,0.59,0.255,0.155,0.962828649138713,0.0231187669990934,0.014052583862194,"esc_baja","esc_baja",0.404754508247882,0.863571156866974,0.1670255104958,-0.696545646371175,0.34277,0.18695,0.177615,0.101525,0.119615,0.071525,0.312970988213962,0.171536718041704,0.192514505893019,0.109231640979148,0.134514505893019,0.0792316409791478,"aporte_conservada","aporte_conservada",0.0387700708866424,0.927769419019908,0.946419676621854,0.0186502576019465,FALSE,FALSE
846,0.145,0.245,0.61,0.753246753246753,0.0707070707070707,0.176046176046176,"esc_alta","esc_baja",0.539333077317295,0.842982251726283,0.643132673318336,-0.199849578407946,0.101925,0.062375,0.40918,0.2213,0.128895,0.076325,0.167427128427128,0.0962554112554113,0.338623376623377,0.184805194805195,0.133949494949495,0.0789393939393939,"transferencia_conservada","transferencia_conservada",0.109878898303866,0.873816318538149,0.933700321711608,0.0598840031734588,TRUE,FALSE
847,0.2025,0.55,0.2475,0.0349440959058993,0.940532273893895,0.0245236302002056,"esc_media","esc_media",0.401353247586898,0.908237865329521,0.241943958571947,-0.666293906757574,0.20135,0.37061,0.094325,0.163695,0.064325,0.105695,0.199687386028829,0.36739561298907,0.0951563069855854,0.165302193505465,0.0651563069855854,0.107302193505465,"aporte_degradada","aporte_degradada",0.00424050546432015,0.906113423686927,0.9088251589079,0.00271173522097345,FALSE,FALSE
848,0.54,0.28,0.18,0.954813359528487,0.0275049115913556,0.0176817288801572,"esc_baja","esc_baja",0.429976594528833,0.908268214242105,0.195096679720355,-0.71317153452175,0.1892,0.34712,0.1004,0.17544,0.0704,0.11744,0.17188605108055,0.313646365422397,0.109056974459725,0.192176817288802,0.079056974459725,0.134176817288802,"aporte_degradada","aporte_degradada",0.0435684519592026,0.924656908219664,0.946048456170975,0.0213915479513115,FALSE,FALSE
849,0.54,0.28,0.18,0.954813359528487,0.0275049115913556,0.0176817288801572,"esc_baja","esc_baja",0.429976594528833,0.908268214242105,0.195096679720355,-0.71317153452175,0.1892,0.34712,0.1004,0.17544,0.0704,0.11744,0.17188605108055,0.313646365422397,0.109056974459725,0.192176817288802,0.079056974459725,0.134176817288802,"aporte_degradada","aporte_degradada",0.0435684519592026,0.924656908219664,0.946048456170975,0.0213915479513115,FALSE,FALSE
850,0.135,0.235,0.63,0.0115286080273271,0.020068317677199,0.968403074295474,"esc_alta","esc_alta",0.383427959903019,0.820796482214274,0.146533027381825,-0.674263454832449,0.061625,0.100475,0.2219,0.41034,0.076475,0.129185,0.0509927412467976,0.0799192997438087,0.22930828351836,0.42466268146883,0.079698975234842,0.135418018787361,"transferencia_degradada","transferencia_degradada",0.0376653215551096,0.872427575940594,0.852486696354246,-0.0199408795863478,FALSE,FALSE
851,0.145,0.245,0.61,0.753246753246753,0.0707070707070707,0.176046176046176,"esc_alta","esc_baja",0.539333077317295,0.842982251726283,0.643132673318336,-0.199849578407946,0.45962,0.1493,0.17419,0.06535,0.10619,0.04535,0.388750360750361,0.128455988455988,0.20962481962482,0.0757720057720058,0.14162481962482,0.0557720057720058,"aporte_conservada","aporte_conservada",0.0798983474230548,0.838468544093119,0.888362504869524,0.0498939607764053,TRUE,FALSE
852,0.59,0.255,0.155,0.962828649138713,0.0231187669990934,0.014052583862194,"esc_baja","esc_baja",0.404754508247882,0.863571156866974,0.1670255104958,-0.696545646371175,0.39842,0.1313,0.20479,0.07435,0.13679,0.05435,0.363483227561197,0.12102447869447,0.222258386219402,0.0794877606527652,0.154258386219402,0.0594877606527652,"aporte_conservada","aporte_conservada",0.0388676150433941,0.882710526136348,0.901439480212449,0.0187289540761008,FALSE,FALSE
853,0.59,0.255,0.155,0.962828649138713,0.0231187669990934,0.014052583862194,"esc_baja","esc_baja",0.404754508247882,0.863571156866974,0.1670255104958,-0.696545646371175,0.094385,0.058475,0.152385,0.088475,0.39323,0.21305,0.079485494106981,0.0507683590208522,0.137485494106981,0.0807683590208522,0.423029011786038,0.228463281958296,"receptora_conservada","receptora_conservada",0.0405812408125765,0.885440595488613,0.853827266990514,-0.0316133284980998,FALSE,FALSE
854,0.175,0.64,0.185,0.792452830188679,0.161006289308176,0.0465408805031446,"esc_media","esc_baja",0.544374692560613,0.821775145200831,0.565395563204837,-0.256379581995994,0.36858,0.2003,0.16471,0.09485,0.10671,0.06485,0.324737106918239,0.177622641509434,0.186631446540881,0.106188679245283,0.128631446540881,0.076188679245283,"aporte_conservada","aporte_conservada",0.0572956380288462,0.907832455050351,0.939611265505845,0.0317788104554942,TRUE,FALSE
855,0.59,0.255,0.155,0.962828649138713,0.0231187669990934,0.014052583862194,"esc_baja","esc_baja",0.404754508247882,0.863571156866974,0.1670255104958,-0.696545646371175,0.39842,0.1313,0.20479,0.07435,0.13679,0.05435,0.363483227561197,0.12102447869447,0.222258386219402,0.0794877606527652,0.154258386219402,0.0594877606527652,"aporte_conservada","aporte_conservada",0.0388676150433941,0.882710526136348,0.901439480212449,0.0187289540761008,FALSE,FALSE
856,0.59,0.255,0.155,0.962828649138713,0.0231187669990934,0.014052583862194,"esc_baja","esc_baja",0.404754508247882,0.863571156866974,0.1670255104958,-0.696545646371175,0.10721,0.04565,0.17521,0.06565,0.45758,0.1487,0.0897416137805984,0.0405122393472348,0.157741613780598,0.0605122393472348,0.492516772438803,0.15897552130553,"receptora_conservada","receptora_conservada",0.0407865571981437,0.840184273140149,0.808399656748307,-0.0317846163918419,FALSE,FALSE
857,0.59,0.255,0.155,0.962828649138713,0.0231187669990934,0.014052583862194,"esc_baja","esc_baja",0.404754508247882,0.863571156866974,0.1670255104958,-0.696545646371175,0.10721,0.04565,0.17521,0.06565,0.45758,0.1487,0.0897416137805984,0.0405122393472348,0.157741613780598,0.0605122393472348,0.492516772438803,0.15897552130553,"receptora_conservada","receptora_conservada",0.0407865571981437,0.840184273140149,0.808399656748307,-0.0317846163918419,FALSE,FALSE
858,0.175,0.64,0.185,0.792452830188679,0.161006289308176,0.0465408805031446,"esc_media","esc_baja",0.544374692560613,0.821775145200831,0.565395563204837,-0.256379581995994,0.36858,0.2003,0.16471,0.09485,0.10671,0.06485,0.324737106918239,0.177622641509434,0.186631446540881,0.106188679245283,0.128631446540881,0.076188679245283,"aporte_conservada","aporte_conservada",0.0572956380288462,0.907832455050351,0.939611265505845,0.0317788104554942,TRUE,FALSE
859,0.59,0.255,0.155,0.962828649138713,0.0231187669990934,0.014052583862194,"esc_baja","esc_baja",0.404754508247882,0.863571156866974,0.1670255104958,-0.696545646371175,0.34277,0.18695,0.177615,0.101525,0.119615,0.071525,0.312970988213962,0.171536718041704,0.192514505893019,0.109231640979148,0.134514505893019,0.0792316409791478,"aporte_conservada","aporte_conservada",0.0387700708866424,0.927769419019908,0.946419676621854,0.0186502576019465,FALSE,FALSE
860,0.59,0.255,0.155,0.962828649138713,0.0231187669990934,0.014052583862194,"esc_baja","esc_baja",0.404754508247882,0.863571156866974,0.1670255104958,-0.696545646371175,0.153835,0.089225,0.35756,0.1946,0.128605,0.076175,0.190358567543064,0.108116500453309,0.314311876699909,0.172230281051677,0.135329555757026,0.0796532184950136,"transferencia_conservada","transferencia_conservada",0.0603376093250653,0.920735393412878,0.946105609084125,0.0253702156712471,FALSE,FALSE
861,0.145,0.245,0.61,0.0280735721200387,0.853823814133592,0.11810261374637,"esc_alta","esc_media",0.539649333999364,0.842982251726283,0.443765212253567,-0.399217039472716,0.101925,0.062375,0.40918,0.2213,0.128895,0.076325,0.106017424975799,0.0644917715392062,0.422743465634076,0.228315585672798,0.111239109390126,0.0671926427879961,"transferencia_conservada","transferencia_conservada",0.0289724140429909,0.873816318538149,0.860401964033812,-0.0134143545043375,TRUE,FALSE
862,0.2025,0.55,0.2475,0.820483961733258,0.123804164321891,0.0557118739448509,"esc_media","esc_baja",0.544665325676038,0.908237865329521,0.529619796176323,-0.378618069153197,0.065675,0.108305,0.095675,0.166305,0.19865,0.36539,0.0535284186831739,0.0848216094541362,0.0835284186831739,0.142821609454136,0.222943162633652,0.412356781091728,"receptora_degradada","receptora_degradada",0.062845837268308,0.910488986186234,0.865736866367805,-0.0447521198184293,TRUE,FALSE
863,0.54,0.28,0.18,0.954813359528487,0.0275049115913556,0.0176817288801572,"esc_baja","esc_baja",0.429976594528833,0.908268214242105,0.195096679720355,-0.71317153452175,0.1892,0.34712,0.1004,0.17544,0.0704,0.11744,0.17188605108055,0.313646365422397,0.109056974459725,0.192176817288802,0.079056974459725,0.134176817288802,"aporte_degradada","aporte_degradada",0.0435684519592026,0.924656908219664,0.946048456170975,0.0213915479513115,FALSE,FALSE
864,0.2025,0.55,0.2475,0.820483961733258,0.123804164321891,0.0557118739448509,"esc_media","esc_baja",0.544665325676038,0.908237865329521,0.529619796176323,-0.378618069153197,0.0704,0.11744,0.21785,0.40251,0.07175,0.12005,0.101086100168824,0.176766460326393,0.180770962296005,0.330823860438942,0.0781429375351716,0.132409679234665,"transferencia_degradada","transferencia_degradada",0.102125715007622,0.881901499538298,0.937663333410568,0.0557618338722703,TRUE,FALSE
865,0.59,0.255,0.155,0.962828649138713,0.0231187669990934,0.014052583862194,"esc_baja","esc_baja",0.404754508247882,0.863571156866974,0.1670255104958,-0.696545646371175,0.34277,0.18695,0.177615,0.101525,0.119615,0.071525,0.312970988213962,0.171536718041704,0.192514505893019,0.109231640979148,0.134514505893019,0.0792316409791478,"aporte_conservada","aporte_conservada",0.0387700708866424,0.927769419019908,0.946419676621854,0.0186502576019465,FALSE,FALSE
866,0.2025,0.55,0.2475,0.820483961733258,0.123804164321891,0.0557118739448509,"esc_media","esc_baja",0.544665325676038,0.908237865329521,0.529619796176323,-0.378618069153197,0.20135,0.37061,0.094325,0.163695,0.064325,0.105695,0.177056837366348,0.323643218908272,0.106471581316826,0.187178390545864,0.0764715813168261,0.129178390545864,"aporte_degradada","aporte_degradada",0.0613913193586133,0.906113423686927,0.940274767874134,0.034161344187207,TRUE,FALSE
867,0.54,0.28,0.18,0.954813359528487,0.0275049115913556,0.0176817288801572,"esc_baja","esc_baja",0.429976594528833,0.908268214242105,0.195096679720355,-0.71317153452175,0.1892,0.34712,0.1004,0.17544,0.0704,0.11744,0.17188605108055,0.313646365422397,0.109056974459725,0.192176817288802,0.079056974459725,0.134176817288802,"aporte_degradada","aporte_degradada",0.0435684519592026,0.924656908219664,0.946048456170975,0.0213915479513115,FALSE,FALSE
868,0.2025,0.55,0.2475,0.820483961733258,0.123804164321891,0.0557118739448509,"esc_media","esc_baja",0.544665325676038,0.908237865329521,0.529619796176323,-0.378618069153197,0.20135,0.37061,0.094325,0.163695,0.064325,0.105695,0.177056837366348,0.323643218908272,0.106471581316826,0.187178390545864,0.0764715813168261,0.129178390545864,"aporte_degradada","aporte_degradada",0.0613913193586133,0.906113423686927,0.940274767874134,0.034161344187207,TRUE,FALSE
869,0.54,0.28,0.18,0.954813359528487,0.0275049115913556,0.0176817288801572,"esc_baja","esc_baja",0.429976594528833,0.908268214242105,0.195096679720355,-0.71317153452175,0.1892,0.34712,0.1004,0.17544,0.0704,0.11744,0.17188605108055,0.313646365422397,0.109056974459725,0.192176817288802,0.079056974459725,0.134176817288802,"aporte_degradada","aporte_degradada",0.0435684519592026,0.924656908219664,0.946048456170975,0.0213915479513115,FALSE,FALSE
870,0.145,0.245,0.61,0.0280735721200387,0.853823814133592,0.11810261374637,"esc_alta","esc_media",0.539649333999364,0.842982251726283,0.443765212253567,-0.399217039472716,0.101925,0.062375,0.40918,0.2213,0.128895,0.076325,0.106017424975799,0.0644917715392062,0.422743465634076,0.228315585672798,0.111239109390126,0.0671926427879961,"transferencia_conservada","transferencia_conservada",0.0289724140429909,0.873816318538149,0.860401964033812,-0.0134143545043375,TRUE,FALSE
871,0.185,0.64,0.175,0.463931162259041,0.505693606287996,0.0303752314529634,"esc_media","esc_media",0.301631460215794,0.821775145200831,0.734778898239181,-0.0869962469616493,0.36742,0.1997,0.16529,0.09515,0.10729,0.06515,0.342853756013248,0.186993322075818,0.177573121993376,0.101503338962091,0.119573121993376,0.0715033389620912,"aporte_conservada","aporte_conservada",0.032194524455866,0.908804794812016,0.927710432040875,0.0189056372288591,FALSE,FALSE
872,0.59,0.255,0.155,0.962828649138713,0.0231187669990934,0.014052583862194,"esc_baja","esc_baja",0.404754508247882,0.863571156866974,0.1670255104958,-0.696545646371175,0.153835,0.089225,0.35756,0.1946,0.128605,0.076175,0.190358567543064,0.108116500453309,0.314311876699909,0.172230281051677,0.135329555757026,0.0796532184950136,"transferencia_conservada","transferencia_conservada",0.0603376093250653,0.920735393412878,0.946105609084125,0.0253702156712471,FALSE,FALSE
873,0.59,0.255,0.155,0.962828649138713,0.0231187669990934,0.014052583862194,"esc_baja","esc_baja",0.404754508247882,0.863571156866974,0.1670255104958,-0.696545646371175,0.153835,0.089225,0.35756,0.1946,0.128605,0.076175,0.190358567543064,0.108116500453309,0.314311876699909,0.172230281051677,0.135329555757026,0.0796532184950136,"transferencia_conservada","transferencia_conservada",0.0603376093250653,0.920735393412878,0.946105609084125,0.0253702156712471,FALSE,FALSE
874,0.59,0.255,0.155,0.962828649138713,0.0231187669990934,0.014052583862194,"esc_baja","esc_baja",0.404754508247882,0.863571156866974,0.1670255104958,-0.696545646371175,0.34277,0.18695,0.177615,0.101525,0.119615,0.071525,0.312970988213962,0.171536718041704,0.192514505893019,0.109231640979148,0.134514505893019,0.0792316409791478,"aporte_conservada","aporte_conservada",0.0387700708866424,0.927769419019908,0.946419676621854,0.0186502576019465,FALSE,FALSE
875,0.54,0.28,0.18,0.954813359528487,0.0275049115913556,0.0176817288801572,"esc_baja","esc_baja",0.429976594528833,0.908268214242105,0.195096679720355,-0.71317153452175,0.1892,0.34712,0.1004,0.17544,0.0704,0.11744,0.17188605108055,0.313646365422397,0.109056974459725,0.192176817288802,0.079056974459725,0.134176817288802,"aporte_degradada","aporte_degradada",0.0435684519592026,0.924656908219664,0.946048456170975,0.0213915479513115,FALSE,FALSE
876,0.135,0.235,0.63,0.027027027027027,0.846846846846847,0.126126126126126,"esc_alta","esc_media",0.541305574247255,0.820796482214274,0.454672721374376,-0.366123760839898,0.061625,0.100475,0.2219,0.41034,0.076475,0.129185,0.0643243243243243,0.105693693693694,0.228378378378378,0.422864864864865,0.0672972972972973,0.111441441441441,"transferencia_degradada","transferencia_degradada",0.0292202565453718,0.872427575940594,0.860255559361577,-0.0121720165790167,TRUE,FALSE
877,0.145,0.245,0.61,0.0140228173268826,0.0905366372430247,0.895440545430093,"esc_alta","esc_alta",0.302605248717437,0.842982251726283,0.342429596899555,-0.500552654826728,0.39497,0.21395,0.151515,0.088025,0.093515,0.058025,0.419122228229986,0.226442531843096,0.139438885885007,0.0817787340784519,0.0814388858850069,0.0517787340784518,"aporte_conservada","aporte_conservada",0.0328501030412017,0.883733523318399,0.858264578628693,-0.025468944689706,FALSE,FALSE
878,0.145,0.245,0.61,0.0127709070773933,0.0225284018051327,0.964700691117474,"esc_alta","esc_alta",0.392387886838112,0.842982251726283,0.160026611088158,-0.682955640638125,0.39497,0.21395,0.151515,0.088025,0.093515,0.058025,0.423211927474325,0.228557893521202,0.137394036262838,0.0807210532393988,0.0793940362628377,0.0507210532393988,"aporte_conservada","aporte_conservada",0.0384992503540507,0.883733523318399,0.853617297006164,-0.0301162263122351,FALSE,FALSE
879,0.2025,0.55,0.2475,0.820483961733258,0.123804164321891,0.0557118739448509,"esc_media","esc_baja",0.544665325676038,0.908237865329521,0.529619796176323,-0.378618069153197,0.20135,0.37061,0.094325,0.163695,0.064325,0.105695,0.177056837366348,0.323643218908272,0.106471581316826,0.187178390545864,0.0764715813168261,0.129178390545864,"aporte_degradada","aporte_degradada",0.0613913193586133,0.906113423686927,0.940274767874134,0.034161344187207,TRUE,FALSE
880,0.2,0.54,0.26,0.818181818181818,0.122727272727273,0.0590909090909091,"esc_media","esc_baja",0.544773585635748,0.914669585086509,0.53594012664999,-0.378729458436519,0.0659,0.10874,0.0959,0.16674,0.1982,0.36452,0.0536136363636364,0.0849863636363636,0.0836136363636364,0.142986363636364,0.222772727272727,0.412027272727273,"receptora_degradada","receptora_degradada",0.0635393212112376,0.911204011858529,0.866094000217192,-0.0451100116413375,TRUE,FALSE
881,0.54,0.28,0.18,0.954813359528487,0.0275049115913556,0.0176817288801572,"esc_baja","esc_baja",0.429976594528833,0.908268214242105,0.195096679720355,-0.71317153452175,0.1892,0.34712,0.1004,0.17544,0.0704,0.11744,0.17188605108055,0.313646365422397,0.109056974459725,0.192176817288802,0.079056974459725,0.134176817288802,"aporte_degradada","aporte_degradada",0.0435684519592026,0.924656908219664,0.946048456170975,0.0213915479513115,FALSE,FALSE
882,0.145,0.245,0.61,0.614591534443654,0.220441266943433,0.164967198612913,"esc_alta","esc_baja",0.459564495396242,0.842982251726283,0.846329877580202,0.00334762585391957,0.120485,0.071975,0.178485,0.101975,0.34103,0.18605,0.0939608942609085,0.0582556349625389,0.151960894260909,0.0882556349625389,0.394078211478183,0.213488730074922,"receptora_conservada","receptora_conservada",0.069975154046613,0.928986494653445,0.884610547040642,-0.0443759476128029,TRUE,FALSE
883,0.59,0.255,0.155,0.962828649138713,0.0231187669990934,0.014052583862194,"esc_baja","esc_baja",0.404754508247882,0.863571156866974,0.1670255104958,-0.696545646371175,0.34277,0.18695,0.177615,0.101525,0.119615,0.071525,0.312970988213962,0.171536718041704,0.192514505893019,0.109231640979148,0.134514505893019,0.0792316409791478,"aporte_conservada","aporte_conservada",0.0387700708866424,0.927769419019908,0.946419676621854,0.0186502576019465,FALSE,FALSE
884,0.2025,0.55,0.2475,0.820483961733258,0.123804164321891,0.0557118739448509,"esc_media","esc_baja",0.544665325676038,0.908237865329521,0.529619796176323,-0.378618069153197,0.065675,0.108305,0.095675,0.166305,0.19865,0.36539,0.0535284186831739,0.0848216094541362,0.0835284186831739,0.142821609454136,0.222943162633652,0.412356781091728,"receptora_degradada","receptora_degradada",0.062845837268308,0.910488986186234,0.865736866367805,-0.0447521198184293,TRUE,FALSE
885,0.54,0.28,0.18,0.954813359528487,0.0275049115913556,0.0176817288801572,"esc_baja","esc_baja",0.429976594528833,0.908268214242105,0.195096679720355,-0.71317153452175,0.1892,0.34712,0.1004,0.17544,0.0704,0.11744,0.17188605108055,0.313646365422397,0.109056974459725,0.192176817288802,0.079056974459725,0.134176817288802,"aporte_degradada","aporte_degradada",0.0435684519592026,0.924656908219664,0.946048456170975,0.0213915479513115,FALSE,FALSE
886,0.175,0.64,0.185,0.792452830188679,0.161006289308176,0.0465408805031446,"esc_media","esc_baja",0.544374692560613,0.821775145200831,0.565395563204837,-0.256379581995994,0.10729,0.06515,0.16529,0.09515,0.36742,0.1997,0.0853685534591195,0.053811320754717,0.14336855345912,0.083811320754717,0.411262893081761,0.222377358490566,"receptora_conservada","receptora_conservada",0.0586831984030795,0.908804794812016,0.866920046493034,-0.0418847483189829,TRUE,FALSE
887,0.175,0.64,0.185,0.792452830188679,0.161006289308176,0.0465408805031446,"esc_media","esc_baja",0.544374692560613,0.821775145200831,0.565395563204837,-0.256379581995994,0.10729,0.06515,0.16529,0.09515,0.36742,0.1997,0.0853685534591195,0.053811320754717,0.14336855345912,0.083811320754717,0.411262893081761,0.222377358490566,"receptora_conservada","receptora_conservada",0.0586831984030795,0.908804794812016,0.866920046493034,-0.0418847483189829,TRUE,FALSE
888,0.145,0.245,0.61,0.0332817827824465,0.848199451458338,0.118518765759216,"esc_alta","esc_media",0.533986569520877,0.842982251726283,0.460271205077183,-0.3827110466491,0.120485,0.071975,0.178485,0.101975,0.34103,0.18605,0.109471872506326,0.0662785547446515,0.167471872506326,0.0962785547446515,0.363056254987347,0.197442890510697,"receptora_conservada","receptora_conservada",0.0288297595861163,0.928986494653445,0.912397864717158,-0.0165886299362878,TRUE,FALSE
889,0.54,0.28,0.18,0.954813359528487,0.0275049115913556,0.0176817288801572,"esc_baja","esc_baja",0.429976594528833,0.908268214242105,0.195096679720355,-0.71317153452175,0.0866,0.14876,0.1976,0.36336,0.0758,0.12788,0.10770137524558,0.189555992141454,0.172711198428291,0.315241650294695,0.0795874263261297,0.135202357563851,"transferencia_degradada","transferencia_degradada",0.0674465451320244,0.916484382195692,0.945682388037966,0.0291980058422748,FALSE,FALSE
890,0.175,0.64,0.185,0.0249586046032755,0.959061732624753,0.015979662771971,"esc_media","esc_media",0.359235699041853,0.821775145200831,0.180498761721802,-0.641276383479028,0.36858,0.2003,0.16471,0.09485,0.10671,0.06485,0.367479221373784,0.199730631745061,0.165260389313108,0.0951346841274696,0.107260389313108,0.0651346841274696,"aporte_conservada","aporte_conservada",0.00145138262625149,0.907832455050351,0.908755329366916,0.000922874316565125,FALSE,FALSE
891,0.145,0.245,0.61,0.0280735721200387,0.853823814133592,0.11810261374637,"esc_alta","esc_media",0.539649333999364,0.842982251726283,0.443765212253567,-0.399217039472716,0.39497,0.21395,0.151515,0.088025,0.093515,0.058025,0.373221684414327,0.20270087124879,0.162389157792836,0.093649564375605,0.104389157792836,0.063649564375605,"aporte_conservada","aporte_conservada",0.0289790644950852,0.883733523318399,0.90386909935513,0.0201355760367312,TRUE,FALSE
892,0.175,0.64,0.185,0.735210953187652,0.22052750784436,0.0442615389679883,"esc_media","esc_baja",0.494164652674006,0.821775145200831,0.634909576018912,-0.186865569181919,0.11686,0.0701,0.4057,0.2195,0.11744,0.0704,0.169679768297254,0.0974205698089245,0.340715529430232,0.185887342808741,0.129604702272514,0.0766920873823346,"transferencia_conservada","transferencia_conservada",0.0922436637557109,0.878679781883175,0.931618745726106,0.0529389638429312,TRUE,FALSE
893,0.54,0.28,0.18,0.954813359528487,0.0275049115913556,0.0176817288801572,"esc_baja","esc_baja",0.429976594528833,0.908268214242105,0.195096679720355,-0.71317153452175,0.0866,0.14876,0.1976,0.36336,0.0758,0.12788,0.10770137524558,0.189555992141454,0.172711198428291,0.315241650294695,0.0795874263261297,0.135202357563851,"transferencia_degradada","transferencia_degradada",0.0674465451320244,0.916484382195692,0.945682388037966,0.0291980058422748,FALSE,FALSE
894,0.54,0.28,0.18,0.954813359528487,0.0275049115913556,0.0176817288801572,"esc_baja","esc_baja",0.429976594528833,0.908268214242105,0.195096679720355,-0.71317153452175,0.0866,0.14876,0.1976,0.36336,0.0758,0.12788,0.10770137524558,0.189555992141454,0.172711198428291,0.315241650294695,0.0795874263261297,0.135202357563851,"transferencia_degradada","transferencia_degradada",0.0674465451320244,0.916484382195692,0.945682388037966,0.0291980058422748,FALSE,FALSE
895,0.54,0.28,0.18,0.954813359528487,0.0275049115913556,0.0176817288801572,"esc_baja","esc_baja",0.429976594528833,0.908268214242105,0.195096679720355,-0.71317153452175,0.0866,0.14876,0.1976,0.36336,0.0758,0.12788,0.10770137524558,0.189555992141454,0.172711198428291,0.315241650294695,0.0795874263261297,0.135202357563851,"transferencia_degradada","transferencia_degradada",0.0674465451320244,0.916484382195692,0.945682388037966,0.0291980058422748,FALSE,FALSE
896,0.135,0.235,0.63,0.02092006780664,0.521065051811599,0.458014880381762,"esc_alta","esc_media",0.288950420501948,0.820796482214274,0.708360482083577,-0.112436000130698,0.061625,0.100475,0.2219,0.41034,0.076475,0.129185,0.0590711798455724,0.0955376143681066,0.228744795931602,0.42357327213443,0.072184024222826,0.120889113497464,"transferencia_degradada","transferencia_degradada",0.0179318278583323,0.872427575940594,0.85832655270491,-0.0141010232356835,TRUE,FALSE
897,0.63,0.235,0.135,0.954361229836046,0.0338517834769313,0.0117869866870231,"esc_baja","esc_baja",0.359071983523378,0.820796482214274,0.192550560227842,-0.628245921986432,0.39434,0.1301,0.20683,0.07495,0.13883,0.05495,0.363904951465866,0.12114851513702,0.222047524267067,0.0794257424314902,0.154047524267067,0.0594257424314902,"aporte_conservada","aporte_conservada",0.0338506655268764,0.885139172705615,0.901241250763849,0.0161020780582339,FALSE,FALSE
898,0.63,0.235,0.135,0.968403074295474,0.020068317677199,0.0115286080273271,"esc_baja","esc_baja",0.383427959903019,0.820796482214274,0.146533027381825,-0.674263454832449,0.39434,0.1301,0.20683,0.07495,0.13883,0.05495,0.362932536293766,0.120862510674637,0.222533731853117,0.0795687446626815,0.154533731853117,0.0595687446626815,"aporte_conservada","aporte_conservada",0.0349307316693308,0.885139172705615,0.901697307016653,0.0165581343110376,FALSE,FALSE
899,0.61,0.245,0.145,0.965699208443272,0.0215479331574318,0.0127528583992964,"esc_baja","esc_baja",0.394224041935883,0.842982251726283,0.156582359929188,-0.686399891797095,0.058025,0.093515,0.088025,0.151515,0.21395,0.39497,0.0507058047493404,0.0793645558487247,0.0807058047493404,0.137364555848725,0.228588390501319,0.423270888302551,"receptora_degradada","receptora_degradada",0.0385808999366997,0.883733523318399,0.853549573152347,-0.0301839501660521,FALSE,FALSE
