"id","USyV","Suelos","Grad_Pend","P_sum","Esc_sum","Agua_D","Agua_D_log","P_cat","Esc_cat","Agua_D_cat","cobertura","suelo","pendiente","precipitacion","escorrentia","aporte","p_inf_baja","p_inf_media","p_inf_alta","p_esc_modelo_baja","p_esc_modelo_media","p_esc_modelo_alta","p_esc_final_baja","p_esc_final_media","p_esc_final_alta","p_func_aporte","p_func_transferencia","p_func_recepcion","aporte_conservada","aporte_degradada","transferencia_conservada","transferencia_degradada","receptora_conservada","receptora_degradada","UREH_predicha","prob_UREH_predicha","UREH_segunda","prob_UREH_segunda","margen_clasificacion","entropia_UREH"
1,"Bosque de Encino","Regosol","6°-15°",2268578.31634521,278925.294158936,338717.52,12.7329247169685,"Alta","Baja","Baja","forestal_conservada","suelo_infiltracion_baja","pend_media","prec_alta","esc_baja","aporte_bajo",0.2,0.7,0.1,0.145,0.245,0.61,0.715475507532229,0.111496354851809,0.173028137615962,0.545755263008373,0.277122368495813,0.177122368495813,0.391113578845694,0.129151052601675,0.208443210577153,0.0754244736991627,0.140443210577153,0.0554244736991627,"aporte_conservada",0.391113578845694,"transferencia_conservada",0.208443210577153,0.182670368268541,0.887014373852601
2,"Sec Bosque Tropical","Regosol","6°-15°",4092205.940979,413981.697758675,7421601.08,15.8199055055842,"Alta","Media","Media","forestal_secundaria","suelo_infiltracion_baja","pend_media","prec_alta","esc_media","aporte_medio",0.2,0.7,0.1,0.145,0.245,0.61,0.146348589421171,0.726098260033993,0.127553150544836,0.165574630885934,0.670730282115766,0.1636950869983,0.116033285913842,0.0696723892657801,0.409023563627144,0.22121908463473,0.114943150459014,0.0691085260994901,"transferencia_conservada",0.409023563627144,"transferencia_degradada",0.22121908463473,0.187804478992414,0.875250667248321
3,"Sec Bosque Tropical","Regosol","3°-6°",2706951.65356445,396294.627174377,396294.63,12.889915752118,"Alta","Media","Baja","forestal_secundaria","suelo_infiltracion_baja","pend_media","prec_alta","esc_media","aporte_bajo",0.2,0.7,0.1,0.145,0.245,0.61,0.203251638884401,0.664648482316832,0.132099878798767,0.592884823991436,0.253557588004282,0.153557588004282,0.363873197915033,0.197865447197431,0.167063401042483,0.0960672764012845,0.109063401042483,0.0660672764012845,"aporte_conservada",0.363873197915033,"aporte_degradada",0.197865447197431,0.166007750717602,0.911732968665579
4,"Sec Bosque Tropical","Regosol","6°-15°",922186.728210449,59932.2142925262,8002933.25,15.8953188136463,"Baja","Baja","Media","forestal_secundaria","suelo_infiltracion_baja","pend_media","prec_baja","esc_baja","aporte_medio",0.25,0.6,0.15,0.59,0.255,0.155,0.962828649138713,0.0231187669990934,0.014052583862194,0.293721668177697,0.507434270172258,0.198844061650045,0.190358567543064,0.108116500453309,0.314311876699909,0.172230281051677,0.135329555757026,0.0796532184950136,"transferencia_conservada",0.314311876699909,"aporte_conservada",0.190358567543064,0.123953309156845,0.946105609084125
5,"Sec Bosque Tropical","Regosol","6°-15°",2225870.81646729,278576.94707489,674871.58,13.4222791816649,"Alta","Baja","Baja","forestal_secundaria","suelo_infiltracion_baja","pend_media","prec_alta","esc_baja","aporte_bajo",0.2,0.7,0.1,0.145,0.245,0.61,0.717468617269771,0.109343989530561,0.173187393199667,0.54557187759299,0.277214061203505,0.177214061203505,0.336431689003934,0.183671563277897,0.180784155498033,0.103164218361052,0.122784155498033,0.0731642183610516,"aporte_conservada",0.336431689003934,"aporte_degradada",0.183671563277897,0.152760125726037,0.932126200645696
6,"Sec Bosque Tropical","Regosol","3°-6°",436600.036865234,43854.02394104,482008.72,13.0857195588045,"Baja","Baja","Baja","forestal_secundaria","suelo_infiltracion_baja","pend_media","prec_baja","esc_baja","aporte_bajo",0.25,0.6,0.15,0.59,0.255,0.155,0.962828649138713,0.0231187669990934,0.014052583862194,0.505122393472348,0.297438803263826,0.197438803263826,0.312970988213962,0.171536718041704,0.192514505893019,0.109231640979148,0.134514505893019,0.0792316409791478,"aporte_conservada",0.312970988213962,"transferencia_conservada",0.192514505893019,0.120456482320943,0.946419676621854
7,"Bosque Tropical","Regosol","6°-15°",1073298.37036133,136303.726791382,521399.96,13.1642746216766,"Media","Baja","Baja","forestal_conservada","suelo_infiltracion_baja","pend_media","prec_media","esc_baja","aporte_bajo",0.2,0.7,0.1,0.175,0.64,0.185,0.792452830188679,0.161006289308176,0.0465408805031446,0.525408805031446,0.287295597484277,0.187295597484277,0.377277987421384,0.125081761006289,0.215361006289308,0.0774591194968553,0.147361006289308,0.0574591194968554,"aporte_conservada",0.377277987421384,"transferencia_conservada",0.215361006289308,0.161916981132075,0.894602776782792
8,"Sec Bosque Tropical","Regosol","6°-15°",2807930.83642578,421037.319404602,421037.32,12.9504791299,"Alta","Media","Baja","forestal_secundaria","suelo_infiltracion_baja","pend_media","prec_alta","esc_media","aporte_bajo",0.2,0.7,0.1,0.145,0.245,0.61,0.12472731372581,0.749447142000327,0.125825544273864,0.600109823054805,0.249945088472597,0.149945088472597,0.368063697371787,0.200032946916442,0.164968151314106,0.0949835265417792,0.106968151314106,0.0649835265417792,"aporte_conservada",0.368063697371787,"aporte_degradada",0.200032946916442,0.168030750455345,0.908266126298862
9,"Sec Bosque Tropical","Regosol","6°-15°",1146969.68591309,154605.357170105,154605.36,11.948637552711,"Media","Baja","Baja","forestal_secundaria","suelo_infiltracion_baja","pend_media","prec_media","esc_baja","aporte_bajo",0.2,0.7,0.1,0.175,0.64,0.185,0.792452830188679,0.161006289308176,0.0465408805031446,0.525408805031446,0.287295597484277,0.187295597484277,0.324737106918239,0.177622641509434,0.186631446540881,0.106188679245283,0.128631446540881,0.076188679245283,"aporte_conservada",0.324737106918239,"transferencia_conservada",0.186631446540881,0.138105660377358,0.939611265505845
10,"Sec Bosque Tropical","Regosol","3°-6°",373653.499389648,28717.4929504395,28717.49,10.2652964451783,"Baja","Baja","Baja","forestal_secundaria","suelo_infiltracion_baja","pend_media","prec_baja","esc_baja","aporte_bajo",0.25,0.6,0.15,0.59,0.255,0.155,0.962828649138713,0.0231187669990934,0.014052583862194,0.505122393472348,0.297438803263826,0.197438803263826,0.312970988213962,0.171536718041704,0.192514505893019,0.109231640979148,0.134514505893019,0.0792316409791478,"aporte_conservada",0.312970988213962,"transferencia_conservada",0.192514505893019,0.120456482320943,0.946419676621854
11,"Sec Bosque Tropical","Regosol","6°-15°",2703739.38366699,294807.232063293,294807.23,12.5940803561397,"Alta","Baja","Baja","forestal_secundaria","suelo_infiltracion_baja","pend_media","prec_alta","esc_baja","aporte_bajo",0.2,0.7,0.1,0.145,0.245,0.61,0.628341706460771,0.205592413991,0.166065879548229,0.553772417308746,0.273113791345627,0.173113791345627,0.341188002039073,0.186131725192624,0.178405998980464,0.101934137403688,0.120405998980464,0.0719341374036881,"aporte_conservada",0.341188002039073,"aporte_degradada",0.186131725192624,0.155056276846449,0.928876635225926
12,"Bosque Tropical","Regosol","3°-6°",319076.258056641,21462.1640281677,524279.98,13.1697830409619,"Baja","Baja","Baja","forestal_conservada","suelo_infiltracion_baja","pend_media","prec_baja","esc_baja","aporte_bajo",0.25,0.6,0.15,0.59,0.255,0.155,0.962828649138713,0.0231187669990934,0.014052583862194,0.505122393472348,0.297438803263826,0.197438803263826,0.363483227561197,0.12102447869447,0.222258386219402,0.0794877606527652,0.154258386219402,0.0594877606527652,"aporte_conservada",0.363483227561197,"transferencia_conservada",0.222258386219402,0.141224841341795,0.901439480212449
13,"Sec Bosque Tropical","Regosol","6°-15°",1956679.44165039,208010.589378357,208010.59,12.2453490782849,"Media","Baja","Baja","forestal_secundaria","suelo_infiltracion_baja","pend_media","prec_media","esc_baja","aporte_bajo",0.2,0.7,0.1,0.175,0.64,0.185,0.792452830188679,0.161006289308176,0.0465408805031446,0.525408805031446,0.287295597484277,0.187295597484277,0.324737106918239,0.177622641509434,0.186631446540881,0.106188679245283,0.128631446540881,0.076188679245283,"aporte_conservada",0.324737106918239,"transferencia_conservada",0.186631446540881,0.138105660377358,0.939611265505845
14,"Sec Bosque Tropical","Regosol","6°-15°",1144198.02026367,70712.2665040493,70712.27,11.166388528756,"Media","Baja","Baja","forestal_secundaria","suelo_infiltracion_baja","pend_media","prec_media","esc_baja","aporte_bajo",0.2,0.7,0.1,0.175,0.64,0.185,0.792452830188679,0.161006289308176,0.0465408805031446,0.525408805031446,0.287295597484277,0.187295597484277,0.324737106918239,0.177622641509434,0.186631446540881,0.106188679245283,0.128631446540881,0.076188679245283,"aporte_conservada",0.324737106918239,"transferencia_conservada",0.186631446540881,0.138105660377358,0.939611265505845
15,"Sec Bosque Tropical","Regosol","6°-15°",3275233.85925293,203189.773427486,1635799.76,14.3076430038874,"Alta","Baja","Media","forestal_secundaria","suelo_infiltracion_baja","pend_media","prec_alta","esc_baja","aporte_medio",0.2,0.7,0.1,0.145,0.245,0.61,0.753246753246753,0.0707070707070707,0.176046176046176,0.254184704184704,0.549350649350649,0.196464646464646,0.167427128427128,0.0962554112554113,0.338623376623377,0.184805194805195,0.133949494949495,0.0789393939393939,"transferencia_conservada",0.338623376623377,"transferencia_degradada",0.184805194805195,0.153818181818182,0.933700321711608
16,"Sec Bosque Tropical","Regosol","6°-15°",3976692.14709473,301146.667434692,557998.9,13.232114062152,"Alta","Baja","Baja","forestal_secundaria","suelo_infiltracion_baja","pend_media","prec_alta","esc_baja","aporte_bajo",0.2,0.7,0.1,0.145,0.245,0.61,0.595488518756199,0.241070672200177,0.163440809043623,0.556795229028742,0.271602385485629,0.171602385485629,0.34294123283667,0.187038568708623,0.177529383581665,0.101480715645689,0.119529383581665,0.0714807156456886,"aporte_conservada",0.34294123283667,"aporte_degradada",0.187038568708623,0.155902664128048,0.927648785140559
17,"Bosque Tropical","Regosol","3°-6°",2988549.7243042,262889.444847107,787169.42,13.5762000477947,"Alta","Baja","Baja","forestal_conservada","suelo_infiltracion_baja","pend_media","prec_alta","esc_baja","aporte_bajo",0.2,0.7,0.1,0.145,0.245,0.61,0.753246753246753,0.0707070707070707,0.176046176046176,0.542279942279942,0.278860028860029,0.178860028860029,0.388750360750361,0.128455988455988,0.20962481962482,0.0757720057720058,0.14162481962482,0.0557720057720058,"aporte_conservada",0.388750360750361,"transferencia_conservada",0.20962481962482,0.179125541125541,0.888362504869524
18,"Sec Bosque Tropical","Regosol","6°-15°",2376167.4085083,128049.631569862,915219.05,13.7269198071474,"Alta","Baja","Baja","forestal_secundaria","suelo_infiltracion_baja","pend_media","prec_alta","esc_baja","aporte_bajo",0.2,0.7,0.1,0.145,0.245,0.61,0.753246753246753,0.0707070707070707,0.176046176046176,0.542279942279942,0.278860028860029,0.178860028860029,0.334522366522366,0.182683982683983,0.181738816738817,0.103658008658009,0.123738816738817,0.0736580086580087,"aporte_conservada",0.334522366522366,"aporte_degradada",0.182683982683983,0.151838383838384,0.93339723503075
19,"Sec Bosque Tropical","Regosol","15°-35°",2076849.65985107,10333.0123278894,2672462.9,14.7985114138387,"Alta","Baja","Media","forestal_secundaria","suelo_infiltracion_baja","pend_alta","prec_alta","esc_baja","aporte_medio",0.3,0.5,0.2,0.145,0.245,0.61,0.753246753246753,0.0707070707070707,0.176046176046176,0.254184704184704,0.549350649350649,0.196464646464646,0.167427128427128,0.0962554112554113,0.338623376623377,0.184805194805195,0.133949494949495,0.0789393939393939,"transferencia_conservada",0.338623376623377,"transferencia_degradada",0.184805194805195,0.153818181818182,0.933700321711608
20,"Bosque Tropical","Regosol","6°-15°",2257313.97039795,152417.655210495,152417.66,11.9343863556843,"Alta","Baja","Baja","forestal_conservada","suelo_infiltracion_baja","pend_media","prec_alta","esc_baja","aporte_bajo",0.2,0.7,0.1,0.145,0.245,0.61,0.753246753246753,0.0707070707070707,0.176046176046176,0.542279942279942,0.278860028860029,0.178860028860029,0.388750360750361,0.128455988455988,0.20962481962482,0.0757720057720058,0.14162481962482,0.0557720057720058,"aporte_conservada",0.388750360750361,"transferencia_conservada",0.20962481962482,0.179125541125541,0.888362504869524
21,"Bosque Tropical","Regosol","15°-35°",818844.506103516,5628.35333397985,2950055.66,14.8973349349112,"Baja","Baja","Media","forestal_conservada","suelo_infiltracion_baja","pend_alta","prec_baja","esc_baja","aporte_medio",0.3,0.5,0.2,0.59,0.255,0.155,0.962828649138713,0.0231187669990934,0.014052583862194,0.293721668177697,0.507434270172258,0.198844061650045,0.219730734360834,0.0787443336355395,0.365055303717135,0.121486854034452,0.155213961922031,0.0597688123300091,"transferencia_conservada",0.365055303717135,"aporte_conservada",0.219730734360834,0.145324569356301,0.901125245081153
22,"Bosque Tropical","Regosol","6°-15°",392108.1796875,9.9602233171463,2950065.62,14.8973383111119,"Baja","Baja","Media","forestal_conservada","suelo_infiltracion_baja","pend_media","prec_baja","esc_baja","aporte_medio",0.25,0.6,0.15,0.59,0.255,0.155,0.962828649138713,0.0231187669990934,0.014052583862194,0.293721668177697,0.507434270172258,0.198844061650045,0.219730734360834,0.0787443336355395,0.365055303717135,0.121486854034452,0.155213961922031,0.0597688123300091,"transferencia_conservada",0.365055303717135,"aporte_conservada",0.219730734360834,0.145324569356301,0.901125245081153
23,"Sec Bosque Tropical","Regosol","6°-15°",1317315.77856445,23892.6120757908,271964.41,12.5134301680738,"Media","Baja","Baja","forestal_secundaria","suelo_infiltracion_baja","pend_media","prec_media","esc_baja","aporte_bajo",0.2,0.7,0.1,0.175,0.64,0.185,0.792452830188679,0.161006289308176,0.0465408805031446,0.525408805031446,0.287295597484277,0.187295597484277,0.324737106918239,0.177622641509434,0.186631446540881,0.106188679245283,0.128631446540881,0.076188679245283,"aporte_conservada",0.324737106918239,"transferencia_conservada",0.186631446540881,0.138105660377358,0.939611265505845
24,"Bosque Tropical","Regosol","6°-15°",1700988.34082031,57634.7419436574,210052.4,12.2551170630888,"Media","Baja","Baja","forestal_conservada","suelo_infiltracion_baja","pend_media","prec_media","esc_baja","aporte_bajo",0.2,0.7,0.1,0.175,0.64,0.185,0.792452830188679,0.161006289308176,0.0465408805031446,0.525408805031446,0.287295597484277,0.187295597484277,0.377277987421384,0.125081761006289,0.215361006289308,0.0774591194968553,0.147361006289308,0.0574591194968554,"aporte_conservada",0.377277987421384,"transferencia_conservada",0.215361006289308,0.161916981132075,0.894602776782792
25,"Sec Bosque Tropical","Regosol","15°-35°",948340.600219727,62325.8560886383,363067172.42,19.7100984258532,"Baja","Baja","Alta","forestal_secundaria","suelo_infiltracion_baja","pend_alta","prec_baja","esc_baja","aporte_alto",0.3,0.5,0.2,0.59,0.255,0.155,0.962828649138713,0.0231187669990934,0.014052583862194,0.102561196736174,0.202561196736174,0.694877606527652,0.079485494106981,0.0507683590208522,0.137485494106981,0.0807683590208522,0.423029011786038,0.228463281958296,"receptora_conservada",0.423029011786038,"receptora_degradada",0.228463281958296,0.194565729827743,0.853827266990514
26,"Bosque Tropical","Phaeozem","6°-15°",136033.10333252,0,366124850.77,19.7184849582504,"Baja","Baja","Alta","forestal_conservada","suelo_infiltracion_alta","pend_media","prec_baja","esc_baja","aporte_alto",0.2,0.3,0.5,0.63,0.235,0.135,0.968403074295474,0.020068317677199,0.0115286080273271,0.102156276686593,0.202156276686593,0.695687446626815,0.089466268146883,0.0404312553373185,0.157466268146883,0.0604312553373185,0.493067463706234,0.159137489325363,"receptora_conservada",0.493067463706234,"receptora_degradada",0.159137489325363,0.333929974380871,0.807856932855058
27,"Sec Bosque Tropical","Regosol","6°-15°",1264945.79626465,54009.7125658989,54009.71,10.8969376392143,"Media","Baja","Baja","forestal_secundaria","suelo_infiltracion_baja","pend_media","prec_media","esc_baja","aporte_bajo",0.2,0.7,0.1,0.175,0.64,0.185,0.792452830188679,0.161006289308176,0.0465408805031446,0.525408805031446,0.287295597484277,0.187295597484277,0.324737106918239,0.177622641509434,0.186631446540881,0.106188679245283,0.128631446540881,0.076188679245283,"aporte_conservada",0.324737106918239,"transferencia_conservada",0.186631446540881,0.138105660377358,0.939611265505845
28,"Sec Bosque Tropical","Phaeozem","15°-35°",331417.197753906,247.136214017868,366126701.49,19.7184900131253,"Baja","Baja","Alta","forestal_secundaria","suelo_infiltracion_alta","pend_alta","prec_baja","esc_baja","aporte_alto",0.2,0.3,0.5,0.63,0.235,0.135,0.968403074295474,0.020068317677199,0.0115286080273271,0.102156276686593,0.202156276686593,0.695687446626815,0.0792506404782237,0.0506468830059778,0.137250640478224,0.0806468830059778,0.423498719043553,0.228706233988044,"receptora_conservada",0.423498719043553,"receptora_degradada",0.228706233988044,0.194792485055508,0.853287686945143
29,"Bosque Tropical","Regosol","6°-15°",3559896.996521,0,76554.09,11.2457658913639,"Alta","Baja","Baja","forestal_conservada","suelo_infiltracion_baja","pend_media","prec_alta","esc_baja","aporte_bajo",0.2,0.7,0.1,0.145,0.245,0.61,0.753246753246753,0.0707070707070707,0.176046176046176,0.542279942279942,0.278860028860029,0.178860028860029,0.388750360750361,0.128455988455988,0.20962481962482,0.0757720057720058,0.14162481962482,0.0557720057720058,"aporte_conservada",0.388750360750361,"transferencia_conservada",0.20962481962482,0.179125541125541,0.888362504869524
30,"Sec Bosque Tropical","Regosol","6°-15°",1883559.7064209,343476.678894043,3132886.12,14.9574655399204,"Media","Baja","Media","forestal_secundaria","suelo_infiltracion_baja","pend_media","prec_media","esc_baja","aporte_medio",0.2,0.7,0.1,0.175,0.64,0.185,0.282708190105075,0.691048693744354,0.0262431161505707,0.191094072708233,0.643458361978985,0.165447565312782,0.130834562170775,0.0773282218124698,0.393205849947811,0.213037508593695,0.115959587881414,0.0696342695938347,"transferencia_conservada",0.393205849947811,"transferencia_degradada",0.213037508593695,0.180168341354116,0.890661939446587
31,"Sec Bosque Tropical","Regosol","6°-15°",1090971.72497559,188261.695739746,271010848.27,19.4176694122493,"Media","Baja","Alta","forestal_secundaria","suelo_infiltracion_baja","pend_media","prec_media","esc_baja","aporte_alto",0.2,0.7,0.1,0.175,0.64,0.185,0.792452830188679,0.161006289308176,0.0465408805031446,0.112704402515723,0.212704402515723,0.674591194968553,0.0853685534591195,0.053811320754717,0.14336855345912,0.083811320754717,0.411262893081761,0.222377358490566,"receptora_conservada",0.411262893081761,"receptora_degradada",0.222377358490566,0.188885534591195,0.866920046493034
32,"Sec Bosque Tropical","Regosol","3°-6°",2261713.90405273,426688.848388672,3559574.97,15.0851519861835,"Alta","Media","Media","forestal_secundaria","suelo_infiltracion_baja","pend_media","prec_alta","esc_media","aporte_medio",0.2,0.7,0.1,0.145,0.245,0.61,0.10782666441727,0.767698205046719,0.12447513053601,0.15995024313579,0.678434667116546,0.161615089747664,0.112771141018758,0.067985072940737,0.413492106927597,0.223530400134964,0.113736752053645,0.0684845269242992,"transferencia_conservada",0.413492106927597,"transferencia_degradada",0.223530400134964,0.189961706792633,0.870546265613048
33,"Sec Bosque Tropical","Regosol","3°-6°",709722.196289062,149033.658798218,6195995.19,15.6394138656059,"Baja","Baja","Media","forestal_secundaria","suelo_infiltracion_baja","pend_media","prec_baja","esc_baja","aporte_medio",0.25,0.6,0.15,0.59,0.255,0.155,0.962828649138713,0.0231187669990934,0.014052583862194,0.293721668177697,0.507434270172258,0.198844061650045,0.190358567543064,0.108116500453309,0.314311876699909,0.172230281051677,0.135329555757026,0.0796532184950136,"transferencia_conservada",0.314311876699909,"aporte_conservada",0.190358567543064,0.123953309156845,0.946105609084125
34,"Pastizal","Regosol","15°-35°",580161.203613281,102322.899353027,310448857.44,19.5535297386545,"Baja","Baja","Alta","agropecuaria","suelo_infiltracion_baja","pend_alta","prec_baja","esc_baja","aporte_alto",0.7,0.2,0.1,0.54,0.28,0.18,0.954813359528487,0.0275049115913556,0.0176817288801572,0.103143418467584,0.203143418467584,0.693713163064833,0.0509430255402751,0.0798231827111984,0.0809430255402751,0.137823182711198,0.22811394891945,0.422353634577603,"receptora_degradada",0.422353634577603,"receptora_conservada",0.22811394891945,0.194239685658153,0.854600815359022
35,"Pastizal","Regosol","6°-15°",1016815.65100098,195648.416595459,272051804.49,19.4215030674851,"Baja","Baja","Alta","agropecuaria","suelo_infiltracion_baja","pend_media","prec_baja","esc_baja","aporte_alto",0.7,0.2,0.1,0.54,0.28,0.18,0.954813359528487,0.0275049115913556,0.0176817288801572,0.103143418467584,0.203143418467584,0.693713163064833,0.0509430255402751,0.0798231827111984,0.0809430255402751,0.137823182711198,0.22811394891945,0.422353634577603,"receptora_degradada",0.422353634577603,"receptora_conservada",0.22811394891945,0.194239685658153,0.854600815359022
36,"Pastizal","Regosol","6°-15°",707751.180541992,118217.180099487,297042771.35,19.5093867010443,"Baja","Baja","Alta","agropecuaria","suelo_infiltracion_baja","pend_media","prec_baja","esc_baja","aporte_alto",0.7,0.2,0.1,0.54,0.28,0.18,0.954813359528487,0.0275049115913556,0.0176817288801572,0.103143418467584,0.203143418467584,0.693713163064833,0.0509430255402751,0.0798231827111984,0.0809430255402751,0.137823182711198,0.22811394891945,0.422353634577603,"receptora_degradada",0.422353634577603,"receptora_conservada",0.22811394891945,0.194239685658153,0.854600815359022
37,"Sec Bosque Tropical","Regosol","1°-3°",905933.340942383,163232.627609253,163232.63,12.0029377664599,"Baja","Baja","Baja","forestal_secundaria","suelo_infiltracion_baja","pend_baja","prec_baja","esc_baja","aporte_bajo",0.3,0.5,0.2,0.59,0.255,0.155,0.962828649138713,0.0231187669990934,0.014052583862194,0.505122393472348,0.297438803263826,0.197438803263826,0.312970988213962,0.171536718041704,0.192514505893019,0.109231640979148,0.134514505893019,0.0792316409791478,"aporte_conservada",0.312970988213962,"transferencia_conservada",0.192514505893019,0.120456482320943,0.946419676621854
38,"Sec Bosque Tropical","Regosol","3°-6°",1266319.14172363,229841.582824707,371271.88,12.8246925968296,"Media","Baja","Baja","forestal_secundaria","suelo_infiltracion_baja","pend_media","prec_media","esc_baja","aporte_bajo",0.2,0.7,0.1,0.175,0.64,0.185,0.792452830188679,0.161006289308176,0.0465408805031446,0.525408805031446,0.287295597484277,0.187295597484277,0.324737106918239,0.177622641509434,0.186631446540881,0.106188679245283,0.128631446540881,0.076188679245283,"aporte_conservada",0.324737106918239,"transferencia_conservada",0.186631446540881,0.138105660377358,0.939611265505845
39,"Pastizal","Regosol","6°-15°",825738.07409668,140653.900512695,295651259.29,19.504691142999,"Baja","Baja","Alta","agropecuaria","suelo_infiltracion_baja","pend_media","prec_baja","esc_baja","aporte_alto",0.7,0.2,0.1,0.54,0.28,0.18,0.954813359528487,0.0275049115913556,0.0176817288801572,0.103143418467584,0.203143418467584,0.693713163064833,0.0509430255402751,0.0798231827111984,0.0809430255402751,0.137823182711198,0.22811394891945,0.422353634577603,"receptora_degradada",0.422353634577603,"receptora_conservada",0.22811394891945,0.194239685658153,0.854600815359022
40,"Sec Bosque Tropical","Regosol","3°-6°",969233.281738281,184930.229675293,19226121.53,16.7717804607281,"Baja","Baja","Media","forestal_secundaria","suelo_infiltracion_baja","pend_media","prec_baja","esc_baja","aporte_medio",0.25,0.6,0.15,0.59,0.255,0.155,0.962828649138713,0.0231187669990934,0.014052583862194,0.293721668177697,0.507434270172258,0.198844061650045,0.190358567543064,0.108116500453309,0.314311876699909,0.172230281051677,0.135329555757026,0.0796532184950136,"transferencia_conservada",0.314311876699909,"aporte_conservada",0.190358567543064,0.123953309156845,0.946105609084125
41,"Pastizal","Regosol","6°-15°",907251.820068359,160458.200790405,19757851.61,16.7990615707956,"Baja","Baja","Media","agropecuaria","suelo_infiltracion_baja","pend_media","prec_baja","esc_baja","aporte_medio",0.7,0.2,0.1,0.54,0.28,0.18,0.954813359528487,0.0275049115913556,0.0176817288801572,0.292337917485265,0.509037328094303,0.198624754420432,0.10770137524558,0.189555992141454,0.172711198428291,0.315241650294695,0.0795874263261297,0.135202357563851,"transferencia_degradada",0.315241650294695,"aporte_degradada",0.189555992141454,0.125685658153242,0.945682388037966
42,"Sec Bosque Tropical","Cambisol","3°-6°",3793296.90380859,661285.774993896,4911755.74,15.4071422239671,"Alta","Media","Media","forestal_secundaria","suelo_infiltracion_media","pend_media","prec_alta","esc_media","aporte_medio",0.1,0.7,0.2,0.155,0.255,0.59,0.0290534208059981,0.860356138706654,0.110590440487348,0.148828491096532,0.6941893158388,0.156982193064667,0.106320524835989,0.0646485473289597,0.422629803186504,0.22825679475164,0.111049671977507,0.0670946579194002,"transferencia_conservada",0.422629803186504,"transferencia_degradada",0.22825679475164,0.194373008434864,0.860538023241762
43,"Sec Bosque Tropical","Regosol","6°-15°",5520444.20349121,917076.077911377,314925508.49,19.5678466910151,"Alta","Media","Alta","forestal_secundaria","suelo_infiltracion_baja","pend_media","prec_alta","esc_media","aporte_alto",0.2,0.7,0.1,0.145,0.245,0.61,0.0152733928983086,0.158472368202258,0.826254238899434,0.190549042300056,0.290549042300056,0.518901915399888,0.130518444534033,0.0771647126900169,0.188518444534033,0.107164712690017,0.320963110931935,0.175670574619966,"receptora_conservada",0.320963110931935,"transferencia_conservada",0.188518444534033,0.132444666397902,0.941873940283134
44,"Sec Bosque Tropical","Regosol","6°-15°",1838648.96777344,306124.840698242,681367.14,13.4318580264384,"Media","Baja","Baja","forestal_secundaria","suelo_infiltracion_baja","pend_media","prec_media","esc_baja","aporte_bajo",0.2,0.7,0.1,0.175,0.64,0.185,0.478781114959852,0.48716824780614,0.0340506372340086,0.555526952227416,0.272236523886292,0.172236523886292,0.342205632291901,0.186658085668225,0.177897183854049,0.101670957165888,0.119897183854049,0.0716709571658876,"aporte_conservada",0.342205632291901,"aporte_degradada",0.186658085668225,0.155547546623676,0.928165923672456
45,"Sec Bosque Tropical","Regosol","6°-15°",2287995.13415527,412701.909454346,294348143.03,19.5002737881019,"Alta","Media","Alta","forestal_secundaria","suelo_infiltracion_baja","pend_media","prec_alta","esc_media","aporte_alto",0.2,0.7,0.1,0.145,0.245,0.61,0.150334150601833,0.721794240285665,0.127871609112502,0.148876872925533,0.248876872925533,0.602246254148933,0.106348586296809,0.06466306187766,0.164348586296809,0.0946630618776601,0.369302827406381,0.20067387624468,"receptora_conservada",0.369302827406381,"receptora_degradada",0.20067387624468,0.168628951161701,0.907222901039387
46,"Pastizal","Regosol","6°-15°",1217631.94042969,237403.430526733,21883636.63,16.9012497753558,"Media","Baja","Media","agropecuaria","suelo_infiltracion_baja","pend_media","prec_media","esc_baja","aporte_medio",0.6,0.25,0.15,0.2025,0.55,0.2475,0.820483961733258,0.123804164321891,0.0557118739448509,0.270287000562746,0.535903207653348,0.193809791783905,0.101086100168824,0.176766460326393,0.180770962296005,0.330823860438942,0.0781429375351716,0.132409679234665,"transferencia_degradada",0.330823860438942,"transferencia_conservada",0.180770962296005,0.150052898142938,0.937663333410568
47,"Sec Bosque Tropical","Cambisol","6°-15°",2243488.62036133,299923.868537903,5211679.61,15.4664129356101,"Alta","Baja","Media","forestal_secundaria","suelo_infiltracion_media","pend_media","prec_alta","esc_baja","aporte_medio",0.1,0.7,0.2,0.155,0.255,0.59,0.615139290178655,0.233223213165215,0.15163749665613,0.234689018693992,0.576972141964269,0.188338839341739,0.156119630842515,0.0904067056081975,0.354643842339276,0.193091642589281,0.129236526818209,0.0765016518025218,"transferencia_conservada",0.354643842339276,"transferencia_degradada",0.193091642589281,0.161552199749995,0.922831558728245
48,"Pastizal","Regosol","6°-15°",3750009.27685547,614805.662750244,295260124.97,19.5033673087111,"Alta","Media","Alta","agropecuaria","suelo_infiltracion_baja","pend_media","prec_alta","esc_media","aporte_alto",0.5,0.3,0.2,0.135,0.235,0.63,0.027027027027027,0.846846846846847,0.126126126126126,0.154954954954955,0.254954954954955,0.59009009009009,0.0664864864864865,0.109873873873874,0.0964864864864865,0.167873873873874,0.197027027027027,0.362252252252252,"receptora_degradada",0.362252252252252,"receptora_conservada",0.197027027027027,0.165225225225225,0.913048741375168
49,"Pastizal","Cambisol","3°-6°",912058.619995117,139926.771286011,139926.77,11.8488816398831,"Baja","Baja","Baja","agropecuaria","suelo_infiltracion_media","pend_media","prec_baja","esc_baja","aporte_bajo",0.25,0.6,0.15,0.59,0.255,0.155,0.962828649138713,0.0231187669990934,0.014052583862194,0.505122393472348,0.297438803263826,0.197438803263826,0.171536718041704,0.312970988213962,0.109231640979148,0.192514505893019,0.0792316409791478,0.134514505893019,"aporte_degradada",0.312970988213962,"transferencia_degradada",0.192514505893019,0.120456482320943,0.946419676621854
50,"Sec Bosque Tropical","Regosol","6°-15°",3191152.53588867,535977.88130188,20293829.49,16.8258274810712,"Alta","Media","Media","forestal_secundaria","suelo_infiltracion_baja","pend_media","prec_alta","esc_media","aporte_medio",0.2,0.7,0.1,0.145,0.245,0.61,0.0280735721200387,0.853823814133592,0.11810261374637,0.148305905130687,0.694385285575992,0.15730880929332,0.106017424975799,0.0644917715392062,0.422743465634076,0.228315585672798,0.111239109390126,0.0671926427879961,"transferencia_conservada",0.422743465634076,"transferencia_degradada",0.228315585672798,0.194427879961278,0.860401964033812
51,"Sec Bosque Tropical","Regosol","6°-15°",2137639.02197266,375242.301010132,375242.3,12.8353298945728,"Alta","Media","Baja","forestal_secundaria","suelo_infiltracion_baja","pend_media","prec_alta","esc_media","aporte_bajo",0.2,0.7,0.1,0.145,0.245,0.61,0.276503638972591,0.585543422654513,0.137952938372896,0.586144929940031,0.256927535029985,0.156927535029985,0.359964059365218,0.195843478982009,0.169017970317391,0.0970782605089954,0.111017970317391,0.0670782605089954,"aporte_conservada",0.359964059365218,"aporte_degradada",0.195843478982009,0.164120580383209,0.914882226656545
52,"Sec Bosque Tropical","Regosol","6°-15°",1719346.09875488,297176.278823852,294645319.31,19.5012828869229,"Media","Baja","Alta","forestal_secundaria","suelo_infiltracion_baja","pend_media","prec_media","esc_baja","aporte_alto",0.2,0.7,0.1,0.175,0.64,0.185,0.544407991728997,0.418928143206611,0.0366638650643925,0.12461279366677,0.22461279366677,0.65077441266646,0.0922754203267265,0.0573838381000309,0.150275420326726,0.0873838381000309,0.397449159346547,0.215232323799938,"receptora_conservada",0.397449159346547,"receptora_degradada",0.215232323799938,0.182216835546609,0.881272024387433
53,"Pastizal","Regosol","6°-15°",2172069.56494141,389113.359161377,1070480.5,13.8836191052185,"Alta","Media","Baja","agropecuaria","suelo_infiltracion_baja","pend_media","prec_alta","esc_media","aporte_bajo",0.5,0.3,0.2,0.135,0.235,0.63,0.220058862672178,0.636134633713753,0.143806503614069,0.592374764094189,0.253812617952905,0.153812617952905,0.197712429228257,0.36357736317463,0.0961437853858716,0.167211318412685,0.0661437853858716,0.109211318412685,"aporte_degradada",0.36357736317463,"aporte_conservada",0.197712429228257,0.165864933946373,0.911974156296444
54,"Sec Bosque Tropical","Regosol","6°-15°",1998935.28222656,255451.586380005,5467131.2,15.5142647590371,"Alta","Baja","Media","forestal_secundaria","suelo_infiltracion_baja","pend_media","prec_alta","esc_baja","aporte_medio",0.2,0.7,0.1,0.145,0.245,0.61,0.753246753246753,0.0707070707070707,0.176046176046176,0.254184704184704,0.549350649350649,0.196464646464646,0.167427128427128,0.0962554112554113,0.338623376623377,0.184805194805195,0.133949494949495,0.0789393939393939,"transferencia_conservada",0.338623376623377,"transferencia_degradada",0.184805194805195,0.153818181818182,0.933700321711608
55,"Pastizal","Regosol","6°-15°",326703.51940918,53291.1418151855,20836769.84,16.8522298127475,"Baja","Baja","Media","agropecuaria","suelo_infiltracion_baja","pend_media","prec_baja","esc_baja","aporte_medio",0.7,0.2,0.1,0.54,0.28,0.18,0.954813359528487,0.0275049115913556,0.0176817288801572,0.292337917485265,0.509037328094303,0.198624754420432,0.10770137524558,0.189555992141454,0.172711198428291,0.315241650294695,0.0795874263261297,0.135202357563851,"transferencia_degradada",0.315241650294695,"aporte_degradada",0.189555992141454,0.125685658153242,0.945682388037966
56,"Sec Bosque Tropical","Regosol","6°-15°",2102008.21801758,232769.606082916,6289951.18,15.654464026104,"Alta","Baja","Media","forestal_secundaria","suelo_infiltracion_baja","pend_media","prec_alta","esc_baja","aporte_medio",0.2,0.7,0.1,0.145,0.245,0.61,0.753246753246753,0.0707070707070707,0.176046176046176,0.254184704184704,0.549350649350649,0.196464646464646,0.167427128427128,0.0962554112554113,0.338623376623377,0.184805194805195,0.133949494949495,0.0789393939393939,"transferencia_conservada",0.338623376623377,"transferencia_degradada",0.184805194805195,0.153818181818182,0.933700321711608
57,"Pastizal","Regosol","3°-6°",878324.415039062,205532.935455322,20234460.98,16.8228977473545,"Baja","Baja","Media","agropecuaria","suelo_infiltracion_baja","pend_media","prec_baja","esc_baja","aporte_medio",0.7,0.2,0.1,0.54,0.28,0.18,0.954813359528487,0.0275049115913556,0.0176817288801572,0.292337917485265,0.509037328094303,0.198624754420432,0.10770137524558,0.189555992141454,0.172711198428291,0.315241650294695,0.0795874263261297,0.135202357563851,"transferencia_degradada",0.315241650294695,"aporte_degradada",0.189555992141454,0.125685658153242,0.945682388037966
58,"Sec Bosque Tropical","Cambisol","3°-6°",760005.008422852,139725.506118774,139725.51,11.8474422910217,"Baja","Baja","Baja","forestal_secundaria","suelo_infiltracion_media","pend_media","prec_baja","esc_baja","aporte_bajo",0.15,0.6,0.25,0.61,0.245,0.145,0.965699208443272,0.0215479331574318,0.0127528583992964,0.504705364995602,0.297647317502199,0.197647317502199,0.312729111697449,0.171411609498681,0.192635444151275,0.10929419525066,0.134635444151275,0.0792941952506596,"aporte_conservada",0.312729111697449,"transferencia_conservada",0.192635444151275,0.120093667546174,0.946552043807644
59,"Sec Bosque Tropical","Regosol","6°-15°",2792647.45263672,489649.209564209,489649.21,13.1014465580266,"Alta","Media","Baja","forestal_secundaria","suelo_infiltracion_baja","pend_media","prec_alta","esc_media","aporte_bajo",0.2,0.7,0.1,0.145,0.245,0.61,0.0280735721200387,0.853823814133592,0.11810261374637,0.609002904162633,0.245498547918683,0.145498547918683,0.373221684414327,0.20270087124879,0.162389157792836,0.093649564375605,0.104389157792836,0.063649564375605,"aporte_conservada",0.373221684414327,"aporte_degradada",0.20270087124879,0.170520813165537,0.90386909935513
60,"Sec Bosque Tropical","Regosol","6°-15°",1038918.45874023,123773.860923767,317236776.98,19.5751589867163,"Baja","Baja","Alta","forestal_secundaria","suelo_infiltracion_baja","pend_media","prec_baja","esc_baja","aporte_alto",0.25,0.6,0.15,0.59,0.255,0.155,0.962828649138713,0.0231187669990934,0.014052583862194,0.102561196736174,0.202561196736174,0.694877606527652,0.079485494106981,0.0507683590208522,0.137485494106981,0.0807683590208522,0.423029011786038,0.228463281958296,"receptora_conservada",0.423029011786038,"receptora_degradada",0.228463281958296,0.194565729827743,0.853827266990514
61,"Pastizal","Regosol","3°-6°",2673868.91320801,489244.667785645,1559725.17,14.2600208317669,"Alta","Media","Media","agropecuaria","suelo_infiltracion_baja","pend_media","prec_alta","esc_media","aporte_medio",0.5,0.3,0.2,0.135,0.235,0.63,0.027027027027027,0.846846846846847,0.126126126126126,0.147747747747748,0.694594594594594,0.157657657657658,0.0643243243243243,0.105693693693694,0.228378378378378,0.422864864864865,0.0672972972972973,0.111441441441441,"transferencia_degradada",0.422864864864865,"transferencia_conservada",0.228378378378378,0.194486486486486,0.860255559361577
62,"Pastizal","Regosol","6°-15°",2796407.44372559,408641.080047607,317113003.12,19.5747687481915,"Alta","Media","Alta","agropecuaria","suelo_infiltracion_baja","pend_media","prec_alta","esc_media","aporte_alto",0.5,0.3,0.2,0.135,0.235,0.63,0.157522494857175,0.704398899136934,0.138078606005891,0.149027805557436,0.249027805557436,0.601944388885128,0.0647083416672307,0.106436127223313,0.0947083416672307,0.164436127223313,0.200583316665538,0.369127745553374,"receptora_degradada",0.369127745553374,"receptora_conservada",0.200583316665538,0.168544428887836,0.907370804293576
63,"Pastizal","Regosol","6°-15°",4140391.8659668,885954.142944336,885954.14,13.6944215962512,"Alta","Media","Baja","agropecuaria","suelo_infiltracion_baja","pend_media","prec_alta","esc_media","aporte_bajo",0.5,0.3,0.2,0.135,0.235,0.63,0.0148749220547608,0.198580757545742,0.786544320399497,0.677166939834474,0.211416530082763,0.111416530082763,0.223150081950342,0.412756825103995,0.083424959024829,0.142621587448003,0.053424959024829,0.0846215874480026,"aporte_degradada",0.412756825103995,"aporte_conservada",0.223150081950342,0.189606743153653,0.865302438399405
64,"Pastizal","Regosol","6°-15°",772861.033081055,57383.0619163513,7007619.38,15.7625087406106,"Baja","Baja","Media","agropecuaria","suelo_infiltracion_baja","pend_media","prec_baja","esc_baja","aporte_medio",0.7,0.2,0.1,0.54,0.28,0.18,0.954813359528487,0.0275049115913556,0.0176817288801572,0.292337917485265,0.509037328094303,0.198624754420432,0.10770137524558,0.189555992141454,0.172711198428291,0.315241650294695,0.0795874263261297,0.135202357563851,"transferencia_degradada",0.315241650294695,"aporte_degradada",0.189555992141454,0.125685658153242,0.945682388037966
65,"Sec Bosque Tropical","Regosol","6°-15°",2082107.33837891,302369.151069641,318731634.85,19.5798600397576,"Alta","Baja","Alta","forestal_secundaria","suelo_infiltracion_baja","pend_media","prec_alta","esc_baja","aporte_alto",0.2,0.7,0.1,0.145,0.245,0.61,0.589272271912267,0.247783616240927,0.162944111846807,0.128683591996727,0.228683591996727,0.642632816006546,0.0946364833581017,0.0586050775990181,0.152636483358102,0.0886050775990181,0.392727033283797,0.212789844801964,"receptora_conservada",0.392727033283797,"receptora_degradada",0.212789844801964,0.179937188481833,0.885930897479391
66,"Pastizal","Regosol","6°-15°",816868.316772461,122114.519775391,440087.09,12.9947301904016,"Baja","Baja","Baja","agropecuaria","suelo_infiltracion_baja","pend_media","prec_baja","esc_baja","aporte_bajo",0.7,0.2,0.1,0.54,0.28,0.18,0.954813359528487,0.0275049115913556,0.0176817288801572,0.506286836935167,0.296856581532417,0.196856581532417,0.17188605108055,0.313646365422397,0.109056974459725,0.192176817288802,0.079056974459725,0.134176817288802,"aporte_degradada",0.313646365422397,"transferencia_degradada",0.192176817288802,0.121469548133595,0.946048456170975
67,"Pastizal","Regosol","6°-15°",1859564.61804199,313597.676300049,313597.68,12.6558693582659,"Media","Baja","Baja","agropecuaria","suelo_infiltracion_baja","pend_media","prec_media","esc_baja","aporte_bajo",0.6,0.25,0.15,0.2025,0.55,0.2475,0.496933258440149,0.460200782427266,0.0428659591325852,0.554593270069244,0.272703364965378,0.172703364965378,0.186377981020773,0.341664096640161,0.101811009489613,0.178167951679919,0.0718110094896135,0.120167951679919,"aporte_degradada",0.341664096640161,"aporte_conservada",0.186377981020773,0.155286115619388,0.928544810189832
68,"Pastizal","Regosol","3°-6°",2400252.5324707,512933.956100464,724171.7,13.4927851788343,"Alta","Media","Baja","agropecuaria","suelo_infiltracion_baja","pend_media","prec_alta","esc_media","aporte_bajo",0.5,0.3,0.2,0.135,0.235,0.63,0.027027027027027,0.846846846846847,0.126126126126126,0.60990990990991,0.245045045045045,0.145045045045045,0.202972972972973,0.373747747747748,0.0935135135135135,0.162126126126126,0.0635135135135135,0.104126126126126,"aporte_degradada",0.373747747747748,"aporte_conservada",0.202972972972973,0.170774774774775,0.903412568525205
69,"Sec Bosque Tropical","Regosol","6°-15°",2502389.58752441,318371.411087036,320629469.98,19.5857967183691,"Alta","Baja","Alta","forestal_secundaria","suelo_infiltracion_baja","pend_media","prec_alta","esc_baja","aporte_alto",0.2,0.7,0.1,0.145,0.245,0.61,0.5112527922865,0.332037091684451,0.156710116029049,0.132272866187127,0.232272866187127,0.635454267625745,0.0967182623885339,0.0596818598561382,0.154718262388534,0.0896818598561382,0.388563475222932,0.210636280287724,"receptora_conservada",0.388563475222932,"receptora_degradada",0.210636280287724,0.177927194935209,0.889935621209399
70,"Sec Bosque Tropical","Regosol","6°-15°",1550000.89526367,183044.312011719,183044.31,12.1174889968052,"Media","Baja","Baja","forestal_secundaria","suelo_infiltracion_baja","pend_media","prec_media","esc_baja","aporte_bajo",0.2,0.7,0.1,0.175,0.64,0.185,0.792452830188679,0.161006289308176,0.0465408805031446,0.525408805031446,0.287295597484277,0.187295597484277,0.324737106918239,0.177622641509434,0.186631446540881,0.106188679245283,0.128631446540881,0.076188679245283,"aporte_conservada",0.324737106918239,"transferencia_conservada",0.186631446540881,0.138105660377358,0.939611265505845
71,"Pastizal","Regosol","6°-15°",737581.770019531,128232.284606934,128232.28,11.7616063841637,"Baja","Baja","Baja","agropecuaria","suelo_infiltracion_baja","pend_media","prec_baja","esc_baja","aporte_bajo",0.7,0.2,0.1,0.54,0.28,0.18,0.954813359528487,0.0275049115913556,0.0176817288801572,0.506286836935167,0.296856581532417,0.196856581532417,0.17188605108055,0.313646365422397,0.109056974459725,0.192176817288802,0.079056974459725,0.134176817288802,"aporte_degradada",0.313646365422397,"transferencia_degradada",0.192176817288802,0.121469548133595,0.946048456170975
72,"Sec Bosque Tropical","Regosol","6°-15°",1659799.98931885,187527.51581192,187527.52,12.1416862194922,"Media","Baja","Baja","forestal_secundaria","suelo_infiltracion_baja","pend_media","prec_media","esc_baja","aporte_bajo",0.2,0.7,0.1,0.175,0.64,0.185,0.792452830188679,0.161006289308176,0.0465408805031446,0.525408805031446,0.287295597484277,0.187295597484277,0.324737106918239,0.177622641509434,0.186631446540881,0.106188679245283,0.128631446540881,0.076188679245283,"aporte_conservada",0.324737106918239,"transferencia_conservada",0.186631446540881,0.138105660377358,0.939611265505845
73,"Pastizal","Regosol","6°-15°",2597601.73083496,596912.359191895,596912.36,13.2995272562149,"Alta","Media","Baja","agropecuaria","suelo_infiltracion_baja","pend_media","prec_alta","esc_media","aporte_bajo",0.5,0.3,0.2,0.135,0.235,0.63,0.027027027027027,0.846846846846847,0.126126126126126,0.60990990990991,0.245045045045045,0.145045045045045,0.202972972972973,0.373747747747748,0.0935135135135135,0.162126126126126,0.0635135135135135,0.104126126126126,"aporte_degradada",0.373747747747748,"aporte_conservada",0.202972972972973,0.170774774774775,0.903412568525205
74,"Sec Bosque Tropical","Regosol","6°-15°",1724630.2265625,227150.175422668,320856620.16,19.5865049182577,"Media","Baja","Alta","forestal_secundaria","suelo_infiltracion_baja","pend_media","prec_media","esc_baja","aporte_alto",0.2,0.7,0.1,0.175,0.64,0.185,0.792452830188679,0.161006289308176,0.0465408805031446,0.112704402515723,0.212704402515723,0.674591194968553,0.0853685534591195,0.053811320754717,0.14336855345912,0.083811320754717,0.411262893081761,0.222377358490566,"receptora_conservada",0.411262893081761,"receptora_degradada",0.222377358490566,0.188885534591195,0.866920046493034
75,"Sec Bosque Tropical","Regosol","6°-15°",3307435.59368896,145940.927201509,30505484.67,17.2334170834379,"Alta","Baja","Alta","forestal_secundaria","suelo_infiltracion_baja","pend_media","prec_alta","esc_baja","aporte_alto",0.2,0.7,0.1,0.145,0.245,0.61,0.753246753246753,0.0707070707070707,0.176046176046176,0.121139971139971,0.221139971139971,0.657720057720058,0.0902611832611833,0.0563419913419913,0.148261183261183,0.0863419913419913,0.401477633477633,0.217316017316017,"receptora_conservada",0.401477633477633,"receptora_degradada",0.217316017316017,0.184161616161616,0.877198558299002
76,"Pastizal","Regosol","6°-15°",2024091.13037109,416783.654205322,1013696.01,13.8291146117755,"Alta","Media","Baja","agropecuaria","suelo_infiltracion_baja","pend_media","prec_alta","esc_media","aporte_bajo",0.5,0.3,0.2,0.135,0.235,0.63,0.132894049151892,0.731283139672927,0.135822811175181,0.600292876202329,0.249853561898836,0.149853561898836,0.200087862860699,0.368169868197351,0.0949560685696507,0.164915065901325,0.0649560685696507,0.106915065901325,"aporte_degradada",0.368169868197351,"aporte_conservada",0.200087862860699,0.168082005336652,0.908177064696152
77,"Sec Bosque Tropical","Regosol","15°-35°",1613494.79589844,138221.269885063,321182368.95,19.5875196504545,"Media","Baja","Alta","forestal_secundaria","suelo_infiltracion_baja","pend_alta","prec_media","esc_baja","aporte_alto",0.25,0.6,0.15,0.185,0.62,0.195,0.803377563329312,0.149577804583836,0.0470446320868516,0.112183353437877,0.212183353437877,0.675633293124246,0.0850663449939686,0.0536550060313631,0.143066344993969,0.0836550060313631,0.411867310012063,0.222689987937274,"receptora_conservada",0.411867310012063,"receptora_degradada",0.222689987937274,0.189177322074789,0.86626714745867
78,"Sec Bosque Tropical","Regosol","6°-15°",3204703.03149414,330856.349954605,1538286.63,14.2461804271672,"Alta","Baja","Media","forestal_secundaria","suelo_infiltracion_baja","pend_media","prec_alta","esc_baja","aporte_medio",0.2,0.7,0.1,0.145,0.245,0.61,0.454407714573041,0.393424265531153,0.152168019895806,0.210552756191166,0.609118457085392,0.180328786723442,0.142120598590876,0.0831658268573498,0.373288705109527,0.202735537125618,0.124590696299597,0.0740986360170327,"transferencia_conservada",0.373288705109527,"transferencia_degradada",0.202735537125618,0.17055316798391,0.908498097566449
79,"Bosque Tropical","Regosol","6°-15°",955969.053405762,45167.0738082491,30550651.74,17.2348966096384,"Baja","Baja","Alta","forestal_conservada","suelo_infiltracion_baja","pend_media","prec_baja","esc_baja","aporte_alto",0.25,0.6,0.15,0.59,0.255,0.155,0.962828649138713,0.0231187669990934,0.014052583862194,0.102561196736174,0.202561196736174,0.694877606527652,0.0897416137805984,0.0405122393472348,0.157741613780598,0.0605122393472348,0.492516772438803,0.15897552130553,"receptora_conservada",0.492516772438803,"receptora_degradada",0.15897552130553,0.333541251133273,0.808399656748307
80,"Pastizal","Regosol","6°-15°",1229245.31921387,22691.081584652,30624027.17,17.2372954931012,"Media","Baja","Alta","agropecuaria","suelo_infiltracion_baja","pend_media","prec_media","esc_baja","aporte_alto",0.6,0.25,0.15,0.2025,0.55,0.2475,0.820483961733258,0.123804164321891,0.0557118739448509,0.11176139561058,0.21176139561058,0.676477208778841,0.0535284186831739,0.0848216094541362,0.0835284186831739,0.142821609454136,0.222943162633652,0.412356781091728,"receptora_degradada",0.412356781091728,"receptora_conservada",0.222943162633652,0.189413618458075,0.865736866367805
81,"Sec Bosque Tropical","Regosol","3°-6°",1172654.06311035,200457.262451172,2201149.62,14.6044907906979,"Media","Baja","Media","forestal_secundaria","suelo_infiltracion_baja","pend_media","prec_media","esc_baja","aporte_medio",0.2,0.7,0.1,0.175,0.64,0.185,0.792452830188679,0.161006289308176,0.0465408805031446,0.266540880503145,0.541509433962264,0.191949685534591,0.174593710691824,0.0999622641509434,0.334075471698113,0.182452830188679,0.131330817610063,0.0775849056603774,"transferencia_conservada",0.334075471698113,"transferencia_degradada",0.182452830188679,0.151622641509434,0.93569836589839
82,"Sec Bosque Tropical","Regosol","15°-35°",731946.040771484,26152.3647909164,325184622.37,19.5999036509099,"Baja","Baja","Alta","forestal_secundaria","suelo_infiltracion_baja","pend_alta","prec_baja","esc_baja","aporte_alto",0.3,0.5,0.2,0.59,0.255,0.155,0.962828649138713,0.0231187669990934,0.014052583862194,0.102561196736174,0.202561196736174,0.694877606527652,0.079485494106981,0.0507683590208522,0.137485494106981,0.0807683590208522,0.423029011786038,0.228463281958296,"receptora_conservada",0.423029011786038,"receptora_degradada",0.228463281958296,0.194565729827743,0.853827266990514
83,"Sec Bosque Tropical","Regosol","6°-15°",2311814.91137695,212584.537367821,212584.54,12.2670997275251,"Alta","Baja","Baja","forestal_secundaria","suelo_infiltracion_baja","pend_media","prec_alta","esc_baja","aporte_bajo",0.2,0.7,0.1,0.145,0.245,0.61,0.753246753246753,0.0707070707070707,0.176046176046176,0.542279942279942,0.278860028860029,0.178860028860029,0.334522366522366,0.182683982683983,0.181738816738817,0.103658008658009,0.123738816738817,0.0736580086580087,"aporte_conservada",0.334522366522366,"aporte_degradada",0.182683982683983,0.151838383838384,0.93339723503075
84,"Pastizal","Cambisol","3°-6°",71817.1795654297,14658.1805725098,14658.18,9.59282203936056,"Baja","Baja","Baja","agropecuaria","suelo_infiltracion_media","pend_media","prec_baja","esc_baja","aporte_bajo",0.25,0.6,0.15,0.59,0.255,0.155,0.962828649138713,0.0231187669990934,0.014052583862194,0.505122393472348,0.297438803263826,0.197438803263826,0.171536718041704,0.312970988213962,0.109231640979148,0.192514505893019,0.0792316409791478,0.134514505893019,"aporte_degradada",0.312970988213962,"transferencia_degradada",0.192514505893019,0.120456482320943,0.946419676621854
85,"Pastizal","Regosol","6°-15°",551310.296813965,10077.8498372249,327434397.89,19.6067982842423,"Baja","Baja","Alta","agropecuaria","suelo_infiltracion_baja","pend_media","prec_baja","esc_baja","aporte_alto",0.7,0.2,0.1,0.54,0.28,0.18,0.954813359528487,0.0275049115913556,0.0176817288801572,0.103143418467584,0.203143418467584,0.693713163064833,0.0509430255402751,0.0798231827111984,0.0809430255402751,0.137823182711198,0.22811394891945,0.422353634577603,"receptora_degradada",0.422353634577603,"receptora_conservada",0.22811394891945,0.194239685658153,0.854600815359022
86,"Sec Bosque Tropical","Regosol","15°-35°",654899.351196289,10760.4233211856,325484317.95,19.6008248431836,"Baja","Baja","Alta","forestal_secundaria","suelo_infiltracion_baja","pend_alta","prec_baja","esc_baja","aporte_alto",0.3,0.5,0.2,0.59,0.255,0.155,0.962828649138713,0.0231187669990934,0.014052583862194,0.102561196736174,0.202561196736174,0.694877606527652,0.079485494106981,0.0507683590208522,0.137485494106981,0.0807683590208522,0.423029011786038,0.228463281958296,"receptora_conservada",0.423029011786038,"receptora_degradada",0.228463281958296,0.194565729827743,0.853827266990514
87,"Sec Bosque Tropical","Regosol","6°-15°",2341343.96484375,165948.47287479,327600346.36,19.6073049702601,"Alta","Baja","Alta","forestal_secundaria","suelo_infiltracion_baja","pend_media","prec_alta","esc_baja","aporte_alto",0.2,0.7,0.1,0.145,0.245,0.61,0.753246753246753,0.0707070707070707,0.176046176046176,0.121139971139971,0.221139971139971,0.657720057720058,0.0902611832611833,0.0563419913419913,0.148261183261183,0.0863419913419913,0.401477633477633,0.217316017316017,"receptora_conservada",0.401477633477633,"receptora_degradada",0.217316017316017,0.184161616161616,0.877198558299002
88,"Pastizal","Regosol","3°-6°",1171564.97790527,218056.6043396,218056.6,12.2925145270547,"Media","Baja","Baja","agropecuaria","suelo_infiltracion_baja","pend_media","prec_media","esc_baja","aporte_bajo",0.6,0.25,0.15,0.2025,0.55,0.2475,0.820483961733258,0.123804164321891,0.0557118739448509,0.523522791221159,0.28823860438942,0.18823860438942,0.177056837366348,0.323643218908272,0.106471581316826,0.187178390545864,0.0764715813168261,0.129178390545864,"aporte_degradada",0.323643218908272,"transferencia_degradada",0.187178390545864,0.136464828362409,0.940274767874134
89,"Pastizal","Phaeozem","6°-15°",1277567.61480713,36844.8753167391,360495221.26,19.7029892615085,"Media","Baja","Alta","agropecuaria","suelo_infiltracion_alta","pend_media","prec_media","esc_baja","aporte_alto",0.1,0.7,0.2,0.185,0.64,0.175,0.803377563329313,0.154402895054282,0.0422195416164053,0.111942098914355,0.211942098914355,0.676115802171291,0.0535826296743064,0.0849264173703257,0.0835826296743064,0.142926417370326,0.222834740651387,0.412147165259349,"receptora_degradada",0.412147165259349,"receptora_conservada",0.222834740651387,0.189312424607961,0.865964128793933
90,"Bosque Tropical","Regosol","6°-15°",1285206.41894531,23364.9446516037,23364.94,10.0590346854402,"Media","Baja","Baja","forestal_conservada","suelo_infiltracion_baja","pend_media","prec_media","esc_baja","aporte_bajo",0.2,0.7,0.1,0.175,0.64,0.185,0.792452830188679,0.161006289308176,0.0465408805031446,0.525408805031446,0.287295597484277,0.187295597484277,0.377277987421384,0.125081761006289,0.215361006289308,0.0774591194968553,0.147361006289308,0.0574591194968554,"aporte_conservada",0.377277987421384,"transferencia_conservada",0.215361006289308,0.161916981132075,0.894602776782792
91,"Bosque Tropical","Regosol","6°-15°",960872.993103027,5750.47785842419,5750.48,8.65721249197628,"Baja","Baja","Baja","forestal_conservada","suelo_infiltracion_baja","pend_media","prec_baja","esc_baja","aporte_bajo",0.25,0.6,0.15,0.59,0.255,0.155,0.962828649138713,0.0231187669990934,0.014052583862194,0.505122393472348,0.297438803263826,0.197438803263826,0.363483227561197,0.12102447869447,0.222258386219402,0.0794877606527652,0.154258386219402,0.0594877606527652,"aporte_conservada",0.363483227561197,"transferencia_conservada",0.222258386219402,0.141224841341795,0.901439480212449
92,"Sec Bosque Tropical","Regosol","6°-15°",1450637.42010498,66390.8761445116,327973940.9,19.6084447177656,"Media","Baja","Alta","forestal_secundaria","suelo_infiltracion_baja","pend_media","prec_media","esc_baja","aporte_alto",0.2,0.7,0.1,0.175,0.64,0.185,0.792452830188679,0.161006289308176,0.0465408805031446,0.112704402515723,0.212704402515723,0.674591194968553,0.0853685534591195,0.053811320754717,0.14336855345912,0.083811320754717,0.411262893081761,0.222377358490566,"receptora_conservada",0.411262893081761,"receptora_degradada",0.222377358490566,0.188885534591195,0.866920046493034
93,"Pastizal","Regosol","3°-6°",1795016.04833984,350755.710006714,350755.71,12.7678481282165,"Media","Baja","Baja","agropecuaria","suelo_infiltracion_baja","pend_media","prec_media","esc_baja","aporte_bajo",0.6,0.25,0.15,0.2025,0.55,0.2475,0.310937866011095,0.653580739137279,0.0354813948516259,0.572454352884053,0.263772823557973,0.163772823557973,0.191736305865216,0.352023524672751,0.099131847067392,0.172988237663625,0.069131847067392,0.114988237663625,"aporte_degradada",0.352023524672751,"aporte_conservada",0.191736305865216,0.160287218807535,0.921028475206317
94,"Bosque Tropical","Phaeozem","6°-15°",493926.096923828,13038.9886341095,329357855.92,19.6126554286037,"Baja","Baja","Alta","forestal_conservada","suelo_infiltracion_alta","pend_media","prec_baja","esc_baja","aporte_alto",0.2,0.3,0.5,0.63,0.235,0.135,0.968403074295474,0.020068317677199,0.0115286080273271,0.102156276686593,0.202156276686593,0.695687446626815,0.089466268146883,0.0404312553373185,0.157466268146883,0.0604312553373185,0.493067463706234,0.159137489325363,"receptora_conservada",0.493067463706234,"receptora_degradada",0.159137489325363,0.333929974380871,0.807856932855058
95,"Bosque Tropical","Phaeozem","6°-15°",1604606.37420654,67224.1708431244,329593242.68,19.6133698572458,"Media","Baja","Alta","forestal_conservada","suelo_infiltracion_alta","pend_media","prec_media","esc_baja","aporte_alto",0.15,0.25,0.6,0.2475,0.55,0.2025,0.85549687950072,0.105616898703793,0.0388862217954873,0.109169467114738,0.209169467114738,0.681661065770523,0.0942352376380221,0.0418338934229477,0.162235237638022,0.0618338934229477,0.483529524723956,0.156332213154105,"receptora_conservada",0.483529524723956,"transferencia_conservada",0.162235237638022,0.321294287085934,0.817070616296865
96,"Bosque Tropical","Regosol","6°-15°",520019.140319824,50506.4282913208,50506.43,10.829875733154,"Baja","Baja","Baja","forestal_conservada","suelo_infiltracion_baja","pend_media","prec_baja","esc_baja","aporte_bajo",0.25,0.6,0.15,0.59,0.255,0.155,0.962828649138713,0.0231187669990934,0.014052583862194,0.505122393472348,0.297438803263826,0.197438803263826,0.363483227561197,0.12102447869447,0.222258386219402,0.0794877606527652,0.154258386219402,0.0594877606527652,"aporte_conservada",0.363483227561197,"transferencia_conservada",0.222258386219402,0.141224841341795,0.901439480212449
97,"Bosque Tropical","Regosol","6°-15°",2024448.43939209,114740.938115248,327715087.3,19.6076551556363,"Alta","Baja","Alta","forestal_conservada","suelo_infiltracion_baja","pend_media","prec_alta","esc_baja","aporte_alto",0.2,0.7,0.1,0.145,0.245,0.61,0.753246753246753,0.0707070707070707,0.176046176046176,0.121139971139971,0.221139971139971,0.657720057720058,0.10237518037518,0.0442279942279942,0.17037518037518,0.0642279942279942,0.467249639249639,0.151544011544012,"receptora_conservada",0.467249639249639,"transferencia_conservada",0.17037518037518,0.296874458874459,0.831899857111303
98,"Sec Bosque Tropical","Regosol","6°-15°",2749441.00317383,435524.22467041,435524.22,12.9843079840457,"Alta","Media","Baja","forestal_secundaria","suelo_infiltracion_baja","pend_media","prec_alta","esc_media","aporte_bajo",0.2,0.7,0.1,0.145,0.245,0.61,0.0821197570006936,0.795459173245182,0.122421069754124,0.604030131275343,0.247984934362328,0.147984934362328,0.370337476139699,0.201209039382603,0.16383126193015,0.0943954803086985,0.10583126193015,0.0643954803086985,"aporte_conservada",0.370337476139699,"aporte_degradada",0.201209039382603,0.169128436757096,0.906345491645356
99,"Sec Bosque Tropical","Regosol","15°-35°",1283834.83837891,43423.2400806062,601422.14,13.3070540256836,"Media","Baja","Baja","forestal_secundaria","suelo_infiltracion_baja","pend_alta","prec_media","esc_baja","aporte_bajo",0.25,0.6,0.15,0.185,0.62,0.195,0.803377563329312,0.149577804583836,0.0470446320868516,0.524366706875754,0.287816646562123,0.187816646562123,0.324132689987937,0.177310012062726,0.186933655006031,0.106344993968637,0.128933655006031,0.0763449939686369,"aporte_conservada",0.324132689987937,"transferencia_conservada",0.186933655006031,0.137199034981906,0.939978651145875
100,"Bosque Tropical","Regosol","15°-35°",1553780.18078613,93339.0564188957,328883726.01,19.611214832921,"Media","Baja","Alta","forestal_conservada","suelo_infiltracion_baja","pend_alta","prec_media","esc_baja","aporte_alto",0.25,0.6,0.15,0.185,0.62,0.195,0.803377563329312,0.149577804583836,0.0470446320868516,0.112183353437877,0.212183353437877,0.675633293124246,0.0962846803377563,0.0424366706875754,0.164284680337756,0.0624366706875754,0.479430639324487,0.155126658624849,"receptora_conservada",0.479430639324487,"transferencia_conservada",0.164284680337756,0.315145958986731,0.820909852484833
101,"Bosque Tropical","Regosol","6°-15°",583120.374389648,46981.9731445312,798895.73,13.5909869673337,"Baja","Baja","Baja","forestal_conservada","suelo_infiltracion_baja","pend_media","prec_baja","esc_baja","aporte_bajo",0.25,0.6,0.15,0.59,0.255,0.155,0.962828649138713,0.0231187669990934,0.014052583862194,0.505122393472348,0.297438803263826,0.197438803263826,0.363483227561197,0.12102447869447,0.222258386219402,0.0794877606527652,0.154258386219402,0.0594877606527652,"aporte_conservada",0.363483227561197,"transferencia_conservada",0.222258386219402,0.141224841341795,0.901439480212449
102,"Pastizal","Phaeozem","15°-35°",794016.366027832,7371.00266001746,362696428.21,19.7090767591812,"Baja","Baja","Alta","agropecuaria","suelo_infiltracion_alta","pend_alta","prec_baja","esc_baja","aporte_alto",0.2,0.5,0.3,0.61,0.245,0.145,0.965699208443272,0.0215479331574318,0.0127528583992964,0.102352682497801,0.202352682497801,0.695294635004397,0.0507058047493404,0.0793645558487247,0.0807058047493404,0.137364555848725,0.228588390501319,0.423270888302551,"receptora_degradada",0.423270888302551,"receptora_conservada",0.228588390501319,0.194682497801231,0.853549573152347
103,"Sec Bosque Tropical","Regosol","6°-15°",2943636.17724609,115332.528160691,1507942.62,14.2262574395832,"Alta","Baja","Media","forestal_secundaria","suelo_infiltracion_baja","pend_media","prec_alta","esc_baja","aporte_medio",0.2,0.7,0.1,0.145,0.245,0.61,0.753246753246753,0.0707070707070707,0.176046176046176,0.254184704184704,0.549350649350649,0.196464646464646,0.167427128427128,0.0962554112554113,0.338623376623377,0.184805194805195,0.133949494949495,0.0789393939393939,"transferencia_conservada",0.338623376623377,"transferencia_degradada",0.184805194805195,0.153818181818182,0.933700321711608
104,"Sec Bosque Tropical","Cambisol","6°-15°",297637.934570312,50529.5809631348,50529.58,10.8303339765498,"Baja","Baja","Baja","forestal_secundaria","suelo_infiltracion_media","pend_media","prec_baja","esc_baja","aporte_bajo",0.15,0.6,0.25,0.61,0.245,0.145,0.965699208443272,0.0215479331574318,0.0127528583992964,0.504705364995602,0.297647317502199,0.197647317502199,0.312729111697449,0.171411609498681,0.192635444151275,0.10929419525066,0.134635444151275,0.0792941952506596,"aporte_conservada",0.312729111697449,"transferencia_conservada",0.192635444151275,0.120093667546174,0.946552043807644
105,"Pastizal","Regosol","6°-15°",946816.97076416,52899.7359580994,1298540.36,14.0767521617148,"Baja","Baja","Baja","agropecuaria","suelo_infiltracion_baja","pend_media","prec_baja","esc_baja","aporte_bajo",0.7,0.2,0.1,0.54,0.28,0.18,0.954813359528487,0.0275049115913556,0.0176817288801572,0.506286836935167,0.296856581532417,0.196856581532417,0.17188605108055,0.313646365422397,0.109056974459725,0.192176817288802,0.079056974459725,0.134176817288802,"aporte_degradada",0.313646365422397,"transferencia_degradada",0.192176817288802,0.121469548133595,0.946048456170975
106,"Sec Bosque Tropical","Regosol","15°-35°",1894300.38543701,131145.517407358,362827573.73,19.7094382786367,"Media","Baja","Alta","forestal_secundaria","suelo_infiltracion_baja","pend_alta","prec_media","esc_baja","aporte_alto",0.25,0.6,0.15,0.185,0.62,0.195,0.803377563329312,0.149577804583836,0.0470446320868516,0.112183353437877,0.212183353437877,0.675633293124246,0.0850663449939686,0.0536550060313631,0.143066344993969,0.0836550060313631,0.411867310012063,0.222689987937274,"receptora_conservada",0.411867310012063,"receptora_degradada",0.222689987937274,0.189177322074789,0.86626714745867
107,"Sec Bosque Tropical","Regosol","6°-15°",121474.82800293,7343.10126876831,1065091.11,13.8785718416487,"Baja","Baja","Baja","forestal_secundaria","suelo_infiltracion_baja","pend_media","prec_baja","esc_baja","aporte_bajo",0.25,0.6,0.15,0.59,0.255,0.155,0.962828649138713,0.0231187669990934,0.014052583862194,0.505122393472348,0.297438803263826,0.197438803263826,0.312970988213962,0.171536718041704,0.192514505893019,0.109231640979148,0.134514505893019,0.0792316409791478,"aporte_conservada",0.312970988213962,"transferencia_conservada",0.192514505893019,0.120456482320943,0.946419676621854
108,"Bosque Tropical","Regosol","6°-15°",1194509.02514648,124191.447761536,211156.2,12.2603581587625,"Media","Baja","Baja","forestal_conservada","suelo_infiltracion_baja","pend_media","prec_media","esc_baja","aporte_bajo",0.2,0.7,0.1,0.175,0.64,0.185,0.792452830188679,0.161006289308176,0.0465408805031446,0.525408805031446,0.287295597484277,0.187295597484277,0.377277987421384,0.125081761006289,0.215361006289308,0.0774591194968553,0.147361006289308,0.0574591194968554,"aporte_conservada",0.377277987421384,"transferencia_conservada",0.215361006289308,0.161916981132075,0.894602776782792
109,"Sec Bosque Tropical","Regosol","6°-15°",986219.313842773,68180.5756835938,875262.76,13.6822805599158,"Baja","Baja","Baja","forestal_secundaria","suelo_infiltracion_baja","pend_media","prec_baja","esc_baja","aporte_bajo",0.25,0.6,0.15,0.59,0.255,0.155,0.962828649138713,0.0231187669990934,0.014052583862194,0.505122393472348,0.297438803263826,0.197438803263826,0.312970988213962,0.171536718041704,0.192514505893019,0.109231640979148,0.134514505893019,0.0792316409791478,"aporte_conservada",0.312970988213962,"transferencia_conservada",0.192514505893019,0.120456482320943,0.946419676621854
110,"Sec Bosque Tropical","Regosol","6°-15°",2258724.09942627,180549.514232635,1245640.62,14.0351613125596,"Alta","Baja","Baja","forestal_secundaria","suelo_infiltracion_baja","pend_media","prec_alta","esc_baja","aporte_bajo",0.2,0.7,0.1,0.145,0.245,0.61,0.753246753246753,0.0707070707070707,0.176046176046176,0.542279942279942,0.278860028860029,0.178860028860029,0.334522366522366,0.182683982683983,0.181738816738817,0.103658008658009,0.123738816738817,0.0736580086580087,"aporte_conservada",0.334522366522366,"aporte_degradada",0.182683982683983,0.151838383838384,0.93339723503075
111,"Bosque Tropical","Regosol","3°-6°",1939976.07128906,204335.25328064,204335.25,12.2275222002104,"Media","Baja","Baja","forestal_conservada","suelo_infiltracion_baja","pend_media","prec_media","esc_baja","aporte_bajo",0.2,0.7,0.1,0.175,0.64,0.185,0.792452830188679,0.161006289308176,0.0465408805031446,0.525408805031446,0.287295597484277,0.187295597484277,0.377277987421384,0.125081761006289,0.215361006289308,0.0774591194968553,0.147361006289308,0.0574591194968554,"aporte_conservada",0.377277987421384,"transferencia_conservada",0.215361006289308,0.161916981132075,0.894602776782792
112,"Bosque Tropical","Regosol","6°-15°",2227280.75964355,182485.248664856,182485.25,12.1144301067005,"Alta","Baja","Baja","forestal_conservada","suelo_infiltracion_baja","pend_media","prec_alta","esc_baja","aporte_bajo",0.2,0.7,0.1,0.145,0.245,0.61,0.753246753246753,0.0707070707070707,0.176046176046176,0.542279942279942,0.278860028860029,0.178860028860029,0.388750360750361,0.128455988455988,0.20962481962482,0.0757720057720058,0.14162481962482,0.0557720057720058,"aporte_conservada",0.388750360750361,"transferencia_conservada",0.20962481962482,0.179125541125541,0.888362504869524
113,"Sec Bosque Tropical","Regosol","6°-15°",1024755.31726074,103992.189128876,318087.13,12.6700837617314,"Baja","Baja","Baja","forestal_secundaria","suelo_infiltracion_baja","pend_media","prec_baja","esc_baja","aporte_bajo",0.25,0.6,0.15,0.59,0.255,0.155,0.962828649138713,0.0231187669990934,0.014052583862194,0.505122393472348,0.297438803263826,0.197438803263826,0.312970988213962,0.171536718041704,0.192514505893019,0.109231640979148,0.134514505893019,0.0792316409791478,"aporte_conservada",0.312970988213962,"transferencia_conservada",0.192514505893019,0.120456482320943,0.946419676621854
114,"Sec Bosque Tropical","Regosol","6°-15°",2124056.32659912,214094.940982819,214094.94,12.2741795112966,"Alta","Baja","Baja","forestal_secundaria","suelo_infiltracion_baja","pend_media","prec_alta","esc_baja","aporte_bajo",0.2,0.7,0.1,0.145,0.245,0.61,0.753246753246753,0.0707070707070707,0.176046176046176,0.542279942279942,0.278860028860029,0.178860028860029,0.334522366522366,0.182683982683983,0.181738816738817,0.103658008658009,0.123738816738817,0.0736580086580087,"aporte_conservada",0.334522366522366,"aporte_degradada",0.182683982683983,0.151838383838384,0.93339723503075
115,"Sec Bosque Tropical","Regosol","6°-15°",4264727.27593994,486788.275382996,486788.28,13.095586618489,"Alta","Media","Baja","forestal_secundaria","suelo_infiltracion_baja","pend_media","prec_alta","esc_media","aporte_bajo",0.2,0.7,0.1,0.145,0.245,0.61,0.0280735721200387,0.853823814133592,0.11810261374637,0.609002904162633,0.245498547918683,0.145498547918683,0.373221684414327,0.20270087124879,0.162389157792836,0.093649564375605,0.104389157792836,0.063649564375605,"aporte_conservada",0.373221684414327,"aporte_degradada",0.20270087124879,0.170520813165537,0.90386909935513
116,"Bosque Tropical","Regosol","15°-35°",2377381.45214844,18351.6507027978,367128748.85,19.7212231615269,"Alta","Baja","Alta","forestal_conservada","suelo_infiltracion_baja","pend_alta","prec_alta","esc_baja","aporte_alto",0.3,0.5,0.2,0.145,0.245,0.61,0.753246753246753,0.0707070707070707,0.176046176046176,0.121139971139971,0.221139971139971,0.657720057720058,0.10237518037518,0.0442279942279942,0.17037518037518,0.0642279942279942,0.467249639249639,0.151544011544012,"receptora_conservada",0.467249639249639,"transferencia_conservada",0.17037518037518,0.296874458874459,0.831899857111303
117,"Bosque Tropical","Regosol","6°-15°",1500460.96350098,28043.09472543,983095.81,13.798462878512,"Media","Baja","Baja","forestal_conservada","suelo_infiltracion_baja","pend_media","prec_media","esc_baja","aporte_bajo",0.2,0.7,0.1,0.175,0.64,0.185,0.792452830188679,0.161006289308176,0.0465408805031446,0.525408805031446,0.287295597484277,0.187295597484277,0.377277987421384,0.125081761006289,0.215361006289308,0.0774591194968553,0.147361006289308,0.0574591194968554,"aporte_conservada",0.377277987421384,"transferencia_conservada",0.215361006289308,0.161916981132075,0.894602776782792
118,"Agricultura","Phaeozem","15°-35°",582121.082275391,1121.24885928631,367266866.12,19.7215993001324,"Baja","Baja","Alta","agropecuaria","suelo_infiltracion_alta","pend_alta","prec_baja","esc_baja","aporte_alto",0.2,0.5,0.3,0.61,0.245,0.145,0.965699208443272,0.0215479331574318,0.0127528583992964,0.102352682497801,0.202352682497801,0.695294635004397,0.0507058047493404,0.0793645558487247,0.0807058047493404,0.137364555848725,0.228588390501319,0.423270888302551,"receptora_degradada",0.423270888302551,"receptora_conservada",0.228588390501319,0.194682497801231,0.853549573152347
119,"Sec Bosque Tropical","Regosol","15°-35°",3551134.37841797,253140.405277252,955052.72,13.7695228691897,"Alta","Baja","Baja","forestal_secundaria","suelo_infiltracion_baja","pend_alta","prec_alta","esc_baja","aporte_bajo",0.3,0.5,0.2,0.145,0.245,0.61,0.753246753246753,0.0707070707070707,0.176046176046176,0.542279942279942,0.278860028860029,0.178860028860029,0.334522366522366,0.182683982683983,0.181738816738817,0.103658008658009,0.123738816738817,0.0736580086580087,"aporte_conservada",0.334522366522366,"aporte_degradada",0.182683982683983,0.151838383838384,0.93339723503075
120,"Sec Bosque Tropical","Regosol","6°-15°",2963407.11859131,383825.182121277,383825.18,12.8579450728401,"Alta","Media","Baja","forestal_secundaria","suelo_infiltracion_baja","pend_media","prec_alta","esc_media","aporte_bajo",0.2,0.7,0.1,0.145,0.245,0.61,0.245869480356547,0.618625344542101,0.135505175101352,0.58896356947448,0.25551821526276,0.15551821526276,0.361598870295199,0.196689070842344,0.168200564852401,0.0966554645788279,0.110200564852401,0.0666554645788279,"aporte_conservada",0.361598870295199,"aporte_degradada",0.196689070842344,0.164909799452854,0.91357513735239
121,"Bosque Tropical","Regosol","15°-35°",2354819.33325195,32567.5575818745,136996.02,11.8277144527489,"Alta","Baja","Baja","forestal_conservada","suelo_infiltracion_baja","pend_alta","prec_alta","esc_baja","aporte_bajo",0.3,0.5,0.2,0.145,0.245,0.61,0.753246753246753,0.0707070707070707,0.176046176046176,0.542279942279942,0.278860028860029,0.178860028860029,0.388750360750361,0.128455988455988,0.20962481962482,0.0757720057720058,0.14162481962482,0.0557720057720058,"aporte_conservada",0.388750360750361,"transferencia_conservada",0.20962481962482,0.179125541125541,0.888362504869524
122,"Pastizal","Regosol","6°-15°",4259967.92425537,547211.755092621,547211.76,13.2125929637321,"Alta","Media","Baja","agropecuaria","suelo_infiltracion_baja","pend_media","prec_alta","esc_media","aporte_bajo",0.5,0.3,0.2,0.135,0.235,0.63,0.027027027027027,0.846846846846847,0.126126126126126,0.60990990990991,0.245045045045045,0.145045045045045,0.202972972972973,0.373747747747748,0.0935135135135135,0.162126126126126,0.0635135135135135,0.104126126126126,"aporte_degradada",0.373747747747748,"aporte_conservada",0.202972972972973,0.170774774774775,0.903412568525205
123,"Bosque de Encino","Cambisol","6°-15°",1010574.14477539,244285.077362061,3204187.77,14.9799695024136,"Baja","Baja","Media","forestal_conservada","suelo_infiltracion_media","pend_media","prec_baja","esc_baja","aporte_medio",0.2,0.3,0.5,0.63,0.235,0.135,0.968403074295474,0.020068317677199,0.0115286080273271,0.294684030742955,0.506319385140905,0.19899658411614,0.220385140905209,0.078936806148591,0.364297181895816,0.121263877028181,0.155317677198975,0.059799316823228,"transferencia_conservada",0.364297181895816,"aporte_conservada",0.220385140905209,0.143912040990606,0.901417560443216
124,"Bosque de Encino","Cambisol","6°-15°",1857656.22473145,436863.271865845,436863.27,12.9873778308674,"Media","Media","Baja","forestal_conservada","suelo_infiltracion_media","pend_media","prec_media","esc_media","aporte_bajo",0.15,0.25,0.6,0.2475,0.55,0.2025,0.0678689776290195,0.911544533568992,0.0205864888019885,0.595271751117297,0.252364124441352,0.152364124441352,0.424784790759762,0.139054350223459,0.191607604620119,0.0704728248882703,0.123607604620119,0.0504728248882703,"aporte_conservada",0.424784790759762,"transferencia_conservada",0.191607604620119,0.233177186139643,0.865462709846066
125,"Bosque de Encino","Cambisol","6°-15°",1203475.08044434,278230.353210449,6136411.73,15.6297508834568,"Media","Baja","Media","forestal_conservada","suelo_infiltracion_media","pend_media","prec_media","esc_baja","aporte_medio",0.15,0.25,0.6,0.2475,0.55,0.2025,0.804620000552198,0.157675850174236,0.0377041492735667,0.268807792619151,0.53907599988956,0.192116207491288,0.202789298981023,0.0737615585238303,0.386571679924901,0.127815199977912,0.150639021094076,0.0584232414982576,"transferencia_conservada",0.386571679924901,"aporte_conservada",0.202789298981023,0.183782380943878,0.8914548949896
126,"Bosque de Encino","Cambisol","6°-15°",2215381.50598145,500547.102081299,5405519.46,15.5029312967416,"Alta","Media","Media","forestal_conservada","suelo_infiltracion_media","pend_media","prec_alta","esc_media","aporte_medio",0.1,0.2,0.7,0.18,0.28,0.54,0.03125,0.875,0.09375,0.15,0.69375,0.15625,0.122,0.05,0.49175,0.15875,0.12625,0.05125,"transferencia_conservada",0.49175,"transferencia_degradada",0.15875,0.333,0.815503063447558
127,"Bosque de Encino","Cambisol","15°-35°",1082303.70349121,251731.125671387,251731.13,12.4361208249432,"Media","Baja","Baja","forestal_conservada","suelo_infiltracion_media","pend_alta","prec_media","esc_baja","aporte_bajo",0.2,0.3,0.5,0.235,0.56,0.205,0.846846846846847,0.112112112112112,0.0410410410410411,0.519419419419419,0.29029029029029,0.19029029029029,0.373205205205205,0.123883883883884,0.217397397397397,0.0780580580580581,0.149397397397397,0.0580580580580581,"aporte_conservada",0.373205205205205,"transferencia_conservada",0.217397397397397,0.155807807807808,0.896696937636489
128,"Bosque de Encino","Cambisol","15°-35°",984688.854614258,266389.818786621,266389.82,12.4927197575952,"Baja","Baja","Baja","forestal_conservada","suelo_infiltracion_media","pend_alta","prec_baja","esc_baja","aporte_bajo",0.2,0.3,0.5,0.63,0.235,0.135,0.968403074295474,0.020068317677199,0.0115286080273271,0.504312553373185,0.297843723313407,0.197843723313407,0.362932536293766,0.120862510674637,0.222533731853117,0.0795687446626815,0.154533731853117,0.0595687446626815,"aporte_conservada",0.362932536293766,"transferencia_conservada",0.222533731853117,0.140398804440649,0.901697307016653
129,"Bosque de Encino","Cambisol","6°-15°",1471137.28308105,353626.207427979,353626.21,12.7759985581425,"Media","Baja","Baja","forestal_conservada","suelo_infiltracion_media","pend_media","prec_media","esc_baja","aporte_bajo",0.15,0.25,0.6,0.2475,0.55,0.2025,0.344950717863209,0.628025080994229,0.0270242011425622,0.568207348327935,0.265896325836032,0.165896325836032,0.406380996862996,0.133641469665587,0.200809501568502,0.0731792651672065,0.132809501568502,0.0531792651672065,"aporte_conservada",0.406380996862996,"transferencia_conservada",0.200809501568502,0.205571495294494,0.877786825204498
130,"Bosque de Encino","Cambisol","6°-15°",1616951.14904785,374334.278137207,374334.28,12.8329071453951,"Media","Media","Baja","forestal_conservada","suelo_infiltracion_media","pend_media","prec_media","esc_media","aporte_bajo",0.15,0.25,0.6,0.2475,0.55,0.2025,0.260992399437411,0.713934085532243,0.0250735150303459,0.576408111559293,0.261795944220353,0.161795944220353,0.411957515860319,0.135281622311859,0.19802124206984,0.0723591888440707,0.13002124206984,0.0523591888440706,"aporte_conservada",0.411957515860319,"transferencia_conservada",0.19802124206984,0.213936273790479,0.874191784683277
131,"Bosque de Encino","Cambisol","6°-15°",1961730.97167969,452661.916717529,5858181.38,15.5833499393778,"Media","Media","Media","forestal_conservada","suelo_infiltracion_media","pend_media","prec_media","esc_media","aporte_medio",0.15,0.25,0.6,0.2475,0.55,0.2025,0.0295393321703859,0.950764729344548,0.0196959384850665,0.153446102901305,0.694092133565923,0.152461763532773,0.124343349972887,0.0506892205802609,0.491982650824827,0.158818426713185,0.123673999202285,0.0504923527065545,"transferencia_conservada",0.491982650824827,"transferencia_degradada",0.158818426713185,0.333164224111643,0.815304549673346
132,"Bosque de Encino","Cambisol","6°-15°",277845.198120117,65928.863571167,1051738.39,13.8659559134532,"Baja","Baja","Baja","forestal_conservada","suelo_infiltracion_media","pend_media","prec_baja","esc_baja","aporte_bajo",0.2,0.3,0.5,0.63,0.235,0.135,0.968403074295474,0.020068317677199,0.0115286080273271,0.504312553373185,0.297843723313407,0.197843723313407,0.362932536293766,0.120862510674637,0.222533731853117,0.0795687446626815,0.154533731853117,0.0595687446626815,"aporte_conservada",0.362932536293766,"transferencia_conservada",0.222533731853117,0.140398804440649,0.901697307016653
133,"Bosque de Encino","Cambisol","6°-15°",2530375.69189453,639626.402328491,2792712.35,14.8425242080814,"Alta","Media","Media","forestal_conservada","suelo_infiltracion_media","pend_media","prec_alta","esc_media","aporte_medio",0.1,0.2,0.7,0.18,0.28,0.54,0.03125,0.875,0.09375,0.15,0.69375,0.15625,0.122,0.05,0.49175,0.15875,0.12625,0.05125,"transferencia_conservada",0.49175,"transferencia_degradada",0.15875,0.333,0.815503063447558
134,"Bosque de Encino","Cambisol","15°-35°",1502074.0657959,440394.552246094,440394.55,12.9954285793291,"Media","Media","Baja","forestal_conservada","suelo_infiltracion_media","pend_alta","prec_media","esc_media","aporte_bajo",0.2,0.3,0.5,0.235,0.56,0.205,0.0552497901563431,0.924403146379107,0.0203470634645503,0.596509727330821,0.25174513633459,0.15174513633459,0.425626614584958,0.139301945466164,0.191186692707521,0.0703490272669179,0.123186692707521,0.0503490272669179,"aporte_conservada",0.425626614584958,"transferencia_conservada",0.191186692707521,0.234439921877437,0.864867318667073
135,"Bosque de Encino","Cambisol","15°-35°",2509594.69689941,600224.673339844,8676579.35,15.9761380401164,"Alta","Media","Media","forestal_conservada","suelo_infiltracion_media","pend_alta","prec_alta","esc_media","aporte_medio",0.15,0.25,0.6,0.1725,0.2725,0.555,0.0306258322237017,0.870838881491345,0.0985352862849534,0.149667110519308,0.69387483355526,0.156458055925433,0.121773635153129,0.0499334221038615,0.491834886817576,0.158774966711052,0.126391478029294,0.0512916111850866,"transferencia_conservada",0.491834886817576,"transferencia_degradada",0.158774966711052,0.333059920106525,0.815417446941725
136,"Sec Bosque Templado","Luvisol","15°-35°",1347630.68115234,363224.154998779,363224.15,12.8027781689066,"Media","Baja","Baja","forestal_secundaria","suelo_infiltracion_media","pend_alta","prec_media","esc_baja","aporte_bajo",0.15,0.6,0.25,0.195,0.62,0.185,0.235559139354699,0.741041056802142,0.0233998038431593,0.578784066448846,0.260607966775577,0.160607966775577,0.355694758540331,0.193635219934654,0.171152620729835,0.0981823900326731,0.113152620729835,0.0681823900326731,"aporte_conservada",0.355694758540331,"aporte_degradada",0.193635219934654,0.162059538605677,0.918228483352198
137,"Bosque de Encino","Cambisol","6°-15°",3492631.89929199,820132.933258057,7884794.33,15.8804468211622,"Alta","Media","Media","forestal_conservada","suelo_infiltracion_media","pend_media","prec_alta","esc_media","aporte_medio",0.1,0.2,0.7,0.18,0.28,0.54,0.0236669349798905,0.401350092590086,0.574982972430023,0.124800891625482,0.695266613004022,0.179932495370496,0.104864606305328,0.0449601783250965,0.492781296842735,0.159053322600804,0.142354096851937,0.0559864990740991,"transferencia_conservada",0.492781296842735,"transferencia_degradada",0.159053322600804,0.33372797424193,0.812610238010099
138,"Bosque de Encino","Cambisol","6°-15°",2846560.92492676,701883.577636719,890068.4,13.6990547161963,"Alta","Media","Baja","forestal_conservada","suelo_infiltracion_media","pend_media","prec_alta","esc_media","aporte_bajo",0.1,0.2,0.7,0.18,0.28,0.54,0.0295293676254966,0.767526654761787,0.202943977612717,0.617341460998722,0.241329269500639,0.141329269500639,0.439792193479131,0.143468292199744,0.184103903260434,0.0682658539001278,0.116103903260434,0.0482658539001278,"aporte_conservada",0.439792193479131,"transferencia_conservada",0.184103903260434,0.255688290218696,0.854428725358065
139,"Bosque de Encino","Cambisol","15°-35°",2471001.59533691,667165.600402832,667165.6,13.4107950688216,"Alta","Media","Baja","forestal_conservada","suelo_infiltracion_media","pend_alta","prec_alta","esc_media","aporte_bajo",0.15,0.25,0.6,0.1725,0.2725,0.555,0.0306258322237017,0.870838881491345,0.0985352862849534,0.606790945406125,0.246604527296937,0.146604527296937,0.432617842876165,0.141358189081225,0.187691078561917,0.0693209054593875,0.119691078561917,0.0493209054593875,"aporte_conservada",0.432617842876165,"transferencia_conservada",0.187691078561917,0.244926764314248,0.859814808821469
140,"Sec Bosque Templado","Luvisol","15°-35°",2064953.97473145,562132.051391602,562132.05,13.2394938446287,"Alta","Media","Baja","forestal_secundaria","suelo_infiltracion_media","pend_alta","prec_alta","esc_media","aporte_bajo",0.2,0.5,0.3,0.155,0.255,0.59,0.0290534208059981,0.860356138706654,0.110590440487348,0.608153701968135,0.245923149015933,0.145923149015933,0.372729147141518,0.20244611059044,0.162635426429241,0.0937769447047798,0.104635426429241,0.0637769447047798,"aporte_conservada",0.372729147141518,"aporte_degradada",0.20244611059044,0.170283036551078,0.904295177587536
141,"Sec Bosque Templado","Luvisol","15°-35°",1428177.16455078,373084.138458252,935216.19,13.748534070066,"Media","Media","Baja","forestal_secundaria","suelo_infiltracion_media","pend_alta","prec_media","esc_media","aporte_bajo",0.15,0.6,0.25,0.195,0.62,0.185,0.202917426900376,0.774782753030387,0.022299820069237,0.581938239316886,0.259030880341557,0.159030880341557,0.357524178803794,0.194581471795066,0.170237910598103,0.0977092641024671,0.112237910598103,0.0677092641024671,"aporte_conservada",0.357524178803794,"aporte_degradada",0.194581471795066,0.162942707008728,0.916806478261213
142,"Sec Bosque Tropical","Luvisol","6°-15°",1759239.13806152,557069.45803833,14132454.14,16.4639844932828,"Media","Media","Media","forestal_secundaria","suelo_infiltracion_media","pend_media","prec_media","esc_media","aporte_medio",0.1,0.7,0.2,0.185,0.64,0.175,0.0155723905723906,0.96969696969697,0.0147306397306397,0.151599326599327,0.696885521885522,0.151515151515152,0.107927609427609,0.065479797979798,0.424193602693603,0.229065656565657,0.107878787878788,0.0654545454545455,"transferencia_conservada",0.424193602693603,"transferencia_degradada",0.229065656565657,0.195127946127946,0.858826171187244
143,"Bosque de Encino","Cambisol","15°-35°",2078024.33300781,503262.35824585,2478887.97,14.7233210217932,"Alta","Media","Media","forestal_conservada","suelo_infiltracion_media","pend_alta","prec_alta","esc_media","aporte_medio",0.15,0.25,0.6,0.1725,0.2725,0.555,0.0306258322237017,0.870838881491345,0.0985352862849534,0.149667110519308,0.69387483355526,0.156458055925433,0.121773635153129,0.0499334221038615,0.491834886817576,0.158774966711052,0.126391478029294,0.0512916111850866,"transferencia_conservada",0.491834886817576,"transferencia_degradada",0.158774966711052,0.333059920106525,0.815417446941725
144,"Sec Bosque Templado","Luvisol","15°-35°",3221306.57348633,890927.020263672,890927.02,13.7000189175555,"Alta","Media","Baja","forestal_secundaria","suelo_infiltracion_media","pend_alta","prec_alta","esc_media","aporte_bajo",0.2,0.5,0.3,0.155,0.255,0.59,0.0174595885603795,0.21327293436922,0.7692674770704,0.675180788851002,0.212409605574499,0.112409605574499,0.411604857533581,0.222554236655301,0.143197571233209,0.0837228816723497,0.0851975712332094,0.0537228816723497,"aporte_conservada",0.411604857533581,"aporte_degradada",0.222554236655301,0.189050620878281,0.866550911385775
145,"Sec Bosque Templado","Regosol","15°-35°",1041048.15539551,275308.373352051,9390351.01,16.0551933382347,"Baja","Baja","Media","forestal_secundaria","suelo_infiltracion_baja","pend_alta","prec_baja","esc_baja","aporte_medio",0.3,0.5,0.2,0.59,0.255,0.155,0.956282392408548,0.0295497985154571,0.0141678090759953,0.292733968407482,0.50874352151829,0.198522510074227,0.18978570167634,0.107820190522245,0.315071242480608,0.172623056455487,0.135143055843052,0.0795567530222681,"transferencia_conservada",0.315071242480608,"aporte_conservada",0.18978570167634,0.125285540804269,0.945737470679011
146,"Pastizal","Luvisol","3°-6°",456220.80078125,156046.308654785,14825149.73,16.5118356700814,"Baja","Baja","Media","agropecuaria","suelo_infiltracion_media","pend_media","prec_baja","esc_baja","aporte_medio",0.25,0.6,0.15,0.59,0.255,0.155,0.962828649138713,0.0231187669990934,0.014052583862194,0.293721668177697,0.507434270172258,0.198844061650045,0.108116500453309,0.190358567543064,0.172230281051677,0.314311876699909,0.0796532184950136,0.135329555757026,"transferencia_degradada",0.314311876699909,"aporte_degradada",0.190358567543064,0.123953309156845,0.946105609084125
147,"Sec Bosque Tropical","Luvisol","6°-15°",1086514.33850098,339568.173126221,16248335.23,16.6035010756521,"Media","Baja","Media","forestal_secundaria","suelo_infiltracion_media","pend_media","prec_media","esc_baja","aporte_medio",0.1,0.7,0.2,0.185,0.64,0.175,0.311128142626949,0.663828384786073,0.0250434725869787,0.195417047764693,0.63777437147461,0.166808580760696,0.133341887703522,0.078625114329408,0.389909135455274,0.211332311442383,0.116748976841204,0.0700425742282089,"transferencia_conservada",0.389909135455274,"transferencia_degradada",0.211332311442383,0.178576824012891,0.893695027736059
148,"Sec Bosque Templado","Luvisol","15°-35°",4648308.81152344,1204521.34146118,1204521.34,14.0015936479801,"Alta","Alta","Baja","forestal_secundaria","suelo_infiltracion_media","pend_alta","prec_alta","esc_alta","aporte_bajo",0.2,0.5,0.3,0.155,0.255,0.59,0.014052583862194,0.0231187669990934,0.962828649138713,0.694877606527652,0.202561196736174,0.102561196736174,0.423029011786038,0.228463281958296,0.137485494106981,0.0807683590208522,0.079485494106981,0.0507683590208522,"aporte_conservada",0.423029011786038,"aporte_degradada",0.228463281958296,0.194565729827742,0.853827266990514
149,"Sec Bosque Templado","Regosol","6°-15°",1620243.84692383,414532.443634033,414532.44,12.9349089258161,"Media","Media","Baja","forestal_secundaria","suelo_infiltracion_baja","pend_media","prec_media","esc_media","aporte_bajo",0.2,0.7,0.1,0.175,0.64,0.185,0.0825453931381286,0.899181868358275,0.0182727385035966,0.593572734536547,0.253213632731727,0.153213632731727,0.364272186031197,0.198071820360964,0.166863906984401,0.095964089819518,0.108863906984401,0.065964089819518,"aporte_conservada",0.364272186031197,"aporte_degradada",0.198071820360964,0.166200365670233,0.911406939819389
150,"Sec Bosque Templado","Luvisol","15°-35°",4017405.86364746,1169397.54803467,1169397.55,13.9720001147708,"Alta","Alta","Baja","forestal_secundaria","suelo_infiltracion_media","pend_alta","prec_alta","esc_alta","aporte_bajo",0.2,0.5,0.3,0.155,0.255,0.59,0.014052583862194,0.0231187669990934,0.962828649138713,0.694877606527652,0.202561196736174,0.102561196736174,0.423029011786038,0.228463281958296,0.137485494106981,0.0807683590208522,0.079485494106981,0.0507683590208522,"aporte_conservada",0.423029011786038,"aporte_degradada",0.228463281958296,0.194565729827742,0.853827266990514
151,"Pastizal","Luvisol","6°-15°",1067961.8939209,346392.824584961,1536763.36,14.2451896991212,"Media","Baja","Media","agropecuaria","suelo_infiltracion_media","pend_media","prec_media","esc_baja","aporte_medio",0.2,0.7,0.1,0.175,0.64,0.185,0.271117765541783,0.703100642937888,0.0257815915203295,0.189378585255251,0.645776446891643,0.164844967853106,0.0768135755765753,0.129839579448046,0.213732934067493,0.394550339197153,0.0694534903559317,0.115610081354801,"transferencia_degradada",0.394550339197153,"transferencia_conservada",0.213732934067493,0.18081740512966,0.889403368706767
152,"Bosque de Encino","Cambisol","6°-15°",2993142.00488281,789951.270690918,789951.27,13.5797278048965,"Alta","Media","Baja","forestal_conservada","suelo_infiltracion_media","pend_media","prec_alta","esc_media","aporte_bajo",0.1,0.2,0.7,0.18,0.28,0.54,0.0249301981246919,0.480255452096143,0.494814349779165,0.646988415165447,0.226505792417276,0.126505792417276,0.459952122312504,0.149397683033089,0.174023938843748,0.0653011584834553,0.106023938843748,0.0453011584834553,"aporte_conservada",0.459952122312504,"transferencia_conservada",0.174023938843748,0.285928183468756,0.838187599751876
153,"Sec Bosque Tropical","Regosol","6°-15°",426489.11340332,136006.993896484,4758596.15,15.3754634663836,"Baja","Baja","Media","forestal_secundaria","suelo_infiltracion_baja","pend_media","prec_baja","esc_baja","aporte_medio",0.25,0.6,0.15,0.59,0.255,0.155,0.962828649138713,0.0231187669990934,0.014052583862194,0.293721668177697,0.507434270172258,0.198844061650045,0.190358567543064,0.108116500453309,0.314311876699909,0.172230281051677,0.135329555757026,0.0796532184950136,"transferencia_conservada",0.314311876699909,"aporte_conservada",0.190358567543064,0.123953309156845,0.946105609084125
154,"Pastizal","Luvisol","6°-15°",2428424.08300781,665201.625854492,1869722.97,14.4413013683097,"Alta","Media","Media","agropecuaria","suelo_infiltracion_media","pend_media","prec_alta","esc_media","aporte_medio",0.2,0.7,0.1,0.145,0.245,0.61,0.0280735721200387,0.853823814133592,0.11810261374637,0.148305905130687,0.694385285575992,0.15730880929332,0.0644917715392062,0.106017424975799,0.228315585672798,0.422743465634076,0.0671926427879961,0.111239109390126,"transferencia_degradada",0.422743465634076,"transferencia_conservada",0.228315585672798,0.194427879961278,0.860401964033812
155,"Agricultura","Luvisol","1°-3°",218485.095703125,75814.2282409668,1563613.85,14.2625109101697,"Baja","Baja","Media","agropecuaria","suelo_infiltracion_media","pend_baja","prec_baja","esc_baja","aporte_medio",0.3,0.5,0.2,0.59,0.255,0.155,0.962828649138713,0.0231187669990934,0.014052583862194,0.293721668177697,0.507434270172258,0.198844061650045,0.108116500453309,0.190358567543064,0.172230281051677,0.314311876699909,0.0796532184950136,0.135329555757026,"transferencia_degradada",0.314311876699909,"aporte_degradada",0.190358567543064,0.123953309156845,0.946105609084125
156,"Sec Bosque Tropical","Luvisol","6°-15°",1491282.63427734,507070.650512695,4160745.09,15.2412049647141,"Media","Media","Media","forestal_secundaria","suelo_infiltracion_media","pend_media","prec_media","esc_media","aporte_medio",0.1,0.7,0.2,0.185,0.64,0.175,0.0155723905723906,0.96969696969697,0.0147306397306397,0.151599326599327,0.696885521885522,0.151515151515152,0.107927609427609,0.065479797979798,0.424193602693603,0.229065656565657,0.107878787878788,0.0654545454545455,"transferencia_conservada",0.424193602693603,"transferencia_degradada",0.229065656565657,0.195127946127946,0.858826171187244
157,"Sec Bosque Tropical","Regosol","6°-15°",1985207.77331543,638525.015533447,5682857.72,15.5529649598611,"Alta","Media","Media","forestal_secundaria","suelo_infiltracion_baja","pend_media","prec_alta","esc_media","aporte_medio",0.2,0.7,0.1,0.145,0.245,0.61,0.0280735721200387,0.853823814133592,0.11810261374637,0.148305905130687,0.694385285575992,0.15730880929332,0.106017424975799,0.0644917715392062,0.422743465634076,0.228315585672798,0.111239109390126,0.0671926427879961,"transferencia_conservada",0.422743465634076,"transferencia_degradada",0.228315585672798,0.194427879961278,0.860401964033812
158,"Sec Bosque Tropical","Regosol","15°-35°",1263214.58154297,363127.747344971,7265287.7,15.7986185926691,"Media","Baja","Media","forestal_secundaria","suelo_infiltracion_baja","pend_alta","prec_media","esc_baja","aporte_medio",0.25,0.6,0.15,0.185,0.62,0.195,0.226247706771634,0.748805518200705,0.0249467750276607,0.182689817264362,0.654750458645673,0.162559724089965,0.12596009401333,0.0748069451793086,0.39975526601449,0.216425137593702,0.11428463997218,0.0687679172269894,"transferencia_conservada",0.39975526601449,"transferencia_degradada",0.216425137593702,0.183330128420788,0.884430582967658
159,"Sec Bosque Tropical","Regosol","6°-15°",1412683.66003418,423986.161376953,6902159.95,15.7473451016959,"Media","Media","Media","forestal_secundaria","suelo_infiltracion_baja","pend_media","prec_media","esc_media","aporte_medio",0.2,0.7,0.1,0.175,0.64,0.185,0.0647227853708025,0.917714163024026,0.0175630516051719,0.158830265225362,0.687055442925839,0.154114291848799,0.11212155383071,0.0676490795676085,0.418492156896987,0.226116632877752,0.109386289272303,0.0662342875546396,"transferencia_conservada",0.418492156896987,"transferencia_degradada",0.226116632877752,0.192375524019235,0.865137859014505
160,"Pastizal","Luvisol","6°-15°",2954167.18786621,947513.529449463,3653674.44,15.1112441887676,"Alta","Alta","Media","agropecuaria","suelo_infiltracion_media","pend_media","prec_alta","esc_alta","aporte_medio",0.2,0.7,0.1,0.145,0.245,0.61,0.0144433172016674,0.113379692084724,0.872176990713609,0.10855764804457,0.697111336559667,0.194331015395764,0.0525672944133709,0.0829634358658504,0.2291334009679,0.424324575204607,0.0782993046187292,0.132711988929543,"transferencia_degradada",0.424324575204607,"transferencia_conservada",0.2291334009679,0.195191174236707,0.854026314406894
161,"Pastizal","Luvisol","6°-15°",1273511.03369141,389644.984222412,389644.98,12.8729938622674,"Media","Media","Baja","agropecuaria","suelo_infiltracion_media","pend_media","prec_media","esc_media","aporte_bajo",0.2,0.7,0.1,0.175,0.64,0.185,0.137171235842541,0.842380853233034,0.020447910924425,0.588327667508188,0.255836166245906,0.155836166245906,0.196498300252457,0.361230047154749,0.0967508498737717,0.168384976422625,0.0667508498737717,0.110384976422625,"aporte_degradada",0.361230047154749,"aporte_conservada",0.196498300252457,0.164731746902293,0.913871271475845
162,"Bosque de Encino","Cambisol","6°-15°",3727139.62487793,960345.568359375,960345.57,13.7750495087121,"Alta","Alta","Baja","forestal_conservada","suelo_infiltracion_media","pend_media","prec_alta","esc_alta","aporte_bajo",0.1,0.2,0.7,0.18,0.28,0.54,0.0191572579925383,0.119668729995471,0.861174012011991,0.684201675401945,0.207899162299027,0.107899162299027,0.485257139273323,0.156840335080389,0.161371430363339,0.0615798324598055,0.0933714303633386,0.0415798324598055,"aporte_conservada",0.485257139273323,"transferencia_conservada",0.161371430363339,0.323885708909984,0.815430896339358
163,"Pastizal","Luvisol","6°-15°",2449971.0045166,803725.342468262,803725.34,13.5970141170867,"Alta","Media","Baja","agropecuaria","suelo_infiltracion_media","pend_media","prec_alta","esc_media","aporte_bajo",0.2,0.7,0.1,0.145,0.245,0.61,0.0194324436687466,0.384406858401922,0.596160697929332,0.657672825426059,0.221163587286971,0.121163587286971,0.217301847627818,0.401450238747114,0.0863490761860913,0.148274880626443,0.0563490761860912,0.090274880626443,"aporte_degradada",0.401450238747114,"aporte_conservada",0.217301847627818,0.184148391119296,0.877226568326062
164,"Pastizal","Luvisol","6°-15°",1065291.81335449,359421.736694336,2135969.42,14.5744316306517,"Media","Baja","Media","agropecuaria","suelo_infiltracion_media","pend_media","prec_media","esc_baja","aporte_medio",0.2,0.7,0.1,0.175,0.64,0.185,0.223950284064825,0.752146308801378,0.023903407133797,0.182397372253034,0.655209943187035,0.162392684559931,0.0747192116759102,0.12579047590676,0.21656298295611,0.40002176704848,0.0687178053679793,0.11418775704476,"transferencia_degradada",0.40002176704848,"transferencia_conservada",0.21656298295611,0.18345878409237,0.884169266400855
165,"Pastizal","Luvisol","6°-15°",925414.694580078,289231.417297363,4966531.23,15.418232414096,"Baja","Baja","Media","agropecuaria","suelo_infiltracion_media","pend_media","prec_baja","esc_baja","aporte_medio",0.25,0.6,0.15,0.59,0.255,0.155,0.923027174605797,0.0622196681201036,0.0147531572740997,0.287716418327164,0.515394565078841,0.196889016593995,0.106314925498149,0.186875522629755,0.174618369523652,0.318928847745728,0.0790667049781985,0.134195629624517,"transferencia_degradada",0.318928847745728,"aporte_degradada",0.186875522629755,0.132053325115972,0.943818668882156
166,"Bosque de Encino","Regosol","6°-15°",1501559.7734375,398981.469360352,931624.56,13.744686253284,"Media","Media","Baja","forestal_conservada","suelo_infiltracion_baja","pend_media","prec_media","esc_media","aporte_bajo",0.2,0.7,0.1,0.175,0.64,0.185,0.115219319509141,0.865206883367317,0.0195737971235428,0.59043544776144,0.25478227611928,0.15478227611928,0.421496104477779,0.138087089552288,0.19325194776111,0.070956455223856,0.12525194776111,0.050956455223856,"aporte_conservada",0.421496104477779,"transferencia_conservada",0.19325194776111,0.228244156716669,0.867762015380515
167,"Sec Bosque Tropical","Phaeozem","6°-15°",1994823.61425781,660849.337585449,10462754.24,16.1633323891812,"Alta","Media","Media","forestal_secundaria","suelo_infiltracion_alta","pend_media","prec_alta","esc_media","aporte_medio",0.1,0.2,0.7,0.18,0.28,0.54,0.03125,0.875,0.09375,0.15,0.69375,0.15625,0.107,0.065,0.422375,0.228125,0.110625,0.066875,"transferencia_conservada",0.422375,"transferencia_degradada",0.228125,0.19425,0.860839475059823
168,"Sec Bosque Tropical","Regosol","15°-35°",507536.225219727,154531.74041748,154531.74,11.9481612622554,"Baja","Baja","Baja","forestal_secundaria","suelo_infiltracion_baja","pend_alta","prec_baja","esc_baja","aporte_bajo",0.3,0.5,0.2,0.59,0.255,0.155,0.962828649138713,0.0231187669990934,0.014052583862194,0.505122393472348,0.297438803263826,0.197438803263826,0.312970988213962,0.171536718041704,0.192514505893019,0.109231640979148,0.134514505893019,0.0792316409791478,"aporte_conservada",0.312970988213962,"transferencia_conservada",0.192514505893019,0.120456482320943,0.946419676621854
169,"Pastizal","Luvisol","6°-15°",1058340.23022461,356295.597015381,1332294.2,14.1024137271496,"Baja","Baja","Baja","agropecuaria","suelo_infiltracion_media","pend_media","prec_baja","esc_baja","aporte_bajo",0.25,0.6,0.15,0.59,0.255,0.155,0.714784520196724,0.266796898857925,0.0184185809453509,0.530363406074863,0.284818296962569,0.184818296962569,0.179109021822459,0.32761077552342,0.105445489088771,0.18519461223829,0.0754454890887706,0.12719461223829,"aporte_degradada",0.32761077552342,"transferencia_degradada",0.18519461223829,0.142416163285131,0.937838393599537
170,"Pastizal","Luvisol","6°-15°",11548267.7122803,3946624.24389648,27261269.68,17.1209775964992,"Alta","Alta","Alta","agropecuaria","suelo_infiltracion_media","pend_media","prec_alta","esc_alta","aporte_alto",0.2,0.7,0.1,0.145,0.245,0.61,0.0127528583992964,0.0215479331574318,0.965699208443272,0.197647317502199,0.297647317502199,0.504705364995602,0.0792941952506596,0.134635444151275,0.10929419525066,0.192635444151275,0.171411609498681,0.312729111697449,"receptora_degradada",0.312729111697449,"transferencia_degradada",0.192635444151275,0.120093667546174,0.946552043807644
171,"Sec Bosque Tropical","Phaeozem","6°-15°",791865.307861328,266682.153594971,10729436.39,16.1885016798678,"Baja","Baja","Media","forestal_secundaria","suelo_infiltracion_alta","pend_media","prec_baja","esc_baja","aporte_medio",0.2,0.3,0.5,0.63,0.235,0.135,0.968403074295474,0.020068317677199,0.0115286080273271,0.294684030742955,0.506319385140905,0.19899658411614,0.190916737830914,0.108405209222886,0.313665243381725,0.171895815542272,0.135418018787361,0.079698975234842,"transferencia_conservada",0.313665243381725,"aporte_conservada",0.190916737830914,0.122748505550811,0.94639690599231
172,"Pastizal","Regosol","15°-35°",790806.666748047,227406.477813721,1159031.04,13.9630957664609,"Baja","Baja","Baja","agropecuaria","suelo_infiltracion_baja","pend_alta","prec_baja","esc_baja","aporte_bajo",0.7,0.2,0.1,0.54,0.28,0.18,0.954813359528487,0.0275049115913556,0.0176817288801572,0.506286836935167,0.296856581532417,0.196856581532417,0.17188605108055,0.313646365422397,0.109056974459725,0.192176817288802,0.079056974459725,0.134176817288802,"aporte_degradada",0.313646365422397,"transferencia_degradada",0.192176817288802,0.121469548133595,0.946048456170975
173,"Pastizal","Luvisol","6°-15°",856883.072387695,286909.367401123,1619203.57,14.2974455804527,"Baja","Baja","Media","agropecuaria","suelo_infiltracion_media","pend_media","prec_baja","esc_baja","aporte_medio",0.25,0.6,0.15,0.59,0.255,0.155,0.9287630168171,0.0565847864534861,0.0146521967294143,0.288581842686094,0.51424739663658,0.197170760677326,0.106574552805828,0.187377468757935,0.174274218990974,0.318263490049216,0.0791512282031977,0.134359041192849,"transferencia_degradada",0.318263490049216,"aporte_degradada",0.187377468757935,0.130886021291282,0.944155426993415
174,"Pastizal","Cambisol","6°-15°",954365.647094727,326143.017425537,3113811.14,14.9513583020033,"Baja","Baja","Media","agropecuaria","suelo_infiltracion_media","pend_media","prec_baja","esc_baja","aporte_medio",0.25,0.6,0.15,0.59,0.255,0.155,0.819928675683195,0.163503458718449,0.016567865598356,0.272160908072561,0.536014264863361,0.191824827064078,0.101648272421768,0.177853326682086,0.180804279459008,0.330888273620749,0.0775474481192233,0.131258399697165,"transferencia_degradada",0.330888273620749,"transferencia_conservada",0.180804279459008,0.150083994161741,0.937351979041321
175,"Sec Bosque Tropical","Regosol","6°-15°",1492199.79858398,458425.995269775,12139324.62,16.3119607918055,"Media","Media","Media","forestal_secundaria","suelo_infiltracion_baja","pend_media","prec_media","esc_media","aporte_medio",0.2,0.7,0.1,0.175,0.64,0.185,0.0147306397306397,0.96969696969697,0.0155723905723906,0.151430976430976,0.697053872053872,0.151515151515152,0.107829966329966,0.0654292929292929,0.424291245791246,0.229116161616162,0.107878787878788,0.0654545454545455,"transferencia_conservada",0.424291245791246,"transferencia_degradada",0.229116161616162,0.195175084175084,0.858716238328341
176,"Pastizal","Luvisol","6°-15°",2544320.12316894,869790.157287598,2407980.72,14.6942994940199,"Alta","Media","Media","agropecuaria","suelo_infiltracion_media","pend_media","prec_alta","esc_media","aporte_medio",0.2,0.7,0.1,0.145,0.245,0.61,0.0167707553356275,0.239814443015195,0.743414801649177,0.115344873217885,0.696645848932875,0.18800927784924,0.0546034619653656,0.0869000264663735,0.228993754679862,0.424054592381067,0.0764027833547721,0.129045381152559,"transferencia_degradada",0.424054592381067,"transferencia_conservada",0.228993754679862,0.195060837701205,0.855655491685207
177,"Sec Bosque Tropical","Luvisol","6°-15°",2296028.69067383,714870.276672363,36236147.3,17.405567750378,"Alta","Media","Alta","forestal_secundaria","suelo_infiltracion_media","pend_media","prec_alta","esc_media","aporte_alto",0.1,0.7,0.2,0.155,0.255,0.59,0.0259149515374639,0.685189661568332,0.288895386894204,0.163149021767837,0.263149021767837,0.573701956464326,0.114626432625345,0.0689447065303511,0.172626432625345,0.0989447065303511,0.352747134749309,0.192110586939298,"receptora_conservada",0.352747134749309,"receptora_degradada",0.192110586939298,0.160636547810011,0.920482248721259
178,"Pastizal","Regosol","15°-35°",2041334.63305664,606285.870758057,5715210.93,15.5586419376381,"Alta","Media","Media","agropecuaria","suelo_infiltracion_baja","pend_alta","prec_alta","esc_media","aporte_medio",0.6,0.25,0.15,0.1275,0.2275,0.645,0.0261941448382126,0.841294298921418,0.13251155624037,0.147303543913713,0.694761171032357,0.157935285053929,0.064191063174114,0.105436055469954,0.228428351309707,0.422961479198767,0.0673805855161787,0.111602465331279,"transferencia_degradada",0.422961479198767,"transferencia_conservada",0.228428351309707,0.19453312788906,0.860138243279736
179,"Pastizal","Luvisol","1°-3°",954110.322631836,327444.996673584,327445,12.6990784349662,"Baja","Baja","Baja","agropecuaria","suelo_infiltracion_media","pend_baja","prec_baja","esc_baja","aporte_bajo",0.3,0.5,0.2,0.59,0.255,0.155,0.815826979293179,0.167532958299973,0.016640062406848,0.520081308311367,0.289959345844317,0.189959345844317,0.17602439249341,0.321647158820593,0.106987803753295,0.188176420589704,0.076987803753295,0.130176420589704,"aporte_degradada",0.321647158820593,"transferencia_degradada",0.188176420589704,0.133470738230889,0.941469352261526
180,"Sec Bosque Tropical","Cambisol","6°-15°",710031.724121094,230108.99609375,5108925.06,15.4464997757087,"Baja","Baja","Media","forestal_secundaria","suelo_infiltracion_media","pend_media","prec_baja","esc_baja","aporte_medio",0.15,0.6,0.25,0.61,0.245,0.145,0.965699208443272,0.0215479331574318,0.0127528583992964,0.294217238346526,0.506860158311346,0.198922603342128,0.190645998240985,0.108265171503958,0.31397889182058,0.172058047493404,0.135375109938434,0.0796767810026385,"transferencia_conservada",0.31397889182058,"aporte_conservada",0.190645998240985,0.123332893579595,0.94625592447414
181,"Pastizal","Phaeozem","1°-3°",772879.707763672,230100.466888428,48995438.4,17.7072377782739,"Baja","Baja","Alta","agropecuaria","suelo_infiltracion_alta","pend_baja","prec_baja","esc_baja","aporte_alto",0.2,0.5,0.3,0.61,0.245,0.145,0.965699208443272,0.0215479331574318,0.0127528583992964,0.102352682497801,0.202352682497801,0.695294635004397,0.0507058047493404,0.0793645558487247,0.0807058047493404,0.137364555848725,0.228588390501319,0.423270888302551,"receptora_degradada",0.423270888302551,"receptora_conservada",0.228588390501319,0.194682497801231,0.853549573152347
182,"Pastizal","Phaeozem","1°-3°",3515727.44287109,1199744.98693848,22623005.2,16.9344779199102,"Alta","Alta","Media","agropecuaria","suelo_infiltracion_alta","pend_baja","prec_alta","esc_alta","aporte_medio",0.15,0.6,0.25,0.155,0.255,0.59,0.014052583862194,0.0231187669990934,0.962828649138713,0.103966455122393,0.697189483227561,0.198844061650045,0.0511899365367181,0.0803005439709882,0.229156844968268,0.424369900271985,0.0796532184950136,0.135329555757026,"transferencia_degradada",0.424369900271985,"transferencia_conservada",0.229156844968268,0.195213055303717,0.852923305832386
183,"Sec Bosque Tropical","Regosol","6°-15°",1035579.9486084,301516.619293213,301516.62,12.6165837345695,"Baja","Baja","Baja","forestal_secundaria","suelo_infiltracion_baja","pend_media","prec_baja","esc_baja","aporte_bajo",0.25,0.6,0.15,0.59,0.255,0.155,0.891315565694745,0.0933730989658313,0.0153113353394239,0.512399576964468,0.293800211517766,0.193800211517766,0.317191754639391,0.17371987308934,0.190404122680304,0.10814006345533,0.132404122680304,0.0781400634553298,"aporte_conservada",0.317191754639391,"transferencia_conservada",0.190404122680304,0.126787631959087,0.944060616457703
184,"Sec Bosque Tropical","Regosol","6°-15°",1540425.64868164,540945.410339355,3219865.43,14.9848504352938,"Media","Media","Media","forestal_secundaria","suelo_infiltracion_baja","pend_media","prec_media","esc_media","aporte_medio",0.2,0.7,0.1,0.175,0.64,0.185,0.0147306397306397,0.96969696969697,0.0155723905723906,0.151430976430976,0.697053872053872,0.151515151515152,0.107829966329966,0.0654292929292929,0.424291245791246,0.229116161616162,0.107878787878788,0.0654545454545455,"transferencia_conservada",0.424291245791246,"transferencia_degradada",0.229116161616162,0.195175084175084,0.858716238328341
185,"Sec Bosque Tropical","Regosol","15°-35°",1916803.1829834,593530.271881104,593530.27,13.2938451790913,"Media","Media","Baja","forestal_secundaria","suelo_infiltracion_baja","pend_alta","prec_media","esc_media","aporte_bajo",0.25,0.6,0.15,0.185,0.62,0.195,0.0160311958405546,0.967071057192374,0.0168977469670711,0.600086655112652,0.249956672443674,0.149956672443674,0.368050259965338,0.200025996533795,0.164974870017331,0.0949870017331022,0.106974870017331,0.0649870017331022,"aporte_conservada",0.368050259965338,"aporte_degradada",0.200025996533795,0.168024263431542,0.90827739396938
186,"Sec Bosque Tropical","Regosol","6°-15°",287687.37890625,93368.5971374512,2269010.88,14.634854999535,"Baja","Baja","Media","forestal_secundaria","suelo_infiltracion_baja","pend_media","prec_baja","esc_baja","aporte_medio",0.25,0.6,0.15,0.59,0.255,0.155,0.962828649138713,0.0231187669990934,0.014052583862194,0.293721668177697,0.507434270172258,0.198844061650045,0.190358567543064,0.108116500453309,0.314311876699909,0.172230281051677,0.135329555757026,0.0796532184950136,"transferencia_conservada",0.314311876699909,"aporte_conservada",0.190358567543064,0.123953309156845,0.946105609084125
187,"Pastizal","Phaeozem","1°-3°",5060309.29016113,1689964.15060425,2156064.85,14.5837957532162,"Alta","Alta","Media","agropecuaria","suelo_infiltracion_alta","pend_baja","prec_alta","esc_alta","aporte_medio",0.15,0.6,0.25,0.155,0.255,0.59,0.014052583862194,0.0231187669990934,0.962828649138713,0.103966455122393,0.697189483227561,0.198844061650045,0.0511899365367181,0.0803005439709882,0.229156844968268,0.424369900271985,0.0796532184950136,0.135329555757026,"transferencia_degradada",0.424369900271985,"transferencia_conservada",0.229156844968268,0.195213055303717,0.852923305832386
188,"Pastizal","Phaeozem","1°-3°",1379262.77966309,417968.096099854,1146373.3,13.9521147372406,"Media","Media","Baja","agropecuaria","suelo_infiltracion_alta","pend_baja","prec_media","esc_media","aporte_bajo",0.1,0.7,0.2,0.185,0.64,0.175,0.0799724914331841,0.903049754809493,0.0169777537573231,0.593700526232414,0.253149736883793,0.153149736883793,0.198110157869724,0.3643463052148,0.0959449210651379,0.1668268473926,0.0659449210651379,0.1088268473926,"aporte_degradada",0.3643463052148,"aporte_conservada",0.198110157869724,0.166236147345076,0.91134628018125
189,"Sec Bosque Tropical","Regosol","15°-35°",2719733.16967773,784872.508178711,1303648.74,14.0806783810937,"Alta","Media","Baja","forestal_secundaria","suelo_infiltracion_baja","pend_alta","prec_alta","esc_media","aporte_bajo",0.3,0.5,0.2,0.145,0.245,0.61,0.0203543087479346,0.434485861567654,0.545159829684412,0.652480552093648,0.223759723953176,0.123759723953176,0.398438720214316,0.215744165628094,0.149780639892842,0.0871279171859528,0.0917806398928422,0.0571279171859528,"aporte_conservada",0.398438720214316,"aporte_degradada",0.215744165628094,0.182694554586221,0.880279882465125
190,"Pastizal","Phaeozem","1°-3°",961838.91015625,306725.740081787,1453099.04,14.1892097908361,"Baja","Baja","Media","agropecuaria","suelo_infiltracion_alta","pend_baja","prec_baja","esc_baja","aporte_medio",0.2,0.5,0.3,0.61,0.245,0.145,0.885161098177635,0.100630278571358,0.0142086232510071,0.282063733564095,0.522967780364473,0.194968486071432,0.104619120069228,0.183596965467175,0.176890334109342,0.323321312611394,0.0784905458214296,0.133081721921431,"transferencia_degradada",0.323321312611394,"aporte_degradada",0.183596965467175,0.139724347144219,0.941525508545822
191,"Sec Bosque Tropical","Regosol","15°-35°",1689241.43383789,552996.784210205,1194783.71,13.9934765681214,"Media","Media","Baja","forestal_secundaria","suelo_infiltracion_baja","pend_alta","prec_media","esc_media","aporte_bajo",0.25,0.6,0.15,0.185,0.62,0.195,0.0160311958405546,0.967071057192374,0.0168977469670711,0.600086655112652,0.249956672443674,0.149956672443674,0.368050259965338,0.200025996533795,0.164974870017331,0.0949870017331022,0.106974870017331,0.0649870017331022,"aporte_conservada",0.368050259965338,"aporte_degradada",0.200025996533795,0.168024263431542,0.90827739396938
192,"Agricultura","Phaeozem","1°-3°",3481853.23083496,1154038.16195679,6316456.73,15.6586691232327,"Alta","Alta","Media","agropecuaria","suelo_infiltracion_alta","pend_baja","prec_alta","esc_alta","aporte_medio",0.15,0.6,0.25,0.155,0.255,0.59,0.014052583862194,0.0231187669990934,0.962828649138713,0.103966455122393,0.697189483227561,0.198844061650045,0.0511899365367181,0.0803005439709882,0.229156844968268,0.424369900271985,0.0796532184950136,0.135329555757026,"transferencia_degradada",0.424369900271985,"transferencia_conservada",0.229156844968268,0.195213055303717,0.852923305832386
193,"Pastizal","Regosol","6°-15°",2856047.17492676,813731.251220703,53931599.83,17.8032271503514,"Alta","Media","Alta","agropecuaria","suelo_infiltracion_baja","pend_media","prec_alta","esc_media","aporte_alto",0.5,0.3,0.2,0.135,0.235,0.63,0.0175904326117191,0.343442360801541,0.63896720658674,0.181068838698751,0.281068838698751,0.537862322602498,0.0743206516096253,0.125019926445276,0.104320651609625,0.183019926445276,0.181358696780749,0.331960147109449,"receptora_degradada",0.331960147109449,"transferencia_degradada",0.183019926445276,0.148940220664173,0.935072841457887
194,"Sec Bosque Tropical","Regosol","15°-35°",2464115.2545166,686224.718994141,686224.72,13.4389618904878,"Alta","Media","Baja","forestal_secundaria","suelo_infiltracion_baja","pend_alta","prec_alta","esc_media","aporte_bajo",0.3,0.5,0.2,0.145,0.245,0.61,0.0270751065015229,0.799583596124063,0.173341297374414,0.614626619087289,0.242686690456355,0.142686690456355,0.376483439070628,0.204387985726187,0.160758280464686,0.0928060071369066,0.102758280464686,0.0628060071369066,"aporte_conservada",0.376483439070628,"aporte_degradada",0.204387985726187,0.172095453344441,0.901014279367023
195,"Sec Bosque Tropical","Regosol","15°-35°",2372320.16625977,659591.707489014,659591.71,13.3993778174537,"Alta","Media","Baja","forestal_secundaria","suelo_infiltracion_baja","pend_alta","prec_alta","esc_media","aporte_bajo",0.3,0.5,0.2,0.145,0.245,0.61,0.0280735721200387,0.853823814133592,0.11810261374637,0.609002904162633,0.245498547918683,0.145498547918683,0.373221684414327,0.20270087124879,0.162389157792836,0.093649564375605,0.104389157792836,0.063649564375605,"aporte_conservada",0.373221684414327,"aporte_degradada",0.20270087124879,0.170520813165537,0.90386909935513
196,"Pastizal","Regosol","1°-3°",1859450.71264648,540099.659515381,540099.66,13.1995108085762,"Media","Media","Baja","agropecuaria","suelo_infiltracion_baja","pend_baja","prec_media","esc_media","aporte_bajo",0.5,0.3,0.2,0.205,0.56,0.235,0.0194866920152091,0.958174904942966,0.0223384030418251,0.600285171102662,0.249857414448669,0.149857414448669,0.200085551330798,0.368165399239544,0.0949572243346008,0.164917300380228,0.0649572243346008,0.106917300380228,"aporte_degradada",0.368165399239544,"aporte_conservada",0.200085551330798,0.168079847908745,0.908180814712863
197,"Pastizal","Phaeozem","1°-3°",4421870.84594727,1455899.11395264,1455899.11,14.1911348996161,"Alta","Alta","Media","agropecuaria","suelo_infiltracion_alta","pend_baja","prec_alta","esc_alta","aporte_medio",0.15,0.6,0.25,0.155,0.255,0.59,0.014052583862194,0.0231187669990934,0.962828649138713,0.103966455122393,0.697189483227561,0.198844061650045,0.0511899365367181,0.0803005439709882,0.229156844968268,0.424369900271985,0.0796532184950136,0.135329555757026,"transferencia_degradada",0.424369900271985,"transferencia_conservada",0.229156844968268,0.195213055303717,0.852923305832386
198,"Sec Bosque Tropical","Regosol","6°-15°",3187601.87402344,1036619.26785278,1343245.42,14.1105999434098,"Alta","Alta","Baja","forestal_secundaria","suelo_infiltracion_baja","pend_media","prec_alta","esc_alta","aporte_bajo",0.2,0.7,0.1,0.145,0.245,0.61,0.0127528583992964,0.0215479331574318,0.965699208443272,0.695294635004397,0.202352682497801,0.102352682497801,0.42327088830255,0.228588390501319,0.137364555848725,0.0807058047493404,0.0793645558487247,0.0507058047493404,"aporte_conservada",0.42327088830255,"aporte_degradada",0.228588390501319,0.194682497801231,0.853549573152347
199,"Sec Bosque Tropical","Regosol","15°-35°",5541228.53527832,1622475.94549561,2308700.66,14.6521958725395,"Alta","Alta","Media","forestal_secundaria","suelo_infiltracion_baja","pend_alta","prec_alta","esc_alta","aporte_medio",0.3,0.5,0.2,0.145,0.245,0.61,0.0127528583992964,0.0215479331574318,0.965699208443272,0.103627968337731,0.697449428320141,0.198922603342128,0.0801042216358839,0.0510883905013193,0.424520668425682,0.229234828496042,0.135375109938434,0.0796767810026385,"transferencia_conservada",0.424520668425682,"transferencia_degradada",0.229234828496042,0.195285839929639,0.852698679496852
200,"Sec Bosque Templado","Regosol","6°-15°",1678696.49902344,476164.915222168,2807450.76,14.8477877829004,"Media","Media","Media","forestal_secundaria","suelo_infiltracion_baja","pend_media","prec_media","esc_media","aporte_medio",0.2,0.7,0.1,0.175,0.64,0.185,0.0147306397306397,0.96969696969697,0.0155723905723906,0.151430976430976,0.697053872053872,0.151515151515152,0.107829966329966,0.0654292929292929,0.424291245791246,0.229116161616162,0.107878787878788,0.0654545454545455,"transferencia_conservada",0.424291245791246,"transferencia_degradada",0.229116161616162,0.195175084175084,0.858716238328341
201,"Sec Bosque Templado","Regosol","15°-35°",1254054.17272949,347901.272674561,3155352.03,14.9646109431017,"Media","Baja","Media","forestal_secundaria","suelo_infiltracion_baja","pend_alta","prec_media","esc_baja","aporte_medio",0.25,0.6,0.15,0.185,0.62,0.195,0.282025215519105,0.690892331665273,0.0270824528156218,0.190949659687085,0.643594956896179,0.165455383416736,0.130750802618509,0.0772848979061254,0.393285074999784,0.213078487068854,0.115964122381707,0.0696366150250209,"transferencia_conservada",0.393285074999784,"transferencia_degradada",0.213078487068854,0.18020658793093,0.890590520761366
202,"Pastizal","Regosol","15°-35°",3385528.52355957,1007802.26358032,5329457.28,15.4887601549542,"Alta","Alta","Media","agropecuaria","suelo_infiltracion_baja","pend_alta","prec_alta","esc_alta","aporte_medio",0.6,0.25,0.15,0.1275,0.2275,0.645,0.0109170351171969,0.0328236255874538,0.956259339295349,0.103824588302812,0.697816592976561,0.198358818720627,0.0511473764908436,0.080218261215631,0.229344977892968,0.424733623926405,0.0795076456161882,0.135048114857964,"transferencia_degradada",0.424733623926405,"transferencia_conservada",0.229344977892968,0.195388646033437,0.85254547365393
203,"Sec Bosque Tropical","Regosol","6°-15°",1378108.23547363,363505.088562012,4321655.02,15.279149224728,"Media","Baja","Media","forestal_secundaria","suelo_infiltracion_baja","pend_media","prec_media","esc_baja","aporte_medio",0.2,0.7,0.1,0.175,0.64,0.185,0.210550516382057,0.76607964820892,0.0233698354090223,0.180414085686857,0.657889896723589,0.161696017589554,0.124640169698377,0.0741242257060572,0.401576140099681,0.217366969017077,0.113783690201941,0.0685088052768662,"transferencia_conservada",0.401576140099681,"transferencia_degradada",0.217366969017077,0.184209171082605,0.882649192360744
204,"Sec Bosque Templado","Regosol","15°-35°",3345971.33996582,892901.461975098,2331285.84,14.6619309649304,"Alta","Media","Media","forestal_secundaria","suelo_infiltracion_baja","pend_alta","prec_alta","esc_media","aporte_medio",0.3,0.5,0.2,0.145,0.245,0.61,0.0160039060490877,0.198156451281639,0.785839642669274,0.113108603773899,0.696799218790182,0.190092177435918,0.0856029901888617,0.0539325811321698,0.424143546898306,0.229039765637055,0.130253462912832,0.0770276532307754,"transferencia_conservada",0.424143546898306,"transferencia_degradada",0.229039765637055,0.195103781261251,0.855143916723042
205,"Sec Bosque Templado","Regosol","6°-15°",1758559.39147949,460043.144714355,460043.14,13.0390777203835,"Media","Media","Baja","forestal_secundaria","suelo_infiltracion_baja","pend_media","prec_media","esc_media","aporte_bajo",0.2,0.7,0.1,0.175,0.64,0.185,0.0147306397306397,0.96969696969697,0.0155723905723906,0.600084175084175,0.249957912457912,0.149957912457912,0.368048821548822,0.200025252525252,0.164975589225589,0.0949873737373737,0.106975589225589,0.0649873737373737,"aporte_conservada",0.368048821548822,"aporte_degradada",0.200025252525252,0.168023569023569,0.908278600067441
206,"Sec Bosque Tropical","Regosol","15°-35°",2967148.83435059,753279.859832764,1068045.08,13.8813414436389,"Alta","Media","Baja","forestal_secundaria","suelo_infiltracion_baja","pend_alta","prec_alta","esc_media","aporte_bajo",0.3,0.5,0.2,0.145,0.245,0.61,0.0221121528557386,0.529978230925133,0.447909616219128,0.642579746336339,0.228710126831831,0.128710126831831,0.392696252875077,0.212773923900902,0.152651873562462,0.0886130380495492,0.0946518735624617,0.0586130380495492,"aporte_conservada",0.392696252875077,"aporte_degradada",0.212773923900902,0.179922328974175,0.885960857072728
207,"Bosque de Encino","Regosol","15°-35°",2298117.55969238,594974.286102295,594974.29,13.2962751542536,"Alta","Media","Baja","forestal_conservada","suelo_infiltracion_baja","pend_alta","prec_alta","esc_media","aporte_bajo",0.3,0.5,0.2,0.145,0.245,0.61,0.0280735721200387,0.853823814133592,0.11810261374637,0.609002904162633,0.245498547918683,0.145498547918683,0.43412197483059,0.141800580832527,0.186939012584705,0.0690997095837367,0.118939012584705,0.0490997095837367,"aporte_conservada",0.43412197483059,"transferencia_conservada",0.186939012584705,0.247182962245886,0.858702533740505
208,"Sec Bosque Templado","Regosol","6°-15°",2810117.66931152,727539.617248535,727539.62,13.4974251115206,"Alta","Media","Baja","forestal_secundaria","suelo_infiltracion_baja","pend_media","prec_alta","esc_media","aporte_bajo",0.2,0.7,0.1,0.145,0.245,0.61,0.0237858185043284,0.620897725769146,0.355316455726526,0.63315306372222,0.23342346813889,0.13342346813889,0.387228776958888,0.209945919116666,0.155385611520556,0.0900270404416671,0.0973856115205563,0.0600270404416671,"aporte_conservada",0.387228776958888,"aporte_degradada",0.209945919116666,0.177282857842222,0.891199075212382
209,"Sec Bosque Templado","Regosol","15°-35°",2395578.51574707,606734.77,606734.77,13.3158486704914,"Alta","Media","Baja","forestal_secundaria","suelo_infiltracion_baja","pend_alta","prec_alta","esc_media","aporte_bajo",0.3,0.5,0.2,0.145,0.245,0.61,0.0280735721200387,0.853823814133592,0.11810261374637,0.609002904162633,0.245498547918683,0.145498547918683,0.373221684414327,0.20270087124879,0.162389157792836,0.093649564375605,0.104389157792836,0.063649564375605,"aporte_conservada",0.373221684414327,"aporte_degradada",0.20270087124879,0.170520813165537,0.90386909935513
210,"Sec Bosque Tropical","Regosol","15°-35°",2494611.9407959,659944.402069092,2454273,14.7133415524618,"Alta","Media","Media","forestal_secundaria","suelo_infiltracion_baja","pend_alta","prec_alta","esc_media","aporte_medio",0.3,0.5,0.2,0.145,0.245,0.61,0.0280735721200387,0.853823814133592,0.11810261374637,0.148305905130687,0.694385285575992,0.15730880929332,0.106017424975799,0.0644917715392062,0.422743465634076,0.228315585672798,0.111239109390126,0.0671926427879961,"transferencia_conservada",0.422743465634076,"transferencia_degradada",0.228315585672798,0.194427879961278,0.860401964033812
211,"Sec Bosque Tropical","Regosol","15°-35°",2435244.33752441,633565.492553711,1701610.57,14.3470863423279,"Alta","Media","Media","forestal_secundaria","suelo_infiltracion_baja","pend_alta","prec_alta","esc_media","aporte_medio",0.3,0.5,0.2,0.145,0.245,0.61,0.0280735721200387,0.853823814133592,0.11810261374637,0.148305905130687,0.694385285575992,0.15730880929332,0.106017424975799,0.0644917715392062,0.422743465634076,0.228315585672798,0.111239109390126,0.0671926427879961,"transferencia_conservada",0.422743465634076,"transferencia_degradada",0.228315585672798,0.194427879961278,0.860401964033812
212,"Pastizal","Phaeozem","15°-35°",3304977.10949707,943212.07043457,7331672.68,15.8077143806774,"Alta","Alta","Media","agropecuaria","suelo_infiltracion_alta","pend_alta","prec_alta","esc_alta","aporte_medio",0.2,0.5,0.3,0.155,0.255,0.59,0.0159172660580826,0.127191734834431,0.856890999107487,0.109543039953338,0.696816546788383,0.193640413258278,0.0528629119860014,0.0835349631729361,0.229044964036515,0.424153597137262,0.0780921239774835,0.132311439689801,"transferencia_degradada",0.424153597137262,"transferencia_conservada",0.229044964036515,0.195108633100747,0.854403734867909
213,"Pastizal","Regosol","15°-35°",2075354.22070312,570784.822570801,3934187.61,15.1852152203508,"Alta","Media","Media","agropecuaria","suelo_infiltracion_baja","pend_alta","prec_alta","esc_media","aporte_medio",0.6,0.25,0.15,0.1275,0.2275,0.645,0.0261941448382126,0.841294298921418,0.13251155624037,0.147303543913713,0.694761171032357,0.157935285053929,0.064191063174114,0.105436055469954,0.228428351309707,0.422961479198767,0.0673805855161787,0.111602465331279,"transferencia_degradada",0.422961479198767,"transferencia_conservada",0.228428351309707,0.19453312788906,0.860138243279736
214,"Sec Bosque Templado","Regosol","15°-35°",1380422.55957031,354445.518798828,1049023.05,13.8633708137124,"Media","Baja","Baja","forestal_secundaria","suelo_infiltracion_baja","pend_alta","prec_media","esc_baja","aporte_bajo",0.25,0.6,0.15,0.185,0.62,0.195,0.256923678210693,0.716954987476054,0.0261213343132526,0.576919765610256,0.261540117194872,0.161540117194872,0.354613464053948,0.193075929683077,0.171693267973026,0.0984620351584616,0.113693267973026,0.0684620351584616,"aporte_conservada",0.354613464053948,"aporte_degradada",0.193075929683077,0.161537534370872,0.919060603896303
215,"Pastizal","Regosol","15°-35°",4129814.63513184,1214423.49908447,55146023.33,17.8254952127607,"Alta","Alta","Alta","agropecuaria","suelo_infiltracion_baja","pend_alta","prec_alta","esc_alta","aporte_alto",0.6,0.25,0.15,0.1275,0.2275,0.645,0.0106560802340159,0.0190137902214793,0.970330129544505,0.197983702465524,0.297983702465524,0.504032595068951,0.0793951107396573,0.134830547430004,0.109395110739657,0.192830547430004,0.171209778520685,0.312338905139992,"receptora_degradada",0.312338905139992,"transferencia_degradada",0.192830547430004,0.119508357709987,0.946764939956144
216,"Sec Bosque Tropical","Phaeozem","6°-15°",798164.302856445,226629.404144287,10464202.86,16.163470834523,"Baja","Baja","Media","forestal_secundaria","suelo_infiltracion_alta","pend_media","prec_baja","esc_baja","aporte_medio",0.2,0.3,0.5,0.63,0.235,0.135,0.968403074295474,0.020068317677199,0.0115286080273271,0.294684030742955,0.506319385140905,0.19899658411614,0.190916737830914,0.108405209222886,0.313665243381725,0.171895815542272,0.135418018787361,0.079698975234842,"transferencia_conservada",0.313665243381725,"aporte_conservada",0.190916737830914,0.122748505550811,0.94639690599231
217,"Sec Bosque Tropical","Regosol","6°-15°",1643453.9654541,472816.170623779,1485094.63,14.2109897254519,"Media","Media","Media","forestal_secundaria","suelo_infiltracion_baja","pend_media","prec_media","esc_media","aporte_medio",0.2,0.7,0.1,0.175,0.64,0.185,0.0147306397306397,0.96969696969697,0.0155723905723906,0.151430976430976,0.697053872053872,0.151515151515152,0.107829966329966,0.0654292929292929,0.424291245791246,0.229116161616162,0.107878787878788,0.0654545454545455,"transferencia_conservada",0.424291245791246,"transferencia_degradada",0.229116161616162,0.195175084175084,0.858716238328341
218,"Pastizal","Phaeozem","6°-15°",1049482.07885742,309329.489349365,10237573.46,16.1415752803771,"Baja","Baja","Media","agropecuaria","suelo_infiltracion_alta","pend_media","prec_baja","esc_baja","aporte_medio",0.15,0.6,0.25,0.61,0.245,0.145,0.878288865417716,0.107378292438238,0.0143328421440462,0.281026687705455,0.524342226916457,0.194631085378088,0.104308006311637,0.182995478869164,0.177302668074937,0.324118491611545,0.0783893256134264,0.132886029519291,"transferencia_degradada",0.324118491611545,"aporte_degradada",0.182995478869164,0.141123012742381,0.941099747233236
219,"Sec Bosque Tropical","Leptosol","15°-35°",1144669.09399414,332943.379394531,3499817.43,15.0682216479711,"Media","Baja","Media","forestal_secundaria","suelo_infiltracion_baja","pend_alta","prec_media","esc_baja","aporte_medio",0.25,0.6,0.15,0.185,0.62,0.195,0.346971658906103,0.623459139055095,0.0295692020388016,0.200567288733975,0.630605668218779,0.168827043047245,0.136329027465706,0.0801701866201926,0.385751287566892,0.209181700465634,0.117919684967402,0.0706481129141736,"transferencia_conservada",0.385751287566892,"transferencia_degradada",0.209181700465634,0.176569587101258,0.897447396172018
220,"Pastizal","Leptosol","6°-15°",1260126.74206543,370706.705932617,5487066.81,15.5179045742662,"Media","Baja","Media","agropecuaria","suelo_infiltracion_baja","pend_media","prec_media","esc_baja","aporte_medio",0.6,0.25,0.15,0.2025,0.55,0.2475,0.235275098847328,0.732247540758562,0.0324773603941099,0.183667396807394,0.652944980230534,0.163387622962072,0.0751002190422181,0.126527090148288,0.21588349406916,0.39870808853371,0.0690162868886216,0.114764821318002,"transferencia_degradada",0.39870808853371,"transferencia_conservada",0.21588349406916,0.18282459446455,0.885461434701356
221,"Pastizal","Leptosol","15°-35°",2520694.27075195,685852.507019043,685852.51,13.4384193416306,"Alta","Media","Baja","agropecuaria","suelo_infiltracion_baja","pend_alta","prec_alta","esc_media","aporte_bajo",0.6,0.25,0.15,0.1275,0.2275,0.645,0.0251096064358481,0.783900098812349,0.190990294751803,0.616588068831595,0.241705965584202,0.141705965584202,0.204976420649479,0.377621079922325,0.0925117896752607,0.160189460038837,0.0625117896752607,0.102189460038837,"aporte_degradada",0.377621079922325,"aporte_conservada",0.204976420649479,0.172644659272847,0.900004980558678
222,"Sec Bosque Tropical","Leptosol","6°-15°",1215157.44934082,352184.140686035,5116360.1,15.4479540216764,"Media","Baja","Media","forestal_secundaria","suelo_infiltracion_baja","pend_media","prec_media","esc_baja","aporte_medio",0.2,0.7,0.1,0.175,0.64,0.185,0.249267714053991,0.725820752021808,0.0249115339242005,0.186144580411889,0.650146457189202,0.16370896239891,0.127963856638895,0.0758433741235666,0.397084945169737,0.21504393715676,0.114951198191368,0.0691126887196729,"transferencia_conservada",0.397084945169737,"transferencia_degradada",0.21504393715676,0.182041008012976,0.887001193426067
223,"Pastizal","Regosol","15°-35°",969324.944580078,264423.679016113,264423.68,12.4853117260225,"Baja","Baja","Baja","agropecuaria","suelo_infiltracion_baja","pend_alta","prec_baja","esc_baja","aporte_bajo",0.7,0.2,0.1,0.54,0.28,0.18,0.954813359528487,0.0275049115913556,0.0176817288801572,0.506286836935167,0.296856581532417,0.196856581532417,0.17188605108055,0.313646365422397,0.109056974459725,0.192176817288802,0.079056974459725,0.134176817288802,"aporte_degradada",0.313646365422397,"transferencia_degradada",0.192176817288802,0.121469548133595,0.946048456170975
224,"Sec Bosque Templado","Phaeozem","15°-35°",3728695.76171875,1012278.46096802,1012278.46,13.8277152369533,"Alta","Alta","Baja","forestal_secundaria","suelo_infiltracion_alta","pend_alta","prec_alta","esc_alta","aporte_bajo",0.15,0.25,0.6,0.1725,0.2725,0.555,0.016741756526044,0.0387505726252958,0.94450767084866,0.692776591432262,0.203611704283869,0.103611704283869,0.421810423030712,0.227832977429678,0.138094788484644,0.0810835112851608,0.0800947884846441,0.0510835112851608,"aporte_conservada",0.421810423030712,"aporte_degradada",0.227832977429678,0.193977445601033,0.855221023795598
225,"Pastizal","Leptosol","15°-35°",2102814.45385742,578506.020141602,1264358.53,14.0500762515352,"Alta","Media","Baja","agropecuaria","suelo_infiltracion_baja","pend_alta","prec_alta","esc_media","aporte_bajo",0.6,0.25,0.15,0.1275,0.2275,0.645,0.0261941448382126,0.841294298921418,0.13251155624037,0.610631741140216,0.244684129429892,0.144684129429892,0.203189522342065,0.374166409861325,0.0934052388289676,0.161916795069337,0.0634052388289676,0.103916795069337,"aporte_degradada",0.374166409861325,"aporte_conservada",0.203189522342065,0.17097688751926,0.903048172031271
226,"Sec Bosque Templado","Phaeozem","15°-35°",3910582.66992188,1059819.39367676,2314379.74,14.6546527107982,"Alta","Alta","Media","forestal_secundaria","suelo_infiltracion_alta","pend_alta","prec_alta","esc_alta","aporte_medio",0.15,0.25,0.6,0.1725,0.2725,0.555,0.0165309056061332,0.0261140392908481,0.957355055103019,0.104611883085769,0.696693818878773,0.198694298035458,0.080674892189746,0.0513835649257307,0.424082414949688,0.229008145663632,0.135242692860565,0.0796082894106373,"transferencia_conservada",0.424082414949688,"transferencia_degradada",0.229008145663632,0.195074269286056,0.853350412594473
227,"Sec Bosque Tropical","Phaeozem","6°-15°",1224250.98693848,329279.186126709,14894438.39,16.516498505959,"Media","Baja","Media","forestal_secundaria","suelo_infiltracion_alta","pend_media","prec_media","esc_baja","aporte_medio",0.15,0.25,0.6,0.2475,0.55,0.2025,0.462053784267564,0.508201243978742,0.0297449717536937,0.21782081905245,0.607589243146487,0.174589937801063,0.146336075050421,0.085346245715735,0.372401761024962,0.202276772943946,0.121262163924616,0.0723769813403189,"transferencia_conservada",0.372401761024962,"transferencia_degradada",0.202276772943946,0.170124988081016,0.90876126222358
228,"Bosque de Encino","Phaeozem","15°-35°",4427140.4354248,1254560.35437012,1254560.35,14.0422965475386,"Alta","Alta","Baja","forestal_conservada","suelo_infiltracion_alta","pend_alta","prec_alta","esc_alta","aporte_bajo",0.15,0.25,0.6,0.1725,0.2725,0.555,0.0165309056061332,0.0261140392908481,0.957355055103019,0.694082414949688,0.202958792525156,0.102958792525156,0.491976042165788,0.158816482989938,0.158011978917106,0.0605917585050311,0.0900119789171059,0.0405917585050311,"aporte_conservada",0.491976042165788,"aporte_degradada",0.158816482989938,0.33315955917585,0.808931273188405
229,"Sec Bosque Tropical","Leptosol","6°-15°",2360343.52392578,661355.270812988,6513743.43,15.689425030091,"Alta","Media","Media","forestal_secundaria","suelo_infiltracion_baja","pend_media","prec_alta","esc_media","aporte_medio",0.2,0.7,0.1,0.145,0.245,0.61,0.0280735721200387,0.853823814133592,0.11810261374637,0.148305905130687,0.694385285575992,0.15730880929332,0.106017424975799,0.0644917715392062,0.422743465634076,0.228315585672798,0.111239109390126,0.0671926427879961,"transferencia_conservada",0.422743465634076,"transferencia_degradada",0.228315585672798,0.194427879961278,0.860401964033812
230,"Sec Bosque Tropical","Regosol","15°-35°",2234993.15917969,617212.220428467,14565159.2,16.4941429472853,"Alta","Media","Media","forestal_secundaria","suelo_infiltracion_baja","pend_alta","prec_alta","esc_media","aporte_medio",0.3,0.5,0.2,0.145,0.245,0.61,0.0280735721200387,0.853823814133592,0.11810261374637,0.148305905130687,0.694385285575992,0.15730880929332,0.106017424975799,0.0644917715392062,0.422743465634076,0.228315585672798,0.111239109390126,0.0671926427879961,"transferencia_conservada",0.422743465634076,"transferencia_degradada",0.228315585672798,0.194427879961278,0.860401964033812
231,"Sec Bosque Tropical","Regosol","15°-35°",6614687.59069824,1900822.45581055,65185779.31,17.9927519097061,"Alta","Alta","Alta","forestal_secundaria","suelo_infiltracion_baja","pend_alta","prec_alta","esc_alta","aporte_alto",0.3,0.5,0.2,0.145,0.245,0.61,0.0127528583992964,0.0215479331574318,0.965699208443272,0.197647317502199,0.297647317502199,0.504705364995602,0.134635444151275,0.0792941952506596,0.192635444151275,0.10929419525066,0.312729111697449,0.171411609498681,"receptora_conservada",0.312729111697449,"transferencia_conservada",0.192635444151275,0.120093667546174,0.946552043807644
232,"Sec Bosque Tropical","Leptosol","15°-35°",3736301.95141602,1042823.23199463,7556566.66,15.837927631833,"Alta","Alta","Media","forestal_secundaria","suelo_infiltracion_baja","pend_alta","prec_alta","esc_alta","aporte_medio",0.3,0.5,0.2,0.145,0.245,0.61,0.0127528583992964,0.0215479331574318,0.965699208443272,0.103627968337731,0.697449428320141,0.198922603342128,0.0801042216358839,0.0510883905013193,0.424520668425682,0.229234828496042,0.135375109938434,0.0796767810026385,"transferencia_conservada",0.424520668425682,"transferencia_degradada",0.229234828496042,0.195285839929639,0.852698679496852
233,"Pastizal","Regosol","6°-15°",1010678.15087891,286364.985839844,2607107.52,14.7737523184398,"Baja","Baja","Media","agropecuaria","suelo_infiltracion_baja","pend_media","prec_baja","esc_baja","aporte_medio",0.7,0.2,0.1,0.54,0.28,0.18,0.91637696423455,0.0653356424746003,0.0182873932908495,0.28654217497064,0.51672460715309,0.19673321787627,0.105962652491192,0.186194461482971,0.175017382145927,0.319700272148792,0.079019965362881,0.134105266368237,"transferencia_degradada",0.319700272148792,"aporte_degradada",0.186194461482971,0.133505810665821,0.943451790891822
234,"Sec Bosque Tropical","Leptosol","15°-35°",1601440.06896973,441086.183959961,8138933.52,15.9121698350624,"Media","Media","Media","forestal_secundaria","suelo_infiltracion_baja","pend_alta","prec_media","esc_media","aporte_medio",0.25,0.6,0.15,0.185,0.62,0.195,0.0388519228264939,0.943376542172092,0.0177715350014139,0.154939211673903,0.692229615434701,0.152831172891395,0.109864742770864,0.066481763502171,0.421493176952127,0.22766888463041,0.108642080277009,0.0658493518674186,"transferencia_conservada",0.421493176952127,"transferencia_degradada",0.22766888463041,0.193824292321716,0.861842261886613
235,"Sec Bosque Tropical","Leptosol","15°-35°",1229691.86401367,329451.888092041,33889029.98,17.3386019500791,"Media","Baja","Alta","forestal_secundaria","suelo_infiltracion_baja","pend_alta","prec_media","esc_baja","aporte_alto",0.25,0.6,0.15,0.185,0.62,0.195,0.363886074029554,0.605897084022895,0.0302168419475515,0.1333165383959,0.2333165383959,0.6333669232082,0.0973235922696219,0.05999496151877,0.155323592269622,0.08999496151877,0.387352815460756,0.21001007696246,"receptora_conservada",0.387352815460756,"receptora_degradada",0.21001007696246,0.177342738498296,0.891082072465711
236,"Sec Bosque Templado","Phaeozem","15°-35°",3898697.54394531,1091812.328125,1091812.33,13.9033504774511,"Alta","Alta","Baja","forestal_secundaria","suelo_infiltracion_alta","pend_alta","prec_alta","esc_alta","aporte_bajo",0.15,0.25,0.6,0.1725,0.2725,0.555,0.0165309056061332,0.0261140392908481,0.957355055103019,0.694082414949688,0.202958792525156,0.102958792525156,0.422567800670819,0.228224724484907,0.13771609966459,0.0808876377575467,0.0797160996645903,0.0508876377575467,"aporte_conservada",0.422567800670819,"aporte_degradada",0.228224724484907,0.194343076185913,0.854355811718715
237,"Sec Bosque Tropical","Phaeozem","15°-35°",341329.575439453,87916.757232666,74524000.24,18.1266317957613,"Baja","Baja","Alta","forestal_secundaria","suelo_infiltracion_alta","pend_alta","prec_baja","esc_baja","aporte_alto",0.2,0.3,0.5,0.63,0.235,0.135,0.968403074295474,0.020068317677199,0.0115286080273271,0.102156276686593,0.202156276686593,0.695687446626815,0.0792506404782237,0.0506468830059778,0.137250640478224,0.0806468830059778,0.423498719043553,0.228706233988044,"receptora_conservada",0.423498719043553,"receptora_degradada",0.228706233988044,0.194792485055508,0.853287686945143
238,"Pastizal","Regosol","6°-15°",734544.125488281,200045.817810059,1770977.67,14.3870428726495,"Baja","Baja","Media","agropecuaria","suelo_infiltracion_baja","pend_media","prec_baja","esc_baja","aporte_medio",0.7,0.2,0.1,0.54,0.28,0.18,0.954813359528487,0.0275049115913556,0.0176817288801572,0.292337917485265,0.509037328094303,0.198624754420432,0.10770137524558,0.189555992141454,0.172711198428291,0.315241650294695,0.0795874263261297,0.135202357563851,"transferencia_degradada",0.315241650294695,"aporte_degradada",0.189555992141454,0.125685658153242,0.945682388037966
239,"Sec Bosque Tropical","Regosol","6°-15°",2079968.65722656,572205.777526855,33174296.04,17.3172859485082,"Alta","Media","Alta","forestal_secundaria","suelo_infiltracion_baja","pend_media","prec_alta","esc_media","aporte_alto",0.2,0.7,0.1,0.145,0.245,0.61,0.0280735721200387,0.853823814133592,0.11810261374637,0.154501452081317,0.254501452081317,0.590997095837367,0.109610842207164,0.066350435624395,0.167610842207164,0.096350435624395,0.362778315585673,0.19729912875121,"receptora_conservada",0.362778315585673,"receptora_degradada",0.19729912875121,0.165479186834463,0.912623260399107
240,"Sec Bosque Tropical","Leptosol","15°-35°",1206470.09606934,331947.260009766,36564445.97,17.4145869320001,"Media","Baja","Alta","forestal_secundaria","suelo_infiltracion_baja","pend_alta","prec_media","esc_baja","aporte_alto",0.25,0.6,0.15,0.185,0.62,0.195,0.351722951074615,0.61852592357419,0.0297511253511953,0.133901408713829,0.233901408713829,0.632197182572342,0.0976628170540208,0.0601704226141487,0.155662817054021,0.0901704226141487,0.386674365891958,0.209659154771703,"receptora_conservada",0.386674365891958,"receptora_degradada",0.209659154771703,0.177015211120256,0.891721000924335
241,"Pastizal","Leptosol","15°-35°",710987.758789062,200273.403533936,200273.4,12.2074437051982,"Baja","Baja","Baja","agropecuaria","suelo_infiltracion_baja","pend_alta","prec_baja","esc_baja","aporte_bajo",0.7,0.2,0.1,0.54,0.28,0.18,0.954813359528487,0.0275049115913556,0.0176817288801572,0.506286836935167,0.296856581532417,0.196856581532417,0.17188605108055,0.313646365422397,0.109056974459725,0.192176817288802,0.079056974459725,0.134176817288802,"aporte_degradada",0.313646365422397,"transferencia_degradada",0.192176817288802,0.121469548133595,0.946048456170975
242,"Sec Bosque Tropical","Regosol","15°-35°",3469909.08154297,909779.511169434,909779.51,13.720958651598,"Alta","Media","Baja","forestal_secundaria","suelo_infiltracion_baja","pend_alta","prec_alta","esc_media","aporte_bajo",0.3,0.5,0.2,0.145,0.245,0.61,0.0154867570766769,0.170063072314158,0.814450170609165,0.679896341353249,0.210051829323376,0.110051829323376,0.414339877984884,0.223968902405975,0.141830061007558,0.0830155487970127,0.0838300610075579,0.0530155487970127,"aporte_conservada",0.414339877984884,"aporte_degradada",0.223968902405975,0.19037097557891,0.863574217623577
243,"Pastizal","Phaeozem","6°-15°",707718.260375977,184148.442077637,660222.87,13.400334253458,"Baja","Baja","Baja","agropecuaria","suelo_infiltracion_alta","pend_media","prec_baja","esc_baja","aporte_bajo",0.15,0.6,0.25,0.61,0.245,0.145,0.965699208443272,0.0215479331574318,0.0127528583992964,0.504705364995602,0.297647317502199,0.197647317502199,0.171411609498681,0.312729111697449,0.10929419525066,0.192635444151275,0.0792941952506596,0.134635444151275,"aporte_degradada",0.312729111697449,"transferencia_degradada",0.192635444151275,0.120093667546174,0.946552043807644
244,"Pastizal","Leptosol","15°-35°",1570268.14660645,441266.527557373,37735926.9,17.4461231933021,"Media","Media","Alta","agropecuaria","suelo_infiltracion_baja","pend_alta","prec_media","esc_media","aporte_alto",0.7,0.2,0.1,0.2,0.54,0.26,0.0469621178425519,0.92634993005798,0.0266879520994684,0.148986291712846,0.248986291712846,0.602027416574308,0.0646958875138537,0.106412049193451,0.0946958875138537,0.164412049193451,0.200608224972293,0.369175901613099,"receptora_degradada",0.369175901613099,"receptora_conservada",0.200608224972293,0.168567676640806,0.907330140140023
245,"Sec Bosque Templado","Phaeozem","15°-35°",3738012.2947998,1117533.80917358,1117533.81,13.9266357548729,"Alta","Alta","Baja","forestal_secundaria","suelo_infiltracion_alta","pend_alta","prec_alta","esc_alta","aporte_bajo",0.15,0.25,0.6,0.1725,0.2725,0.555,0.0165309056061332,0.0261140392908481,0.957355055103019,0.694082414949688,0.202958792525156,0.102958792525156,0.422567800670819,0.228224724484907,0.13771609966459,0.0808876377575467,0.0797160996645903,0.0508876377575467,"aporte_conservada",0.422567800670819,"aporte_degradada",0.228224724484907,0.194343076185913,0.854355811718715
246,"Pastizal","Regosol","15°-35°",1535137.87548828,447980.85760498,1013435.17,13.8288572631178,"Media","Media","Baja","agropecuaria","suelo_infiltracion_baja","pend_alta","prec_media","esc_media","aporte_bajo",0.7,0.2,0.1,0.2,0.54,0.26,0.0334057757897631,0.940475844657093,0.026118379553144,0.599271260376338,0.250364369811831,0.150364369811831,0.199781378112901,0.367577331018276,0.0951093109435493,0.165211334490862,0.0651093109435493,0.107211334490862,"aporte_degradada",0.367577331018276,"aporte_conservada",0.199781378112901,0.167795952905375,0.908673340474157
247,"Sec Bosque Tropical","Regosol","6°-15°",1703391.76513672,451096.271179199,451096.27,13.019438271505,"Media","Media","Baja","forestal_secundaria","suelo_infiltracion_baja","pend_media","prec_media","esc_media","aporte_bajo",0.2,0.7,0.1,0.175,0.64,0.185,0.0205214692529401,0.963675552378728,0.0158029783683315,0.599528150911539,0.25023592454423,0.15023592454423,0.367726327528693,0.199858445273462,0.165136836235654,0.0950707773632691,0.107136836235654,0.0650707773632691,"aporte_conservada",0.367726327528693,"aporte_degradada",0.199858445273462,0.167867882255231,0.908548727124449
248,"Pastizal","Leptosol","15°-35°",1209488.41357422,342749.933502197,38400337.95,17.4635768443419,"Media","Baja","Alta","agropecuaria","suelo_infiltracion_baja","pend_alta","prec_media","esc_baja","aporte_alto",0.7,0.2,0.1,0.2,0.54,0.26,0.345837602283816,0.614917129635438,0.0392452680807459,0.134670383289846,0.234670383289846,0.630659233420307,0.0604011149869539,0.098108822308111,0.0904011149869539,0.156108822308111,0.209197770026092,0.385782355383778,"receptora_degradada",0.385782355383778,"receptora_conservada",0.209197770026092,0.176584585357686,0.892557187529027
249,"Pastizal","Regosol","6°-15°",1199896.13342285,321661.123535156,38057588.02,17.454611071005,"Media","Baja","Alta","agropecuaria","suelo_infiltracion_baja","pend_media","prec_media","esc_baja","aporte_alto",0.6,0.25,0.15,0.2025,0.55,0.2475,0.45027831830746,0.508708060942829,0.0410136207497106,0.129536765122113,0.229536765122113,0.640926469755775,0.0588610295366338,0.0951313237708253,0.0888610295366338,0.153131323770825,0.212277940926732,0.391737352458349,"receptora_degradada",0.391737352458349,"receptora_conservada",0.212277940926732,0.179459411531617,0.886891545432477
250,"Sec Bosque Tropical","Phaeozem","15°-35°",2224974.1463623,600400.623779297,600400.62,13.305354076939,"Alta","Media","Baja","forestal_secundaria","suelo_infiltracion_alta","pend_alta","prec_alta","esc_media","aporte_bajo",0.15,0.25,0.6,0.1725,0.2725,0.555,0.0306258322237017,0.870838881491345,0.0985352862849534,0.606790945406125,0.246604527296937,0.146604527296937,0.371938748335553,0.202037283621838,0.163030625832224,0.0939813581890812,0.105030625832224,0.0639813581890812,"aporte_conservada",0.371938748335553,"aporte_degradada",0.202037283621838,0.169901464713715,0.904976183840472
251,"Sec Bosque Templado","Phaeozem","15°-35°",2428407.29003906,704668.794189453,1822202.6,14.4155570958938,"Alta","Media","Media","forestal_secundaria","suelo_infiltracion_alta","pend_alta","prec_alta","esc_media","aporte_medio",0.15,0.25,0.6,0.1725,0.2725,0.555,0.0285794130766763,0.748194674965824,0.223225911957499,0.143125616363626,0.694284117384665,0.162590266251709,0.103012857490903,0.0629376849090879,0.422684788083106,0.228285235215399,0.114302354425991,0.0687770798755126,"transferencia_conservada",0.422684788083106,"transferencia_degradada",0.228285235215399,0.194399552867706,0.860281999518938
252,"Agricultura","Leptosol","1°-3°",957231.873779297,257357.163452148,250281942.39,19.3380986139276,"Baja","Baja","Alta","agropecuaria","suelo_infiltracion_baja","pend_baja","prec_baja","esc_baja","aporte_alto",0.6,0.25,0.15,0.555,0.2725,0.1725,0.957355055103019,0.0261140392908481,0.0165309056061332,0.102958792525156,0.202958792525156,0.694082414949688,0.0508876377575467,0.0797160996645903,0.0808876377575467,0.13771609966459,0.228224724484906,0.422567800670819,"receptora_degradada",0.422567800670819,"receptora_conservada",0.228224724484906,0.194343076185913,0.854355811718715
253,"Sec Bosque Templado","Phaeozem","15°-35°",3284881.1151123,853000.087493896,2675202.69,14.7995360812077,"Alta","Media","Media","forestal_secundaria","suelo_infiltracion_alta","pend_alta","prec_alta","esc_media","aporte_medio",0.15,0.25,0.6,0.1725,0.2725,0.555,0.021312725241182,0.312693880835608,0.66599339392321,0.119897239090017,0.695737454951764,0.18436530595822,0.0895403986722097,0.055969171727005,0.423527723872023,0.228721236485529,0.126931877455767,0.0753095917874659,"transferencia_conservada",0.423527723872023,"transferencia_degradada",0.228721236485529,0.194806487386494,0.856965008712213
254,"Sec Bosque Tropical","Phaeozem","3°-6°",189180.796386719,49310.5808105469,3094057.05,14.9449940720594,"Baja","Baja","Media","forestal_secundaria","suelo_infiltracion_alta","pend_media","prec_baja","esc_baja","aporte_medio",0.2,0.3,0.5,0.63,0.235,0.135,0.968403074295474,0.020068317677199,0.0115286080273271,0.294684030742955,0.506319385140905,0.19899658411614,0.190916737830914,0.108405209222886,0.313665243381725,0.171895815542272,0.135418018787361,0.079698975234842,"transferencia_conservada",0.313665243381725,"aporte_conservada",0.190916737830914,0.122748505550811,0.94639690599231
255,"Pastizal","Leptosol","1°-3°",1298375.46435547,358555.232330322,201199453.09,19.1198072829158,"Media","Baja","Alta","agropecuaria","suelo_infiltracion_baja","pend_baja","prec_media","esc_baja","aporte_alto",0.5,0.3,0.2,0.205,0.56,0.235,0.279239806213031,0.688701620943315,0.0320585728436544,0.137640938331531,0.237640938331531,0.624718123336938,0.0612922814994594,0.0998317442322881,0.0912922814994594,0.157831744232288,0.207415437001081,0.382336511535424,"receptora_degradada",0.382336511535424,"receptora_conservada",0.207415437001081,0.174921074534342,0.89574627508794
256,"Sec Bosque Tropical","Regosol","6°-15°",3357183.36877441,908259.523406982,6983997.58,15.7591321731797,"Alta","Media","Media","forestal_secundaria","suelo_infiltracion_baja","pend_media","prec_alta","esc_media","aporte_medio",0.2,0.7,0.1,0.145,0.245,0.61,0.0155319565822056,0.172518470866031,0.811949572551763,0.111732314859743,0.696893608683559,0.191374076456698,0.0848047426186508,0.0535196944579228,0.424198293036464,0.229068082605068,0.130996964344885,0.0774122229370095,"transferencia_conservada",0.424198293036464,"transferencia_degradada",0.229068082605068,0.195130210431396,0.854816791709467
257,"Pastizal","Regosol","6°-15°",1630473.70629883,435820.266113281,9267986.3,16.042076794227,"Media","Media","Media","agropecuaria","suelo_infiltracion_baja","pend_media","prec_media","esc_media","aporte_medio",0.6,0.25,0.15,0.2025,0.55,0.2475,0.0581786656187036,0.916375223407003,0.025446110974293,0.157454494294091,0.688364266876259,0.15418123882965,0.0672363482882272,0.111323606690573,0.226509280062878,0.41925127478823,0.0662543716488949,0.109425118521197,"transferencia_degradada",0.41925127478823,"transferencia_conservada",0.226509280062878,0.192741994725353,0.864313310836181
258,"Sec Bosque Templado","Phaeozem","15°-35°",3676832.33093262,1109512.83633423,1109512.84,13.9194324953644,"Alta","Alta","Baja","forestal_secundaria","suelo_infiltracion_alta","pend_alta","prec_alta","esc_alta","aporte_bajo",0.15,0.25,0.6,0.1725,0.2725,0.555,0.0165309056061332,0.0261140392908481,0.957355055103019,0.694082414949688,0.202958792525156,0.102958792525156,0.422567800670819,0.228224724484907,0.13771609966459,0.0808876377575467,0.0797160996645903,0.0508876377575467,"aporte_conservada",0.422567800670819,"aporte_degradada",0.228224724484907,0.194343076185913,0.854355811718715
259,"Sec Bosque Tropical","Phaeozem","6°-15°",428377.097900391,112750.685302734,6075738.06,15.6198141957585,"Baja","Baja","Media","forestal_secundaria","suelo_infiltracion_alta","pend_media","prec_baja","esc_baja","aporte_medio",0.2,0.3,0.5,0.63,0.235,0.135,0.968403074295474,0.020068317677199,0.0115286080273271,0.294684030742955,0.506319385140905,0.19899658411614,0.190916737830914,0.108405209222886,0.313665243381725,0.171895815542272,0.135418018787361,0.079698975234842,"transferencia_conservada",0.313665243381725,"aporte_conservada",0.190916737830914,0.122748505550811,0.94639690599231
260,"Sec Bosque Templado","Phaeozem","15°-35°",2073187.80090332,578242.598571777,1687755.44,14.3389106546278,"Alta","Media","Media","forestal_secundaria","suelo_infiltracion_alta","pend_alta","prec_alta","esc_media","aporte_medio",0.15,0.25,0.6,0.1725,0.2725,0.555,0.0306258322237017,0.870838881491345,0.0985352862849534,0.149667110519308,0.69387483355526,0.156458055925433,0.106806924101198,0.0649001331557923,0.422447403462051,0.228162450066578,0.110745672436751,0.0669374167776298,"transferencia_conservada",0.422447403462051,"transferencia_degradada",0.228162450066578,0.194284953395473,0.860754316213223
261,"Sec Bosque Tropical","Regosol","6°-15°",2200913.46838379,552217.510894775,1025867.26,13.8410498949092,"Alta","Media","Baja","forestal_secundaria","suelo_infiltracion_baja","pend_media","prec_alta","esc_media","aporte_bajo",0.2,0.7,0.1,0.145,0.245,0.61,0.0280735721200387,0.853823814133592,0.11810261374637,0.609002904162633,0.245498547918683,0.145498547918683,0.373221684414327,0.20270087124879,0.162389157792836,0.093649564375605,0.104389157792836,0.063649564375605,"aporte_conservada",0.373221684414327,"aporte_degradada",0.20270087124879,0.170520813165537,0.90386909935513
262,"Sec Bosque Tropical","Phaeozem","6°-15°",1298101.31750488,330247.411468506,2378946.66,14.6821687882024,"Media","Baja","Media","forestal_secundaria","suelo_infiltracion_alta","pend_media","prec_media","esc_baja","aporte_medio",0.15,0.25,0.6,0.2475,0.55,0.2025,0.45694844946979,0.513425196036544,0.0296263544936656,0.217060949695785,0.608610310106042,0.174328740198173,0.145895350823555,0.0851182849087356,0.372993979861504,0.202583093031813,0.12111066931494,0.0722986220594518,"transferencia_conservada",0.372993979861504,"transferencia_degradada",0.202583093031813,0.170410886829692,0.908280896299417
263,"Sec Bosque Tropical","Phaeozem","15°-35°",1336065.56738281,335976.590820312,4982029.18,15.421348032594,"Media","Baja","Media","forestal_secundaria","suelo_infiltracion_alta","pend_alta","prec_media","esc_baja","aporte_medio",0.2,0.3,0.5,0.235,0.56,0.205,0.410622042985741,0.559740730872621,0.029637226141638,0.210111445140779,0.617875591402852,0.172012963456369,0.141864638181652,0.0830334335422338,0.378367843013654,0.205362677420856,0.119767518804694,0.0716038890369107,"transferencia_conservada",0.378367843013654,"transferencia_degradada",0.205362677420856,0.173005165592798,0.903833727980499
264,"Sec Bosque Tropical","Leptosol","6°-15°",1563364.54187012,394905.422607422,394905.42,12.8864041044229,"Media","Media","Baja","forestal_secundaria","suelo_infiltracion_baja","pend_media","prec_media","esc_media","aporte_bajo",0.2,0.7,0.1,0.175,0.64,0.185,0.124567692302117,0.855486263270277,0.0199460444276061,0.589537835212549,0.255231082393726,0.155231082393726,0.361931944423278,0.196861350563765,0.168034027788361,0.0965693247181177,0.110034027788361,0.0665693247181177,"aporte_conservada",0.361931944423278,"aporte_degradada",0.196861350563765,0.165070593859514,0.913307081973808
265,"Pastizal","Phaeozem","15°-35°",1105061.66650391,280980.319152832,280980.32,12.5460434692379,"Media","Baja","Baja","agropecuaria","suelo_infiltracion_alta","pend_alta","prec_media","esc_baja","aporte_bajo",0.15,0.6,0.25,0.195,0.62,0.185,0.720986354941475,0.239255567693016,0.0397580773655098,0.531877172242403,0.284061413878798,0.184061413878798,0.179563151672721,0.328488759900594,0.105218424163639,0.184755620049703,0.0752184241636395,0.126755620049703,"aporte_degradada",0.328488759900594,"transferencia_degradada",0.184755620049703,0.143733139850891,0.937288109981987
266,"Pastizal","Phaeozem","15°-35°",1083088.79150391,273175.163330078,273175.16,12.5178721407922,"Media","Baja","Baja","agropecuaria","suelo_infiltracion_alta","pend_alta","prec_media","esc_baja","aporte_bajo",0.15,0.6,0.25,0.195,0.62,0.185,0.804822004956971,0.152594763978174,0.0425832310648545,0.523776122610788,0.288111938694606,0.188111938694606,0.177132836783236,0.323790151114257,0.106433581608382,0.187104924442871,0.0764335816083818,0.129104924442871,"aporte_degradada",0.323790151114257,"transferencia_degradada",0.187104924442871,0.136685226671386,0.940186009544309
267,"Sec Bosque Tropical","Phaeozem","6°-15°",2640425.0291748,673204.61340332,5655233.79,15.5480921856802,"Alta","Media","Media","forestal_secundaria","suelo_infiltracion_alta","pend_media","prec_alta","esc_media","aporte_medio",0.1,0.2,0.7,0.18,0.28,0.54,0.03125,0.875,0.09375,0.15,0.69375,0.15625,0.107,0.065,0.422375,0.228125,0.110625,0.066875,"transferencia_conservada",0.422375,"transferencia_degradada",0.228125,0.19425,0.860839475059823
268,"Pastizal","Regosol","6°-15°",1652454.19799805,416112.816101074,2923786.12,14.8883902928239,"Media","Media","Media","agropecuaria","suelo_infiltracion_baja","pend_media","prec_media","esc_media","aporte_medio",0.6,0.25,0.15,0.2025,0.55,0.2475,0.103119597529963,0.869650004281901,0.0272303981881362,0.164106419720088,0.679376080494007,0.156517499785905,0.0692319259160263,0.115181723437651,0.223812824148202,0.414038126686524,0.0669552499357715,0.110780149875825,"transferencia_degradada",0.414038126686524,"transferencia_conservada",0.223812824148202,0.190225302538322,0.86993086947248
269,"Sec Bosque Tropical","Phaeozem","15°-35°",1158193.14331055,297068.025695801,5952301.82,15.599288731217,"Media","Baja","Media","forestal_secundaria","suelo_infiltracion_alta","pend_alta","prec_media","esc_baja","aporte_medio",0.2,0.3,0.5,0.235,0.56,0.205,0.643046304448858,0.32124042047236,0.0357132750787814,0.24467128191339,0.571390739110228,0.183937978976382,0.161909343509766,0.0934013845740169,0.351406628683932,0.191417221733069,0.126684027806302,0.0751813936929146,"transferencia_conservada",0.351406628683932,"transferencia_degradada",0.191417221733069,0.159989406950864,0.924511376606489
270,"Sec Bosque Tropical","Regosol","15°-35°",2002634.21740723,530290.210968018,530290.21,13.1811815874646,"Alta","Media","Baja","forestal_secundaria","suelo_infiltracion_baja","pend_alta","prec_alta","esc_media","aporte_bajo",0.3,0.5,0.2,0.145,0.245,0.61,0.0280735721200387,0.853823814133592,0.11810261374637,0.609002904162633,0.245498547918683,0.145498547918683,0.373221684414327,0.20270087124879,0.162389157792836,0.093649564375605,0.104389157792836,0.063649564375605,"aporte_conservada",0.373221684414327,"aporte_degradada",0.20270087124879,0.170520813165537,0.90386909935513
271,"Sec Bosque Templado","Phaeozem","15°-35°",3811897.49401855,1022647.54696655,1022647.55,13.8379064375204,"Alta","Alta","Baja","forestal_secundaria","suelo_infiltracion_alta","pend_alta","prec_alta","esc_alta","aporte_bajo",0.15,0.25,0.6,0.1725,0.2725,0.555,0.0165309056061332,0.0261140392908481,0.957355055103019,0.694082414949688,0.202958792525156,0.102958792525156,0.422567800670819,0.228224724484907,0.13771609966459,0.0808876377575467,0.0797160996645903,0.0508876377575467,"aporte_conservada",0.422567800670819,"aporte_degradada",0.228224724484907,0.194343076185913,0.854355811718715
272,"Pastizal","Regosol","6°-15°",1440382.99536133,358365.52444458,3282151.64,15.0040100577774,"Media","Baja","Media","agropecuaria","suelo_infiltracion_baja","pend_media","prec_media","esc_baja","aporte_medio",0.6,0.25,0.15,0.2025,0.55,0.2475,0.280483212038329,0.68524453247086,0.0342722554908106,0.190358869031209,0.643903357592334,0.165737773376457,0.0771076607093627,0.130408144038101,0.2131710072777,0.393463947403554,0.0697213320129371,0.116127908558345,"transferencia_degradada",0.393463947403554,"transferencia_conservada",0.2131710072777,0.180292940125854,0.890443621420158
273,"Sec Bosque Tropical","Phaeozem","15°-35°",2805922.37121582,719158.426696777,719158.43,13.4858383506486,"Alta","Media","Baja","forestal_secundaria","suelo_infiltracion_alta","pend_alta","prec_alta","esc_media","aporte_bajo",0.15,0.25,0.6,0.1725,0.2725,0.555,0.0276582288949087,0.692987068449358,0.279354702655733,0.625169647376082,0.237415176311959,0.137415176311959,0.382598395478128,0.207550894212825,0.157700802260936,0.0912245528935876,0.0997008022609361,0.0612245528935876,"aporte_conservada",0.382598395478128,"aporte_degradada",0.207550894212825,0.175047501265303,0.895506193112596
274,"Pastizal","Phaeozem","6°-15°",1899881.47802734,510638.448547363,1809024.96,14.4082991147443,"Media","Media","Media","agropecuaria","suelo_infiltracion_alta","pend_media","prec_media","esc_media","aporte_medio",0.1,0.7,0.2,0.185,0.64,0.175,0.0155723905723906,0.96969696969697,0.0147306397306397,0.151599326599327,0.696885521885522,0.151515151515152,0.065479797979798,0.107927609427609,0.229065656565657,0.424193602693603,0.0654545454545455,0.107878787878788,"transferencia_degradada",0.424193602693603,"transferencia_conservada",0.229065656565657,0.195127946127946,0.858826171187244
275,"Sec Bosque Tropical","Regosol","6°-15°",2600242.49804688,637714.049316406,3016660.71,14.9196613839127,"Alta","Media","Media","forestal_secundaria","suelo_infiltracion_baja","pend_media","prec_alta","esc_media","aporte_medio",0.2,0.7,0.1,0.145,0.245,0.61,0.0280735721200387,0.853823814133592,0.11810261374637,0.148305905130687,0.694385285575992,0.15730880929332,0.106017424975799,0.0644917715392062,0.422743465634076,0.228315585672798,0.111239109390126,0.0671926427879961,"transferencia_conservada",0.422743465634076,"transferencia_degradada",0.228315585672798,0.194427879961278,0.860401964033812
276,"Sec Bosque Tropical","Phaeozem","15°-35°",3693691.78869629,948202.347808838,1970849.9,14.4939759363937,"Alta","Alta","Media","forestal_secundaria","suelo_infiltracion_alta","pend_alta","prec_alta","esc_alta","aporte_medio",0.15,0.25,0.6,0.1725,0.2725,0.555,0.0183226272499512,0.133493937314216,0.848183435435833,0.110339222315701,0.69633547455001,0.193325303134289,0.0839967489431066,0.0531017666947103,0.423874575239006,0.228900642365003,0.132128675817888,0.0779975909402868,"transferencia_conservada",0.423874575239006,"transferencia_degradada",0.228900642365003,0.194973932874003,0.854841167386652
277,"Pastizal","Regosol","6°-15°",1204319.9296875,310543.002563477,3592694.64,15.0944133533509,"Media","Baja","Media","agropecuaria","suelo_infiltracion_baja","pend_media","prec_media","esc_baja","aporte_medio",0.6,0.25,0.15,0.2025,0.55,0.2475,0.515727335281124,0.440660525443219,0.0436121392756573,0.225178493328386,0.596854532943775,0.177966973727839,0.0875535479985157,0.150603526130464,0.199056359883133,0.36617562910739,0.0733900921183517,0.123220844762147,"transferencia_degradada",0.36617562910739,"transferencia_conservada",0.199056359883133,0.167119269224257,0.913750146101039
278,"Sec Bosque Tropical","Leptosol","6°-15°",2689320.35986328,648683.367980957,256170607.54,19.361354220081,"Alta","Media","Alta","forestal_secundaria","suelo_infiltracion_baja","pend_media","prec_alta","esc_media","aporte_alto",0.2,0.7,0.1,0.145,0.245,0.61,0.0280735721200387,0.853823814133592,0.11810261374637,0.154501452081317,0.254501452081317,0.590997095837367,0.109610842207164,0.066350435624395,0.167610842207164,0.096350435624395,0.362778315585673,0.19729912875121,"receptora_conservada",0.362778315585673,"receptora_degradada",0.19729912875121,0.165479186834463,0.912623260399107
279,"Sec Bosque Tropical","Regosol","3°-6°",365376.711914062,84606.6442565918,3820425.78,15.1558726968554,"Baja","Baja","Media","forestal_secundaria","suelo_infiltracion_baja","pend_media","prec_baja","esc_baja","aporte_medio",0.25,0.6,0.15,0.59,0.255,0.155,0.962828649138713,0.0231187669990934,0.014052583862194,0.293721668177697,0.507434270172258,0.198844061650045,0.190358567543064,0.108116500453309,0.314311876699909,0.172230281051677,0.135329555757026,0.0796532184950136,"transferencia_conservada",0.314311876699909,"aporte_conservada",0.190358567543064,0.123953309156845,0.946105609084125
280,"Sec Bosque Tropical","Phaeozem","6°-15°",2950331.76208496,744725.83996582,6697027.66,15.7171745024112,"Alta","Media","Media","forestal_secundaria","suelo_infiltracion_alta","pend_media","prec_alta","esc_media","aporte_medio",0.1,0.2,0.7,0.18,0.28,0.54,0.0270975063946022,0.615628860955151,0.357273632650246,0.136200944326678,0.69458049872108,0.169218556952242,0.0989965477094732,0.0608602832980034,0.422856689258226,0.228374149616324,0.118146763032301,0.0707655670856727,"transferencia_conservada",0.422856689258226,"transferencia_degradada",0.228374149616324,0.194482539641902,0.859645790654705
281,"Sec Bosque Tropical","Phaeozem","15°-35°",2293727.83972168,572689.467285156,1298386.51,14.0766336756045,"Alta","Media","Baja","forestal_secundaria","suelo_infiltracion_alta","pend_alta","prec_alta","esc_media","aporte_bajo",0.15,0.25,0.6,0.1725,0.2725,0.555,0.0306258322237017,0.870838881491345,0.0985352862849534,0.606790945406125,0.246604527296937,0.146604527296937,0.371938748335553,0.202037283621838,0.163030625832224,0.0939813581890812,0.105030625832224,0.0639813581890812,"aporte_conservada",0.371938748335553,"aporte_degradada",0.202037283621838,0.169901464713715,0.904976183840472
282,"Sec Bosque Tropical","Regosol","6°-15°",1307415.35778809,335649.856292725,725264.57,13.4942931702124,"Media","Baja","Baja","forestal_secundaria","suelo_infiltracion_baja","pend_media","prec_media","esc_baja","aporte_bajo",0.2,0.7,0.1,0.175,0.64,0.185,0.315971506413555,0.656460849617584,0.0275676439688601,0.57115961375553,0.264420193122235,0.164420193122235,0.351272575978208,0.191347884126659,0.173363712010896,0.0993260579366704,0.115363712010896,0.0693260579366704,"aporte_conservada",0.351272575978208,"aporte_degradada",0.191347884126659,0.159924691851549,0.921592403838436
283,"Sec Bosque Tropical","Phaeozem","15°-35°",1289002.52197266,321742.460144043,7018770.12,15.7640987065472,"Media","Baja","Media","forestal_secundaria","suelo_infiltracion_alta","pend_alta","prec_media","esc_baja","aporte_medio",0.2,0.3,0.5,0.235,0.56,0.205,0.485868122538046,0.482527563810562,0.0316043136513924,0.221300002698137,0.602826375492391,0.175873621809472,0.14835400156492,0.0863900008094412,0.369639297785587,0.200847912647717,0.122006700649494,0.0727620865428416,"transferencia_conservada",0.369639297785587,"transferencia_degradada",0.200847912647717,0.168791385137869,0.910981366201764
284,"Pastizal","Regosol","15°-35°",2122885.74841309,557523.956481934,557523.96,13.2312625526147,"Alta","Media","Baja","agropecuaria","suelo_infiltracion_baja","pend_alta","prec_alta","esc_media","aporte_bajo",0.6,0.25,0.15,0.1275,0.2275,0.645,0.0261941448382126,0.841294298921418,0.13251155624037,0.610631741140216,0.244684129429892,0.144684129429892,0.203189522342065,0.374166409861325,0.0934052388289676,0.161916795069337,0.0634052388289676,0.103916795069337,"aporte_degradada",0.374166409861325,"aporte_conservada",0.203189522342065,0.17097688751926,0.903048172031271
285,"Sec Bosque Tropical","Regosol","3°-6°",1019780.46459961,234634.74911499,5127670.8,15.4501622739744,"Baja","Baja","Media","forestal_secundaria","suelo_infiltracion_baja","pend_media","prec_baja","esc_baja","aporte_medio",0.25,0.6,0.15,0.59,0.255,0.155,0.962828649138713,0.0231187669990934,0.014052583862194,0.293721668177697,0.507434270172258,0.198844061650045,0.190358567543064,0.108116500453309,0.314311876699909,0.172230281051677,0.135329555757026,0.0796532184950136,"transferencia_conservada",0.314311876699909,"aporte_conservada",0.190358567543064,0.123953309156845,0.946105609084125
286,"Pastizal","Regosol","6°-15°",756050.670166016,187264.582183838,912529.15,13.7239764049888,"Baja","Baja","Baja","agropecuaria","suelo_infiltracion_baja","pend_media","prec_baja","esc_baja","aporte_bajo",0.7,0.2,0.1,0.54,0.28,0.18,0.954813359528487,0.0275049115913556,0.0176817288801572,0.506286836935167,0.296856581532417,0.196856581532417,0.17188605108055,0.313646365422397,0.109056974459725,0.192176817288802,0.079056974459725,0.134176817288802,"aporte_degradada",0.313646365422397,"transferencia_degradada",0.192176817288802,0.121469548133595,0.946048456170975
287,"Sec Bosque Tropical","Phaeozem","6°-15°",1215785.48901367,300180.702911377,5602924.69,15.5387994639215,"Media","Baja","Media","forestal_secundaria","suelo_infiltracion_alta","pend_media","prec_media","esc_baja","aporte_medio",0.15,0.25,0.6,0.2475,0.55,0.2025,0.63717238734424,0.329013938319435,0.0338136743363247,0.24388517438482,0.572565522531152,0.183549303084028,0.161453401143195,0.0931655523154459,0.352088003068068,0.191769656759346,0.126458595788736,0.0750647909252085,"transferencia_conservada",0.352088003068068,"transferencia_degradada",0.191769656759346,0.160318346308723,0.924029326170527
288,"Sec Bosque Tropical","Phaeozem","15°-35°",1073129.26184082,263334.119262695,9810758,16.0989901985792,"Media","Baja","Media","forestal_secundaria","suelo_infiltracion_alta","pend_alta","prec_media","esc_baja","aporte_medio",0.2,0.3,0.5,0.235,0.56,0.205,0.846846846846847,0.112112112112112,0.0410410410410411,0.274974974974975,0.530630630630631,0.194394394394394,0.179485485485485,0.102492492492492,0.327765765765766,0.179189189189189,0.132748748748749,0.0783183183183183,"transferencia_conservada",0.327765765765766,"aporte_conservada",0.179485485485485,0.14828028028028,0.939296879856726
289,"Sec Bosque Templado","Phaeozem","15°-35°",2965283.50378418,725697.044433594,725697.04,13.494889284422,"Alta","Media","Baja","forestal_secundaria","suelo_infiltracion_alta","pend_alta","prec_alta","esc_media","aporte_bajo",0.15,0.25,0.6,0.1725,0.2725,0.555,0.0272617001456093,0.669222653474511,0.30351564637988,0.627625394623427,0.236187302688286,0.136187302688286,0.384022728881588,0.208287618387028,0.156988635559206,0.090856190806486,0.0989886355592062,0.060856190806486,"aporte_conservada",0.384022728881588,"aporte_degradada",0.208287618387028,0.17573511049456,0.894193850137409
290,"Pastizal","Regosol","6°-15°",1877047.93615723,458591.742858887,6061516.43,15.6174707276905,"Media","Media","Media","agropecuaria","suelo_infiltracion_baja","pend_media","prec_media","esc_media","aporte_medio",0.6,0.25,0.15,0.2025,0.55,0.2475,0.0195652173913044,0.956521739130435,0.0239130434782609,0.151739130434783,0.696086956521739,0.152173913043478,0.0655217391304348,0.108008695652174,0.228826086956522,0.423730434782609,0.0656521739130435,0.108260869565217,"transferencia_degradada",0.423730434782609,"transferencia_conservada",0.228826086956522,0.194904347826087,0.859346782167095
291,"Sec Bosque Tropical","Phaeozem","15°-35°",1897763.60302734,473753.668518066,473753.67,13.06844489285,"Media","Media","Baja","forestal_secundaria","suelo_infiltracion_alta","pend_alta","prec_media","esc_media","aporte_bajo",0.2,0.3,0.5,0.235,0.56,0.205,0.0223384030418251,0.958174904942966,0.0194866920152091,0.599714828897338,0.250142585551331,0.150142585551331,0.367834600760456,0.199914448669202,0.165082699619772,0.0950427756653992,0.107082699619772,0.0650427756653992,"aporte_conservada",0.367834600760456,"aporte_degradada",0.199914448669202,0.167920152091255,0.908458097813333
292,"Sec Bosque Tropical","Phaeozem","15°-35°",2844369.70324707,686792.859771729,686792.86,13.4397894679538,"Alta","Media","Baja","forestal_secundaria","suelo_infiltracion_alta","pend_alta","prec_alta","esc_media","aporte_bajo",0.15,0.25,0.6,0.1725,0.2725,0.555,0.0298040541788264,0.821588796825002,0.148607148996172,0.611880309481734,0.244059845259133,0.144059845259133,0.374890579499406,0.20356409284452,0.161554710250297,0.0932179535777398,0.103554710250297,0.0632179535777398,"aporte_conservada",0.374890579499406,"aporte_degradada",0.20356409284452,0.171326486654886,0.90241562411246
293,"Sec Bosque Tropical","Regosol","15°-35°",3348955.0880127,853182.001312256,257023789.54,19.3646792087697,"Alta","Media","Alta","forestal_secundaria","suelo_infiltracion_baja","pend_alta","prec_alta","esc_media","aporte_alto",0.3,0.5,0.2,0.145,0.245,0.61,0.0173688244885757,0.272303695162813,0.710327480348611,0.184647932793002,0.284647932793002,0.530704134413996,0.127095801019941,0.0753943798379005,0.185095801019941,0.105394379837901,0.327808397960118,0.179211240324199,"receptora_conservada",0.327808397960118,"transferencia_conservada",0.185095801019941,0.142712596940177,0.93771488424412
294,"Sec Bosque Tropical","Phaeozem","15°-35°",1648879.94274902,401896.626403809,401896.63,12.9039526834306,"Media","Media","Baja","forestal_secundaria","suelo_infiltracion_alta","pend_alta","prec_media","esc_media","aporte_bajo",0.2,0.3,0.5,0.235,0.56,0.205,0.156955824170004,0.820038307144426,0.02300586868557,0.586605004451557,0.256697497774222,0.156697497774222,0.360230902581903,0.195981501335467,0.168884548709049,0.0970092493322665,0.110884548709049,0.0670092493322665,"aporte_conservada",0.360230902581903,"aporte_degradada",0.195981501335467,0.164249401246436,0.914669850572825
295,"Sec Bosque Tropical","Phaeozem","6°-15°",818181.770996094,165591.803497314,11286509.9,16.2391188449609,"Baja","Baja","Media","forestal_secundaria","suelo_infiltracion_alta","pend_media","prec_baja","esc_baja","aporte_medio",0.2,0.3,0.5,0.63,0.235,0.135,0.968403074295474,0.020068317677199,0.0115286080273271,0.294684030742955,0.506319385140905,0.19899658411614,0.190916737830914,0.108405209222886,0.313665243381725,0.171895815542272,0.135418018787361,0.079698975234842,"transferencia_conservada",0.313665243381725,"aporte_conservada",0.190916737830914,0.122748505550811,0.94639690599231
296,"Sec Bosque Tropical","Phaeozem","15°-35°",2545574.55529785,615081.962402344,1301874.82,14.079316720858,"Alta","Media","Baja","forestal_secundaria","suelo_infiltracion_alta","pend_alta","prec_alta","esc_media","aporte_bajo",0.15,0.25,0.6,0.1725,0.2725,0.555,0.0306258322237017,0.870838881491345,0.0985352862849534,0.606790945406125,0.246604527296937,0.146604527296937,0.371938748335553,0.202037283621838,0.163030625832224,0.0939813581890812,0.105030625832224,0.0639813581890812,"aporte_conservada",0.371938748335553,"aporte_degradada",0.202037283621838,0.169901464713715,0.904976183840472
297,"Sec Bosque Tropical","Regosol","6°-15°",2205779.4642334,506837.154785156,7944168.69,15.8879488452544,"Alta","Media","Media","forestal_secundaria","suelo_infiltracion_baja","pend_media","prec_alta","esc_media","aporte_medio",0.2,0.7,0.1,0.145,0.245,0.61,0.0280735721200387,0.853823814133592,0.11810261374637,0.148305905130687,0.694385285575992,0.15730880929332,0.106017424975799,0.0644917715392062,0.422743465634076,0.228315585672798,0.111239109390126,0.0671926427879961,"transferencia_conservada",0.422743465634076,"transferencia_degradada",0.228315585672798,0.194427879961278,0.860401964033812
298,"Sec Bosque Tropical","Phaeozem","15°-35°",529619.039428711,109420.562164307,260718548.7,19.3789520298055,"Baja","Baja","Alta","forestal_secundaria","suelo_infiltracion_alta","pend_alta","prec_baja","esc_baja","aporte_alto",0.2,0.3,0.5,0.63,0.235,0.135,0.968403074295474,0.020068317677199,0.0115286080273271,0.102156276686593,0.202156276686593,0.695687446626815,0.0792506404782237,0.0506468830059778,0.137250640478224,0.0806468830059778,0.423498719043553,0.228706233988044,"receptora_conservada",0.423498719043553,"receptora_degradada",0.228706233988044,0.194792485055508,0.853287686945143
299,"Bosque de Encino","Regosol","15°-35°",1138013.60778809,316110.787994385,316110.79,12.6638511958315,"Media","Baja","Baja","forestal_conservada","suelo_infiltracion_baja","pend_alta","prec_media","esc_baja","aporte_bajo",0.25,0.6,0.15,0.185,0.62,0.195,0.435964419086439,0.531058914728826,0.0329766661847349,0.55970122470983,0.270149387645085,0.170149387645085,0.400596832802684,0.131940244941966,0.203701583598658,0.074029877529017,0.135701583598658,0.054029877529017,"aporte_conservada",0.400596832802684,"transferencia_conservada",0.203701583598658,0.196895249204026,0.881388512650153
300,"Sec Bosque Tropical","Regosol","6°-15°",2829407.91223145,661690.182846069,661690.18,13.402554230608,"Alta","Media","Baja","forestal_secundaria","suelo_infiltracion_baja","pend_media","prec_alta","esc_media","aporte_bajo",0.2,0.7,0.1,0.145,0.245,0.61,0.0280735721200387,0.853823814133592,0.11810261374637,0.609002904162633,0.245498547918683,0.145498547918683,0.373221684414327,0.20270087124879,0.162389157792836,0.093649564375605,0.104389157792836,0.063649564375605,"aporte_conservada",0.373221684414327,"aporte_degradada",0.20270087124879,0.170520813165537,0.90386909935513
301,"Pastizal","Regosol","6°-15°",6323590.98815918,1435815.87423706,9379984.56,16.0540887815356,"Alta","Alta","Media","agropecuaria","suelo_infiltracion_baja","pend_media","prec_alta","esc_alta","aporte_medio",0.5,0.3,0.2,0.135,0.235,0.63,0.0115286080273271,0.020068317677199,0.968403074295474,0.103309137489325,0.697694278394535,0.19899658411614,0.0509927412467976,0.0799192997438087,0.22930828351836,0.42466268146883,0.079698975234842,0.135418018787361,"transferencia_degradada",0.42466268146883,"transferencia_conservada",0.22930828351836,0.19535439795047,0.852486696354246
302,"Sec Bosque Tropical","Phaeozem","15°-35°",3689251.36181641,885986.461608887,885986.46,13.6944580759882,"Alta","Media","Baja","forestal_secundaria","suelo_infiltracion_alta","pend_alta","prec_alta","esc_media","aporte_bajo",0.15,0.25,0.6,0.1725,0.2725,0.555,0.0201721170781408,0.244335947752322,0.735491935169538,0.67153198180914,0.21423400909543,0.11423400909543,0.409488549449301,0.221459594542742,0.144255725275349,0.084270202728629,0.0862557252753495,0.054270202728629,"aporte_conservada",0.409488549449301,"aporte_degradada",0.221459594542742,0.188028954906559,0.868824538147515
303,"Pastizal","Regosol","6°-15°",4438167.14660645,996124.299346924,10530038.35,16.1697426210452,"Alta","Alta","Media","agropecuaria","suelo_infiltracion_baja","pend_media","prec_alta","esc_alta","aporte_medio",0.5,0.3,0.2,0.135,0.235,0.63,0.0120397388113287,0.0473350961672105,0.940625165021461,0.104774702570626,0.697592052237734,0.197633245191639,0.0514324107711879,0.0807693274909633,0.22927761567132,0.424603390297886,0.0792899735574918,0.134627282211151,"transferencia_degradada",0.424603390297886,"transferencia_conservada",0.22927761567132,0.195325774626566,0.852896916913046
304,"Pastizal","Regosol","6°-15°",4243158.81005859,901980.680557251,6963497.11,15.75619250806,"Alta","Media","Media","agropecuaria","suelo_infiltracion_baja","pend_media","prec_alta","esc_media","aporte_medio",0.5,0.3,0.2,0.135,0.235,0.63,0.0143822404423116,0.172298168405678,0.81331959115201,0.111491356508746,0.697123551911538,0.191385091579716,0.0534474069526239,0.0846649867750728,0.229137065573461,0.424331660108692,0.0774155274739148,0.131003353116235,"transferencia_degradada",0.424331660108692,"transferencia_conservada",0.229137065573461,0.195194594535231,0.854638646501355
305,"Sec Bosque Tropical","Regosol","6°-15°",2049273.35534668,53798.0287356377,53798.03,10.8930107162476,"Alta","Baja","Baja","forestal_secundaria","suelo_infiltracion_baja","pend_media","prec_alta","esc_baja","aporte_bajo",0.2,0.7,0.1,0.145,0.245,0.61,0.753246753246753,0.0707070707070707,0.176046176046176,0.542279942279942,0.278860028860029,0.178860028860029,0.334522366522366,0.182683982683983,0.181738816738817,0.103658008658009,0.123738816738817,0.0736580086580087,"aporte_conservada",0.334522366522366,"aporte_degradada",0.182683982683983,0.151838383838384,0.93339723503075
306,"Sec Bosque Tropical","Regosol","15°-35°",1852021.95178223,10353.4895934798,64151.52,11.0690186522029,"Media","Baja","Baja","forestal_secundaria","suelo_infiltracion_baja","pend_alta","prec_media","esc_baja","aporte_bajo",0.25,0.6,0.15,0.185,0.62,0.195,0.803377563329312,0.149577804583836,0.0470446320868516,0.524366706875754,0.287816646562123,0.187816646562123,0.324132689987937,0.177310012062726,0.186933655006031,0.106344993968637,0.128933655006031,0.0763449939686369,"aporte_conservada",0.324132689987937,"transferencia_conservada",0.186933655006031,0.137199034981906,0.939978651145875
307,"Bosque Tropical","Regosol","6°-15°",1869134.82061768,0.114654637873173,0.11,0.104360015324243,"Media","Baja","Muy Baja","forestal_conservada","suelo_infiltracion_baja","pend_media","prec_media","esc_baja","aporte_muy_bajo",0.2,0.7,0.1,0.175,0.64,0.185,0.792452830188679,0.161006289308176,0.0465408805031446,0.525408805031446,0.287295597484277,0.187295597484277,0.377277987421384,0.125081761006289,0.215361006289308,0.0774591194968553,0.147361006289308,0.0574591194968554,"aporte_conservada",0.377277987421384,"transferencia_conservada",0.215361006289308,0.161916981132075,0.894602776782792
308,"Bosque Tropical","Cambisol","15°-35°",619283.537414551,5540.31120154262,367272406.43,19.7216143852618,"Baja","Baja","Alta","forestal_conservada","suelo_infiltracion_media","pend_alta","prec_baja","esc_baja","aporte_alto",0.2,0.3,0.5,0.63,0.235,0.135,0.968403074295474,0.020068317677199,0.0115286080273271,0.102156276686593,0.202156276686593,0.695687446626815,0.089466268146883,0.0404312553373185,0.157466268146883,0.0604312553373185,0.493067463706234,0.159137489325363,"receptora_conservada",0.493067463706234,"receptora_degradada",0.159137489325363,0.333929974380871,0.807856932855058
309,"Sec Bosque Tropical","Cambisol","15°-35°",1514434.16522217,14114.9388797503,367350802.64,19.7218278176966,"Media","Baja","Alta","forestal_secundaria","suelo_infiltracion_media","pend_alta","prec_media","esc_baja","aporte_alto",0.15,0.6,0.25,0.195,0.62,0.185,0.813441483198146,0.143684820393974,0.0428736964078795,0.111471610660487,0.211471610660487,0.677056778679027,0.0846535341830823,0.053441483198146,0.142653534183082,0.083441483198146,0.412692931633835,0.223117033603708,"receptora_conservada",0.412692931633835,"receptora_degradada",0.223117033603708,0.189575898030127,0.865371885747032
310,"Sec Bosque Tropical","Phaeozem","6°-15°",1071778.66186523,838.56560860778,838.68,6.73302086687561,"Media","Baja","Baja","forestal_secundaria","suelo_infiltracion_alta","pend_media","prec_media","esc_baja","aporte_bajo",0.15,0.25,0.6,0.2475,0.55,0.2025,0.85549687950072,0.105616898703793,0.0388862217954873,0.518338934229477,0.290830532885262,0.190830532885262,0.320636581853096,0.175501680268843,0.188681709073452,0.107249159865578,0.130681709073452,0.0772491598655785,"aporte_conservada",0.320636581853096,"transferencia_conservada",0.188681709073452,0.131954872779645,0.942066206745521
311,"Sec Bosque Tropical","Regosol","6°-15°",1305022.68701172,53765.9037084281,53765.9,10.8924133151754,"Media","Baja","Baja","forestal_secundaria","suelo_infiltracion_baja","pend_media","prec_media","esc_baja","aporte_bajo",0.2,0.7,0.1,0.175,0.64,0.185,0.792452830188679,0.161006289308176,0.0465408805031446,0.525408805031446,0.287295597484277,0.187295597484277,0.324737106918239,0.177622641509434,0.186631446540881,0.106188679245283,0.128631446540881,0.076188679245283,"aporte_conservada",0.324737106918239,"transferencia_conservada",0.186631446540881,0.138105660377358,0.939611265505845
312,"Bosque Tropical","Phaeozem","1°-3°",866847.846069336,0,76554.09,11.2457658913639,"Baja","Baja","Baja","forestal_conservada","suelo_infiltracion_alta","pend_baja","prec_baja","esc_baja","aporte_bajo",0.15,0.25,0.6,0.645,0.2275,0.1275,0.970330129544505,0.0190137902214793,0.0106560802340159,0.504032595068951,0.297983702465524,0.197983702465524,0.362742164646887,0.12080651901379,0.222628917676557,0.0795967404931049,0.154628917676557,0.0595967404931049,"aporte_conservada",0.362742164646887,"transferencia_conservada",0.222628917676557,0.14011324697033,0.901786167096061
313,"Agricultura","Arenosol","1°-3°",207570.917419434,0,0,0,"Baja","Baja","Muy Baja","agropecuaria","suelo_infiltracion_alta","pend_baja","prec_baja","esc_baja","aporte_muy_bajo",0.2,0.5,0.3,0.61,0.245,0.145,0.965699208443272,0.0215479331574318,0.0127528583992964,0.504705364995602,0.297647317502199,0.197647317502199,0.171411609498681,0.312729111697449,0.10929419525066,0.192635444151275,0.0792941952506596,0.134635444151275,"aporte_degradada",0.312729111697449,"transferencia_degradada",0.192635444151275,0.120093667546174,0.946552043807644
314,"Pastizal","Regosol","15°-35°",1126231.55267334,49095.0882148743,273184,12.5179045003398,"Media","Baja","Baja","agropecuaria","suelo_infiltracion_baja","pend_alta","prec_media","esc_baja","aporte_bajo",0.7,0.2,0.1,0.2,0.54,0.26,0.818181818181818,0.122727272727273,0.0590909090909091,0.524090909090909,0.287954545454545,0.187954545454545,0.177227272727273,0.323972727272727,0.106386363636364,0.187013636363636,0.0763863636363636,0.129013636363636,"aporte_degradada",0.323972727272727,"transferencia_degradada",0.187013636363636,0.136959090909091,0.94007556214547
315,"Bosque Tropical","Regosol","6°-15°",2402900.90270996,0,0,0,"Alta","Baja","Muy Baja","forestal_conservada","suelo_infiltracion_baja","pend_media","prec_alta","esc_baja","aporte_muy_bajo",0.2,0.7,0.1,0.145,0.245,0.61,0.753246753246753,0.0707070707070707,0.176046176046176,0.542279942279942,0.278860028860029,0.178860028860029,0.388750360750361,0.128455988455988,0.20962481962482,0.0757720057720058,0.14162481962482,0.0557720057720058,"aporte_conservada",0.388750360750361,"transferencia_conservada",0.20962481962482,0.179125541125541,0.888362504869524
316,"Bosque Tropical","Solonchank","1°-3°",670355.707824707,0,76554.09,11.2457658913639,"Baja","Baja","Baja","forestal_conservada","suelo_salino","pend_baja","prec_baja","esc_baja","aporte_bajo",0.6,0.25,0.15,0.555,0.2725,0.1725,0.957355055103019,0.0261140392908481,0.0165309056061332,0.505917585050311,0.297041207474844,0.197041207474844,0.364023957834212,0.121183517010062,0.221988021082894,0.0794082414949688,0.153988021082894,0.0594082414949689,"aporte_conservada",0.364023957834212,"transferencia_conservada",0.221988021082894,0.142035936751318,0.901185189395445
317,"Pastizal","Regosol","6°-15°",1599360.62634277,156101.528963089,951303.58,13.7655895636474,"Media","Baja","Baja","agropecuaria","suelo_infiltracion_baja","pend_media","prec_media","esc_baja","aporte_bajo",0.6,0.25,0.15,0.2025,0.55,0.2475,0.820483961733258,0.123804164321891,0.0557118739448509,0.523522791221159,0.28823860438942,0.18823860438942,0.177056837366348,0.323643218908272,0.106471581316826,0.187178390545864,0.0764715813168261,0.129178390545864,"aporte_degradada",0.323643218908272,"transferencia_degradada",0.187178390545864,0.136464828362409,0.940274767874134
318,"Agricultura","Phaeozem","1°-3°",1474230.59692383,130.182719991652,367386964.99,19.7219262537687,"Media","Baja","Alta","agropecuaria","suelo_infiltracion_alta","pend_baja","prec_media","esc_baja","aporte_alto",0.1,0.7,0.2,0.185,0.64,0.175,0.803377563329313,0.154402895054282,0.0422195416164053,0.111942098914355,0.211942098914355,0.676115802171291,0.0535826296743064,0.0849264173703257,0.0835826296743064,0.142926417370326,0.222834740651387,0.412147165259349,"receptora_degradada",0.412147165259349,"receptora_conservada",0.222834740651387,0.189312424607961,0.865964128793933
319,"Agricultura","Phaeozem","1°-3°",2367388.67419434,0,367386964.99,19.7219262537687,"Alta","Baja","Alta","agropecuaria","suelo_infiltracion_alta","pend_baja","prec_alta","esc_baja","aporte_alto",0.15,0.6,0.25,0.155,0.255,0.59,0.767537826685007,0.0701513067400275,0.162310866574966,0.119738651994498,0.219738651994498,0.660522696011004,0.0559215955983494,0.0894484181568088,0.0859215955983494,0.147448418156809,0.218156808803301,0.403103163686382,"receptora_degradada",0.403103163686382,"receptora_conservada",0.218156808803301,0.184946354883081,0.875528907561364
320,"Manglar","Regosol","1°-3°",1453024.59655762,0,76554.09,11.2457658913639,"Media","Baja","Baja","hidrofila_humedal","suelo_infiltracion_baja","pend_baja","prec_media","esc_baja","aporte_bajo",0.5,0.3,0.2,0.205,0.56,0.235,0.822742474916388,0.124860646599777,0.052396878483835,0.522965440356745,0.288517279821628,0.188517279821628,0.323319955406912,0.176889632107023,0.187340022296544,0.106555183946488,0.148191750278707,0.0577034559643255,"aporte_conservada",0.323319955406912,"transferencia_conservada",0.187340022296544,0.135979933110368,0.932802708355475
321,"Agricultura","Phaeozem","1°-3°",785467.336791992,0,367386964.99,19.7219262537687,"Baja","Baja","Alta","agropecuaria","suelo_infiltracion_alta","pend_baja","prec_baja","esc_baja","aporte_alto",0.2,0.5,0.3,0.61,0.245,0.145,0.965699208443272,0.0215479331574318,0.0127528583992964,0.102352682497801,0.202352682497801,0.695294635004397,0.0507058047493404,0.0793645558487247,0.0807058047493404,0.137364555848725,0.228588390501319,0.423270888302551,"receptora_degradada",0.423270888302551,"receptora_conservada",0.228588390501319,0.194682497801231,0.853549573152347
322,"Pastizal","Phaeozem","6°-15°",400244.485900879,4.32343638502061,297708.23,12.6038725508901,"Baja","Baja","Baja","agropecuaria","suelo_infiltracion_alta","pend_media","prec_baja","esc_baja","aporte_bajo",0.15,0.6,0.25,0.61,0.245,0.145,0.965699208443272,0.0215479331574318,0.0127528583992964,0.504705364995602,0.297647317502199,0.197647317502199,0.171411609498681,0.312729111697449,0.10929419525066,0.192635444151275,0.0792941952506596,0.134635444151275,"aporte_degradada",0.312729111697449,"transferencia_degradada",0.192635444151275,0.120093667546174,0.946552043807644
323,"Agricultura","Phaeozem","<1°",906738.136962891,0,367386964.99,19.7219262537687,"Baja","Baja","Alta","agropecuaria","suelo_infiltracion_alta","pend_baja","prec_baja","esc_baja","aporte_alto",0.2,0.5,0.3,0.61,0.245,0.145,0.965699208443272,0.0215479331574318,0.0127528583992964,0.102352682497801,0.202352682497801,0.695294635004397,0.0507058047493404,0.0793645558487247,0.0807058047493404,0.137364555848725,0.228588390501319,0.423270888302551,"receptora_degradada",0.423270888302551,"receptora_conservada",0.228588390501319,0.194682497801231,0.853549573152347
324,"Pastizal","Regosol","6°-15°",3138734.58758545,98927.9798750356,1050231.56,13.8645221833237,"Alta","Baja","Baja","agropecuaria","suelo_infiltracion_baja","pend_media","prec_alta","esc_baja","aporte_bajo",0.5,0.3,0.2,0.135,0.235,0.63,0.737481031866464,0.0713201820940819,0.191198786039454,0.545371775417299,0.277314112291351,0.177314112291351,0.18361153262519,0.336315629742033,0.103194233687405,0.180842185128983,0.0731942336874052,0.122842185128983,"aporte_degradada",0.336315629742033,"aporte_conservada",0.18361153262519,0.152704097116844,0.932204007588169
325,"Agricultura","Phaeozem","1°-3°",614876.042785645,0,0,0,"Baja","Baja","Muy Baja","agropecuaria","suelo_infiltracion_alta","pend_baja","prec_baja","esc_baja","aporte_muy_bajo",0.2,0.5,0.3,0.61,0.245,0.145,0.965699208443272,0.0215479331574318,0.0127528583992964,0.504705364995602,0.297647317502199,0.197647317502199,0.171411609498681,0.312729111697449,0.10929419525066,0.192635444151275,0.0792941952506596,0.134635444151275,"aporte_degradada",0.312729111697449,"transferencia_degradada",0.192635444151275,0.120093667546174,0.946552043807644
326,"Agricultura","Phaeozem","6°-15°",679400.958251953,0,367386964.99,19.7219262537687,"Baja","Baja","Alta","agropecuaria","suelo_infiltracion_alta","pend_media","prec_baja","esc_baja","aporte_alto",0.15,0.6,0.25,0.61,0.245,0.145,0.965699208443272,0.0215479331574318,0.0127528583992964,0.102352682497801,0.202352682497801,0.695294635004397,0.0507058047493404,0.0793645558487247,0.0807058047493404,0.137364555848725,0.228588390501319,0.423270888302551,"receptora_degradada",0.423270888302551,"receptora_conservada",0.228588390501319,0.194682497801231,0.853549573152347
327,"Pastizal","Regosol","6°-15°",1123992.13110352,15254.3805210497,1065485.94,13.8789424732894,"Media","Baja","Baja","agropecuaria","suelo_infiltracion_baja","pend_media","prec_media","esc_baja","aporte_bajo",0.6,0.25,0.15,0.2025,0.55,0.2475,0.820483961733258,0.123804164321891,0.0557118739448509,0.523522791221159,0.28823860438942,0.18823860438942,0.177056837366348,0.323643218908272,0.106471581316826,0.187178390545864,0.0764715813168261,0.129178390545864,"aporte_degradada",0.323643218908272,"transferencia_degradada",0.187178390545864,0.136464828362409,0.940274767874134
328,"Manglar","Solonchank","<1°",NA,0,0,0,NA,"Baja","Muy Baja","hidrofila_humedal","suelo_salino","pend_baja","prec_baja","esc_baja","aporte_muy_bajo",0.6,0.25,0.15,0.555,0.2725,0.1725,0.957355055103019,0.0261140392908481,0.0165309056061332,0.505917585050311,0.297041207474844,0.197041207474844,0.313432199329181,0.171775275515093,0.19228390033541,0.109112362242453,0.153988021082894,0.0594082414949689,"aporte_conservada",0.313432199329181,"transferencia_conservada",0.19228390033541,0.121148298993771,0.938078096583857
329,"Pastizal","Phaeozem","6°-15°",2122995.93017578,0,44963.07,10.7136190053815,"Alta","Baja","Baja","agropecuaria","suelo_infiltracion_alta","pend_media","prec_alta","esc_baja","aporte_bajo",0.1,0.7,0.2,0.155,0.255,0.59,0.767537826685007,0.0701513067400275,0.162310866574966,0.539477303988996,0.280261348005502,0.180261348005502,0.181843191196699,0.332896836313618,0.104078404401651,0.182551581843191,0.0740784044016506,0.124551581843191,"aporte_degradada",0.332896836313618,"transferencia_degradada",0.182551581843191,0.150345254470426,0.934464271058289
330,"Bosque Tropical","Regosol","6°-15°",894594.826049805,0,0,0,"Baja","Baja","Muy Baja","forestal_conservada","suelo_infiltracion_baja","pend_media","prec_baja","esc_baja","aporte_muy_bajo",0.25,0.6,0.15,0.59,0.255,0.155,0.962828649138713,0.0231187669990934,0.014052583862194,0.505122393472348,0.297438803263826,0.197438803263826,0.363483227561197,0.12102447869447,0.222258386219402,0.0794877606527652,0.154258386219402,0.0594877606527652,"aporte_conservada",0.363483227561197,"transferencia_conservada",0.222258386219402,0.141224841341795,0.901439480212449
331,"Manglar","Solonchank","1°-3°",NA,0,367386964.99,19.7219262537687,NA,"Baja","Alta","hidrofila_humedal","suelo_salino","pend_baja","prec_baja","esc_baja","aporte_alto",0.6,0.25,0.15,0.555,0.2725,0.1725,0.957355055103019,0.0261140392908481,0.0165309056061332,0.102958792525156,0.202958792525156,0.694082414949688,0.0797160996645903,0.0508876377575467,0.13771609966459,0.0808876377575467,0.491976042165788,0.158816482989938,"receptora_conservada",0.491976042165788,"receptora_degradada",0.158816482989938,0.33315955917585,0.820873266469352
332,"Manglar","Solonchank","1°-3°",NA,0,0,0,NA,"Baja","Muy Baja","hidrofila_humedal","suelo_salino","pend_baja","prec_baja","esc_baja","aporte_muy_bajo",0.6,0.25,0.15,0.555,0.2725,0.1725,0.957355055103019,0.0261140392908481,0.0165309056061332,0.505917585050311,0.297041207474844,0.197041207474844,0.313432199329181,0.171775275515093,0.19228390033541,0.109112362242453,0.153988021082894,0.0594082414949689,"aporte_conservada",0.313432199329181,"transferencia_conservada",0.19228390033541,0.121148298993771,0.938078096583857
333,"Bosque Tropical","Cambisol","6°-15°",2363541.15118408,0,0,0,"Alta","Baja","Muy Baja","forestal_conservada","suelo_infiltracion_media","pend_media","prec_alta","esc_baja","aporte_muy_bajo",0.1,0.2,0.7,0.18,0.28,0.54,0.798029556650246,0.0689655172413793,0.133004926108374,0.533497536945813,0.283251231527094,0.183251231527094,0.382778325123153,0.126699507389163,0.212610837438424,0.0766502463054187,0.144610837438424,0.0566502463054187,"aporte_conservada",0.382778325123153,"transferencia_conservada",0.212610837438424,0.170167487684729,0.891673850109087
334,"Bosque Tropical","Cambisol","6°-15°",1625469.77166748,0,0,0,"Media","Baja","Muy Baja","forestal_conservada","suelo_infiltracion_media","pend_media","prec_media","esc_baja","aporte_muy_bajo",0.15,0.25,0.6,0.2475,0.55,0.2025,0.85549687950072,0.105616898703793,0.0388862217954873,0.518338934229477,0.290830532885262,0.190830532885262,0.372470475276044,0.123667786845895,0.217764762361978,0.0781661065770523,0.149764762361978,0.0581661065770523,"aporte_conservada",0.372470475276044,"transferencia_conservada",0.217764762361978,0.154705712914066,0.897067970576588
335,"Sec Bosque Tropical","Regosol","6°-15°",2802706.31158447,21698.3747588312,1091494.21,13.9030590665063,"Alta","Baja","Baja","forestal_secundaria","suelo_infiltracion_baja","pend_media","prec_alta","esc_baja","aporte_bajo",0.2,0.7,0.1,0.145,0.245,0.61,0.753246753246753,0.0707070707070707,0.176046176046176,0.542279942279942,0.278860028860029,0.178860028860029,0.334522366522366,0.182683982683983,0.181738816738817,0.103658008658009,0.123738816738817,0.0736580086580087,"aporte_conservada",0.334522366522366,"aporte_degradada",0.182683982683983,0.151838383838384,0.93339723503075
336,"Bosque Tropical","Regosol","6°-15°",NA,0,0,0,NA,"Baja","Muy Baja","forestal_conservada","suelo_infiltracion_baja","pend_media","prec_baja","esc_baja","aporte_muy_bajo",0.25,0.6,0.15,0.59,0.255,0.155,0.962828649138713,0.0231187669990934,0.014052583862194,0.505122393472348,0.297438803263826,0.197438803263826,0.363483227561197,0.12102447869447,0.222258386219402,0.0794877606527652,0.154258386219402,0.0594877606527652,"aporte_conservada",0.363483227561197,"transferencia_conservada",0.222258386219402,0.141224841341795,0.901439480212449
337,"Pastizal","Phaeozem","6°-15°",1147498.89355469,0,1091698.69,13.9032463883075,"Media","Baja","Baja","agropecuaria","suelo_infiltracion_alta","pend_media","prec_media","esc_baja","aporte_bajo",0.1,0.7,0.2,0.185,0.64,0.175,0.803377563329313,0.154402895054282,0.0422195416164053,0.523884197828709,0.288057901085645,0.188057901085645,0.177165259348613,0.323852834740651,0.106417370325694,0.187073582629674,0.0764173703256936,0.129073582629674,"aporte_degradada",0.323852834740651,"transferencia_degradada",0.187073582629674,0.136779252110977,0.940148109448797
338,"Bosque Tropical","Phaeozem","6°-15°",342169.901306152,0,1091698.69,13.9032463883075,"Baja","Baja","Baja","forestal_conservada","suelo_infiltracion_alta","pend_media","prec_baja","esc_baja","aporte_bajo",0.2,0.3,0.5,0.63,0.235,0.135,0.968403074295474,0.020068317677199,0.0115286080273271,0.504312553373185,0.297843723313407,0.197843723313407,0.362932536293766,0.120862510674637,0.222533731853117,0.0795687446626815,0.154533731853117,0.0595687446626815,"aporte_conservada",0.362932536293766,"transferencia_conservada",0.222533731853117,0.140398804440649,0.901697307016653
339,"Agricultura","Cambisol","6°-15°",NA,0,0,0,NA,"Baja","Muy Baja","agropecuaria","suelo_infiltracion_media","pend_media","prec_baja","esc_baja","aporte_muy_bajo",0.25,0.6,0.15,0.59,0.255,0.155,0.962828649138713,0.0231187669990934,0.014052583862194,0.505122393472348,0.297438803263826,0.197438803263826,0.171536718041704,0.312970988213962,0.109231640979148,0.192514505893019,0.0792316409791478,0.134514505893019,"aporte_degradada",0.312970988213962,"transferencia_degradada",0.192514505893019,0.120456482320943,0.946419676621854
340,"Agricultura","Phaeozem","1°-3°",2033342.67028809,0,1091698.69,13.9032463883075,"Alta","Baja","Baja","agropecuaria","suelo_infiltracion_alta","pend_baja","prec_alta","esc_baja","aporte_bajo",0.15,0.6,0.25,0.155,0.255,0.59,0.767537826685007,0.0701513067400275,0.162310866574966,0.539477303988996,0.280261348005502,0.180261348005502,0.181843191196699,0.332896836313618,0.104078404401651,0.182551581843191,0.0740784044016506,0.124551581843191,"aporte_degradada",0.332896836313618,"transferencia_degradada",0.182551581843191,0.150345254470426,0.934464271058289
341,"Pastizal","Phaeozem","1°-3°",6079650.81542969,1871677.88320923,40126516.09,17.5075479477963,"Alta","Alta","Alta","agropecuaria","suelo_infiltracion_alta","pend_baja","prec_alta","esc_alta","aporte_alto",0.15,0.6,0.25,0.155,0.255,0.59,0.014052583862194,0.0231187669990934,0.962828649138713,0.197438803263826,0.297438803263826,0.505122393472348,0.0792316409791478,0.134514505893019,0.109231640979148,0.192514505893019,0.171536718041704,0.312970988213962,"receptora_degradada",0.312970988213962,"transferencia_degradada",0.192514505893019,0.120456482320943,0.946419676621854
342,"Sec Bosque Tropical","Regosol","15°-35°",1112039.29968262,324607.21697998,1573974.37,14.2691150598066,"Media","Baja","Media","forestal_secundaria","suelo_infiltracion_baja","pend_alta","prec_media","esc_baja","aporte_medio",0.25,0.6,0.15,0.185,0.62,0.195,0.388621718146175,0.580214331171999,0.0311639506818256,0.206735060187835,0.622275656370765,0.1709892834414,0.139906334908944,0.0820205180563505,0.380919880695044,0.206682696911229,0.119173784396012,0.07129678503242,"transferencia_conservada",0.380919880695044,"transferencia_degradada",0.206682696911229,0.174237183783814,0.901668479948028
343,"Pastizal","Regosol","1°-3°",1168157.00524902,330251.887756348,330251.89,12.7076139732925,"Media","Baja","Baja","agropecuaria","suelo_infiltracion_baja","pend_baja","prec_media","esc_baja","aporte_bajo",0.5,0.3,0.2,0.205,0.56,0.235,0.404501515892285,0.558752517653747,0.0367459664539676,0.563224445056168,0.268387777471916,0.168387777471916,0.18896733351685,0.346670178132578,0.100516333241575,0.175664910933711,0.0705163332415748,0.117664910933711,"aporte_degradada",0.346670178132578,"aporte_conservada",0.18896733351685,0.157702844615727,0.92498339371185
344,"Pastizal","Regosol","6°-15°",3018666.0690918,925391.327148438,925391.33,13.7379730671129,"Alta","Media","Baja","agropecuaria","suelo_infiltracion_baja","pend_media","prec_alta","esc_media","aporte_bajo",0.5,0.3,0.2,0.135,0.235,0.63,0.0137185091776348,0.136890765961338,0.849390724861027,0.683567221568339,0.20821638921583,0.10821638921583,0.225070166470502,0.416468988509637,0.0824649167647491,0.140765505745182,0.0524649167647491,0.0827655057451816,"aporte_degradada",0.416468988509637,"aporte_conservada",0.225070166470502,0.191398822039135,0.861226872920488
345,"Sec Bosque Tropical","Regosol","6°-15°",3440855.43566895,1045899.18148804,6522631.45,15.6907886024177,"Alta","Alta","Media","forestal_secundaria","suelo_infiltracion_baja","pend_media","prec_alta","esc_alta","aporte_medio",0.2,0.7,0.1,0.145,0.245,0.61,0.0127528583992964,0.0215479331574318,0.965699208443272,0.103627968337731,0.697449428320141,0.198922603342128,0.0801042216358839,0.0510883905013193,0.424520668425682,0.229234828496042,0.135375109938434,0.0796767810026385,"transferencia_conservada",0.424520668425682,"transferencia_degradada",0.229234828496042,0.195285839929639,0.852698679496852
346,"Pastizal","Phaeozem","6°-15°",3253867.21582031,1055823.72787476,44160852.69,17.6033492914944,"Alta","Alta","Alta","agropecuaria","suelo_infiltracion_alta","pend_media","prec_alta","esc_alta","aporte_alto",0.1,0.7,0.2,0.155,0.255,0.59,0.014052583862194,0.0231187669990934,0.962828649138713,0.197438803263826,0.297438803263826,0.505122393472348,0.0792316409791478,0.134514505893019,0.109231640979148,0.192514505893019,0.171536718041704,0.312970988213962,"receptora_degradada",0.312970988213962,"transferencia_degradada",0.192514505893019,0.120456482320943,0.946419676621854
347,"Pastizal","Regosol","6°-15°",2698097.51379395,889347.304260254,45050199.99,17.6232880034959,"Alta","Media","Alta","agropecuaria","suelo_infiltracion_baja","pend_media","prec_alta","esc_media","aporte_alto",0.5,0.3,0.2,0.135,0.235,0.63,0.0147678143205209,0.192866989258843,0.792365196420636,0.188879869105006,0.288879869105006,0.522240261789989,0.0766639607315017,0.129550324080903,0.106663960731502,0.187550324080903,0.176672078536997,0.322899351838193,"receptora_degradada",0.322899351838193,"transferencia_degradada",0.187550324080903,0.13534902775729,0.940722387254735
348,"Sec Bosque Tropical","Regosol","6°-15°",6588891.91662598,2028671.3336792,2028671.33,14.52289211242,"Alta","Alta","Media","forestal_secundaria","suelo_infiltracion_baja","pend_media","prec_alta","esc_alta","aporte_medio",0.2,0.7,0.1,0.145,0.245,0.61,0.0127528583992964,0.0215479331574318,0.965699208443272,0.103627968337731,0.697449428320141,0.198922603342128,0.0801042216358839,0.0510883905013193,0.424520668425682,0.229234828496042,0.135375109938434,0.0796767810026385,"transferencia_conservada",0.424520668425682,"transferencia_degradada",0.229234828496042,0.195285839929639,0.852698679496852
349,"Pastizal","Regosol","15°-35°",4899628.50817871,1586113.21194458,118094257.94,18.5869936681316,"Alta","Alta","Alta","agropecuaria","suelo_infiltracion_baja","pend_alta","prec_alta","esc_alta","aporte_alto",0.6,0.25,0.15,0.1275,0.2275,0.645,0.0106560802340159,0.0190137902214793,0.970330129544505,0.197983702465524,0.297983702465524,0.504032595068951,0.0793951107396573,0.134830547430004,0.109395110739657,0.192830547430004,0.171209778520685,0.312338905139992,"receptora_degradada",0.312338905139992,"transferencia_degradada",0.192830547430004,0.119508357709987,0.946764939956144
350,"Pastizal","Regosol","15°-35°",4303586.48632812,1388583.85446167,119482841.79,18.5986833440489,"Alta","Alta","Alta","agropecuaria","suelo_infiltracion_baja","pend_alta","prec_alta","esc_alta","aporte_alto",0.6,0.25,0.15,0.1275,0.2275,0.645,0.0106560802340159,0.0190137902214793,0.970330129544505,0.197983702465524,0.297983702465524,0.504032595068951,0.0793951107396573,0.134830547430004,0.109395110739657,0.192830547430004,0.171209778520685,0.312338905139992,"receptora_degradada",0.312338905139992,"transferencia_degradada",0.192830547430004,0.119508357709987,0.946764939956144
351,"Pastizal","Phaeozem","1°-3°",342939.797241211,104066.520782471,115780724.51,18.5672086628764,"Baja","Baja","Alta","agropecuaria","suelo_infiltracion_alta","pend_baja","prec_baja","esc_baja","aporte_alto",0.2,0.5,0.3,0.61,0.245,0.145,0.965699208443272,0.0215479331574318,0.0127528583992964,0.102352682497801,0.202352682497801,0.695294635004397,0.0507058047493404,0.0793645558487247,0.0807058047493404,0.137364555848725,0.228588390501319,0.423270888302551,"receptora_degradada",0.423270888302551,"receptora_conservada",0.228588390501319,0.194682497801231,0.853549573152347
352,"Pastizal","Phaeozem","1°-3°",907465.25012207,267494.589263916,121255218.75,18.6134081363398,"Baja","Baja","Alta","agropecuaria","suelo_infiltracion_alta","pend_baja","prec_baja","esc_baja","aporte_alto",0.2,0.5,0.3,0.61,0.245,0.145,0.965699208443272,0.0215479331574318,0.0127528583992964,0.102352682497801,0.202352682497801,0.695294635004397,0.0507058047493404,0.0793645558487247,0.0807058047493404,0.137364555848725,0.228588390501319,0.423270888302551,"receptora_degradada",0.423270888302551,"receptora_conservada",0.228588390501319,0.194682497801231,0.853549573152347
353,"Pastizal","Phaeozem","1°-3°",929276.094116211,274730.259338379,115676657.99,18.5663094344742,"Baja","Baja","Alta","agropecuaria","suelo_infiltracion_alta","pend_baja","prec_baja","esc_baja","aporte_alto",0.2,0.5,0.3,0.61,0.245,0.145,0.960819308454715,0.0263396266204096,0.0128410649248751,0.102601087823508,0.202601087823508,0.694797824352984,0.0507803263470524,0.0795086309376346,0.0807803263470524,0.137508630937635,0.228439347305895,0.422982738124731,"receptora_degradada",0.422982738124731,"receptora_conservada",0.228439347305895,0.194543390818835,0.853880353291017
354,"Pastizal","Phaeozem","1°-3°",2403914.12573242,727420.216705322,116508144.73,18.5734717489549,"Alta","Media","Alta","agropecuaria","suelo_infiltracion_alta","pend_baja","prec_alta","esc_media","aporte_alto",0.15,0.6,0.25,0.155,0.255,0.59,0.0250501863508061,0.636924772433558,0.338025041215636,0.165648742743241,0.265648742743241,0.568702514513517,0.0696946228229725,0.11607627079108,0.0996946228229724,0.17407627079108,0.190610754354055,0.34984745841784,"receptora_degradada",0.34984745841784,"receptora_conservada",0.190610754354055,0.159236704063785,0.922654389728175
355,"Sec Bosque Tropical","Leptosol","6°-15°",1745043.47949219,489443.497497559,198658882.73,19.1070997597384,"Media","Media","Alta","forestal_secundaria","suelo_infiltracion_baja","pend_media","prec_media","esc_media","aporte_alto",0.2,0.7,0.1,0.175,0.64,0.185,0.0147306397306397,0.96969696969697,0.0155723905723906,0.150042087542088,0.250042087542088,0.599915824915825,0.107024410774411,0.0650126262626263,0.165024410774411,0.0950126262626263,0.367951178451178,0.199974747474747,"receptora_conservada",0.367951178451178,"receptora_degradada",0.199974747474747,0.167976430976431,0.908360446816337
356,"Sec Bosque Tropical","Leptosol","15°-35°",3009957.13537598,833573.223083496,198169439.23,19.1046329814434,"Alta","Media","Alta","forestal_secundaria","suelo_infiltracion_baja","pend_alta","prec_alta","esc_media","aporte_alto",0.3,0.5,0.2,0.145,0.245,0.61,0.018132273727351,0.313776984159916,0.668090742112733,0.182497923419269,0.282497923419269,0.535004153161462,0.125848795583176,0.0747493770257807,0.183848795583176,0.104749377025781,0.330302408833648,0.180501245948439,"receptora_conservada",0.330302408833648,"transferencia_conservada",0.183848795583176,0.146453613250472,0.936138606006902
357,"Pastizal","Phaeozem","3°-6°",1502632.41809082,433875.827331543,433875.83,12.9805159709599,"Media","Media","Baja","agropecuaria","suelo_infiltracion_alta","pend_media","prec_media","esc_media","aporte_bajo",0.1,0.7,0.2,0.185,0.64,0.175,0.0501261729833745,0.933937501454864,0.0159363255617617,0.596581015257839,0.251709492371081,0.151709492371081,0.198974304577352,0.366016988849546,0.0955128477113242,0.165991505575227,0.0655128477113242,0.107991505575227,"aporte_degradada",0.366016988849546,"aporte_conservada",0.198974304577352,0.167042684272195,0.909971166212104
358,"Pastizal","Phaeozem","1°-3°",1661434.32202148,478880.210083008,99274619.04,18.413400507626,"Media","Media","Alta","agropecuaria","suelo_infiltracion_alta","pend_baja","prec_media","esc_media","aporte_alto",0.1,0.7,0.2,0.185,0.64,0.175,0.0155723905723906,0.96969696969697,0.0147306397306397,0.149957912457912,0.249957912457912,0.600084175084175,0.0649873737373737,0.106975589225589,0.0949873737373737,0.164975589225589,0.200025252525252,0.368048821548822,"receptora_degradada",0.368048821548822,"receptora_conservada",0.200025252525252,0.168023569023569,0.908278600067441
359,"Pastizal","Phaeozem","3°-6°",2190662.64953613,617897.662689209,96548065.19,18.3855515375341,"Alta","Media","Alta","agropecuaria","suelo_infiltracion_alta","pend_media","prec_alta","esc_media","aporte_alto",0.1,0.7,0.2,0.155,0.255,0.59,0.0290534208059981,0.860356138706654,0.110590440487348,0.154076850984067,0.254076850984068,0.591846298031865,0.0662230552952202,0.109364573570759,0.0962230552952203,0.167364573570759,0.19755388940956,0.363270852858482,"receptora_degradada",0.363270852858482,"receptora_conservada",0.19755388940956,0.165716963448922,0.912223553166918
360,"Pastizal","Phaeozem","1°-3°",831654.349731445,249578.906524658,40133960.82,17.507733462015,"Baja","Baja","Alta","agropecuaria","suelo_infiltracion_alta","pend_baja","prec_baja","esc_baja","aporte_alto",0.2,0.5,0.3,0.61,0.245,0.145,0.965699208443272,0.0215479331574318,0.0127528583992964,0.102352682497801,0.202352682497801,0.695294635004397,0.0507058047493404,0.0793645558487247,0.0807058047493404,0.137364555848725,0.228588390501319,0.423270888302551,"receptora_degradada",0.423270888302551,"receptora_conservada",0.228588390501319,0.194682497801231,0.853549573152347
361,"Pastizal","Phaeozem","3°-6°",789042.540527344,237403.617950439,237403.62,12.377521221794,"Baja","Baja","Baja","agropecuaria","suelo_infiltracion_alta","pend_media","prec_baja","esc_baja","aporte_bajo",0.15,0.6,0.25,0.61,0.245,0.145,0.965699208443272,0.0215479331574318,0.0127528583992964,0.504705364995602,0.297647317502199,0.197647317502199,0.171411609498681,0.312729111697449,0.10929419525066,0.192635444151275,0.0792941952506596,0.134635444151275,"aporte_degradada",0.312729111697449,"transferencia_degradada",0.192635444151275,0.120093667546174,0.946552043807644
362,"Sec Bosque Tropical","Leptosol","15°-35°",1024280.09375,307387.094940186,307387.09,12.635866365029,"Baja","Baja","Baja","forestal_secundaria","suelo_infiltracion_baja","pend_alta","prec_baja","esc_baja","aporte_bajo",0.3,0.5,0.2,0.59,0.255,0.155,0.875299313657044,0.109107437821478,0.0155932485214773,0.514029393486443,0.292985303256778,0.192985303256778,0.318137048222137,0.174208818045933,0.189931475888931,0.107895590977034,0.131931475888931,0.0778955909770335,"aporte_conservada",0.318137048222137,"transferencia_conservada",0.189931475888931,0.128205572333206,0.943519508862114
363,"Pastizal","Phaeozem","15°-35°",1923193.09155273,580124.589477539,580124.59,13.2709998935652,"Media","Media","Baja","agropecuaria","suelo_infiltracion_alta","pend_alta","prec_media","esc_media","aporte_bajo",0.15,0.6,0.25,0.195,0.62,0.185,0.0168977469670711,0.967071057192374,0.0160311958405546,0.599913344887348,0.250043327556326,0.150043327556326,0.199974003466205,0.367949740034662,0.0950129982668977,0.165025129982669,0.0650129982668977,0.107025129982669,"aporte_degradada",0.367949740034662,"aporte_conservada",0.199974003466205,0.167975736568458,0.908361652147633
364,"Sec Bosque Tropical","Leptosol","15°-35°",4657192.046875,1313884.34246826,1313884.34,14.0884992139453,"Alta","Alta","Baja","forestal_secundaria","suelo_infiltracion_baja","pend_alta","prec_alta","esc_alta","aporte_bajo",0.3,0.5,0.2,0.145,0.245,0.61,0.0127528583992964,0.0215479331574318,0.965699208443272,0.695294635004397,0.202352682497801,0.102352682497801,0.42327088830255,0.228588390501319,0.137364555848725,0.0807058047493404,0.0793645558487247,0.0507058047493404,"aporte_conservada",0.42327088830255,"aporte_degradada",0.228588390501319,0.194682497801231,0.853549573152347
365,"Sec Bosque Tropical","Leptosol","15°-35°",2265467.33325195,562835.886871338,251661387.98,19.3435950473849,"Alta","Media","Alta","forestal_secundaria","suelo_infiltracion_baja","pend_alta","prec_alta","esc_media","aporte_alto",0.3,0.5,0.2,0.145,0.245,0.61,0.0280735721200387,0.853823814133592,0.11810261374637,0.154501452081317,0.254501452081317,0.590997095837367,0.109610842207164,0.066350435624395,0.167610842207164,0.096350435624395,0.362778315585673,0.19729912875121,"receptora_conservada",0.362778315585673,"receptora_degradada",0.19729912875121,0.165479186834463,0.912623260399107
366,"Sec Bosque Tropical","Leptosol","15°-35°",1921497.26428223,537938.205810547,537938.21,13.1955008401947,"Media","Media","Baja","forestal_secundaria","suelo_infiltracion_baja","pend_alta","prec_media","esc_media","aporte_bajo",0.25,0.6,0.15,0.185,0.62,0.195,0.0160311958405546,0.967071057192374,0.0168977469670711,0.600086655112652,0.249956672443674,0.149956672443674,0.368050259965338,0.200025996533795,0.164974870017331,0.0949870017331022,0.106974870017331,0.0649870017331022,"aporte_conservada",0.368050259965338,"aporte_degradada",0.200025996533795,0.168024263431542,0.90827739396938
367,"Sec Bosque Tropical","Regosol","6°-15°",3133123.71398926,970333.271850586,970333.27,13.7853958993632,"Alta","Alta","Baja","forestal_secundaria","suelo_infiltracion_baja","pend_media","prec_alta","esc_alta","aporte_bajo",0.2,0.7,0.1,0.145,0.245,0.61,0.0138778507577122,0.0826615355168535,0.903460613725434,0.688958276296772,0.205520861851614,0.105520861851614,0.419595800252128,0.226687482889032,0.139202099873936,0.0816562585554842,0.0812020998739361,0.0516562585554842,"aporte_conservada",0.419595800252128,"aporte_degradada",0.226687482889032,0.192908317363096,0.857731496516384
368,"Pastizal","Regosol","6°-15°",1618905.61035156,417418.346710205,2948007.04,14.8966402595604,"Media","Media","Media","agropecuaria","suelo_infiltracion_baja","pend_media","prec_media","esc_media","aporte_medio",0.6,0.25,0.15,0.2025,0.55,0.2475,0.0999484344180799,0.87294707189894,0.02710449368298,0.163637040478563,0.680010313116384,0.156352646405053,0.0690911121435689,0.114909483477567,0.224003093934915,0.414405981607503,0.0669057939215159,0.110684534914931,"transferencia_degradada",0.414405981607503,"transferencia_conservada",0.224003093934915,0.190402887672587,0.869540163142741
369,"Pastizal","Phaeozem","3°-6°",1123797.79516602,331939.761291504,1806060.56,14.4066590987569,"Media","Baja","Media","agropecuaria","suelo_infiltracion_alta","pend_media","prec_media","esc_baja","aporte_medio",0.1,0.7,0.2,0.185,0.64,0.175,0.345913110690213,0.627829664126028,0.0262572251837589,0.200574105344344,0.630817377861957,0.168608516793699,0.0801722316033032,0.13633298109972,0.209245213358587,0.385874079159935,0.0705825550381096,0.117792939740345,"transferencia_degradada",0.385874079159935,"transferencia_conservada",0.209245213358587,0.176628865801348,0.897327160208045
370,"Sec Bosque Tropical","Regosol","6°-15°",3817693.9473877,1204255.69372559,2174588.96,14.5923506805941,"Alta","Alta","Media","forestal_secundaria","suelo_infiltracion_baja","pend_media","prec_alta","esc_alta","aporte_medio",0.2,0.7,0.1,0.145,0.245,0.61,0.0127528583992964,0.0215479331574318,0.965699208443272,0.103627968337731,0.697449428320141,0.198922603342128,0.0801042216358839,0.0510883905013193,0.424520668425682,0.229234828496042,0.135375109938434,0.0796767810026385,"transferencia_conservada",0.424520668425682,"transferencia_degradada",0.229234828496042,0.195285839929639,0.852698679496852
371,"Pastizal","Regosol","6°-15°",1437677.15869141,452200.948730469,7528909.1,15.8342608482642,"Media","Media","Media","agropecuaria","suelo_infiltracion_baja","pend_media","prec_media","esc_media","aporte_medio",0.6,0.25,0.15,0.2025,0.55,0.2475,0.0250747658071102,0.950793445433339,0.0241317887595511,0.152554625433089,0.694985046838578,0.152460327728333,0.0657663876299267,0.108481682751192,0.228495514051573,0.423091327166375,0.0657380983184999,0.108426990082433,"transferencia_degradada",0.423091327166375,"transferencia_conservada",0.228495514051573,0.194595813114802,0.860063419515781
372,"Bosque de Encino","Regosol","15°-35°",3672639.90856934,1065848.09979248,1065848.1,13.8792823164645,"Alta","Alta","Baja","forestal_conservada","suelo_infiltracion_baja","pend_alta","prec_alta","esc_alta","aporte_bajo",0.3,0.5,0.2,0.145,0.245,0.61,0.0127528583992964,0.0215479331574318,0.965699208443272,0.695294635004397,0.202352682497801,0.102352682497801,0.49280035180299,0.15905892700088,0.157599824098505,0.0604705364995603,0.0895998240985048,0.0404705364995602,"aporte_conservada",0.49280035180299,"aporte_degradada",0.15905892700088,0.333741424802111,0.808120345947055
373,"Sec Bosque Tropical","Regosol","15°-35°",2740167.03759766,750149.891296387,2530588.69,14.7439629125964,"Alta","Media","Media","forestal_secundaria","suelo_infiltracion_baja","pend_alta","prec_alta","esc_media","aporte_medio",0.3,0.5,0.2,0.145,0.245,0.61,0.0223029803022345,0.540344659281,0.437352360416766,0.131477829024497,0.695539403939553,0.17298276703595,0.0962571408342082,0.0594433487073491,0.423412854284941,0.228661821181866,0.120330004880851,0.071894830110785,"transferencia_conservada",0.423412854284941,"transferencia_degradada",0.228661821181866,0.194751033103075,0.858625143749084
374,"Sec Bosque Tropical","Regosol","15°-35°",2367736.58447266,658041.396118164,658041.4,13.3970246459214,"Alta","Media","Baja","forestal_secundaria","suelo_infiltracion_baja","pend_alta","prec_alta","esc_media","aporte_bajo",0.3,0.5,0.2,0.145,0.245,0.61,0.0280735721200387,0.853823814133592,0.11810261374637,0.609002904162633,0.245498547918683,0.145498547918683,0.373221684414327,0.20270087124879,0.162389157792836,0.093649564375605,0.104389157792836,0.063649564375605,"aporte_conservada",0.373221684414327,"aporte_degradada",0.20270087124879,0.170520813165537,0.90386909935513
375,"Sec Bosque Tropical","Regosol","15°-35°",3262744.21887207,936182.589569092,936182.59,13.7495668793886,"Alta","Alta","Baja","forestal_secundaria","suelo_infiltracion_baja","pend_alta","prec_alta","esc_alta","aporte_bajo",0.3,0.5,0.2,0.145,0.245,0.61,0.0147415693234811,0.129581812427159,0.85567661824936,0.684093504892588,0.207953247553706,0.107953247553706,0.416774232837701,0.225228051467776,0.14061288358115,0.0823859742661118,0.0826128835811495,0.0523859742661118,"aporte_conservada",0.416774232837701,"aporte_degradada",0.225228051467776,0.191546181369925,0.860888172583911
376,"Pastizal","Phaeozem","1°-3°",1244122.0904541,410064.325164795,38254838.21,17.4597806255286,"Media","Media","Alta","agropecuaria","suelo_infiltracion_alta","pend_baja","prec_media","esc_media","aporte_alto",0.1,0.7,0.2,0.185,0.64,0.175,0.0963009038392692,0.886151594777849,0.0175475013828819,0.146062329877181,0.246062329877181,0.607875340245639,0.0638186989631542,0.104716151328765,0.0938186989631542,0.162716151328765,0.202362602073692,0.37256769734247,"receptora_degradada",0.37256769734247,"receptora_conservada",0.202362602073692,0.170205095268779,0.904434557010447
377,"Sec Bosque Tropical","Phaeozem","1°-3°",574179.363037109,180219.529815674,5416140.08,15.5048941419794,"Baja","Baja","Media","forestal_secundaria","suelo_infiltracion_alta","pend_baja","prec_baja","esc_baja","aporte_medio",0.15,0.25,0.6,0.645,0.2275,0.1275,0.970330129544505,0.0190137902214793,0.0106560802340159,0.295016715419975,0.505933974091099,0.199049310488926,0.191109694943585,0.108505014625992,0.313441704972837,0.17178019222733,0.135448600083577,0.0797147931466778,"transferencia_conservada",0.313441704972837,"aporte_conservada",0.191109694943585,0.122332010029252,0.946497025911327
378,"Pastizal","Phaeozem","1°-3°",872938.704589844,285165.038452148,3780021.44,15.1452405040861,"Baja","Baja","Media","agropecuaria","suelo_infiltracion_alta","pend_baja","prec_baja","esc_baja","aporte_medio",0.2,0.5,0.3,0.61,0.245,0.145,0.937796903616348,0.0489458904833429,0.013257205900309,0.290006675247437,0.51244061927673,0.197552705475833,0.107002002574231,0.188203871643513,0.173732185783019,0.317215559180504,0.0792658116427499,0.134580569175983,"transferencia_degradada",0.317215559180504,"aporte_degradada",0.188203871643513,0.12901168753699,0.944671102805379
379,"Sec Bosque Tropical","Phaeozem","1°-3°",2519743.01379395,808931.030731201,12541527.84,16.3445560028032,"Alta","Media","Media","forestal_secundaria","suelo_infiltracion_alta","pend_baja","prec_alta","esc_media","aporte_medio",0.1,0.2,0.7,0.18,0.28,0.54,0.0241205675710282,0.42968468212884,0.546194750300132,0.126308347620648,0.695175886485794,0.178515765893558,0.0932588416199756,0.0578925042861943,0.423202014161761,0.228552765945738,0.123539144218264,0.0735547297680674,"transferencia_conservada",0.423202014161761,"transferencia_degradada",0.228552765945738,0.194649248216022,0.85823342025921
380,"Agricultura","Cambisol","1°-3°",1095272.87731934,388425.609130859,2207737.45,14.6074792237468,"Media","Media","Media","agropecuaria","suelo_infiltracion_media","pend_baja","prec_media","esc_media","aporte_medio",0.2,0.7,0.1,0.175,0.64,0.185,0.140183829806204,0.839248299356983,0.0205678708368125,0.16999918092909,0.671963234038759,0.158037585032151,0.070999754278727,0.118599524938872,0.221588970211628,0.40973867574248,0.0674112755096452,0.111661799318647,"transferencia_degradada",0.40973867574248,"transferencia_conservada",0.221588970211628,0.188149705530853,0.874422959588167
381,"Pastizal","Phaeozem","3°-6°",912763.305053711,299624.957427979,41837694.59,17.5493082994833,"Baja","Baja","Alta","agropecuaria","suelo_infiltracion_alta","pend_media","prec_baja","esc_baja","aporte_alto",0.15,0.6,0.25,0.61,0.245,0.145,0.903311210492506,0.0828082382149109,0.0138805512925834,0.105528467040004,0.205528467040004,0.688943065919992,0.0516585401120012,0.0812065108832022,0.0816585401120012,0.139206510883202,0.226682919775998,0.419586978233595,"receptora_degradada",0.419586978233595,"receptora_conservada",0.226682919775998,0.192904058457598,0.857741439197131
382,"Pastizal","Regosol","6°-15°",2368036.29101562,818521.108154297,818521.11,13.6152556882568,"Alta","Media","Baja","agropecuaria","suelo_infiltracion_baja","pend_media","prec_alta","esc_media","aporte_bajo",0.5,0.3,0.2,0.135,0.235,0.63,0.0173800090038338,0.332217104791016,0.65040288620515,0.663302287720132,0.218348856139934,0.118348856139934,0.218990686316039,0.404715326877676,0.0855046568419803,0.146642336561162,0.0555046568419803,0.0886423365611618,"aporte_degradada",0.404715326877676,"aporte_conservada",0.218990686316039,0.185724640561637,0.873858170309669
383,"Pastizal","Phaeozem","1°-3°",2228192.42492676,727849.990203857,2151610.98,14.5817278773152,"Alta","Media","Media","agropecuaria","suelo_infiltracion_alta","pend_baja","prec_alta","esc_media","aporte_medio",0.15,0.6,0.25,0.155,0.255,0.59,0.0250215932840469,0.635328915872206,0.339649490843747,0.13677076445042,0.694995681343191,0.16823355420639,0.0610312293351259,0.0993270433812434,0.228498704402957,0.423097495179051,0.0704700662619169,0.117575461439706,"transferencia_degradada",0.423097495179051,"transferencia_conservada",0.228498704402957,0.194598790776093,0.859438366176966
384,"Pastizal","Regosol","6°-15°",2368685.65515137,809217.932556152,1481198.74,14.2083629524882,"Alta","Media","Media","agropecuaria","suelo_infiltracion_baja","pend_media","prec_alta","esc_media","aporte_medio",0.5,0.3,0.2,0.135,0.235,0.63,0.017793423922357,0.354271133545823,0.62793544253182,0.121272241461763,0.696441315215528,0.182286443322709,0.0563816724385288,0.0903379000478223,0.228932394564659,0.423935962825007,0.0746859329968127,0.125726137127171,"transferencia_degradada",0.423935962825007,"transferencia_conservada",0.228932394564659,0.195003568260348,0.856775560117332
385,"Sec Bosque Tropical","Phaeozem","3°-6°",1187091.08044434,389324.474243164,389324.47,12.8721709565804,"Media","Media","Baja","forestal_secundaria","suelo_infiltracion_alta","pend_media","prec_media","esc_media","aporte_bajo",0.15,0.25,0.6,0.2475,0.55,0.2025,0.207403598547126,0.768767967691747,0.0238284337611278,0.5816424835214,0.2591787582393,0.1591787582393,0.357352640442412,0.19449274505642,0.170323679778794,0.09775362747179,0.112323679778794,0.06775362747179,"aporte_conservada",0.357352640442412,"aporte_degradada",0.19449274505642,0.162859895385992,0.916940571406015
386,"Agricultura","Cambisol","1°-3°",2043523.61047363,703120.123474121,3793012.17,15.1486712928506,"Alta","Media","Media","agropecuaria","suelo_infiltracion_media","pend_baja","prec_alta","esc_media","aporte_medio",0.25,0.6,0.15,0.145,0.245,0.61,0.0256259171852689,0.720858457277979,0.253515625536752,0.141168106300953,0.694874816562946,0.163957077136101,0.0623504318902858,0.101877501654553,0.228462444968884,0.423027393606509,0.0691871231408303,0.115095104738939,"transferencia_degradada",0.423027393606509,"transferencia_conservada",0.228462444968884,0.194564948637625,0.859810938759322
387,"Sec Bosque Tropical","Regosol","6°-15°",1967078.68969727,655966.244445801,2137164.98,14.5749912009155,"Media","Media","Media","forestal_secundaria","suelo_infiltracion_baja","pend_media","prec_media","esc_media","aporte_medio",0.2,0.7,0.1,0.175,0.64,0.185,0.0147306397306397,0.96969696969697,0.0155723905723906,0.151430976430976,0.697053872053872,0.151515151515152,0.107829966329966,0.0654292929292929,0.424291245791246,0.229116161616162,0.107878787878788,0.0654545454545455,"transferencia_conservada",0.424291245791246,"transferencia_degradada",0.229116161616162,0.195175084175084,0.858716238328341
388,"Agricultura","Cambisol","1°-3°",1560335.54931641,531034.907714844,12408732.32,16.3339110826724,"Media","Media","Media","agropecuaria","suelo_infiltracion_media","pend_baja","prec_media","esc_media","aporte_medio",0.2,0.7,0.1,0.175,0.64,0.185,0.0147306397306397,0.96969696969697,0.0155723905723906,0.151430976430976,0.697053872053872,0.151515151515152,0.0654292929292929,0.107829966329966,0.229116161616162,0.424291245791246,0.0654545454545455,0.107878787878788,"transferencia_degradada",0.424291245791246,"transferencia_conservada",0.229116161616162,0.195175084175084,0.858716238328341
389,"Sec Bosque Tropical","Regosol","1°-3°",901624.780273438,302091.841796875,49870208.01,17.7249343686104,"Baja","Baja","Alta","forestal_secundaria","suelo_infiltracion_baja","pend_baja","prec_baja","esc_baja","aporte_alto",0.3,0.5,0.2,0.59,0.255,0.155,0.889771840562702,0.0948896519190665,0.0153385075182311,0.106278333347776,0.206278333347776,0.687443333304447,0.0816414333417103,0.0518835000043329,0.13964143334171,0.0818835000043329,0.418717133316579,0.226232999991334,"receptora_conservada",0.418717133316579,"receptora_degradada",0.226232999991334,0.192484133325245,0.858719531701424
390,"Pastizal","Regosol","6°-15°",3484286.57507324,1197617.06036377,1197617.06,13.9958451921342,"Alta","Alta","Baja","agropecuaria","suelo_infiltracion_baja","pend_media","prec_alta","esc_alta","aporte_bajo",0.5,0.3,0.2,0.135,0.235,0.63,0.0115286080273271,0.020068317677199,0.968403074295474,0.695687446626815,0.202156276686593,0.102156276686593,0.228706233988044,0.423498719043553,0.0806468830059778,0.137250640478224,0.0506468830059778,0.0792506404782237,"aporte_degradada",0.423498719043553,"aporte_conservada",0.228706233988044,0.194792485055508,0.853287686945143
391,"Sec Bosque Tropical","Regosol","6°-15°",1768742.90112305,576450.699005127,576450.7,13.2646468337417,"Media","Media","Baja","forestal_secundaria","suelo_infiltracion_baja","pend_media","prec_media","esc_media","aporte_bajo",0.2,0.7,0.1,0.175,0.64,0.185,0.0147306397306397,0.96969696969697,0.0155723905723906,0.600084175084175,0.249957912457912,0.149957912457912,0.368048821548822,0.200025252525252,0.164975589225589,0.0949873737373737,0.106975589225589,0.0649873737373737,"aporte_conservada",0.368048821548822,"aporte_degradada",0.200025252525252,0.168023569023569,0.908278600067441
392,"Pastizal","Phaeozem","1°-3°",1629457.24633789,536264.371490479,51723603.56,17.7614248031749,"Media","Media","Alta","agropecuaria","suelo_infiltracion_alta","pend_baja","prec_media","esc_media","aporte_alto",0.1,0.7,0.2,0.185,0.64,0.175,0.0155723905723906,0.96969696969697,0.0147306397306397,0.149957912457912,0.249957912457912,0.600084175084175,0.0649873737373737,0.106975589225589,0.0949873737373737,0.164975589225589,0.200025252525252,0.368048821548822,"receptora_degradada",0.368048821548822,"receptora_conservada",0.200025252525252,0.168023569023569,0.908278600067441
393,"Pastizal","Cambisol","1°-3°",1667722.23461914,555342.873535156,20245335.88,16.823435047468,"Media","Media","Media","agropecuaria","suelo_infiltracion_media","pend_baja","prec_media","esc_media","aporte_medio",0.2,0.7,0.1,0.175,0.64,0.185,0.0147306397306397,0.96969696969697,0.0155723905723906,0.151430976430976,0.697053872053872,0.151515151515152,0.0654292929292929,0.107829966329966,0.229116161616162,0.424291245791246,0.0654545454545455,0.107878787878788,"transferencia_degradada",0.424291245791246,"transferencia_conservada",0.229116161616162,0.195175084175084,0.858716238328341
394,"Pastizal","Regosol","1°-3°",3503948.49511719,1201081.80255127,21446417.68,16.8810682280933,"Alta","Alta","Media","agropecuaria","suelo_infiltracion_baja","pend_baja","prec_alta","esc_alta","aporte_medio",0.5,0.3,0.2,0.135,0.235,0.63,0.0115286080273271,0.020068317677199,0.968403074295474,0.103309137489325,0.697694278394535,0.19899658411614,0.0509927412467976,0.0799192997438087,0.22930828351836,0.42466268146883,0.079698975234842,0.135418018787361,"transferencia_degradada",0.42466268146883,"transferencia_conservada",0.22930828351836,0.19535439795047,0.852486696354246
395,"Agricultura","Cambisol","1°-3°",1931103.41308594,639156.404846191,19689993.01,16.7956211463999,"Media","Media","Media","agropecuaria","suelo_infiltracion_media","pend_baja","prec_media","esc_media","aporte_medio",0.2,0.7,0.1,0.175,0.64,0.185,0.0147306397306397,0.96969696969697,0.0155723905723906,0.151430976430976,0.697053872053872,0.151515151515152,0.0654292929292929,0.107829966329966,0.229116161616162,0.424291245791246,0.0654545454545455,0.107878787878788,"transferencia_degradada",0.424291245791246,"transferencia_conservada",0.229116161616162,0.195175084175084,0.858716238328341
396,"Agricultura","Phaeozem","1°-3°",1137078.76269531,356091.514312744,39384630.27,17.488886228882,"Media","Baja","Alta","agropecuaria","suelo_infiltracion_alta","pend_baja","prec_media","esc_baja","aporte_alto",0.1,0.7,0.2,0.185,0.64,0.175,0.245806243568293,0.731429562194643,0.0227641942370645,0.138847897533439,0.238847897533439,0.622304204933123,0.0616543692600316,0.100531780569394,0.0916543692600316,0.158531780569394,0.206691261479937,0.380936438861211,"receptora_degradada",0.380936438861211,"receptora_conservada",0.206691261479937,0.174245177381274,0.897023419813431
397,"Pastizal","Regosol","1°-3°",1692476.28857422,543343.313354492,543343.31,13.2054984863648,"Media","Media","Baja","agropecuaria","suelo_infiltracion_baja","pend_baja","prec_media","esc_media","aporte_bajo",0.5,0.3,0.2,0.205,0.56,0.235,0.0194866920152091,0.958174904942966,0.0223384030418251,0.600285171102662,0.249857414448669,0.149857414448669,0.200085551330798,0.368165399239544,0.0949572243346008,0.164917300380228,0.0649572243346008,0.106917300380228,"aporte_degradada",0.368165399239544,"aporte_conservada",0.200085551330798,0.168079847908745,0.908180814712863
398,"Pastizal","Regosol","6°-15°",4243525.68688965,1384482.01239014,30781702.24,17.2424310207765,"Alta","Alta","Alta","agropecuaria","suelo_infiltracion_baja","pend_media","prec_alta","esc_alta","aporte_alto",0.5,0.3,0.2,0.135,0.235,0.63,0.0115286080273271,0.020068317677199,0.968403074295474,0.197843723313407,0.297843723313407,0.504312553373185,0.0793531169940222,0.134749359521776,0.109353116994022,0.192749359521776,0.171293766011956,0.312501280956447,"receptora_degradada",0.312501280956447,"transferencia_degradada",0.192749359521776,0.119751921434671,0.946676444656115
399,"Pastizal","Cambisol","1°-3°",2678060.62072754,882419.54800415,24148426.58,16.9997298253841,"Alta","Media","Media","agropecuaria","suelo_infiltracion_media","pend_baja","prec_alta","esc_media","aporte_medio",0.25,0.6,0.15,0.145,0.245,0.61,0.0163428288247256,0.21656794677842,0.767089224396855,0.114096963103866,0.696731434235055,0.189171602661079,0.0542290889311598,0.0861762386002423,0.229019430270516,0.424104231856332,0.0767514807983237,0.129719529543426,"transferencia_degradada",0.424104231856332,"transferencia_conservada",0.229019430270516,0.195084801585815,0.855373056952563
400,"Pastizal","Regosol","1°-3°",804505.67578125,247331.021759033,35824084.1,17.3941309933203,"Baja","Baja","Alta","agropecuaria","suelo_infiltracion_baja","pend_baja","prec_baja","esc_baja","aporte_alto",0.6,0.25,0.15,0.555,0.2725,0.1725,0.957355055103019,0.0261140392908481,0.0165309056061332,0.102958792525156,0.202958792525156,0.694082414949688,0.0508876377575467,0.0797160996645903,0.0808876377575467,0.13771609966459,0.228224724484906,0.422567800670819,"receptora_degradada",0.422567800670819,"receptora_conservada",0.228224724484906,0.194343076185913,0.854355811718715
401,"Pastizal","Regosol","1°-3°",1189639.53393555,361752.880401611,36185836.98,17.4041783842289,"Media","Baja","Alta","agropecuaria","suelo_infiltracion_baja","pend_baja","prec_media","esc_baja","aporte_alto",0.5,0.3,0.2,0.205,0.56,0.235,0.267068659162494,0.701328222075238,0.0316031187622679,0.138226722979989,0.238226722979989,0.623546554040023,0.0614680168939966,0.100171499328393,0.0914680168939966,0.158171499328393,0.207063966212007,0.381657001343213,"receptora_degradada",0.381657001343213,"receptora_conservada",0.207063966212007,0.174593035131206,0.896367463582827
402,"Pastizal","Cambisol","1°-3°",5634413.59179687,1819589.3453064,23266007.03,16.9625039704976,"Alta","Alta","Media","agropecuaria","suelo_infiltracion_media","pend_baja","prec_alta","esc_alta","aporte_medio",0.25,0.6,0.15,0.145,0.245,0.61,0.0127528583992964,0.0215479331574318,0.965699208443272,0.103627968337731,0.697449428320141,0.198922603342128,0.0510883905013193,0.0801042216358839,0.229234828496042,0.424520668425682,0.0796767810026385,0.135375109938434,"transferencia_degradada",0.424520668425682,"transferencia_conservada",0.229234828496042,0.195285839929639,0.852698679496852
403,"Sec Bosque Tropical","Regosol","6°-15°",1625380.58056641,526173.595916748,526173.6,13.1733883758037,"Media","Media","Baja","forestal_secundaria","suelo_infiltracion_baja","pend_media","prec_media","esc_media","aporte_bajo",0.2,0.7,0.1,0.175,0.64,0.185,0.0147306397306397,0.96969696969697,0.0155723905723906,0.600084175084175,0.249957912457912,0.149957912457912,0.368048821548822,0.200025252525252,0.164975589225589,0.0949873737373737,0.106975589225589,0.0649873737373737,"aporte_conservada",0.368048821548822,"aporte_degradada",0.200025252525252,0.168023569023569,0.908278600067441
404,"Sec Bosque Tropical","Regosol","6°-15°",1347094.87487793,430061.374908447,4325982.08,15.2801499742531,"Media","Media","Media","forestal_secundaria","suelo_infiltracion_baja","pend_media","prec_media","esc_media","aporte_medio",0.2,0.7,0.1,0.175,0.64,0.185,0.0539823933181542,0.92888223185794,0.0171353748239052,0.157240590256528,0.689203521336369,0.153555888407103,0.111199542348786,0.0671721770769584,0.419738042375094,0.226761056400911,0.10906241527612,0.0660667665221309,"transferencia_conservada",0.419738042375094,"transferencia_degradada",0.226761056400911,0.192976985974183,0.863776599736203
405,"Sec Bosque Tropical","Regosol","6°-15°",1155498.25305176,344856.62298584,344856.62,12.750886915179,"Media","Baja","Baja","forestal_secundaria","suelo_infiltracion_baja","pend_media","prec_media","esc_baja","aporte_bajo",0.2,0.7,0.1,0.175,0.64,0.185,0.277172218412139,0.696805104928066,0.0260226766597948,0.574885045824766,0.262557477087617,0.162557477087617,0.353433326578364,0.19246551374743,0.172283336710818,0.0987672431262852,0.114283336710818,0.0687672431262852,"aporte_conservada",0.353433326578364,"aporte_degradada",0.19246551374743,0.160967812830934,0.919961702557467
406,"Sec Bosque Tropical","Regosol","15°-35°",2181515.46191406,638235.452819824,638235.45,13.3664641049528,"Alta","Media","Baja","forestal_secundaria","suelo_infiltracion_baja","pend_alta","prec_alta","esc_media","aporte_bajo",0.3,0.5,0.2,0.145,0.245,0.61,0.0280735721200387,0.853823814133592,0.11810261374637,0.609002904162633,0.245498547918683,0.145498547918683,0.373221684414327,0.20270087124879,0.162389157792836,0.093649564375605,0.104389157792836,0.063649564375605,"aporte_conservada",0.373221684414327,"aporte_degradada",0.20270087124879,0.170520813165537,0.90386909935513
407,"Bosque de Encino","Regosol","15°-35°",960698.677124023,278893.317138672,278893.32,12.5385882076857,"Baja","Baja","Baja","forestal_conservada","suelo_infiltracion_baja","pend_alta","prec_baja","esc_baja","aporte_bajo",0.3,0.5,0.2,0.59,0.255,0.155,0.947974608111769,0.037711351727622,0.014314040160609,0.506633943204884,0.296683028397558,0.196683028397558,0.364511081379321,0.121326788640977,0.221744459310339,0.0793366056795116,0.153744459310339,0.0593366056795116,"aporte_conservada",0.364511081379321,"transferencia_conservada",0.221744459310339,0.142766622068982,0.900955151708215
408,"Sec Bosque Tropical","Regosol","6°-15°",2352284.84777832,720952.484375,3231347.86,14.9884102117418,"Alta","Media","Media","forestal_secundaria","suelo_infiltracion_baja","pend_media","prec_alta","esc_media","aporte_medio",0.2,0.7,0.1,0.145,0.245,0.61,0.0242556414542051,0.646420186187035,0.32932417235876,0.137172137600193,0.695148871709159,0.167678990690648,0.0995598398081118,0.0611516412800578,0.423186345591312,0.228544661512748,0.117253814600576,0.0703036972071945,"transferencia_conservada",0.423186345591312,"transferencia_degradada",0.228544661512748,0.194641684078564,0.859375690998762
409,"Bosque de Encino","Regosol","15°-35°",1003658.78564453,279374.953369141,279374.95,12.5403136447916,"Baja","Baja","Baja","forestal_conservada","suelo_infiltracion_baja","pend_alta","prec_baja","esc_baja","aporte_bajo",0.3,0.5,0.2,0.59,0.255,0.155,0.946845373481391,0.0388207099145485,0.0143339166040606,0.506748854312267,0.296625572843866,0.196625572843867,0.364589220932341,0.121349770862453,0.221705389533829,0.0793251145687733,0.153705389533829,0.0593251145687733,"aporte_conservada",0.364589220932341,"transferencia_conservada",0.221705389533829,0.142883831398512,0.900918166938489
410,"Bosque de Encino","Regosol","15°-35°",3586527.59399414,1015269.48883057,1015269.49,13.830665627566,"Alta","Alta","Baja","forestal_conservada","suelo_infiltracion_baja","pend_alta","prec_alta","esc_alta","aporte_bajo",0.3,0.5,0.2,0.145,0.245,0.61,0.0128845199579959,0.0287002592014173,0.958415220840587,0.694553070088259,0.20272346495587,0.10272346495587,0.492296087660016,0.158910614017652,0.157851956169992,0.0605446929911741,0.0898519561699919,0.0405446929911741,"aporte_conservada",0.492296087660016,"aporte_degradada",0.158910614017652,0.333385473642364,0.808616776316715
411,"Sec Bosque Tropical","Regosol","6°-15°",1079234.5769043,320822.077728271,3552169.94,15.0830695069362,"Media","Baja","Media","forestal_secundaria","suelo_infiltracion_baja","pend_media","prec_media","esc_baja","aporte_medio",0.2,0.7,0.1,0.175,0.64,0.185,0.389167637973502,0.580350086469397,0.0304822755571003,0.20685103191817,0.6221664724053,0.17098249567653,0.139973598512539,0.0820553095754511,0.380856553995074,0.20664994172159,0.119169847492387,0.071294748702959,"transferencia_conservada",0.380856553995074,"transferencia_degradada",0.20664994172159,0.174206612273484,0.90172024672391
412,"Sec Bosque Tropical","Regosol","15°-35°",3621230.9876709,1137830.78689575,7076708.15,15.7723195482905,"Alta","Alta","Media","forestal_secundaria","suelo_infiltracion_baja","pend_alta","prec_alta","esc_alta","aporte_medio",0.3,0.5,0.2,0.145,0.245,0.61,0.0127528583992964,0.0215479331574318,0.965699208443272,0.103627968337731,0.697449428320141,0.198922603342128,0.0801042216358839,0.0510883905013193,0.424520668425682,0.229234828496042,0.135375109938434,0.0796767810026385,"transferencia_conservada",0.424520668425682,"transferencia_degradada",0.229234828496042,0.195285839929639,0.852698679496852
413,"Bosque de Encino","Regosol","15°-35°",4027602.92956543,1122397.39529419,1122397.4,13.9309783822526,"Alta","Alta","Baja","forestal_conservada","suelo_infiltracion_baja","pend_alta","prec_alta","esc_alta","aporte_bajo",0.3,0.5,0.2,0.145,0.245,0.61,0.0127528583992964,0.0215479331574318,0.965699208443272,0.695294635004397,0.202352682497801,0.102352682497801,0.49280035180299,0.15905892700088,0.157599824098505,0.0604705364995603,0.0895998240985048,0.0404705364995602,"aporte_conservada",0.49280035180299,"aporte_degradada",0.15905892700088,0.333741424802111,0.808120345947055
414,"Bosque de Encino","Regosol","15°-35°",819892.839355469,231094.171447754,1524147.38,14.2369463726941,"Baja","Baja","Media","forestal_conservada","suelo_infiltracion_baja","pend_alta","prec_baja","esc_baja","aporte_medio",0.3,0.5,0.2,0.59,0.255,0.155,0.962828649138713,0.0231187669990934,0.014052583862194,0.293721668177697,0.507434270172258,0.198844061650045,0.219730734360834,0.0787443336355395,0.365055303717135,0.121486854034452,0.155213961922031,0.0597688123300091,"transferencia_conservada",0.365055303717135,"aporte_conservada",0.219730734360834,0.145324569356301,0.901125245081153
415,"Bosque de Encino","Regosol","6°-15°",3456679.96765137,991483.407287598,3424156.15,15.0463659118027,"Alta","Alta","Media","forestal_conservada","suelo_infiltracion_baja","pend_media","prec_alta","esc_alta","aporte_medio",0.2,0.7,0.1,0.145,0.245,0.61,0.0133919083810511,0.0562634102720941,0.930344681346855,0.105491552189815,0.69732161832379,0.197186829486395,0.0917342554890742,0.041098310437963,0.494178700460177,0.159464323664758,0.154087044050749,0.0594373658972791,"transferencia_conservada",0.494178700460177,"transferencia_degradada",0.159464323664758,0.334714376795419,0.807792820421648
416,"Bosque de Encino","Regosol","15°-35°",1618190.88659668,455751.283996582,455751.28,13.0297046952711,"Media","Media","Baja","forestal_conservada","suelo_infiltracion_baja","pend_alta","prec_media","esc_media","aporte_bajo",0.25,0.6,0.15,0.185,0.62,0.195,0.0160311958405546,0.967071057192374,0.0168977469670711,0.600086655112652,0.249956672443674,0.149956672443674,0.428058925476603,0.14001733102253,0.189970537261698,0.0699913344887348,0.121970537261698,0.0499913344887348,"aporte_conservada",0.428058925476603,"transferencia_conservada",0.189970537261698,0.238088388214905,0.863131371126098
417,"Sec Bosque Templado","Regosol","15°-35°",1493854.67382812,423059.903442383,423059.9,12.9552714192967,"Media","Media","Baja","forestal_secundaria","suelo_infiltracion_baja","pend_alta","prec_media","esc_media","aporte_bajo",0.25,0.6,0.15,0.185,0.62,0.195,0.07191948043033,0.909042853293079,0.019037666276591,0.594711818584626,0.252644090707687,0.152644090707687,0.364932854779083,0.198413545575388,0.166533572610458,0.0957932272123061,0.108533572610458,0.0657932272123061,"aporte_conservada",0.364932854779083,"aporte_degradada",0.198413545575388,0.166519309203695,0.910865205523267
418,"Bosque de Encino","Regosol","15°-35°",4576776.6105957,1293053.21121216,1293053.21,14.0725175826292,"Alta","Alta","Baja","forestal_conservada","suelo_infiltracion_baja","pend_alta","prec_alta","esc_alta","aporte_bajo",0.3,0.5,0.2,0.145,0.245,0.61,0.0127528583992964,0.0215479331574318,0.965699208443272,0.695294635004397,0.202352682497801,0.102352682497801,0.49280035180299,0.15905892700088,0.157599824098505,0.0604705364995603,0.0895998240985048,0.0404705364995602,"aporte_conservada",0.49280035180299,"aporte_degradada",0.15905892700088,0.333741424802111,0.808120345947055
419,"Sec Bosque Tropical","Regosol","6°-15°",1188113.05871582,335763.501800537,1179877.99,13.9809224403357,"Media","Baja","Baja","forestal_secundaria","suelo_infiltracion_baja","pend_media","prec_media","esc_baja","aporte_bajo",0.2,0.7,0.1,0.175,0.64,0.185,0.315464517545966,0.65698802651611,0.0275474559379236,0.571208293839196,0.264395853080402,0.164395853080402,0.351300810426733,0.191362488151759,0.173349594786633,0.0993187559241206,0.115349594786633,0.0693187559241206,"aporte_conservada",0.351300810426733,"aporte_degradada",0.191362488151759,0.159938322274975,0.921571255101498
420,"Sec Bosque Tropical","Regosol","15°-35°",1292396.1685791,365876.835540771,365876.84,12.8100547861779,"Media","Baja","Baja","forestal_secundaria","suelo_infiltracion_baja","pend_alta","prec_media","esc_baja","aporte_bajo",0.25,0.6,0.15,0.185,0.62,0.195,0.217101624015542,0.758301797411025,0.0245965785734327,0.580749495455789,0.259625252272105,0.159625252272105,0.356834707364358,0.194224848636737,0.170582646317821,0.0978875756816316,0.112582646317821,0.0678875756816316,"aporte_conservada",0.356834707364358,"aporte_degradada",0.194224848636737,0.162609858727621,0.917344494092446
421,"Sec Bosque Templado","Regosol","15°-35°",1284200.99133301,366592.067443848,366592.07,12.8120077107721,"Media","Baja","Baja","forestal_secundaria","suelo_infiltracion_baja","pend_alta","prec_media","esc_baja","aporte_bajo",0.25,0.6,0.15,0.185,0.62,0.195,0.214764023056318,0.760728903307954,0.0245070736357285,0.580974305057941,0.259512847471029,0.159512847471029,0.356965096933606,0.194292291517382,0.170517451533197,0.0978538542413088,0.112517451533197,0.0678538542413088,"aporte_conservada",0.356965096933606,"aporte_degradada",0.194292291517382,0.162672805416223,0.917242941093881
422,"Sec Bosque Templado","Regosol","6°-15°",1621812.99377441,459462.537872314,459462.54,13.0378148705133,"Media","Media","Baja","forestal_secundaria","suelo_infiltracion_baja","pend_media","prec_media","esc_media","aporte_bajo",0.2,0.7,0.1,0.175,0.64,0.185,0.0147306397306397,0.96969696969697,0.0155723905723906,0.600084175084175,0.249957912457912,0.149957912457912,0.368048821548822,0.200025252525252,0.164975589225589,0.0949873737373737,0.106975589225589,0.0649873737373737,"aporte_conservada",0.368048821548822,"aporte_degradada",0.200025252525252,0.168023569023569,0.908278600067441
423,"Bosque de Encino","Regosol","15°-35°",3554655.30004883,1013367.6098938,1013367.61,13.8287905966084,"Alta","Alta","Baja","forestal_conservada","suelo_infiltracion_baja","pend_alta","prec_alta","esc_alta","aporte_bajo",0.3,0.5,0.2,0.145,0.245,0.61,0.0129236710558719,0.0308270866501845,0.956249242293944,0.694332557123807,0.202833721438096,0.102833721438096,0.492146138844189,0.158866511424761,0.157926930577906,0.0605667442876193,0.0899269305779056,0.0405667442876193,"aporte_conservada",0.492146138844189,"aporte_degradada",0.158866511424761,0.333279627419428,0.80876418119969
424,"Sec Bosque Tropical","Regosol","3°-6°",1033888.45336914,259435.673583984,2244597.88,14.6240373905888,"Baja","Baja","Media","forestal_secundaria","suelo_infiltracion_baja","pend_media","prec_baja","esc_baja","aporte_medio",0.25,0.6,0.15,0.59,0.255,0.155,0.962828649138713,0.0231187669990934,0.014052583862194,0.293721668177697,0.507434270172258,0.198844061650045,0.190358567543064,0.108116500453309,0.314311876699909,0.172230281051677,0.135329555757026,0.0796532184950136,"transferencia_conservada",0.314311876699909,"aporte_conservada",0.190358567543064,0.123953309156845,0.946105609084125
425,"Sec Bosque Tropical","Regosol","3°-6°",1623098.73156738,362184.949798584,1023875.13,13.8391061104676,"Media","Baja","Baja","forestal_secundaria","suelo_infiltracion_baja","pend_media","prec_media","esc_baja","aporte_bajo",0.2,0.7,0.1,0.175,0.64,0.185,0.214816718315547,0.761643568350844,0.0235397133336087,0.580872299501806,0.259563850249097,0.159563850249097,0.356905933711048,0.194261689850542,0.170547033144476,0.0978691550747291,0.112547033144476,0.0678691550747291,"aporte_conservada",0.356905933711048,"aporte_degradada",0.194261689850542,0.162644243860506,0.917289031166133
426,"Pastizal","Regosol","3°-6°",1539672.32629395,331185.923309326,331185.92,12.7104382079598,"Media","Baja","Baja","agropecuaria","suelo_infiltracion_baja","pend_media","prec_media","esc_baja","aporte_bajo",0.6,0.25,0.15,0.2025,0.55,0.2475,0.4001102361093,0.560867963599585,0.0390218002911147,0.563891156418181,0.268054421790909,0.168054421790909,0.189167346925454,0.347056870722545,0.100416326537273,0.175471564638727,0.0704163265372728,0.117471564638727,"aporte_degradada",0.347056870722545,"aporte_conservada",0.189167346925454,0.157889523797091,0.924702792589655
427,"Sec Bosque Tropical","Phaeozem","3°-6°",2343794.99108887,506172.694656372,12497076.19,16.3410053501312,"Alta","Media","Media","forestal_secundaria","suelo_infiltracion_alta","pend_media","prec_alta","esc_media","aporte_medio",0.1,0.2,0.7,0.18,0.28,0.54,0.03125,0.875,0.09375,0.15,0.69375,0.15625,0.107,0.065,0.422375,0.228125,0.110625,0.066875,"transferencia_conservada",0.422375,"transferencia_degradada",0.228125,0.19425,0.860839475059823
428,"Pastizal","Regosol","6°-15°",1447550.12841797,271401.102294922,11990903.5,16.2996589620233,"Media","Baja","Media","agropecuaria","suelo_infiltracion_baja","pend_media","prec_media","esc_baja","aporte_medio",0.6,0.25,0.15,0.2025,0.55,0.2475,0.820483961733258,0.123804164321891,0.0557118739448509,0.270287000562746,0.535903207653348,0.193809791783905,0.101086100168824,0.176766460326393,0.180770962296005,0.330823860438942,0.0781429375351716,0.132409679234665,"transferencia_degradada",0.330823860438942,"transferencia_conservada",0.180770962296005,0.150052898142938,0.937663333410568
429,"Sec Bosque Tropical","Regosol","3°-6°",5060386.58959961,1024422.92793274,2048298.06,14.5325202798715,"Alta","Alta","Media","forestal_secundaria","suelo_infiltracion_baja","pend_media","prec_alta","esc_alta","aporte_medio",0.2,0.7,0.1,0.145,0.245,0.61,0.0127528583992964,0.0215479331574318,0.965699208443272,0.103627968337731,0.697449428320141,0.198922603342128,0.0801042216358839,0.0510883905013193,0.424520668425682,0.229234828496042,0.135375109938434,0.0796767810026385,"transferencia_conservada",0.424520668425682,"transferencia_degradada",0.229234828496042,0.195285839929639,0.852698679496852
430,"Pastizal","Regosol","6°-15°",1243123.32165527,256675.263320923,2511958.14,14.7365735405144,"Media","Baja","Media","agropecuaria","suelo_infiltracion_baja","pend_media","prec_media","esc_baja","aporte_medio",0.6,0.25,0.15,0.2025,0.55,0.2475,0.820483961733258,0.123804164321891,0.0557118739448509,0.270287000562746,0.535903207653348,0.193809791783905,0.101086100168824,0.176766460326393,0.180770962296005,0.330823860438942,0.0781429375351716,0.132409679234665,"transferencia_degradada",0.330823860438942,"transferencia_conservada",0.180770962296005,0.150052898142938,0.937663333410568
431,"Sec Bosque Tropical","Phaeozem","6°-15°",2986978.93383789,661318.796905518,661318.8,13.4019928142398,"Alta","Media","Baja","forestal_secundaria","suelo_infiltracion_alta","pend_media","prec_alta","esc_media","aporte_bajo",0.1,0.2,0.7,0.18,0.28,0.54,0.03125,0.875,0.09375,0.60625,0.246875,0.146875,0.371625,0.201875,0.1631875,0.0940625,0.1051875,0.0640625,"aporte_conservada",0.371625,"aporte_degradada",0.201875,0.16975,0.905245572560608
432,"Pastizal","Regosol","6°-15°",1462616.40307617,277451.300872803,2789409.44,14.8413408196401,"Media","Baja","Media","agropecuaria","suelo_infiltracion_baja","pend_media","prec_media","esc_baja","aporte_medio",0.6,0.25,0.15,0.2025,0.55,0.2475,0.771010414408443,0.175241957027497,0.0537476285640599,0.262964180733063,0.545797917118311,0.191237902148625,0.098889254219919,0.172519224825177,0.183739375135493,0.336562791928621,0.0773713706445875,0.130917983246203,"transferencia_degradada",0.336562791928621,"transferencia_conservada",0.183739375135493,0.152823416793127,0.934251368072834
433,"Sec Bosque Tropical","Phaeozem","3°-6°",490783.133666992,91089.1295928955,1045777.63,13.86027226641,"Baja","Baja","Baja","forestal_secundaria","suelo_infiltracion_alta","pend_media","prec_baja","esc_baja","aporte_bajo",0.2,0.3,0.5,0.63,0.235,0.135,0.968403074295474,0.020068317677199,0.0115286080273271,0.504312553373185,0.297843723313407,0.197843723313407,0.312501280956447,0.171293766011956,0.192749359521776,0.109353116994022,0.134749359521776,0.0793531169940222,"aporte_conservada",0.312501280956447,"transferencia_conservada",0.192749359521776,0.119751921434671,0.946676444656115
434,"Pastizal","Regosol","6°-15°",1125268.91430664,217406.632888794,18797742.94,16.7492474174077,"Media","Baja","Media","agropecuaria","suelo_infiltracion_baja","pend_media","prec_media","esc_baja","aporte_medio",0.6,0.25,0.15,0.2025,0.55,0.2475,0.820483961733258,0.123804164321891,0.0557118739448509,0.270287000562746,0.535903207653348,0.193809791783905,0.101086100168824,0.176766460326393,0.180770962296005,0.330823860438942,0.0781429375351716,0.132409679234665,"transferencia_degradada",0.330823860438942,"transferencia_conservada",0.180770962296005,0.150052898142938,0.937663333410568
435,"Pastizal","Regosol","6°-15°",2845317.10705566,573880.728103638,1273294.88,14.0571192778695,"Alta","Media","Baja","agropecuaria","suelo_infiltracion_baja","pend_media","prec_alta","esc_media","aporte_bajo",0.5,0.3,0.2,0.135,0.235,0.63,0.027027027027027,0.846846846846847,0.126126126126126,0.60990990990991,0.245045045045045,0.145045045045045,0.202972972972973,0.373747747747748,0.0935135135135135,0.162126126126126,0.0635135135135135,0.104126126126126,"aporte_degradada",0.373747747747748,"aporte_conservada",0.202972972972973,0.170774774774775,0.903412568525205
436,"Sec Bosque Tropical","Regosol","6°-15°",2646800.97070312,638990.331756592,1240747.63,14.0312254892782,"Alta","Media","Baja","forestal_secundaria","suelo_infiltracion_baja","pend_media","prec_alta","esc_media","aporte_bajo",0.2,0.7,0.1,0.145,0.245,0.61,0.0280735721200387,0.853823814133592,0.11810261374637,0.609002904162633,0.245498547918683,0.145498547918683,0.373221684414327,0.20270087124879,0.162389157792836,0.093649564375605,0.104389157792836,0.063649564375605,"aporte_conservada",0.373221684414327,"aporte_degradada",0.20270087124879,0.170520813165537,0.90386909935513
437,"Pastizal","Regosol","6°-15°",983612.625488281,241058.407775879,2507673.3,14.734866307868,"Baja","Baja","Media","agropecuaria","suelo_infiltracion_baja","pend_media","prec_baja","esc_baja","aporte_medio",0.7,0.2,0.1,0.54,0.28,0.18,0.954813359528487,0.0275049115913556,0.0176817288801572,0.292337917485265,0.509037328094303,0.198624754420432,0.10770137524558,0.189555992141454,0.172711198428291,0.315241650294695,0.0795874263261297,0.135202357563851,"transferencia_degradada",0.315241650294695,"aporte_degradada",0.189555992141454,0.125685658153242,0.945682388037966
438,"Sec Bosque Tropical","Regosol","6°-15°",2221528.57910156,601757.3046875,601757.3,13.3076111486536,"Alta","Media","Baja","forestal_secundaria","suelo_infiltracion_baja","pend_media","prec_alta","esc_media","aporte_bajo",0.2,0.7,0.1,0.145,0.245,0.61,0.0280735721200387,0.853823814133592,0.11810261374637,0.609002904162633,0.245498547918683,0.145498547918683,0.373221684414327,0.20270087124879,0.162389157792836,0.093649564375605,0.104389157792836,0.063649564375605,"aporte_conservada",0.373221684414327,"aporte_degradada",0.20270087124879,0.170520813165537,0.90386909935513
439,"Pastizal","Regosol","15°-35°",648502.900146484,173350.974884033,173350.97,12.0630793153405,"Baja","Baja","Baja","agropecuaria","suelo_infiltracion_baja","pend_alta","prec_baja","esc_baja","aporte_bajo",0.7,0.2,0.1,0.54,0.28,0.18,0.954813359528487,0.0275049115913556,0.0176817288801572,0.506286836935167,0.296856581532417,0.196856581532417,0.17188605108055,0.313646365422397,0.109056974459725,0.192176817288802,0.079056974459725,0.134176817288802,"aporte_degradada",0.313646365422397,"transferencia_degradada",0.192176817288802,0.121469548133595,0.946048456170975
440,"Sec Bosque Tropical","Regosol","15°-35°",466669.744628906,119945.203491211,696121.74,13.4532812743433,"Baja","Baja","Baja","forestal_secundaria","suelo_infiltracion_baja","pend_alta","prec_baja","esc_baja","aporte_bajo",0.3,0.5,0.2,0.59,0.255,0.155,0.962828649138713,0.0231187669990934,0.014052583862194,0.505122393472348,0.297438803263826,0.197438803263826,0.312970988213962,0.171536718041704,0.192514505893019,0.109231640979148,0.134514505893019,0.0792316409791478,"aporte_conservada",0.312970988213962,"transferencia_conservada",0.192514505893019,0.120456482320943,0.946419676621854
441,"Sec Bosque Tropical","Regosol","6°-15°",1288084.25476074,312261.365875244,312261.37,12.6515990428957,"Media","Baja","Baja","forestal_secundaria","suelo_infiltracion_baja","pend_media","prec_media","esc_baja","aporte_bajo",0.2,0.7,0.1,0.175,0.64,0.185,0.438932496252708,0.528603617620976,0.0324638861263157,0.559353138987361,0.27032343050632,0.17032343050632,0.344424820612669,0.187805941696208,0.176787589693665,0.101097029151896,0.118787589693665,0.0710970291518959,"aporte_conservada",0.344424820612669,"aporte_degradada",0.187805941696208,0.156618878916461,0.926597124978335
442,"Pastizal","Regosol","3°-6°",3252992.86743164,719222.03302002,7191332.92,15.7883872368291,"Alta","Media","Media","agropecuaria","suelo_infiltracion_baja","pend_media","prec_alta","esc_media","aporte_medio",0.5,0.3,0.2,0.135,0.235,0.63,0.0231115197029931,0.637970226181189,0.338918254115818,0.136520815249658,0.695377696059401,0.168101488690941,0.0609562445748974,0.0991820728448017,0.22861330881782,0.423319063714453,0.0704304466072822,0.117498863440746,"transferencia_degradada",0.423319063714453,"transferencia_conservada",0.22861330881782,0.194705754896632,0.859184958094022
443,"Pastizal","Regosol","6°-15°",469623.630859375,111647.508087158,111647.51,11.6231109119038,"Baja","Baja","Baja","agropecuaria","suelo_infiltracion_baja","pend_media","prec_baja","esc_baja","aporte_bajo",0.7,0.2,0.1,0.54,0.28,0.18,0.954813359528487,0.0275049115913556,0.0176817288801572,0.506286836935167,0.296856581532417,0.196856581532417,0.17188605108055,0.313646365422397,0.109056974459725,0.192176817288802,0.079056974459725,0.134176817288802,"aporte_degradada",0.313646365422397,"transferencia_degradada",0.192176817288802,0.121469548133595,0.946048456170975
444,"Sec Bosque Tropical","Regosol","3°-6°",3437683.42407227,639402.324752808,11328941.56,16.2428712976689,"Alta","Media","Media","forestal_secundaria","suelo_infiltracion_baja","pend_media","prec_alta","esc_media","aporte_medio",0.2,0.7,0.1,0.145,0.245,0.61,0.0280735721200387,0.853823814133592,0.11810261374637,0.148305905130687,0.694385285575992,0.15730880929332,0.106017424975799,0.0644917715392062,0.422743465634076,0.228315585672798,0.111239109390126,0.0671926427879961,"transferencia_conservada",0.422743465634076,"transferencia_degradada",0.228315585672798,0.194427879961278,0.860401964033812
445,"Pastizal","Regosol","3°-6°",1555567.30432129,287897.642105103,18580336.31,16.7376144456523,"Media","Baja","Media","agropecuaria","suelo_infiltracion_baja","pend_media","prec_media","esc_baja","aporte_medio",0.6,0.25,0.15,0.2025,0.55,0.2475,0.678482650407539,0.271443345477451,0.0500740041150094,0.24926869735538,0.564303469918492,0.186427832726127,0.0947806092066141,0.164575844466121,0.189291040975548,0.347296012552725,0.0759283498178382,0.128128142981154,"transferencia_degradada",0.347296012552725,"transferencia_conservada",0.189291040975548,0.158004971577178,0.927384261895971
446,"Sec Bosque Tropical","Cambisol","6°-15°",1097955.55725098,210257.382659912,3989307.49,15.1991284630691,"Media","Baja","Media","forestal_secundaria","suelo_infiltracion_media","pend_media","prec_media","esc_baja","aporte_medio",0.1,0.7,0.2,0.185,0.64,0.175,0.803377563329313,0.154402895054282,0.0422195416164053,0.268395657418577,0.539324487334138,0.192279855247286,0.175669481302774,0.100518697225573,0.3328082026538,0.181797346200241,0.131522316043426,0.0776839565741858,"transferencia_conservada",0.3328082026538,"transferencia_degradada",0.181797346200241,0.151010856453558,0.93641706128372
447,"Pastizal","Regosol","6°-15°",4238533.81213379,916566.379577637,261635115.08,19.3824614043183,"Alta","Media","Alta","agropecuaria","suelo_infiltracion_baja","pend_media","prec_alta","esc_media","aporte_alto",0.5,0.3,0.2,0.135,0.235,0.63,0.0139613899371525,0.14984748090894,0.836191129153908,0.191111486960838,0.291111486960838,0.517777026078324,0.0773334460882513,0.130844662437286,0.107333446088251,0.188844662437286,0.175333107823497,0.320310675125428,"receptora_degradada",0.320310675125428,"transferencia_degradada",0.188844662437286,0.131466012688142,0.942257550731015
448,"Sec Bosque Tropical","Regosol","6°-15°",2264163.48950195,551204.699005127,979368.01,13.7946637759282,"Alta","Media","Baja","forestal_secundaria","suelo_infiltracion_baja","pend_media","prec_alta","esc_media","aporte_bajo",0.2,0.7,0.1,0.145,0.245,0.61,0.0280735721200387,0.853823814133592,0.11810261374637,0.609002904162633,0.245498547918683,0.145498547918683,0.373221684414327,0.20270087124879,0.162389157792836,0.093649564375605,0.104389157792836,0.063649564375605,"aporte_conservada",0.373221684414327,"aporte_degradada",0.20270087124879,0.170520813165537,0.90386909935513
449,"Sec Bosque Tropical","Regosol","3°-6°",581527.859741211,123870.051620483,3945975.24,15.1882069442592,"Baja","Baja","Media","forestal_secundaria","suelo_infiltracion_baja","pend_media","prec_baja","esc_baja","aporte_medio",0.25,0.6,0.15,0.59,0.255,0.155,0.962828649138713,0.0231187669990934,0.014052583862194,0.293721668177697,0.507434270172258,0.198844061650045,0.190358567543064,0.108116500453309,0.314311876699909,0.172230281051677,0.135329555757026,0.0796532184950136,"transferencia_conservada",0.314311876699909,"aporte_conservada",0.190358567543064,0.123953309156845,0.946105609084125
450,"Bosque de Encino","Regosol","15°-35°",1901724.49865723,545674.404541016,1559042.01,14.2595827358569,"Media","Media","Media","forestal_conservada","suelo_infiltracion_baja","pend_alta","prec_media","esc_media","aporte_medio",0.25,0.6,0.15,0.185,0.62,0.195,0.0160311958405546,0.967071057192374,0.0168977469670711,0.15155979202773,0.696793760831889,0.151646447140381,0.123060658578856,0.0503119584055459,0.493819757365685,0.159358752166378,0.123119584055459,0.0503292894280763,"transferencia_conservada",0.493819757365685,"transferencia_degradada",0.159358752166378,0.334461005199307,0.813540164760646
451,"Sec Bosque Tropical","Regosol","6°-15°",2412433.20422363,598139.297729492,2842737.18,14.8602782935327,"Alta","Media","Media","forestal_secundaria","suelo_infiltracion_baja","pend_media","prec_alta","esc_media","aporte_medio",0.2,0.7,0.1,0.145,0.245,0.61,0.0280735721200387,0.853823814133592,0.11810261374637,0.148305905130687,0.694385285575992,0.15730880929332,0.106017424975799,0.0644917715392062,0.422743465634076,0.228315585672798,0.111239109390126,0.0671926427879961,"transferencia_conservada",0.422743465634076,"transferencia_degradada",0.228315585672798,0.194427879961278,0.860401964033812
452,"Sec Bosque Tropical","Regosol","15°-35°",1950818.39685059,565316.864440918,565316.86,13.2451434360083,"Media","Media","Baja","forestal_secundaria","suelo_infiltracion_baja","pend_alta","prec_media","esc_media","aporte_bajo",0.25,0.6,0.15,0.185,0.62,0.195,0.0160311958405546,0.967071057192374,0.0168977469670711,0.600086655112652,0.249956672443674,0.149956672443674,0.368050259965338,0.200025996533795,0.164974870017331,0.0949870017331022,0.106974870017331,0.0649870017331022,"aporte_conservada",0.368050259965338,"aporte_degradada",0.200025996533795,0.168024263431542,0.90827739396938
453,"Bosque de Encino","Regosol","6°-15°",4200907.39990234,1179038.35513306,2048998.44,14.5328621539169,"Alta","Alta","Media","forestal_conservada","suelo_infiltracion_baja","pend_media","prec_alta","esc_alta","aporte_medio",0.2,0.7,0.1,0.145,0.245,0.61,0.0127528583992964,0.0215479331574318,0.965699208443272,0.103627968337731,0.697449428320141,0.198922603342128,0.090467018469657,0.0407255936675462,0.494265611257696,0.159489885664028,0.155267370272647,0.0597845206684257,"transferencia_conservada",0.494265611257696,"transferencia_degradada",0.159489885664028,0.334775725593667,0.807269723720611
454,"Bosque de Encino","Regosol","6°-15°",2686238.67272949,782949.250427246,2341991.26,14.6665125182667,"Alta","Media","Media","forestal_conservada","suelo_infiltracion_baja","pend_media","prec_alta","esc_media","aporte_medio",0.2,0.7,0.1,0.145,0.245,0.61,0.0204532925240148,0.439863013764416,0.539683693711569,0.126083809193024,0.695909341495197,0.178006849311779,0.105736990251256,0.0452167618386047,0.493218352216734,0.159181868299039,0.14104465753201,0.0556013698623558,"transferencia_conservada",0.493218352216734,"transferencia_degradada",0.159181868299039,0.334036483917695,0.812405983276407
455,"Pastizal","Regosol","3°-6°",701875.09362793,203609.860290527,7260592.88,15.7979721851083,"Baja","Baja","Media","agropecuaria","suelo_infiltracion_baja","pend_media","prec_baja","esc_baja","aporte_medio",0.7,0.2,0.1,0.54,0.28,0.18,0.954813359528487,0.0275049115913556,0.0176817288801572,0.292337917485265,0.509037328094303,0.198624754420432,0.10770137524558,0.189555992141454,0.172711198428291,0.315241650294695,0.0795874263261297,0.135202357563851,"transferencia_degradada",0.315241650294695,"aporte_degradada",0.189555992141454,0.125685658153242,0.945682388037966
456,"Sec Bosque Tropical","Regosol","3°-6°",286418.385131836,71453.3409118652,1280469.31,14.0627379980975,"Baja","Baja","Baja","forestal_secundaria","suelo_infiltracion_baja","pend_media","prec_baja","esc_baja","aporte_bajo",0.25,0.6,0.15,0.59,0.255,0.155,0.962828649138713,0.0231187669990934,0.014052583862194,0.505122393472348,0.297438803263826,0.197438803263826,0.312970988213962,0.171536718041704,0.192514505893019,0.109231640979148,0.134514505893019,0.0792316409791478,"aporte_conservada",0.312970988213962,"transferencia_conservada",0.192514505893019,0.120456482320943,0.946419676621854
457,"Sec Bosque Tropical","Regosol","6°-15°",2145331.64868164,581171.464355469,2630169.9,14.7825593830314,"Alta","Media","Media","forestal_secundaria","suelo_infiltracion_baja","pend_media","prec_alta","esc_media","aporte_medio",0.2,0.7,0.1,0.145,0.245,0.61,0.0280735721200387,0.853823814133592,0.11810261374637,0.148305905130687,0.694385285575992,0.15730880929332,0.106017424975799,0.0644917715392062,0.422743465634076,0.228315585672798,0.111239109390126,0.0671926427879961,"transferencia_conservada",0.422743465634076,"transferencia_degradada",0.228315585672798,0.194427879961278,0.860401964033812
458,"Sec Bosque Templado","Regosol","15°-35°",2595069.84472656,744329.449493408,744329.45,13.5202403684342,"Alta","Media","Baja","forestal_secundaria","suelo_infiltracion_baja","pend_alta","prec_alta","esc_media","aporte_bajo",0.3,0.5,0.2,0.145,0.245,0.61,0.0226667402324684,0.560105397711176,0.417227862056355,0.639456112182389,0.230271943908806,0.130271943908806,0.390884545065785,0.211836833654717,0.153557727467107,0.0890815831726417,0.0955577274671073,0.0590815831726417,"aporte_conservada",0.390884545065785,"aporte_degradada",0.211836833654717,0.179047711411069,0.88771496651466
459,"Sec Bosque Tropical","Regosol","6°-15°",1793823.24719238,530799.649108887,6312653.57,15.6580668386026,"Media","Media","Media","forestal_secundaria","suelo_infiltracion_baja","pend_media","prec_media","esc_media","aporte_medio",0.2,0.7,0.1,0.175,0.64,0.185,0.0147306397306397,0.96969696969697,0.0155723905723906,0.151430976430976,0.697053872053872,0.151515151515152,0.107829966329966,0.0654292929292929,0.424291245791246,0.229116161616162,0.107878787878788,0.0654545454545455,"transferencia_conservada",0.424291245791246,"transferencia_degradada",0.229116161616162,0.195175084175084,0.858716238328341
460,"Pastizal","Regosol","3°-6°",942082.545288086,227248.491836548,6046961.53,15.6150666427751,"Baja","Baja","Media","agropecuaria","suelo_infiltracion_baja","pend_media","prec_baja","esc_baja","aporte_medio",0.7,0.2,0.1,0.54,0.28,0.18,0.954813359528487,0.0275049115913556,0.0176817288801572,0.292337917485265,0.509037328094303,0.198624754420432,0.10770137524558,0.189555992141454,0.172711198428291,0.315241650294695,0.0795874263261297,0.135202357563851,"transferencia_degradada",0.315241650294695,"aporte_degradada",0.189555992141454,0.125685658153242,0.945682388037966
461,"Pastizal","Regosol","3°-6°",723244.688598633,183064.600280762,3526587.72,15.0758415934027,"Baja","Baja","Media","agropecuaria","suelo_infiltracion_baja","pend_media","prec_baja","esc_baja","aporte_medio",0.7,0.2,0.1,0.54,0.28,0.18,0.954813359528487,0.0275049115913556,0.0176817288801572,0.292337917485265,0.509037328094303,0.198624754420432,0.10770137524558,0.189555992141454,0.172711198428291,0.315241650294695,0.0795874263261297,0.135202357563851,"transferencia_degradada",0.315241650294695,"aporte_degradada",0.189555992141454,0.125685658153242,0.945682388037966
462,"Sec Bosque Tropical","Regosol","3°-6°",1074362.89038086,265161.113372803,265161.11,12.4880966537833,"Media","Baja","Baja","forestal_secundaria","suelo_infiltracion_baja","pend_media","prec_media","esc_baja","aporte_bajo",0.2,0.7,0.1,0.175,0.64,0.185,0.792452830188679,0.161006289308176,0.0465408805031446,0.525408805031446,0.287295597484277,0.187295597484277,0.324737106918239,0.177622641509434,0.186631446540881,0.106188679245283,0.128631446540881,0.076188679245283,"aporte_conservada",0.324737106918239,"transferencia_conservada",0.186631446540881,0.138105660377358,0.939611265505845
463,"Sec Bosque Tropical","Regosol","15°-35°",2255548.72937012,646583.056213379,8521896.65,15.9581496028783,"Alta","Media","Media","forestal_secundaria","suelo_infiltracion_baja","pend_alta","prec_alta","esc_media","aporte_medio",0.3,0.5,0.2,0.145,0.245,0.61,0.0280735721200387,0.853823814133592,0.11810261374637,0.148305905130687,0.694385285575992,0.15730880929332,0.106017424975799,0.0644917715392062,0.422743465634076,0.228315585672798,0.111239109390126,0.0671926427879961,"transferencia_conservada",0.422743465634076,"transferencia_degradada",0.228315585672798,0.194427879961278,0.860401964033812
464,"Sec Bosque Tropical","Regosol","3°-6°",1406287.62854004,335787.942779541,15380233.04,16.5485937390911,"Media","Baja","Media","forestal_secundaria","suelo_infiltracion_baja","pend_media","prec_media","esc_baja","aporte_medio",0.2,0.7,0.1,0.175,0.64,0.185,0.315355579846277,0.657101302057895,0.0275431180958287,0.19592618107215,0.636928884030745,0.167144934897105,0.133637185021847,0.078777854321645,0.389418752737832,0.211078665209223,0.116944062240321,0.0701434804691316,"transferencia_conservada",0.389418752737832,"transferencia_degradada",0.211078665209223,0.178340087528608,0.894148987576404
465,"Pastizal","Regosol","6°-15°",1174433.22338867,322566.387268066,10766441.47,16.1919446760882,"Media","Baja","Media","agropecuaria","suelo_infiltracion_baja","pend_media","prec_media","esc_baja","aporte_medio",0.6,0.25,0.15,0.2025,0.55,0.2475,0.445291015271404,0.513893374582144,0.0408156101464511,0.214752871783388,0.610941796945719,0.174305331270893,0.0844258615350165,0.144556665634365,0.203282539083716,0.374346242228517,0.0722915993812678,0.121097092137118,"transferencia_degradada",0.374346242228517,"transferencia_conservada",0.203282539083716,0.171063703144801,0.907224872027825
466,"Sec Bosque Tropical","Leptosol","6°-15°",3310950.36999512,964390.11227417,964390.11,13.7792522070799,"Alta","Alta","Baja","forestal_secundaria","suelo_infiltracion_baja","pend_media","prec_alta","esc_alta","aporte_bajo",0.2,0.7,0.1,0.145,0.245,0.61,0.0140208124640108,0.0904277259322809,0.895551461603708,0.68815306491397,0.205923467543015,0.105923467543015,0.419128777650102,0.226445919474191,0.139435611174949,0.0817770402629045,0.0814356111749488,0.0517770402629045,"aporte_conservada",0.419128777650102,"aporte_degradada",0.226445919474191,0.192682858175911,0.858257215193975
467,"Pastizal","Regosol","6°-15°",3542285.82824707,984095.606414795,984095.61,13.7994793521093,"Alta","Alta","Baja","agropecuaria","suelo_infiltracion_baja","pend_media","prec_alta","esc_alta","aporte_bajo",0.5,0.3,0.2,0.135,0.235,0.63,0.0122956157762236,0.0609851065771956,0.926719277646581,0.691442366187036,0.204278816906482,0.104278816906482,0.227432709856111,0.421036572388481,0.0812836450719446,0.13848171380576,0.0512836450719446,0.0804817138057596,"aporte_degradada",0.421036572388481,"aporte_conservada",0.227432709856111,0.19360386253237,0.856101545685895
468,"Pastizal","Phaeozem","3°-6°",399309.105957031,92267.1819458008,16698973.05,16.6308578413681,"Baja","Baja","Media","agropecuaria","suelo_infiltracion_alta","pend_media","prec_baja","esc_baja","aporte_medio",0.15,0.6,0.25,0.61,0.245,0.145,0.965699208443272,0.0215479331574318,0.0127528583992964,0.294217238346526,0.506860158311346,0.198922603342128,0.108265171503958,0.190645998240985,0.172058047493404,0.31397889182058,0.0796767810026385,0.135375109938434,"transferencia_degradada",0.31397889182058,"aporte_degradada",0.190645998240985,0.123332893579595,0.94625592447414
469,"Pastizal","Cambisol","1°-3°",1096348.21679688,278035.929443359,18527232.67,16.7347522978561,"Media","Baja","Media","agropecuaria","suelo_infiltracion_media","pend_baja","prec_media","esc_baja","aporte_medio",0.2,0.7,0.1,0.175,0.64,0.185,0.725235513794558,0.230900164004817,0.0438643222006257,0.256592110959152,0.554952897241088,0.188454991799759,0.0969776332877457,0.168823424356308,0.186485869172327,0.341872680399831,0.0765364975399278,0.12930389524386,"transferencia_degradada",0.341872680399831,"transferencia_conservada",0.186485869172327,0.155386811227505,0.930883003182919
470,"Agricultura","Cambisol","1°-3°",4559770.78845215,1621010.03204346,8084685.24,15.9054822425718,"Alta","Alta","Media","agropecuaria","suelo_infiltracion_media","pend_baja","prec_alta","esc_alta","aporte_medio",0.25,0.6,0.15,0.145,0.245,0.61,0.0127528583992964,0.0215479331574318,0.965699208443272,0.103627968337731,0.697449428320141,0.198922603342128,0.0510883905013193,0.0801042216358839,0.229234828496042,0.424520668425682,0.0796767810026385,0.135375109938434,"transferencia_degradada",0.424520668425682,"transferencia_conservada",0.229234828496042,0.195285839929639,0.852698679496852
471,"Pastizal","Cambisol","1°-3°",5566599.82299805,1914287.76757812,2788397.06,14.8409778168546,"Alta","Alta","Media","agropecuaria","suelo_infiltracion_media","pend_baja","prec_alta","esc_alta","aporte_medio",0.25,0.6,0.15,0.145,0.245,0.61,0.0127528583992964,0.0215479331574318,0.965699208443272,0.103627968337731,0.697449428320141,0.198922603342128,0.0510883905013193,0.0801042216358839,0.229234828496042,0.424520668425682,0.0796767810026385,0.135375109938434,"transferencia_degradada",0.424520668425682,"transferencia_conservada",0.229234828496042,0.195285839929639,0.852698679496852
472,"Agricultura","Cambisol","1°-3°",1481463.06726074,497667.349822998,16257781.12,16.6040822517965,"Media","Media","Media","agropecuaria","suelo_infiltracion_media","pend_baja","prec_media","esc_media","aporte_medio",0.2,0.7,0.1,0.175,0.64,0.185,0.0147306397306397,0.96969696969697,0.0155723905723906,0.151430976430976,0.697053872053872,0.151515151515152,0.0654292929292929,0.107829966329966,0.229116161616162,0.424291245791246,0.0654545454545455,0.107878787878788,"transferencia_degradada",0.424291245791246,"transferencia_conservada",0.229116161616162,0.195175084175084,0.858716238328341
473,"Bosque de Encino","Regosol","15°-35°",649488.041870117,181249.802398682,181249.8,12.1076369865003,"Baja","Baja","Baja","forestal_conservada","suelo_infiltracion_baja","pend_alta","prec_baja","esc_baja","aporte_bajo",0.3,0.5,0.2,0.59,0.255,0.155,0.962828649138713,0.0231187669990934,0.014052583862194,0.505122393472348,0.297438803263826,0.197438803263826,0.363483227561197,0.12102447869447,0.222258386219402,0.0794877606527652,0.154258386219402,0.0594877606527652,"aporte_conservada",0.363483227561197,"transferencia_conservada",0.222258386219402,0.141224841341795,0.901439480212449
474,"Bosque de Encino","Regosol","6°-15°",5542422.12878418,1610455.23178101,1610455.23,14.292028069489,"Alta","Alta","Media","forestal_conservada","suelo_infiltracion_baja","pend_media","prec_alta","esc_alta","aporte_medio",0.2,0.7,0.1,0.145,0.245,0.61,0.0127528583992964,0.0215479331574318,0.965699208443272,0.103627968337731,0.697449428320141,0.198922603342128,0.090467018469657,0.0407255936675462,0.494265611257696,0.159489885664028,0.155267370272647,0.0597845206684257,"transferencia_conservada",0.494265611257696,"transferencia_degradada",0.159489885664028,0.334775725593667,0.807269723720611
475,"Bosque Tropical","Arenosol","1°-3°",165946.890258789,0,0,0,"Baja","Baja","Muy Baja","forestal_conservada","suelo_infiltracion_alta","pend_baja","prec_baja","esc_baja","aporte_muy_bajo",0.15,0.25,0.6,0.645,0.2275,0.1275,0.970330129544505,0.0190137902214793,0.0106560802340159,0.504032595068951,0.297983702465524,0.197983702465524,0.362742164646887,0.12080651901379,0.222628917676557,0.0795967404931049,0.154628917676557,0.0595967404931049,"aporte_conservada",0.362742164646887,"transferencia_conservada",0.222628917676557,0.14011324697033,0.901786167096061
476,"Bosque Tropical","Cambisol","1°-3°",NA,0,1091698.69,13.9032463883075,NA,"Baja","Baja","forestal_conservada","suelo_infiltracion_media","pend_baja","prec_baja","esc_baja","aporte_bajo",0.15,0.25,0.6,0.645,0.2275,0.1275,0.970330129544505,0.0190137902214793,0.0106560802340159,0.504032595068951,0.297983702465524,0.197983702465524,0.362742164646887,0.12080651901379,0.222628917676557,0.0795967404931049,0.154628917676557,0.0595967404931049,"aporte_conservada",0.362742164646887,"transferencia_conservada",0.222628917676557,0.14011324697033,0.901786167096061
477,"Bosque Tropical","Regosol","6°-15°",NA,0,0,0,NA,"Baja","Muy Baja","forestal_conservada","suelo_infiltracion_baja","pend_media","prec_baja","esc_baja","aporte_muy_bajo",0.25,0.6,0.15,0.59,0.255,0.155,0.962828649138713,0.0231187669990934,0.014052583862194,0.505122393472348,0.297438803263826,0.197438803263826,0.363483227561197,0.12102447869447,0.222258386219402,0.0794877606527652,0.154258386219402,0.0594877606527652,"aporte_conservada",0.363483227561197,"transferencia_conservada",0.222258386219402,0.141224841341795,0.901439480212449
478,"Bosque Tropical","Cambisol","6°-15°",NA,0,0,0,NA,"Baja","Muy Baja","forestal_conservada","suelo_infiltracion_media","pend_media","prec_baja","esc_baja","aporte_muy_bajo",0.2,0.3,0.5,0.63,0.235,0.135,0.968403074295474,0.020068317677199,0.0115286080273271,0.504312553373185,0.297843723313407,0.197843723313407,0.362932536293766,0.120862510674637,0.222533731853117,0.0795687446626815,0.154533731853117,0.0595687446626815,"aporte_conservada",0.362932536293766,"transferencia_conservada",0.222533731853117,0.140398804440649,0.901697307016653
479,"Bosque Tropical","Arenosol","1°-3°",NA,0,0,0,NA,"Baja","Muy Baja","forestal_conservada","suelo_infiltracion_alta","pend_baja","prec_baja","esc_baja","aporte_muy_bajo",0.15,0.25,0.6,0.645,0.2275,0.1275,0.970330129544505,0.0190137902214793,0.0106560802340159,0.504032595068951,0.297983702465524,0.197983702465524,0.362742164646887,0.12080651901379,0.222628917676557,0.0795967404931049,0.154628917676557,0.0595967404931049,"aporte_conservada",0.362742164646887,"transferencia_conservada",0.222628917676557,0.14011324697033,0.901786167096061
480,"Manglar","Solonchank","1°-3°",NA,0,76554.09,11.2457658913639,NA,"Baja","Baja","hidrofila_humedal","suelo_salino","pend_baja","prec_baja","esc_baja","aporte_bajo",0.6,0.25,0.15,0.555,0.2725,0.1725,0.957355055103019,0.0261140392908481,0.0165309056061332,0.505917585050311,0.297041207474844,0.197041207474844,0.313432199329181,0.171775275515093,0.19228390033541,0.109112362242453,0.153988021082894,0.0594082414949689,"aporte_conservada",0.313432199329181,"transferencia_conservada",0.19228390033541,0.121148298993771,0.938078096583857
481,"Bosque de Encino","Cambisol","6°-15°",288915.945556641,64084.1719970703,274820.12,12.5238756922723,"Baja","Baja","Baja","forestal_conservada","suelo_infiltracion_media","pend_media","prec_baja","esc_baja","aporte_bajo",0.2,0.3,0.5,0.63,0.235,0.135,0.968403074295474,0.020068317677199,0.0115286080273271,0.504312553373185,0.297843723313407,0.197843723313407,0.362932536293766,0.120862510674637,0.222533731853117,0.0795687446626815,0.154533731853117,0.0595687446626815,"aporte_conservada",0.362932536293766,"transferencia_conservada",0.222533731853117,0.140398804440649,0.901697307016653
482,"Pastizal","Regosol","15°-35°",2656187.44677734,694577.53326416,694577.53,13.4510605089382,"Alta","Media","Baja","agropecuaria","suelo_infiltracion_baja","pend_alta","prec_alta","esc_media","aporte_bajo",0.6,0.25,0.15,0.1275,0.2275,0.645,0.0242550567592366,0.738676992801857,0.237067950438907,0.621281289367967,0.239359355316016,0.139359355316016,0.20638438681039,0.380343147833421,0.0918078065948049,0.15882842608329,0.0618078065948049,0.10082842608329,"aporte_degradada",0.380343147833421,"aporte_conservada",0.20638438681039,0.173958761023031,0.897561384476572
483,"Sec Bosque Tropical","Regosol","15°-35°",6944807.49194336,1921978.4251709,10443875.08,16.161526343545,"Alta","Alta","Media","forestal_secundaria","suelo_infiltracion_baja","pend_alta","prec_alta","esc_alta","aporte_medio",0.3,0.5,0.2,0.145,0.245,0.61,0.0127528583992964,0.0215479331574318,0.965699208443272,0.103627968337731,0.697449428320141,0.198922603342128,0.0801042216358839,0.0510883905013193,0.424520668425682,0.229234828496042,0.135375109938434,0.0796767810026385,"transferencia_conservada",0.424520668425682,"transferencia_degradada",0.229234828496042,0.195285839929639,0.852698679496852
484,"Sec Bosque Templado","Luvisol","15°-35°",2029903.15490723,602611.198455811,602611.2,13.3090291510758,"Alta","Media","Baja","forestal_secundaria","suelo_infiltracion_media","pend_alta","prec_alta","esc_media","aporte_bajo",0.2,0.5,0.3,0.155,0.255,0.59,0.0290534208059981,0.860356138706654,0.110590440487348,0.608153701968135,0.245923149015933,0.145923149015933,0.372729147141518,0.20244611059044,0.162635426429241,0.0937769447047798,0.104635426429241,0.0637769447047798,"aporte_conservada",0.372729147141518,"aporte_degradada",0.20244611059044,0.170283036551078,0.904295177587536
485,"Sec Bosque Templado","Luvisol","6°-15°",1408197.28613281,433995.752716064,2966701.19,14.9029615201199,"Media","Media","Media","forestal_secundaria","suelo_infiltracion_media","pend_media","prec_media","esc_media","aporte_medio",0.1,0.7,0.2,0.185,0.64,0.175,0.0499150668656148,0.934155973702676,0.0159289594317092,0.156690812058257,0.690016986626877,0.153292201314866,0.110880670993789,0.067007243617477,0.420209852243589,0.227005095988063,0.108909476762622,0.0659876603944599,"transferencia_conservada",0.420209852243589,"transferencia_degradada",0.227005095988063,0.193204756255526,0.863258055364548
486,"Pastizal","Cambisol","1°-3°",2905211.55969238,1036008.9385376,6463675.21,15.6817087866537,"Alta","Alta","Media","agropecuaria","suelo_infiltracion_media","pend_baja","prec_alta","esc_alta","aporte_medio",0.25,0.6,0.15,0.145,0.245,0.61,0.0127528583992964,0.0215479331574318,0.965699208443272,0.103627968337731,0.697449428320141,0.198922603342128,0.0510883905013193,0.0801042216358839,0.229234828496042,0.424520668425682,0.0796767810026385,0.135375109938434,"transferencia_degradada",0.424520668425682,"transferencia_conservada",0.229234828496042,0.195285839929639,0.852698679496852
487,"Agricultura","Cambisol","1°-3°",3178525.67858887,1065209.33959961,19050836.61,16.7626216275992,"Alta","Alta","Media","agropecuaria","suelo_infiltracion_media","pend_baja","prec_alta","esc_alta","aporte_medio",0.25,0.6,0.15,0.145,0.245,0.61,0.0127528583992964,0.0215479331574318,0.965699208443272,0.103627968337731,0.697449428320141,0.198922603342128,0.0510883905013193,0.0801042216358839,0.229234828496042,0.424520668425682,0.0796767810026385,0.135375109938434,"transferencia_degradada",0.424520668425682,"transferencia_conservada",0.229234828496042,0.195285839929639,0.852698679496852
488,"Sec Bosque Tropical","Regosol","6°-15°",3709015.17388916,444200.299755096,540757.56,13.2007281735559,"Alta","Media","Baja","forestal_secundaria","suelo_infiltracion_baja","pend_media","prec_alta","esc_media","aporte_bajo",0.2,0.7,0.1,0.145,0.245,0.61,0.0576887899551057,0.821842249521907,0.120468960522987,0.606278017056788,0.246860991471606,0.146860991471606,0.371641249892937,0.201883405117036,0.163179375053531,0.0940582974414818,0.105179375053531,0.0640582974414818,"aporte_conservada",0.371641249892937,"aporte_degradada",0.201883405117036,0.169757844775901,0.905231633235072
489,"Bosque Tropical","Regosol","6°-15°",1488616.97796631,134094.362281799,620882.64,13.3388989681574,"Media","Baja","Baja","forestal_conservada","suelo_infiltracion_baja","pend_media","prec_media","esc_baja","aporte_bajo",0.2,0.7,0.1,0.175,0.64,0.185,0.792452830188679,0.161006289308176,0.0465408805031446,0.525408805031446,0.287295597484277,0.187295597484277,0.377277987421384,0.125081761006289,0.215361006289308,0.0774591194968553,0.147361006289308,0.0574591194968554,"aporte_conservada",0.377277987421384,"transferencia_conservada",0.215361006289308,0.161916981132075,0.894602776782792
490,"Sec Bosque Tropical","Cambisol","6°-15°",701870.601074219,128928.819442749,4250469.97,15.2625403512315,"Baja","Baja","Media","forestal_secundaria","suelo_infiltracion_media","pend_media","prec_baja","esc_baja","aporte_medio",0.15,0.6,0.25,0.61,0.245,0.145,0.965699208443272,0.0215479331574318,0.0127528583992964,0.294217238346526,0.506860158311346,0.198922603342128,0.190645998240985,0.108265171503958,0.31397889182058,0.172058047493404,0.135375109938434,0.0796767810026385,"transferencia_conservada",0.31397889182058,"aporte_conservada",0.190645998240985,0.123332893579595,0.94625592447414
491,"Sec Bosque Tropical","Regosol","6°-15°",1240894.87792969,381717.91506958,1447566.01,14.1853947809674,"Media","Media","Media","forestal_secundaria","suelo_infiltracion_baja","pend_media","prec_media","esc_media","aporte_medio",0.2,0.7,0.1,0.175,0.64,0.185,0.157408999978505,0.821337231938106,0.0212537680833887,0.172548661592606,0.668518200004299,0.158933138403095,0.120078223723712,0.0717645984777819,0.407740556002493,0.22055546000129,0.112181220273795,0.0676799415209284,"transferencia_conservada",0.407740556002493,"transferencia_degradada",0.22055546000129,0.187185096001204,0.876474805479413
492,"Sec Bosque Tropical","Regosol","15°-35°",1026512.34521484,300611.149627686,300611.15,12.6135761746459,"Baja","Baja","Baja","forestal_secundaria","suelo_infiltracion_baja","pend_alta","prec_baja","esc_baja","aporte_bajo",0.3,0.5,0.2,0.59,0.255,0.155,0.89373452525269,0.0909967171960379,0.0152687575512726,0.512153423229858,0.293923288385071,0.193923288385071,0.317048985473318,0.173646026968958,0.190475507263341,0.108176986515521,0.132475507263341,0.0781769865155213,"aporte_conservada",0.317048985473318,"transferencia_conservada",0.190475507263341,0.126573478209977,0.944141934670403
493,"Sec Bosque Tropical","Regosol","6°-15°",1995925.40246582,605163.831695557,884538.78,13.6928227661326,"Alta","Media","Baja","forestal_secundaria","suelo_infiltracion_baja","pend_media","prec_alta","esc_media","aporte_bajo",0.2,0.7,0.1,0.145,0.245,0.61,0.0280735721200387,0.853823814133592,0.11810261374637,0.609002904162633,0.245498547918683,0.145498547918683,0.373221684414327,0.20270087124879,0.162389157792836,0.093649564375605,0.104389157792836,0.063649564375605,"aporte_conservada",0.373221684414327,"aporte_degradada",0.20270087124879,0.170520813165537,0.90386909935513
494,"Bosque de Encino","Regosol","6°-15°",1201941.35510254,343750.766693115,343750.77,12.7476750770406,"Media","Baja","Baja","forestal_conservada","suelo_infiltracion_baja","pend_media","prec_media","esc_baja","aporte_bajo",0.2,0.7,0.1,0.175,0.64,0.185,0.281601170261516,0.692199794537768,0.026199035200716,0.57445978649392,0.26277010675304,0.16277010675304,0.410632654815866,0.134891957298784,0.198683672592067,0.072554021350608,0.130683672592067,0.052554021350608,"aporte_conservada",0.410632654815866,"transferencia_conservada",0.198683672592067,0.211948982223798,0.875056817956473
495,"Sec Bosque Tropical","Regosol","6°-15°",1638197.90405273,536763.178527832,4862745.26,15.3971139103565,"Media","Media","Media","forestal_secundaria","suelo_infiltracion_baja","pend_media","prec_media","esc_media","aporte_medio",0.2,0.7,0.1,0.175,0.64,0.185,0.0147306397306397,0.96969696969697,0.0155723905723906,0.151430976430976,0.697053872053872,0.151515151515152,0.107829966329966,0.0654292929292929,0.424291245791246,0.229116161616162,0.107878787878788,0.0654545454545455,"transferencia_conservada",0.424291245791246,"transferencia_degradada",0.229116161616162,0.195175084175084,0.858716238328341
496,"Agricultura","Cambisol","1°-3°",410125.121582031,131789.386901855,29397220.23,17.1964107118556,"Baja","Baja","Alta","agropecuaria","suelo_infiltracion_media","pend_baja","prec_baja","esc_baja","aporte_alto",0.3,0.5,0.2,0.59,0.255,0.155,0.962828649138713,0.0231187669990934,0.014052583862194,0.102561196736174,0.202561196736174,0.694877606527652,0.0507683590208522,0.079485494106981,0.0807683590208522,0.137485494106981,0.228463281958296,0.423029011786038,"receptora_degradada",0.423029011786038,"receptora_conservada",0.228463281958296,0.194565729827743,0.853827266990514
497,"Sec Bosque Tropical","Phaeozem","1°-3°",256935.585693359,81407.9797363281,31389283.82,17.2619771448695,"Baja","Baja","Alta","forestal_secundaria","suelo_infiltracion_alta","pend_baja","prec_baja","esc_baja","aporte_alto",0.15,0.25,0.6,0.645,0.2275,0.1275,0.970330129544505,0.0190137902214793,0.0106560802340159,0.102016297534476,0.202016297534476,0.695967404931049,0.0791694525699958,0.0506048892603427,0.137169452569996,0.0806048892603427,0.423661094860008,0.228790221479315,"receptora_conservada",0.423661094860008,"receptora_degradada",0.228790221479315,0.194870873380694,0.853100851254593
498,"Bosque de Encino","Regosol","15°-35°",1446743.70507812,410497.540313721,410497.54,12.92512765123,"Media","Media","Baja","forestal_conservada","suelo_infiltracion_baja","pend_alta","prec_media","esc_media","aporte_bajo",0.25,0.6,0.15,0.185,0.62,0.195,0.0978954946511263,0.882072237523435,0.0200322678254389,0.592213677317431,0.253893161341284,0.153893161341284,0.422705300575853,0.138442735463486,0.192647349712073,0.0707786322682569,0.124647349712073,0.0507786322682569,"aporte_conservada",0.422705300575853,"transferencia_conservada",0.192647349712073,0.23005795086378,0.866921529315763
499,"Sec Bosque Tropical","Regosol","15°-35°",1421464.69616699,427783.98638916,2514721.21,14.7376729021352,"Media","Media","Media","forestal_secundaria","suelo_infiltracion_baja","pend_alta","prec_media","esc_media","aporte_medio",0.25,0.6,0.15,0.185,0.62,0.195,0.0628063333898538,0.918504935704636,0.0186887309055101,0.158486513463203,0.687438733322029,0.154074753214768,0.111922177808657,0.0675459540389608,0.418714465326777,0.226231619996609,0.109363356864566,0.0662224259644305,"transferencia_conservada",0.418714465326777,"transferencia_degradada",0.226231619996609,0.192482845330168,0.864896354195356
500,"Sec Bosque Tropical","Regosol","6°-15°",1552011.9354248,441956.004516602,1988426.06,14.5028544620419,"Media","Media","Media","forestal_secundaria","suelo_infiltracion_baja","pend_media","prec_media","esc_media","aporte_medio",0.2,0.7,0.1,0.175,0.64,0.185,0.0343995428809224,0.949244861133968,0.0163555959851097,0.154342151632883,0.693120091423815,0.152537756943302,0.109518447947072,0.0663026454898649,0.422009653025813,0.227936027427145,0.108471899027115,0.0657613270829905,"transferencia_conservada",0.422009653025813,"transferencia_degradada",0.227936027427145,0.194073625598668,0.861268818837829
501,"Pastizal","Luvisol","6°-15°",2073035.4765625,684074.280548096,684074.28,13.4358232490282,"Alta","Media","Baja","agropecuaria","suelo_infiltracion_media","pend_media","prec_alta","esc_media","aporte_bajo",0.2,0.7,0.1,0.145,0.245,0.61,0.0272714025703485,0.810247099573825,0.162481497855827,0.613521009528548,0.243239495235726,0.143239495235726,0.204056302858564,0.375842185526558,0.0929718485707178,0.161078907236721,0.0629718485707178,0.103078907236721,"aporte_degradada",0.375842185526558,"aporte_conservada",0.204056302858564,0.171785882667993,0.901580089632611
502,"Pastizal","Regosol","6°-15°",1035797.74755859,293296.622650146,293296.62,12.5889431403741,"Baja","Baja","Baja","agropecuaria","suelo_infiltracion_baja","pend_media","prec_baja","esc_baja","aporte_bajo",0.7,0.2,0.1,0.54,0.28,0.18,0.896258524954287,0.0851370639237804,0.0186044111219324,0.512234588616765,0.293882705691618,0.193882705691618,0.173670376585029,0.317096061397723,0.108164811707485,0.190451969301138,0.0781648117074853,0.132451969301138,"aporte_degradada",0.317096061397723,"transferencia_degradada",0.190451969301138,0.126644092096585,0.944115133024375
503,"Sec Bosque Tropical","Regosol","6°-15°",877157.00378418,272182.957489014,10608683.49,16.1771835151556,"Baja","Baja","Media","forestal_secundaria","suelo_infiltracion_baja","pend_media","prec_baja","esc_baja","aporte_medio",0.25,0.6,0.15,0.59,0.255,0.155,0.962828649138713,0.0231187669990934,0.014052583862194,0.293721668177697,0.507434270172258,0.198844061650045,0.190358567543064,0.108116500453309,0.314311876699909,0.172230281051677,0.135329555757026,0.0796532184950136,"transferencia_conservada",0.314311876699909,"aporte_conservada",0.190358567543064,0.123953309156845,0.946105609084125
504,"Sec Bosque Tropical","Luvisol","6°-15°",2318675.74047852,652852.899841309,10043203.91,16.1224068354333,"Alta","Media","Media","forestal_secundaria","suelo_infiltracion_media","pend_media","prec_alta","esc_media","aporte_medio",0.1,0.7,0.2,0.155,0.255,0.59,0.0290534208059981,0.860356138706654,0.110590440487348,0.148828491096532,0.6941893158388,0.156982193064667,0.106320524835989,0.0646485473289597,0.422629803186504,0.22825679475164,0.111049671977507,0.0670946579194002,"transferencia_conservada",0.422629803186504,"transferencia_degradada",0.22825679475164,0.194373008434864,0.860538023241762
505,"Bosque de Encino","Cambisol","6°-15°",1427652.46447754,331930.82989502,331930.83,12.71268489549,"Media","Baja","Baja","forestal_conservada","suelo_infiltracion_media","pend_media","prec_media","esc_baja","aporte_bajo",0.15,0.25,0.6,0.2475,0.55,0.2025,0.448168262971288,0.522409381235669,0.0294223557930433,0.558125409282176,0.270937295358912,0.170937295358912,0.399525278311879,0.131625081856435,0.20423736084406,0.0741874590717825,0.13623736084406,0.0541874590717824,"aporte_conservada",0.399525278311879,"transferencia_conservada",0.20423736084406,0.195287917467819,0.882041562710469
506,"Bosque de Encino","Regosol","6°-15°",2119981.3347168,632425.284423828,1225674.33,14.0190025398525,"Alta","Media","Baja","forestal_conservada","suelo_infiltracion_baja","pend_media","prec_alta","esc_media","aporte_bajo",0.2,0.7,0.1,0.145,0.245,0.61,0.0280735721200387,0.853823814133592,0.11810261374637,0.609002904162633,0.245498547918683,0.145498547918683,0.43412197483059,0.141800580832527,0.186939012584705,0.0690997095837367,0.118939012584705,0.0490997095837367,"aporte_conservada",0.43412197483059,"transferencia_conservada",0.186939012584705,0.247182962245886,0.858702533740505
507,"Sec Bosque Templado","Regosol","3°-6°",668630.875976562,189701.991882324,1150047.56,13.9553147255349,"Baja","Baja","Baja","forestal_secundaria","suelo_infiltracion_baja","pend_media","prec_baja","esc_baja","aporte_bajo",0.25,0.6,0.15,0.59,0.255,0.155,0.962828649138713,0.0231187669990934,0.014052583862194,0.505122393472348,0.297438803263826,0.197438803263826,0.312970988213962,0.171536718041704,0.192514505893019,0.109231640979148,0.134514505893019,0.0792316409791478,"aporte_conservada",0.312970988213962,"transferencia_conservada",0.192514505893019,0.120456482320943,0.946419676621854
508,"Sec Bosque Tropical","Regosol","15°-35°",601472.497680664,180106.879364014,7445394.58,15.8231063563354,"Baja","Baja","Media","forestal_secundaria","suelo_infiltracion_baja","pend_alta","prec_baja","esc_baja","aporte_medio",0.3,0.5,0.2,0.59,0.255,0.155,0.962828649138713,0.0231187669990934,0.014052583862194,0.293721668177697,0.507434270172258,0.198844061650045,0.190358567543064,0.108116500453309,0.314311876699909,0.172230281051677,0.135329555757026,0.0796532184950136,"transferencia_conservada",0.314311876699909,"aporte_conservada",0.190358567543064,0.123953309156845,0.946105609084125
509,"Pastizal","Phaeozem","1°-3°",1042605.6730957,330151.825500488,638237.01,13.366466549185,"Baja","Baja","Baja","agropecuaria","suelo_infiltracion_alta","pend_baja","prec_baja","esc_baja","aporte_bajo",0.2,0.5,0.3,0.61,0.245,0.145,0.81868348009765,0.165906281918801,0.0154102379835491,0.51967267578859,0.290163662105705,0.190163662105705,0.175901802736577,0.321410151957382,0.107049098631712,0.188294924021309,0.0770490986317115,0.130294924021309,"aporte_degradada",0.321410151957382,"transferencia_degradada",0.188294924021309,0.133115227936073,0.941609809788091
510,"Pastizal","Phaeozem","6°-15°",2392361.16210938,735842.557647705,42317369.38,17.5607082070053,"Alta","Media","Alta","agropecuaria","suelo_infiltracion_alta","pend_media","prec_alta","esc_media","aporte_alto",0.1,0.7,0.2,0.155,0.255,0.59,0.0245014907564218,0.606300583994551,0.369197925249027,0.16723482172463,0.26723482172463,0.565530356550739,0.0701704465173891,0.116996196600286,0.100170446517389,0.174996196600286,0.189659106965222,0.348007606799429,"receptora_degradada",0.348007606799429,"receptora_conservada",0.189659106965222,0.158348499834207,0.924009538041707
511,"Pastizal","Phaeozem","1°-3°",2150980.68212891,654723.562194824,2829312.52,14.8555446677558,"Alta","Media","Media","agropecuaria","suelo_infiltracion_alta","pend_baja","prec_alta","esc_media","aporte_medio",0.15,0.6,0.25,0.155,0.255,0.59,0.0290534208059981,0.860356138706654,0.110590440487348,0.148828491096532,0.6941893158388,0.156982193064667,0.0646485473289597,0.106320524835989,0.22825679475164,0.422629803186504,0.0670946579194002,0.111049671977507,"transferencia_degradada",0.422629803186504,"transferencia_conservada",0.22825679475164,0.194373008434864,0.860538023241762
512,"Agricultura","Phaeozem","1°-3°",2287584.18847656,691963.481018066,8220872.58,15.9221870363248,"Alta","Media","Media","agropecuaria","suelo_infiltracion_alta","pend_baja","prec_alta","esc_media","aporte_medio",0.15,0.6,0.25,0.155,0.255,0.59,0.0276576626594909,0.78245509315174,0.189887244188769,0.144654287189485,0.694468467468102,0.160877245342413,0.0633962861568456,0.103899486569901,0.228340540240431,0.422791711131499,0.0682631736027239,0.1133088022986,"transferencia_degradada",0.422791711131499,"transferencia_conservada",0.228340540240431,0.194451170891069,0.860234539663017
513,"Pastizal","Regosol","6°-15°",1078250.68347168,279118.130249023,37294660.37,17.4343607475608,"Media","Baja","Alta","agropecuaria","suelo_infiltracion_baja","pend_media","prec_media","esc_baja","aporte_alto",0.6,0.25,0.15,0.2025,0.55,0.2475,0.755346811811202,0.191527450730427,0.053125737458371,0.114888946282358,0.214888946282358,0.670222107435283,0.0544666838847075,0.0866355888437679,0.0844666838847075,0.144635588843768,0.221066632230585,0.408728822312464,"receptora_degradada",0.408728822312464,"receptora_conservada",0.221066632230585,0.187662190081879,0.869634449471459
514,"Sec Bosque Tropical","Phaeozem","15°-35°",862142.762695312,228816.444671631,74953090.08,18.1323730235571,"Baja","Baja","Alta","forestal_secundaria","suelo_infiltracion_alta","pend_alta","prec_baja","esc_baja","aporte_alto",0.2,0.3,0.5,0.63,0.235,0.135,0.968403074295474,0.020068317677199,0.0115286080273271,0.102156276686593,0.202156276686593,0.695687446626815,0.0792506404782237,0.0506468830059778,0.137250640478224,0.0806468830059778,0.423498719043553,0.228706233988044,"receptora_conservada",0.423498719043553,"receptora_degradada",0.228706233988044,0.194792485055508,0.853287686945143
515,"Pastizal","Leptosol","6°-15°",489590.875366211,141280.682281494,7697847.34,15.8564514114107,"Baja","Baja","Media","agropecuaria","suelo_infiltracion_baja","pend_media","prec_baja","esc_baja","aporte_medio",0.7,0.2,0.1,0.54,0.28,0.18,0.954813359528487,0.0275049115913556,0.0176817288801572,0.292337917485265,0.509037328094303,0.198624754420432,0.10770137524558,0.189555992141454,0.172711198428291,0.315241650294695,0.0795874263261297,0.135202357563851,"transferencia_degradada",0.315241650294695,"aporte_degradada",0.189555992141454,0.125685658153242,0.945682388037966
516,"Sec Bosque Templado","Phaeozem","15°-35°",942559.993041992,253422.431762695,253422.43,12.4428170051046,"Baja","Baja","Baja","forestal_secundaria","suelo_infiltracion_alta","pend_alta","prec_baja","esc_baja","aporte_bajo",0.2,0.3,0.5,0.63,0.235,0.135,0.968403074295474,0.020068317677199,0.0115286080273271,0.504312553373185,0.297843723313407,0.197843723313407,0.312501280956447,0.171293766011956,0.192749359521776,0.109353116994022,0.134749359521776,0.0793531169940222,"aporte_conservada",0.312501280956447,"transferencia_conservada",0.192749359521776,0.119751921434671,0.946676444656115
517,"Sec Bosque Templado","Phaeozem","15°-35°",3496575.41455078,952148.854797363,952148.85,13.7664777068487,"Alta","Alta","Baja","forestal_secundaria","suelo_infiltracion_alta","pend_alta","prec_alta","esc_alta","aporte_bajo",0.15,0.25,0.6,0.1725,0.2725,0.555,0.0182166820390889,0.127144521389198,0.854638796571713,0.683642211453262,0.208178894273369,0.108178894273369,0.416512482642892,0.225092663435979,0.140743758678554,0.0824536682820106,0.0827437586785539,0.0524536682820106,"aporte_conservada",0.416512482642892,"aporte_degradada",0.225092663435979,0.191419819206913,0.861178644934024
518,"Pastizal","Luvisol","15°-35°",1705495.484375,508788.111053467,508788.11,13.1397888874771,"Media","Media","Baja","agropecuaria","suelo_infiltracion_media","pend_alta","prec_media","esc_media","aporte_bajo",0.25,0.6,0.15,0.185,0.62,0.195,0.0160311958405546,0.967071057192374,0.0168977469670711,0.600086655112652,0.249956672443674,0.149956672443674,0.200025996533795,0.368050259965338,0.0949870017331022,0.164974870017331,0.0649870017331022,0.106974870017331,"aporte_degradada",0.368050259965338,"aporte_conservada",0.200025996533795,0.168024263431542,0.90827739396938
519,"Pastizal","Phaeozem","1°-3°",1058970.70239258,357847.463867188,6569419.46,15.6979361765244,"Baja","Baja","Media","agropecuaria","suelo_infiltracion_alta","pend_baja","prec_baja","esc_baja","aporte_medio",0.2,0.5,0.3,0.61,0.245,0.145,0.723973967540467,0.25890387475191,0.0171221577076232,0.257739987245689,0.555205206491907,0.187054806262405,0.0973219961737066,0.1694891926025,0.186561561947572,0.342019019765306,0.0761164418787214,0.128491787632195,"transferencia_degradada",0.342019019765306,"transferencia_conservada",0.186561561947572,0.155457457817734,0.930618213678033
520,"Pastizal","Phaeozem","6°-15°",1453529.42407227,483728.933532715,2902565.55,14.8811059208012,"Media","Media","Media","agropecuaria","suelo_infiltracion_alta","pend_media","prec_media","esc_media","aporte_medio",0.1,0.7,0.2,0.185,0.64,0.175,0.0155723905723906,0.96969696969697,0.0147306397306397,0.151599326599327,0.696885521885522,0.151515151515152,0.065479797979798,0.107927609427609,0.229065656565657,0.424193602693603,0.0654545454545455,0.107878787878788,"transferencia_degradada",0.424193602693603,"transferencia_conservada",0.229065656565657,0.195127946127946,0.858826171187244
521,"Sec Bosque Templado","Regosol","15°-35°",3832884.15551758,1065362.2467041,2224393.29,14.6149952073079,"Alta","Alta","Media","forestal_secundaria","suelo_infiltracion_baja","pend_alta","prec_alta","esc_alta","aporte_medio",0.3,0.5,0.2,0.145,0.245,0.61,0.0127528583992964,0.0215479331574318,0.965699208443272,0.103627968337731,0.697449428320141,0.198922603342128,0.0801042216358839,0.0510883905013193,0.424520668425682,0.229234828496042,0.135375109938434,0.0796767810026385,"transferencia_conservada",0.424520668425682,"transferencia_degradada",0.229234828496042,0.195285839929639,0.852698679496852
522,"Sec Bosque Tropical","Regosol","15°-35°",2908945.98132324,903254.697479248,3127647.99,14.9557921588776,"Alta","Media","Media","forestal_secundaria","suelo_infiltracion_baja","pend_alta","prec_alta","esc_media","aporte_medio",0.3,0.5,0.2,0.145,0.245,0.61,0.0156826665551065,0.180705574793063,0.803611758651831,0.112171812050674,0.696863466688979,0.190964721260347,0.0850596509893912,0.0536515436152023,0.424180810679608,0.229059040006694,0.130759538331001,0.0772894163781041,"transferencia_conservada",0.424180810679608,"transferencia_degradada",0.229059040006694,0.195121770672914,0.854922273968882
523,"Sec Bosque Templado","Regosol","15°-35°",3784482.02062988,1121000.56726074,1121000.57,13.9297331025886,"Alta","Alta","Baja","forestal_secundaria","suelo_infiltracion_baja","pend_alta","prec_alta","esc_alta","aporte_bajo",0.3,0.5,0.2,0.145,0.245,0.61,0.0127528583992964,0.0215479331574318,0.965699208443272,0.695294635004397,0.202352682497801,0.102352682497801,0.42327088830255,0.228588390501319,0.137364555848725,0.0807058047493404,0.0793645558487247,0.0507058047493404,"aporte_conservada",0.42327088830255,"aporte_degradada",0.228588390501319,0.194682497801231,0.853549573152347
524,"Agricultura","Phaeozem","1°-3°",648445.363647461,216799.984588623,2342393.71,14.6666843443791,"Baja","Baja","Media","agropecuaria","suelo_infiltracion_alta","pend_baja","prec_baja","esc_baja","aporte_medio",0.2,0.5,0.3,0.61,0.245,0.145,0.965699208443272,0.0215479331574318,0.0127528583992964,0.294217238346526,0.506860158311346,0.198922603342128,0.108265171503958,0.190645998240985,0.172058047493404,0.31397889182058,0.0796767810026385,0.135375109938434,"transferencia_degradada",0.31397889182058,"aporte_degradada",0.190645998240985,0.123332893579595,0.94625592447414
525,"Sec Bosque Tropical","Luvisol","15°-35°",1520779.29699707,506390.155334473,506390.16,13.1350646931037,"Media","Media","Baja","forestal_secundaria","suelo_infiltracion_media","pend_alta","prec_media","esc_media","aporte_bajo",0.15,0.6,0.25,0.195,0.62,0.185,0.0168977469670711,0.967071057192374,0.0160311958405546,0.599913344887348,0.250043327556326,0.150043327556326,0.367949740034662,0.199974003466205,0.165025129982669,0.0950129982668977,0.107025129982669,0.0650129982668977,"aporte_conservada",0.367949740034662,"aporte_degradada",0.199974003466205,0.167975736568458,0.908361652147633
526,"Pastizal","Regosol","6°-15°",1237084.93518066,389866.005157471,48765337.93,17.7025303506358,"Media","Media","Alta","agropecuaria","suelo_infiltracion_baja","pend_media","prec_media","esc_media","aporte_alto",0.6,0.25,0.15,0.2025,0.55,0.2475,0.173767476628971,0.796197196535432,0.0300353268355975,0.142813392510331,0.242813392510331,0.614373214979337,0.0628440177530994,0.102831767655992,0.0928440177530994,0.160831767655992,0.204311964493801,0.376336464688016,"receptora_degradada",0.376336464688016,"receptora_conservada",0.204311964493801,0.172024500194214,0.901144159620408
527,"Sec Bosque Tropical","Luvisol","6°-15°",919646.520141602,268174.460357666,2137897.43,14.5753338624227,"Baja","Baja","Media","forestal_secundaria","suelo_infiltracion_media","pend_media","prec_baja","esc_baja","aporte_medio",0.15,0.6,0.25,0.61,0.245,0.145,0.965699208443272,0.0215479331574318,0.0127528583992964,0.294217238346526,0.506860158311346,0.198922603342128,0.190645998240985,0.108265171503958,0.31397889182058,0.172058047493404,0.135375109938434,0.0796767810026385,"transferencia_conservada",0.31397889182058,"aporte_conservada",0.190645998240985,0.123332893579595,0.94625592447414
528,"Sec Bosque Tropical","Luvisol","15°-35°",487514.728027344,141503.932250977,1289316.72,14.0696237371965,"Baja","Baja","Baja","forestal_secundaria","suelo_infiltracion_media","pend_alta","prec_baja","esc_baja","aporte_bajo",0.2,0.5,0.3,0.61,0.245,0.145,0.965699208443272,0.0215479331574318,0.0127528583992964,0.504705364995602,0.297647317502199,0.197647317502199,0.312729111697449,0.171411609498681,0.192635444151275,0.10929419525066,0.134635444151275,0.0792941952506596,"aporte_conservada",0.312729111697449,"transferencia_conservada",0.192635444151275,0.120093667546174,0.946552043807644
529,"Pastizal","Luvisol","15°-35°",1238003.88427734,318729.66708374,318729.67,12.6721017304786,"Media","Baja","Baja","agropecuaria","suelo_infiltracion_media","pend_alta","prec_media","esc_baja","aporte_bajo",0.25,0.6,0.15,0.185,0.62,0.195,0.420795005298052,0.546809153670787,0.0323958410311605,0.561160083573311,0.269419958213345,0.169419958213345,0.188348025071993,0.34547284847252,0.100825987464003,0.17626357576374,0.0708259874640034,0.11826357576374,"aporte_degradada",0.34547284847252,"aporte_conservada",0.188348025071993,0.157124823400527,0.925847221660221
530,"Pastizal","Cambisol","1°-3°",536439.463378906,190481.489807129,190481.49,12.1573155533139,"Baja","Baja","Baja","agropecuaria","suelo_infiltracion_media","pend_baja","prec_baja","esc_baja","aporte_bajo",0.3,0.5,0.2,0.59,0.255,0.155,0.962828649138713,0.0231187669990934,0.014052583862194,0.505122393472348,0.297438803263826,0.197438803263826,0.171536718041704,0.312970988213962,0.109231640979148,0.192514505893019,0.0792316409791478,0.134514505893019,"aporte_degradada",0.312970988213962,"transferencia_degradada",0.192514505893019,0.120456482320943,0.946419676621854
531,"Pastizal","Regosol","6°-15°",1899961.52929688,641786.92855835,641786.93,13.3720132009993,"Media","Media","Baja","agropecuaria","suelo_infiltracion_baja","pend_media","prec_media","esc_media","aporte_bajo",0.6,0.25,0.15,0.2025,0.55,0.2475,0.0195652173913044,0.956521739130435,0.0239130434782609,0.600434782608696,0.249782608695652,0.149782608695652,0.200130434782609,0.368252173913043,0.0949347826086956,0.164873913043478,0.0649347826086956,0.106873913043478,"aporte_degradada",0.368252173913043,"aporte_conservada",0.200130434782609,0.168121739130435,0.908107980650169
532,"Pastizal","Regosol","6°-15°",2846917.00756836,1005547.94631958,1628830.35,14.3033733524517,"Alta","Alta","Media","agropecuaria","suelo_infiltracion_baja","pend_media","prec_alta","esc_alta","aporte_medio",0.5,0.3,0.2,0.135,0.235,0.63,0.0118465975286843,0.0370317829331456,0.95112161953817,0.104220908652394,0.697630680494263,0.198148410853343,0.0512662725957182,0.0804481270183886,0.229289204148279,0.424625794686673,0.0794445232560028,0.134926078294939,"transferencia_degradada",0.424625794686673,"transferencia_conservada",0.229289204148279,0.195336590538394,0.852743186633922
533,"Pastizal","Regosol","6°-15°",6178503.42248535,2207800.8380127,5427666.27,15.5070199992371,"Alta","Alta","Media","agropecuaria","suelo_infiltracion_baja","pend_media","prec_alta","esc_alta","aporte_medio",0.5,0.3,0.2,0.135,0.235,0.63,0.0115286080273271,0.020068317677199,0.968403074295474,0.103309137489325,0.697694278394535,0.19899658411614,0.0509927412467976,0.0799192997438087,0.22930828351836,0.42466268146883,0.079698975234842,0.135418018787361,"transferencia_degradada",0.42466268146883,"transferencia_conservada",0.22930828351836,0.19535439795047,0.852486696354246
534,"Sec Bosque Tropical","Regosol","6°-15°",1645275.2565918,542943.453857422,542943.45,13.2047622916571,"Media","Media","Baja","forestal_secundaria","suelo_infiltracion_baja","pend_media","prec_media","esc_media","aporte_bajo",0.2,0.7,0.1,0.175,0.64,0.185,0.0147306397306397,0.96969696969697,0.0155723905723906,0.600084175084175,0.249957912457912,0.149957912457912,0.368048821548822,0.200025252525252,0.164975589225589,0.0949873737373737,0.106975589225589,0.0649873737373737,"aporte_conservada",0.368048821548822,"aporte_degradada",0.200025252525252,0.168023569023569,0.908278600067441
535,"Pastizal","Regosol","6°-15°",1073752.31152344,369762.08605957,369762.09,12.8206177822453,"Media","Baja","Baja","agropecuaria","suelo_infiltracion_baja","pend_media","prec_media","esc_baja","aporte_bajo",0.6,0.25,0.15,0.2025,0.55,0.2475,0.238567397211597,0.728824528463235,0.0326080743251677,0.579404067711357,0.260297966144321,0.160297966144321,0.193821220313407,0.356054359272587,0.0980893898432964,0.170972820363706,0.0680893898432964,0.112972820363706,"aporte_degradada",0.356054359272587,"aporte_conservada",0.193821220313407,0.16223313895918,0.917950372147591
536,"Pastizal","Regosol","1°-3°",1474821.30432129,512392.514770508,512392.51,13.1468481830385,"Media","Media","Baja","agropecuaria","suelo_infiltracion_baja","pend_baja","prec_media","esc_media","aporte_bajo",0.5,0.3,0.2,0.205,0.56,0.235,0.0194866920152091,0.958174904942966,0.0223384030418251,0.600285171102662,0.249857414448669,0.149857414448669,0.200085551330798,0.368165399239544,0.0949572243346008,0.164917300380228,0.0649572243346008,0.106917300380228,"aporte_degradada",0.368165399239544,"aporte_conservada",0.200085551330798,0.168079847908745,0.908180814712863
537,"Pastizal","Regosol","6°-15°",1067039.20556641,363135.745605469,1484136.31,14.2103442253833,"Media","Baja","Media","agropecuaria","suelo_infiltracion_baja","pend_media","prec_media","esc_baja","aporte_medio",0.6,0.25,0.15,0.2025,0.55,0.2475,0.262428920090349,0.704015632925201,0.0335554469844498,0.18768656566433,0.64751421598193,0.16479921835374,0.076305969699299,0.128858208085311,0.214254264794579,0.395558245269519,0.069439765506122,0.115583546645169,"transferencia_degradada",0.395558245269519,"transferencia_conservada",0.214254264794579,0.18130398047494,0.888473822401008
538,"Pastizal","Phaeozem","1°-3°",1411796.31384277,457337.098114014,42684356.16,17.5693430682218,"Media","Media","Alta","agropecuaria","suelo_infiltracion_alta","pend_baja","prec_media","esc_media","aporte_alto",0.1,0.7,0.2,0.185,0.64,0.175,0.0155723905723906,0.96969696969697,0.0147306397306397,0.149957912457912,0.249957912457912,0.600084175084175,0.0649873737373737,0.106975589225589,0.0949873737373737,0.164975589225589,0.200025252525252,0.368048821548822,"receptora_degradada",0.368048821548822,"receptora_conservada",0.200025252525252,0.168023569023569,0.908278600067441
539,"Pastizal","Regosol","6°-15°",2111115.81872559,668665.914642334,3902757.9,15.1771942712596,"Alta","Media","Media","agropecuaria","suelo_infiltracion_baja","pend_media","prec_alta","esc_media","aporte_medio",0.5,0.3,0.2,0.135,0.235,0.63,0.027027027027027,0.846846846846847,0.126126126126126,0.147747747747748,0.694594594594594,0.157657657657658,0.0643243243243243,0.105693693693694,0.228378378378378,0.422864864864865,0.0672972972972973,0.111441441441441,"transferencia_degradada",0.422864864864865,"transferencia_conservada",0.228378378378378,0.194486486486486,0.860255559361577
540,"Sec Bosque Tropical","Regosol","6°-15°",1944830.62902832,671980.806396484,671980.81,13.4179865506865,"Media","Media","Baja","forestal_secundaria","suelo_infiltracion_baja","pend_media","prec_media","esc_media","aporte_bajo",0.2,0.7,0.1,0.175,0.64,0.185,0.0147306397306397,0.96969696969697,0.0155723905723906,0.600084175084175,0.249957912457912,0.149957912457912,0.368048821548822,0.200025252525252,0.164975589225589,0.0949873737373737,0.106975589225589,0.0649873737373737,"aporte_conservada",0.368048821548822,"aporte_degradada",0.200025252525252,0.168023569023569,0.908278600067441
541,"Urbano","Cambisol","1°-3°",2444570.14660645,874109.290893555,874109.29,13.6809618366077,"Alta","Media","Baja","antropica","suelo_infiltracion_media","pend_baja","prec_alta","esc_media","aporte_bajo",0.5,0.3,0.2,0.135,0.235,0.63,0.0152613081635102,0.219192907642446,0.765545784194044,0.675028447603053,0.212485776198473,0.112485776198473,0.155005689520611,0.479019344370076,0.0624971552396947,0.164490327814962,0.0424971552396947,0.0964903278149619,"aporte_degradada",0.479019344370076,"transferencia_degradada",0.164490327814962,0.314529016555114,0.821291140272049
542,"Pastizal","Cambisol","1°-3°",1588029.97766113,530229.085601807,1727846.15,14.3623867695727,"Media","Media","Media","agropecuaria","suelo_infiltracion_media","pend_baja","prec_media","esc_media","aporte_medio",0.2,0.7,0.1,0.175,0.64,0.185,0.0147306397306397,0.96969696969697,0.0155723905723906,0.151430976430976,0.697053872053872,0.151515151515152,0.0654292929292929,0.107829966329966,0.229116161616162,0.424291245791246,0.0654545454545455,0.107878787878788,"transferencia_degradada",0.424291245791246,"transferencia_conservada",0.229116161616162,0.195175084175084,0.858716238328341
543,"Pastizal","Phaeozem","1°-3°",2270899.82800293,740680.476226807,1317131.18,14.0909673401539,"Alta","Media","Baja","agropecuaria","suelo_infiltracion_alta","pend_baja","prec_alta","esc_media","aporte_bajo",0.15,0.6,0.25,0.155,0.255,0.59,0.0241970459301522,0.589308693000018,0.38649426106983,0.636229721513968,0.231885139243016,0.131885139243016,0.21086891645419,0.389013238478101,0.0895655417729048,0.154493380760949,0.0595655417729048,0.0964933807609493,"aporte_degradada",0.389013238478101,"aporte_conservada",0.21086891645419,0.178144322023911,0.889507647008624
544,"Pastizal","Cambisol","1°-3°",1651452.58972168,562984.387329102,3351381.45,15.0248834903175,"Media","Media","Media","agropecuaria","suelo_infiltracion_media","pend_baja","prec_media","esc_media","aporte_medio",0.2,0.7,0.1,0.175,0.64,0.185,0.0147306397306397,0.96969696969697,0.0155723905723906,0.151430976430976,0.697053872053872,0.151515151515152,0.0654292929292929,0.107829966329966,0.229116161616162,0.424291245791246,0.0654545454545455,0.107878787878788,"transferencia_degradada",0.424291245791246,"transferencia_conservada",0.229116161616162,0.195175084175084,0.858716238328341
545,"Agricultura","Phaeozem","3°-6°",596447.159790039,185220.45993042,39569850.73,17.493578066324,"Baja","Baja","Alta","agropecuaria","suelo_infiltracion_alta","pend_media","prec_baja","esc_baja","aporte_alto",0.15,0.6,0.25,0.61,0.245,0.145,0.965699208443272,0.0215479331574318,0.0127528583992964,0.102352682497801,0.202352682497801,0.695294635004397,0.0507058047493404,0.0793645558487247,0.0807058047493404,0.137364555848725,0.228588390501319,0.423270888302551,"receptora_degradada",0.423270888302551,"receptora_conservada",0.228588390501319,0.194682497801231,0.853549573152347
546,"Agricultura","Phaeozem","1°-3°",3584012.11730957,1097785.51135254,39028538.76,17.4798037251851,"Alta","Alta","Alta","agropecuaria","suelo_infiltracion_alta","pend_baja","prec_alta","esc_alta","aporte_alto",0.15,0.6,0.25,0.155,0.255,0.59,0.014052583862194,0.0231187669990934,0.962828649138713,0.197438803263826,0.297438803263826,0.505122393472348,0.0792316409791478,0.134514505893019,0.109231640979148,0.192514505893019,0.171536718041704,0.312970988213962,"receptora_degradada",0.312970988213962,"transferencia_degradada",0.192514505893019,0.120456482320943,0.946419676621854
547,"Pastizal","Phaeozem","1°-3°",1028614.70605469,327871.549316406,32895188.6,17.3088369922795,"Baja","Baja","Alta","agropecuaria","suelo_infiltracion_alta","pend_baja","prec_baja","esc_baja","aporte_alto",0.2,0.5,0.3,0.61,0.245,0.145,0.825644294982008,0.159071287091736,0.0152844179262559,0.109482006147212,0.209482006147212,0.681035987705575,0.0528446018441637,0.0834995635653832,0.0828446018441637,0.141499563565383,0.224310796311673,0.415000872869234,"receptora_degradada",0.415000872869234,"receptora_conservada",0.224310796311673,0.190690076557561,0.862848298564846
548,"Agricultura","Phaeozem","1°-3°",913402.022460938,293494.45413208,31682778.27,17.2712838505448,"Baja","Baja","Alta","agropecuaria","suelo_infiltracion_alta","pend_baja","prec_baja","esc_baja","aporte_alto",0.2,0.5,0.3,0.61,0.245,0.145,0.918320206040763,0.0680705374376202,0.0136092565216163,0.104764452524043,0.204764452524043,0.690471094951915,0.0514293357572128,0.0807633824639447,0.0814293357572128,0.138763382463945,0.227141328485574,0.42047323507211,"receptora_degradada",0.42047323507211,"receptora_conservada",0.227141328485574,0.193331906586536,0.856740309565149
549,"Pastizal","Cambisol","3°-6°",779348.861450195,254259.000152588,5117004.26,15.4480799157328,"Baja","Baja","Media","agropecuaria","suelo_infiltracion_media","pend_media","prec_baja","esc_baja","aporte_medio",0.25,0.6,0.15,0.59,0.255,0.155,0.962828649138713,0.0231187669990934,0.014052583862194,0.293721668177697,0.507434270172258,0.198844061650045,0.108116500453309,0.190358567543064,0.172230281051677,0.314311876699909,0.0796532184950136,0.135329555757026,"transferencia_degradada",0.314311876699909,"aporte_degradada",0.190358567543064,0.123953309156845,0.946105609084125
550,"Pastizal","Leptosol","15°-35°",3287824.35754395,949962.559814453,2694424.23,14.8066954668521,"Alta","Alta","Media","agropecuaria","suelo_infiltracion_baja","pend_alta","prec_alta","esc_alta","aporte_medio",0.6,0.25,0.15,0.1275,0.2275,0.645,0.0121508999409536,0.0981202388266343,0.889728861232412,0.107336191929522,0.697569820011809,0.195093988058668,0.0522008575788567,0.082254991319123,0.229270946003543,0.424590495606849,0.0785281964176005,0.133154513074028,"transferencia_degradada",0.424590495606849,"transferencia_conservada",0.229270946003543,0.195319549603307,0.853501074712058
551,"Sec Bosque Templado","Leptosol","15°-35°",6645304.35754395,1744461.67312622,1744461.67,14.3719571406984,"Alta","Alta","Media","forestal_secundaria","suelo_infiltracion_baja","pend_alta","prec_alta","esc_alta","aporte_medio",0.3,0.5,0.2,0.145,0.245,0.61,0.0127528583992964,0.0215479331574318,0.965699208443272,0.103627968337731,0.697449428320141,0.198922603342128,0.0801042216358839,0.0510883905013193,0.424520668425682,0.229234828496042,0.135375109938434,0.0796767810026385,"transferencia_conservada",0.424520668425682,"transferencia_degradada",0.229234828496042,0.195285839929639,0.852698679496852
552,"Bosque de Encino","Regosol","15°-35°",1301268.59143066,314765.218536377,314765.22,12.6595854835415,"Media","Baja","Baja","forestal_conservada","suelo_infiltracion_baja","pend_alta","prec_media","esc_baja","aporte_bajo",0.25,0.6,0.15,0.185,0.62,0.195,0.443971904492443,0.522744828882913,0.0332832666246443,0.55893113621322,0.27053443189339,0.17053443189339,0.40007317262499,0.131786227242644,0.203963413687505,0.074106886378678,0.135963413687505,0.054106886378678,"aporte_conservada",0.40007317262499,"transferencia_conservada",0.203963413687505,0.196109758937485,0.8817082064253
553,"Sec Bosque Templado","Leptosol","15°-35°",1537786.84692383,390590.447692871,390590.45,12.8754174077842,"Media","Media","Baja","forestal_secundaria","suelo_infiltracion_baja","pend_alta","prec_media","esc_media","aporte_bajo",0.25,0.6,0.15,0.185,0.62,0.195,0.145118768950355,0.833040820475267,0.0218404105743785,0.587672164162402,0.256163917918799,0.156163917918799,0.360849855214193,0.196301649248721,0.168575072392903,0.0968491753756397,0.110575072392903,0.0668491753756396,"aporte_conservada",0.360849855214193,"aporte_degradada",0.196301649248721,0.164548205965473,0.914175773092122
554,"Pastizal","Phaeozem","6°-15°",917907.305541992,270115.253875732,9086882.56,16.0223425646854,"Baja","Baja","Media","agropecuaria","suelo_infiltracion_alta","pend_media","prec_baja","esc_baja","aporte_medio",0.15,0.6,0.25,0.61,0.245,0.145,0.965699208443272,0.0215479331574318,0.0127528583992964,0.294217238346526,0.506860158311346,0.198922603342128,0.108265171503958,0.190645998240985,0.172058047493404,0.31397889182058,0.0796767810026385,0.135375109938434,"transferencia_degradada",0.31397889182058,"aporte_degradada",0.190645998240985,0.123332893579595,0.94625592447414
555,"Sec Bosque Tropical","Regosol","6°-15°",1637237.31420898,450770.962524414,841361.41,13.6427777735998,"Media","Media","Baja","forestal_secundaria","suelo_infiltracion_baja","pend_media","prec_media","esc_media","aporte_bajo",0.2,0.7,0.1,0.175,0.64,0.185,0.0209992856791827,0.963178709552871,0.0158220047679462,0.599482271908876,0.250258864045562,0.150258864045562,0.367699717707148,0.199844681572663,0.165150141146426,0.0950776592136685,0.107150141146426,0.0650776592136685,"aporte_conservada",0.367699717707148,"aporte_degradada",0.199844681572663,0.167855036134485,0.908570991027147
556,"Sec Bosque Templado","Regosol","15°-35°",1802022.2878418,504221.151397705,504221.15,13.1307722237508,"Media","Media","Baja","forestal_secundaria","suelo_infiltracion_baja","pend_alta","prec_media","esc_media","aporte_bajo",0.25,0.6,0.15,0.185,0.62,0.195,0.0160311958405546,0.967071057192374,0.0168977469670711,0.600086655112652,0.249956672443674,0.149956672443674,0.368050259965338,0.200025996533795,0.164974870017331,0.0949870017331022,0.106974870017331,0.0649870017331022,"aporte_conservada",0.368050259965338,"aporte_degradada",0.200025996533795,0.168024263431542,0.90827739396938
557,"Sec Bosque Tropical","Regosol","15°-35°",1998301.37890625,549764.864654541,2320742.53,14.6573981793664,"Alta","Media","Media","forestal_secundaria","suelo_infiltracion_baja","pend_alta","prec_alta","esc_media","aporte_medio",0.3,0.5,0.2,0.145,0.245,0.61,0.0280735721200387,0.853823814133592,0.11810261374637,0.148305905130687,0.694385285575992,0.15730880929332,0.106017424975799,0.0644917715392062,0.422743465634076,0.228315585672798,0.111239109390126,0.0671926427879961,"transferencia_conservada",0.422743465634076,"transferencia_degradada",0.228315585672798,0.194427879961278,0.860401964033812
558,"Pastizal","Leptosol","15°-35°",3866934.48718262,1036733.80758667,34925763.79,17.3687353609348,"Alta","Alta","Alta","agropecuaria","suelo_infiltracion_baja","pend_alta","prec_alta","esc_alta","aporte_alto",0.6,0.25,0.15,0.1275,0.2275,0.645,0.0106560802340159,0.0190137902214793,0.970330129544505,0.197983702465524,0.297983702465524,0.504032595068951,0.0793951107396573,0.134830547430004,0.109395110739657,0.192830547430004,0.171209778520685,0.312338905139992,"receptora_degradada",0.312338905139992,"transferencia_degradada",0.192830547430004,0.119508357709987,0.946764939956144
559,"Pastizal","Regosol","3°-6°",466477.360961914,104152.534362793,104152.53,11.5536213395377,"Baja","Baja","Baja","agropecuaria","suelo_infiltracion_baja","pend_media","prec_baja","esc_baja","aporte_bajo",0.7,0.2,0.1,0.54,0.28,0.18,0.954813359528487,0.0275049115913556,0.0176817288801572,0.506286836935167,0.296856581532417,0.196856581532417,0.17188605108055,0.313646365422397,0.109056974459725,0.192176817288802,0.079056974459725,0.134176817288802,"aporte_degradada",0.313646365422397,"transferencia_degradada",0.192176817288802,0.121469548133595,0.946048456170975
560,"Sec Bosque Tropical","Phaeozem","15°-35°",3231577.00524902,699414.146591187,699414.15,13.4579997648009,"Alta","Media","Baja","forestal_secundaria","suelo_infiltracion_alta","pend_alta","prec_alta","esc_media","aporte_bajo",0.15,0.25,0.6,0.1725,0.2725,0.555,0.0289288261430347,0.769135393945835,0.201935779911131,0.61730069537681,0.241349652311595,0.141349652311595,0.37803440331855,0.205190208613043,0.159982798340725,0.0924048956934786,0.101982798340725,0.0624048956934786,"aporte_conservada",0.37803440331855,"aporte_degradada",0.205190208613043,0.172844194705507,0.899636541698343
561,"Sec Bosque Tropical","Phaeozem","15°-35°",2731281.06665039,649321.274230957,649321.27,13.3836844363837,"Alta","Media","Baja","forestal_secundaria","suelo_infiltracion_alta","pend_alta","prec_alta","esc_media","aporte_bajo",0.15,0.25,0.6,0.1725,0.2725,0.555,0.0306258322237017,0.870838881491345,0.0985352862849534,0.606790945406125,0.246604527296937,0.146604527296937,0.371938748335553,0.202037283621838,0.163030625832224,0.0939813581890812,0.105030625832224,0.0639813581890812,"aporte_conservada",0.371938748335553,"aporte_degradada",0.202037283621838,0.169901464713715,0.904976183840472
562,"Pastizal","Cambisol","3°-6°",982028.779174805,212563.483703613,1804278.73,14.4056720285596,"Baja","Baja","Media","agropecuaria","suelo_infiltracion_media","pend_media","prec_baja","esc_baja","aporte_medio",0.25,0.6,0.15,0.59,0.255,0.155,0.962828649138713,0.0231187669990934,0.014052583862194,0.293721668177697,0.507434270172258,0.198844061650045,0.108116500453309,0.190358567543064,0.172230281051677,0.314311876699909,0.0796532184950136,0.135329555757026,"transferencia_degradada",0.314311876699909,"aporte_degradada",0.190358567543064,0.123953309156845,0.946105609084125
563,"Pastizal","Regosol","3°-6°",2456075.81591797,542165.635620117,1574783.83,14.2696292050361,"Alta","Media","Media","agropecuaria","suelo_infiltracion_baja","pend_media","prec_alta","esc_media","aporte_medio",0.5,0.3,0.2,0.135,0.235,0.63,0.027027027027027,0.846846846846847,0.126126126126126,0.147747747747748,0.694594594594594,0.157657657657658,0.0643243243243243,0.105693693693694,0.228378378378378,0.422864864864865,0.0672972972972973,0.111441441441441,"transferencia_degradada",0.422864864864865,"transferencia_conservada",0.228378378378378,0.194486486486486,0.860255559361577
564,"Sec Bosque Tropical","Regosol","1°-3°",2243688.15161133,462314.297470093,4408289.54,15.298997539621,"Alta","Media","Media","forestal_secundaria","suelo_infiltracion_baja","pend_baja","prec_alta","esc_media","aporte_medio",0.25,0.6,0.15,0.145,0.245,0.61,0.0280735721200387,0.853823814133592,0.11810261374637,0.148305905130687,0.694385285575992,0.15730880929332,0.106017424975799,0.0644917715392062,0.422743465634076,0.228315585672798,0.111239109390126,0.0671926427879961,"transferencia_conservada",0.422743465634076,"transferencia_degradada",0.228315585672798,0.194427879961278,0.860401964033812
565,"Pastizal","Regosol","1°-3°",1965191.51928711,430526.837417603,20760279.06,16.8485521065371,"Media","Media","Media","agropecuaria","suelo_infiltracion_baja","pend_baja","prec_media","esc_media","aporte_medio",0.5,0.3,0.2,0.205,0.56,0.235,0.06941064759819,0.906382754913331,0.0242065974884795,0.159201267265305,0.686117870480362,0.154680862254333,0.0677603801795914,0.112336735013877,0.225835361144109,0.41794836487861,0.0664042586763,0.109714900107513,"transferencia_degradada",0.41794836487861,"transferencia_conservada",0.225835361144109,0.192113003734501,0.865732693987164
566,"Sec Bosque Tropical","Regosol","15°-35°",1671976.54516602,458199.498535156,774310.29,13.5597292551803,"Media","Media","Baja","forestal_secundaria","suelo_infiltracion_baja","pend_alta","prec_media","esc_media","aporte_bajo",0.25,0.6,0.15,0.185,0.62,0.195,0.0160311958405546,0.967071057192374,0.0168977469670711,0.600086655112652,0.249956672443674,0.149956672443674,0.368050259965338,0.200025996533795,0.164974870017331,0.0949870017331022,0.106974870017331,0.0649870017331022,"aporte_conservada",0.368050259965338,"aporte_degradada",0.200025996533795,0.168024263431542,0.90827739396938
567,"Sec Bosque Tropical","Phaeozem","3°-6°",640556.497192383,129918,20028928.04,16.8126882384142,"Baja","Baja","Media","forestal_secundaria","suelo_infiltracion_alta","pend_media","prec_baja","esc_baja","aporte_medio",0.2,0.3,0.5,0.63,0.235,0.135,0.968403074295474,0.020068317677199,0.0115286080273271,0.294684030742955,0.506319385140905,0.19899658411614,0.190916737830914,0.108405209222886,0.313665243381725,0.171895815542272,0.135418018787361,0.079698975234842,"transferencia_conservada",0.313665243381725,"aporte_conservada",0.190916737830914,0.122748505550811,0.94639690599231
568,"Pastizal","Regosol","3°-6°",1446808.79626465,337405.099945068,337405.1,12.7290425283615,"Media","Baja","Baja","agropecuaria","suelo_infiltracion_baja","pend_media","prec_media","esc_baja","aporte_bajo",0.6,0.25,0.15,0.2025,0.55,0.2475,0.369901956077431,0.592275601221979,0.0378224427005893,0.566792048662316,0.266603975668842,0.166603975668842,0.190037614598695,0.348739388224143,0.0999811927006526,0.174630305887928,0.0699811927006526,0.116630305887928,"aporte_degradada",0.348739388224143,"aporte_conservada",0.190037614598695,0.158701773625448,0.923472686390497
569,"Sec Bosque Tropical","Regosol","6°-15°",733115.063232422,91121.6387329102,590050.37,13.2879648798883,"Baja","Baja","Baja","forestal_secundaria","suelo_infiltracion_baja","pend_media","prec_baja","esc_baja","aporte_bajo",0.25,0.6,0.15,0.59,0.255,0.155,0.962828649138713,0.0231187669990934,0.014052583862194,0.505122393472348,0.297438803263826,0.197438803263826,0.312970988213962,0.171536718041704,0.192514505893019,0.109231640979148,0.134514505893019,0.0792316409791478,"aporte_conservada",0.312970988213962,"transferencia_conservada",0.192514505893019,0.120456482320943,0.946419676621854
570,"Sec Bosque Tropical","Regosol","6°-15°",856164.643066406,80342.994934082,6370294.17,15.6671563639944,"Baja","Baja","Media","forestal_secundaria","suelo_infiltracion_baja","pend_media","prec_baja","esc_baja","aporte_medio",0.25,0.6,0.15,0.59,0.255,0.155,0.962828649138713,0.0231187669990934,0.014052583862194,0.293721668177697,0.507434270172258,0.198844061650045,0.190358567543064,0.108116500453309,0.314311876699909,0.172230281051677,0.135329555757026,0.0796532184950136,"transferencia_conservada",0.314311876699909,"aporte_conservada",0.190358567543064,0.123953309156845,0.946105609084125
571,"Pastizal","Regosol","15°-35°",514743.44342041,11799.2567214966,321194168.21,19.5875563867277,"Baja","Baja","Alta","agropecuaria","suelo_infiltracion_baja","pend_alta","prec_baja","esc_baja","aporte_alto",0.7,0.2,0.1,0.54,0.28,0.18,0.954813359528487,0.0275049115913556,0.0176817288801572,0.103143418467584,0.203143418467584,0.693713163064833,0.0509430255402751,0.0798231827111984,0.0809430255402751,0.137823182711198,0.22811394891945,0.422353634577603,"receptora_degradada",0.422353634577603,"receptora_conservada",0.22811394891945,0.194239685658153,0.854600815359022
572,"Sec Bosque Tropical","Regosol","6°-15°",2563930.01263428,280022.286903381,3885480.03,15.172757351365,"Alta","Baja","Media","forestal_secundaria","suelo_infiltracion_baja","pend_media","prec_alta","esc_baja","aporte_medio",0.2,0.7,0.1,0.145,0.245,0.61,0.709222809894326,0.118248662216813,0.172528527888861,0.247756995089706,0.558155438021135,0.194087566889159,0.163699057152029,0.0943270985269117,0.343730154052258,0.18744663140634,0.132570788795712,0.0782262700667478,"transferencia_conservada",0.343730154052258,"transferencia_degradada",0.18744663140634,0.156283522645918,0.930408793354635
573,"Pastizal","Regosol","6°-15°",1812046.28637695,275435.801361084,710960.02,13.4743728830912,"Media","Baja","Baja","agropecuaria","suelo_infiltracion_baja","pend_media","prec_media","esc_baja","aporte_bajo",0.6,0.25,0.15,0.2025,0.55,0.2475,0.790447393897417,0.155033272268896,0.0545193338336878,0.526407193993627,0.286796403003186,0.186796403003186,0.177922158198088,0.325316172516304,0.106038920900956,0.186341913741848,0.0760389209009559,0.128341913741848,"aporte_degradada",0.325316172516304,"transferencia_degradada",0.186341913741848,0.138974258774456,0.939257496130944
574,"Pastizal","Regosol","1°-3°",1212028.92419434,169479.284095764,256852.23,12.4562601112495,"Media","Baja","Baja","agropecuaria","suelo_infiltracion_baja","pend_baja","prec_media","esc_baja","aporte_bajo",0.5,0.3,0.2,0.205,0.56,0.235,0.822742474916388,0.124860646599777,0.052396878483835,0.522965440356745,0.288517279821628,0.188517279821628,0.176889632107023,0.323319955406912,0.106555183946488,0.187340022296544,0.0765551839464883,0.129340022296544,"aporte_degradada",0.323319955406912,"transferencia_degradada",0.187340022296544,0.135979933110368,0.940469646214226
575,"Pastizal","Regosol","1°-3°",1146223.31726074,174745.891891479,174745.89,12.071093863085,"Media","Baja","Baja","agropecuaria","suelo_infiltracion_baja","pend_baja","prec_media","esc_baja","aporte_bajo",0.5,0.3,0.2,0.205,0.56,0.235,0.822742474916388,0.124860646599777,0.052396878483835,0.522965440356745,0.288517279821628,0.188517279821628,0.176889632107023,0.323319955406912,0.106555183946488,0.187340022296544,0.0765551839464883,0.129340022296544,"aporte_degradada",0.323319955406912,"transferencia_degradada",0.187340022296544,0.135979933110368,0.940469646214226
576,"Pastizal","Regosol","6°-15°",1126456.88696289,143117.922241211,385096.23,12.8612511268402,"Media","Baja","Baja","agropecuaria","suelo_infiltracion_baja","pend_media","prec_media","esc_baja","aporte_bajo",0.6,0.25,0.15,0.2025,0.55,0.2475,0.820483961733258,0.123804164321891,0.0557118739448509,0.523522791221159,0.28823860438942,0.18823860438942,0.177056837366348,0.323643218908272,0.106471581316826,0.187178390545864,0.0764715813168261,0.129178390545864,"aporte_degradada",0.323643218908272,"transferencia_degradada",0.187178390545864,0.136464828362409,0.940274767874134
577,"Bosque Tropical","Regosol","6°-15°",305123.815368652,4622.10895711486,30574614.63,17.2356806680766,"Baja","Baja","Alta","forestal_conservada","suelo_infiltracion_baja","pend_media","prec_baja","esc_baja","aporte_alto",0.25,0.6,0.15,0.59,0.255,0.155,0.962828649138713,0.0231187669990934,0.014052583862194,0.102561196736174,0.202561196736174,0.694877606527652,0.0897416137805984,0.0405122393472348,0.157741613780598,0.0605122393472348,0.492516772438803,0.15897552130553,"receptora_conservada",0.492516772438803,"receptora_degradada",0.15897552130553,0.333541251133273,0.808399656748307
578,"Sec Bosque Tropical","Regosol","6°-15°",1226769.31622314,19340.7824522369,30569992.52,17.2355294818945,"Media","Baja","Alta","forestal_secundaria","suelo_infiltracion_baja","pend_media","prec_media","esc_baja","aporte_alto",0.2,0.7,0.1,0.175,0.64,0.185,0.792452830188679,0.161006289308176,0.0465408805031446,0.112704402515723,0.212704402515723,0.674591194968553,0.0853685534591195,0.053811320754717,0.14336855345912,0.083811320754717,0.411262893081761,0.222377358490566,"receptora_conservada",0.411262893081761,"receptora_degradada",0.222377358490566,0.188885534591195,0.866920046493034
579,"Pastizal","Regosol","3°-6°",170628.626831055,844.208084374666,30639302.02,17.2377941551889,"Baja","Baja","Alta","agropecuaria","suelo_infiltracion_baja","pend_media","prec_baja","esc_baja","aporte_alto",0.7,0.2,0.1,0.54,0.28,0.18,0.954813359528487,0.0275049115913556,0.0176817288801572,0.103143418467584,0.203143418467584,0.693713163064833,0.0509430255402751,0.0798231827111984,0.0809430255402751,0.137823182711198,0.22811394891945,0.422353634577603,"receptora_degradada",0.422353634577603,"receptora_conservada",0.22811394891945,0.194239685658153,0.854600815359022
580,"Bosque Tropical","Regosol","6°-15°",515720.98815918,14430.6388649941,14430.64,9.57717829742366,"Baja","Baja","Baja","forestal_conservada","suelo_infiltracion_baja","pend_media","prec_baja","esc_baja","aporte_bajo",0.25,0.6,0.15,0.59,0.255,0.155,0.962828649138713,0.0231187669990934,0.014052583862194,0.505122393472348,0.297438803263826,0.197438803263826,0.363483227561197,0.12102447869447,0.222258386219402,0.0794877606527652,0.154258386219402,0.0594877606527652,"aporte_conservada",0.363483227561197,"transferencia_conservada",0.222258386219402,0.141224841341795,0.901439480212449
581,"Sec Bosque Tropical","Regosol","15°-35°",1491795.83050537,56517.1706825579,1594803.8,14.2822619042666,"Media","Baja","Media","forestal_secundaria","suelo_infiltracion_baja","pend_alta","prec_media","esc_baja","aporte_medio",0.25,0.6,0.15,0.185,0.62,0.195,0.803377563329312,0.149577804583836,0.0470446320868516,0.268154402895054,0.539324487334138,0.192521109770808,0.175529553679131,0.100446320868516,0.3328082026538,0.181797346200241,0.131662243667069,0.0777563329312425,"transferencia_conservada",0.3328082026538,"transferencia_degradada",0.181797346200241,0.151010856453558,0.936449967508952
582,"Sec Bosque Tropical","Regosol","6°-15°",1856313.94177246,168162.591041565,168162.59,12.0326925345984,"Media","Baja","Baja","forestal_secundaria","suelo_infiltracion_baja","pend_media","prec_media","esc_baja","aporte_bajo",0.2,0.7,0.1,0.175,0.64,0.185,0.792452830188679,0.161006289308176,0.0465408805031446,0.525408805031446,0.287295597484277,0.187295597484277,0.324737106918239,0.177622641509434,0.186631446540881,0.106188679245283,0.128631446540881,0.076188679245283,"aporte_conservada",0.324737106918239,"transferencia_conservada",0.186631446540881,0.138105660377358,0.939611265505845
583,"Sec Bosque Tropical","Regosol","6°-15°",1656084.10241699,87601.3502795696,87601.35,11.3805631030487,"Media","Baja","Baja","forestal_secundaria","suelo_infiltracion_baja","pend_media","prec_media","esc_baja","aporte_bajo",0.2,0.7,0.1,0.175,0.64,0.185,0.792452830188679,0.161006289308176,0.0465408805031446,0.525408805031446,0.287295597484277,0.187295597484277,0.324737106918239,0.177622641509434,0.186631446540881,0.106188679245283,0.128631446540881,0.076188679245283,"aporte_conservada",0.324737106918239,"transferencia_conservada",0.186631446540881,0.138105660377358,0.939611265505845
584,"Sec Bosque Tropical","Regosol","6°-15°",2657519.98504639,279790.747193575,325829516.24,19.6018848492917,"Alta","Baja","Alta","forestal_secundaria","suelo_infiltracion_baja","pend_media","prec_alta","esc_baja","aporte_alto",0.2,0.7,0.1,0.145,0.245,0.61,0.710539544049471,0.116826716962393,0.172633738988136,0.123104709746933,0.223104709746933,0.653790580506133,0.0914007316532213,0.05693141292408,0.149400731653221,0.08693141292408,0.399198536693557,0.21613717415184,"receptora_conservada",0.399198536693557,"receptora_degradada",0.21613717415184,0.183061362541717,0.879514345314266
585,"Sec Bosque Tropical","Regosol","15°-35°",386667.045471191,17550.3158304691,327991491.22,19.6084982276584,"Baja","Baja","Alta","forestal_secundaria","suelo_infiltracion_baja","pend_alta","prec_baja","esc_baja","aporte_alto",0.3,0.5,0.2,0.59,0.255,0.155,0.962828649138713,0.0231187669990934,0.014052583862194,0.102561196736174,0.202561196736174,0.694877606527652,0.079485494106981,0.0507683590208522,0.137485494106981,0.0807683590208522,0.423029011786038,0.228463281958296,"receptora_conservada",0.423029011786038,"receptora_degradada",0.228463281958296,0.194565729827743,0.853827266990514
586,"Sec Bosque Tropical","Regosol","6°-15°",767931.47644043,86964.7537612915,86964.75,11.3732696419642,"Baja","Baja","Baja","forestal_secundaria","suelo_infiltracion_baja","pend_media","prec_baja","esc_baja","aporte_bajo",0.25,0.6,0.15,0.59,0.255,0.155,0.962828649138713,0.0231187669990934,0.014052583862194,0.505122393472348,0.297438803263826,0.197438803263826,0.312970988213962,0.171536718041704,0.192514505893019,0.109231640979148,0.134514505893019,0.0792316409791478,"aporte_conservada",0.312970988213962,"transferencia_conservada",0.192514505893019,0.120456482320943,0.946419676621854
587,"Pastizal","Regosol","6°-15°",321452.001708984,3498.38724647462,42011.58,10.6457243762267,"Baja","Baja","Baja","agropecuaria","suelo_infiltracion_baja","pend_media","prec_baja","esc_baja","aporte_bajo",0.7,0.2,0.1,0.54,0.28,0.18,0.954813359528487,0.0275049115913556,0.0176817288801572,0.506286836935167,0.296856581532417,0.196856581532417,0.17188605108055,0.313646365422397,0.109056974459725,0.192176817288802,0.079056974459725,0.134176817288802,"aporte_degradada",0.313646365422397,"transferencia_degradada",0.192176817288802,0.121469548133595,0.946048456170975
588,"Bosque Tropical","Regosol","6°-15°",1106975.80413818,73912.196805954,362901485.93,19.7096419695295,"Media","Baja","Alta","forestal_conservada","suelo_infiltracion_baja","pend_media","prec_media","esc_baja","aporte_alto",0.2,0.7,0.1,0.175,0.64,0.185,0.792452830188679,0.161006289308176,0.0465408805031446,0.112704402515723,0.212704402515723,0.674591194968553,0.0966389937106918,0.0425408805031447,0.164638993710692,0.0625408805031447,0.478722012578616,0.154918238993711,"receptora_conservada",0.478722012578616,"transferencia_conservada",0.164638993710692,0.314083018867924,0.821566331841558
589,"Pastizal","Regosol","15°-35°",1267420.11413574,11834.5106103616,363079006.93,19.7101310212459,"Media","Baja","Alta","agropecuaria","suelo_infiltracion_baja","pend_alta","prec_media","esc_baja","aporte_alto",0.7,0.2,0.1,0.2,0.54,0.26,0.818181818181818,0.122727272727273,0.0590909090909091,0.112045454545455,0.212045454545455,0.675909090909091,0.0536136363636364,0.0849863636363636,0.0836136363636364,0.142986363636364,0.222772727272727,0.412027272727273,"receptora_degradada",0.412027272727273,"receptora_conservada",0.222772727272727,0.189254545454545,0.866094000217192
590,"Sec Bosque Tropical","Regosol","6°-15°",1980681.99835205,186199.535621643,807082.18,13.6011820150507,"Media","Baja","Baja","forestal_secundaria","suelo_infiltracion_baja","pend_media","prec_media","esc_baja","aporte_bajo",0.2,0.7,0.1,0.175,0.64,0.185,0.792452830188679,0.161006289308176,0.0465408805031446,0.525408805031446,0.287295597484277,0.187295597484277,0.324737106918239,0.177622641509434,0.186631446540881,0.106188679245283,0.128631446540881,0.076188679245283,"aporte_conservada",0.324737106918239,"transferencia_conservada",0.186631446540881,0.138105660377358,0.939611265505845
591,"Sec Bosque Tropical","Regosol","6°-15°",4595760.83428955,76554.0917127709,76554.09,11.2457658913639,"Alta","Baja","Baja","forestal_secundaria","suelo_infiltracion_baja","pend_media","prec_alta","esc_baja","aporte_bajo",0.2,0.7,0.1,0.145,0.245,0.61,0.753246753246753,0.0707070707070707,0.176046176046176,0.542279942279942,0.278860028860029,0.178860028860029,0.334522366522366,0.182683982683983,0.181738816738817,0.103658008658009,0.123738816738817,0.0736580086580087,"aporte_conservada",0.334522366522366,"aporte_degradada",0.182683982683983,0.151838383838384,0.93339723503075
592,"Sec Bosque Tropical","Regosol","15°-35°",702464.920837402,24849.8529955745,24849.85,10.1206472361712,"Baja","Baja","Baja","forestal_secundaria","suelo_infiltracion_baja","pend_alta","prec_baja","esc_baja","aporte_bajo",0.3,0.5,0.2,0.59,0.255,0.155,0.962828649138713,0.0231187669990934,0.014052583862194,0.505122393472348,0.297438803263826,0.197438803263826,0.312970988213962,0.171536718041704,0.192514505893019,0.109231640979148,0.134514505893019,0.0792316409791478,"aporte_conservada",0.312970988213962,"transferencia_conservada",0.192514505893019,0.120456482320943,0.946419676621854
593,"Sec Bosque Tropical","Regosol","6°-15°",1373632.93817139,94069.7252416611,1392610.09,14.1466910249803,"Media","Baja","Media","forestal_secundaria","suelo_infiltracion_baja","pend_media","prec_media","esc_baja","aporte_medio",0.2,0.7,0.1,0.175,0.64,0.185,0.792452830188679,0.161006289308176,0.0465408805031446,0.266540880503145,0.541509433962264,0.191949685534591,0.174593710691824,0.0999622641509434,0.334075471698113,0.182452830188679,0.131330817610063,0.0775849056603774,"transferencia_conservada",0.334075471698113,"transferencia_degradada",0.182452830188679,0.151622641509434,0.93569836589839
594,"Sec Bosque Tropical","Regosol","15°-35°",3347022.77093506,169154.318439584,329257215.58,19.6123498165859,"Alta","Baja","Alta","forestal_secundaria","suelo_infiltracion_baja","pend_alta","prec_alta","esc_baja","aporte_alto",0.3,0.5,0.2,0.145,0.245,0.61,0.753246753246753,0.0707070707070707,0.176046176046176,0.121139971139971,0.221139971139971,0.657720057720058,0.0902611832611833,0.0563419913419913,0.148261183261183,0.0863419913419913,0.401477633477633,0.217316017316017,"receptora_conservada",0.401477633477633,"receptora_degradada",0.217316017316017,0.184161616161616,0.877198558299002
595,"Bosque Tropical","Regosol","6°-15°",997327.809875488,5036.04226352647,69187.56,11.1445908100202,"Baja","Baja","Baja","forestal_conservada","suelo_infiltracion_baja","pend_media","prec_baja","esc_baja","aporte_bajo",0.25,0.6,0.15,0.59,0.255,0.155,0.962828649138713,0.0231187669990934,0.014052583862194,0.505122393472348,0.297438803263826,0.197438803263826,0.363483227561197,0.12102447869447,0.222258386219402,0.0794877606527652,0.154258386219402,0.0594877606527652,"aporte_conservada",0.363483227561197,"transferencia_conservada",0.222258386219402,0.141224841341795,0.901439480212449
596,"Agricultura","Phaeozem","15°-35°",413465.756469727,634.020778656006,367336687.7,19.7217893933593,"Baja","Baja","Alta","agropecuaria","suelo_infiltracion_alta","pend_alta","prec_baja","esc_baja","aporte_alto",0.2,0.5,0.3,0.61,0.245,0.145,0.965699208443272,0.0215479331574318,0.0127528583992964,0.102352682497801,0.202352682497801,0.695294635004397,0.0507058047493404,0.0793645558487247,0.0807058047493404,0.137364555848725,0.228588390501319,0.423270888302551,"receptora_degradada",0.423270888302551,"receptora_conservada",0.228588390501319,0.194682497801231,0.853549573152347
597,"Sec Bosque Tropical","Regosol","6°-15°",658250.853515625,0,0,0,"Baja","Baja","Muy Baja","forestal_secundaria","suelo_infiltracion_baja","pend_media","prec_baja","esc_baja","aporte_muy_bajo",0.25,0.6,0.15,0.59,0.255,0.155,0.962828649138713,0.0231187669990934,0.014052583862194,0.505122393472348,0.297438803263826,0.197438803263826,0.312970988213962,0.171536718041704,0.192514505893019,0.109231640979148,0.134514505893019,0.0792316409791478,"aporte_conservada",0.312970988213962,"transferencia_conservada",0.192514505893019,0.120456482320943,0.946419676621854
598,"Pastizal","Regosol","6°-15°",1639363.2644043,877.78332708776,877.78,6.7785345819447,"Media","Baja","Baja","agropecuaria","suelo_infiltracion_baja","pend_media","prec_media","esc_baja","aporte_bajo",0.6,0.25,0.15,0.2025,0.55,0.2475,0.820483961733258,0.123804164321891,0.0557118739448509,0.523522791221159,0.28823860438942,0.18823860438942,0.177056837366348,0.323643218908272,0.106471581316826,0.187178390545864,0.0764715813168261,0.129178390545864,"aporte_degradada",0.323643218908272,"transferencia_degradada",0.187178390545864,0.136464828362409,0.940274767874134
599,"Sec Bosque Tropical","Regosol","6°-15°",896067.388244629,40964.1398286819,40964.14,10.6204767401216,"Baja","Baja","Baja","forestal_secundaria","suelo_infiltracion_baja","pend_media","prec_baja","esc_baja","aporte_bajo",0.25,0.6,0.15,0.59,0.255,0.155,0.962828649138713,0.0231187669990934,0.014052583862194,0.505122393472348,0.297438803263826,0.197438803263826,0.312970988213962,0.171536718041704,0.192514505893019,0.109231640979148,0.134514505893019,0.0792316409791478,"aporte_conservada",0.312970988213962,"transferencia_conservada",0.192514505893019,0.120456482320943,0.946419676621854
600,"Sec Bosque Tropical","Regosol","6°-15°",1192750.2130127,124351.43453598,124351.43,11.730874990657,"Media","Baja","Baja","forestal_secundaria","suelo_infiltracion_baja","pend_media","prec_media","esc_baja","aporte_bajo",0.2,0.7,0.1,0.175,0.64,0.185,0.792452830188679,0.161006289308176,0.0465408805031446,0.525408805031446,0.287295597484277,0.187295597484277,0.324737106918239,0.177622641509434,0.186631446540881,0.106188679245283,0.128631446540881,0.076188679245283,"aporte_conservada",0.324737106918239,"transferencia_conservada",0.186631446540881,0.138105660377358,0.939611265505845
601,"Sec Bosque Tropical","Regosol","3°-6°",1476063.40966797,247990.290939331,247990.29,12.4211489035626,"Media","Baja","Baja","forestal_secundaria","suelo_infiltracion_baja","pend_media","prec_media","esc_baja","aporte_bajo",0.2,0.7,0.1,0.175,0.64,0.185,0.792452830188679,0.161006289308176,0.0465408805031446,0.525408805031446,0.287295597484277,0.187295597484277,0.324737106918239,0.177622641509434,0.186631446540881,0.106188679245283,0.128631446540881,0.076188679245283,"aporte_conservada",0.324737106918239,"transferencia_conservada",0.186631446540881,0.138105660377358,0.939611265505845
602,"Bosque Tropical","Cambisol","15°-35°",361798.072692871,18.4406901886687,18.44,2.96733279903229,"Baja","Baja","Muy Baja","forestal_conservada","suelo_infiltracion_media","pend_alta","prec_baja","esc_baja","aporte_muy_bajo",0.2,0.3,0.5,0.63,0.235,0.135,0.968403074295474,0.020068317677199,0.0115286080273271,0.504312553373185,0.297843723313407,0.197843723313407,0.362932536293766,0.120862510674637,0.222533731853117,0.0795687446626815,0.154533731853117,0.0595687446626815,"aporte_conservada",0.362932536293766,"transferencia_conservada",0.222533731853117,0.140398804440649,0.901697307016653
603,"Sec Bosque Tropical","Regosol","15°-35°",706855.006591797,21770.8847551346,21770.88,9.98837450787254,"Baja","Baja","Baja","forestal_secundaria","suelo_infiltracion_baja","pend_alta","prec_baja","esc_baja","aporte_bajo",0.3,0.5,0.2,0.59,0.255,0.155,0.962828649138713,0.0231187669990934,0.014052583862194,0.505122393472348,0.297438803263826,0.197438803263826,0.312970988213962,0.171536718041704,0.192514505893019,0.109231640979148,0.134514505893019,0.0792316409791478,"aporte_conservada",0.312970988213962,"transferencia_conservada",0.192514505893019,0.120456482320943,0.946419676621854
604,"Pastizal","Regosol","6°-15°",1028019.6496582,7271.54422996082,29042.42,10.2765472305996,"Baja","Baja","Baja","agropecuaria","suelo_infiltracion_baja","pend_media","prec_baja","esc_baja","aporte_bajo",0.7,0.2,0.1,0.54,0.28,0.18,0.954813359528487,0.0275049115913556,0.0176817288801572,0.506286836935167,0.296856581532417,0.196856581532417,0.17188605108055,0.313646365422397,0.109056974459725,0.192176817288802,0.079056974459725,0.134176817288802,"aporte_degradada",0.313646365422397,"transferencia_degradada",0.192176817288802,0.121469548133595,0.946048456170975
605,"Agricultura","Phaeozem","6°-15°",1238290.6027832,0,0,0,"Media","Baja","Muy Baja","agropecuaria","suelo_infiltracion_alta","pend_media","prec_media","esc_baja","aporte_muy_bajo",0.1,0.7,0.2,0.185,0.64,0.175,0.803377563329313,0.154402895054282,0.0422195416164053,0.523884197828709,0.288057901085645,0.188057901085645,0.177165259348613,0.323852834740651,0.106417370325694,0.187073582629674,0.0764173703256936,0.129073582629674,"aporte_degradada",0.323852834740651,"transferencia_degradada",0.187073582629674,0.136779252110977,0.940148109448797
606,"Bosque Tropical","Cambisol","6°-15°",1220789.13543701,0,0,0,"Media","Baja","Muy Baja","forestal_conservada","suelo_infiltracion_media","pend_media","prec_media","esc_baja","aporte_muy_bajo",0.15,0.25,0.6,0.2475,0.55,0.2025,0.85549687950072,0.105616898703793,0.0388862217954873,0.518338934229477,0.290830532885262,0.190830532885262,0.372470475276044,0.123667786845895,0.217764762361978,0.0781661065770523,0.149764762361978,0.0581661065770523,"aporte_conservada",0.372470475276044,"transferencia_conservada",0.217764762361978,0.154705712914066,0.897067970576588
607,"Bosque Tropical","Cambisol","6°-15°",2538776.14898682,0,0,0,"Alta","Baja","Muy Baja","forestal_conservada","suelo_infiltracion_media","pend_media","prec_alta","esc_baja","aporte_muy_bajo",0.1,0.2,0.7,0.18,0.28,0.54,0.798029556650246,0.0689655172413793,0.133004926108374,0.533497536945813,0.283251231527094,0.183251231527094,0.382778325123153,0.126699507389163,0.212610837438424,0.0766502463054187,0.144610837438424,0.0566502463054187,"aporte_conservada",0.382778325123153,"transferencia_conservada",0.212610837438424,0.170167487684729,0.891673850109087
608,"Sec Bosque Tropical","Cambisol","6°-15°",633514.750488281,204.484535433352,204.48,5.32534870559907,"Baja","Baja","Muy Baja","forestal_secundaria","suelo_infiltracion_media","pend_media","prec_baja","esc_baja","aporte_muy_bajo",0.15,0.6,0.25,0.61,0.245,0.145,0.965699208443272,0.0215479331574318,0.0127528583992964,0.504705364995602,0.297647317502199,0.197647317502199,0.312729111697449,0.171411609498681,0.192635444151275,0.10929419525066,0.134635444151275,0.0792941952506596,"aporte_conservada",0.312729111697449,"transferencia_conservada",0.192635444151275,0.120093667546174,0.946552043807644
609,"Sec Bosque Tropical","Regosol","6°-15°",460280.674560547,4309.89846965298,4309.9,8.36890197800396,"Baja","Baja","Baja","forestal_secundaria","suelo_infiltracion_baja","pend_media","prec_baja","esc_baja","aporte_bajo",0.25,0.6,0.15,0.59,0.255,0.155,0.962828649138713,0.0231187669990934,0.014052583862194,0.505122393472348,0.297438803263826,0.197438803263826,0.312970988213962,0.171536718041704,0.192514505893019,0.109231640979148,0.134514505893019,0.0792316409791478,"aporte_conservada",0.312970988213962,"transferencia_conservada",0.192514505893019,0.120456482320943,0.946419676621854
610,"Manglar","Solonchank","1°-3°",366768.398986816,0,76554.09,11.2457658913639,"Baja","Baja","Baja","hidrofila_humedal","suelo_salino","pend_baja","prec_baja","esc_baja","aporte_bajo",0.6,0.25,0.15,0.555,0.2725,0.1725,0.957355055103019,0.0261140392908481,0.0165309056061332,0.505917585050311,0.297041207474844,0.197041207474844,0.313432199329181,0.171775275515093,0.19228390033541,0.109112362242453,0.153988021082894,0.0594082414949689,"aporte_conservada",0.313432199329181,"transferencia_conservada",0.19228390033541,0.121148298993771,0.938078096583857
611,"Bosque Tropical","Regosol","1°-3°",NA,0,0,0,NA,"Baja","Muy Baja","forestal_conservada","suelo_infiltracion_baja","pend_baja","prec_baja","esc_baja","aporte_muy_bajo",0.3,0.5,0.2,0.59,0.255,0.155,0.962828649138713,0.0231187669990934,0.014052583862194,0.505122393472348,0.297438803263826,0.197438803263826,0.363483227561197,0.12102447869447,0.222258386219402,0.0794877606527652,0.154258386219402,0.0594877606527652,"aporte_conservada",0.363483227561197,"transferencia_conservada",0.222258386219402,0.141224841341795,0.901439480212449
612,"Bosque Tropical","Phaeozem","6°-15°",504264.392272949,0,0,0,"Baja","Baja","Muy Baja","forestal_conservada","suelo_infiltracion_alta","pend_media","prec_baja","esc_baja","aporte_muy_bajo",0.2,0.3,0.5,0.63,0.235,0.135,0.968403074295474,0.020068317677199,0.0115286080273271,0.504312553373185,0.297843723313407,0.197843723313407,0.362932536293766,0.120862510674637,0.222533731853117,0.0795687446626815,0.154533731853117,0.0595687446626815,"aporte_conservada",0.362932536293766,"transferencia_conservada",0.222533731853117,0.140398804440649,0.901697307016653
613,"Bosque Tropical","Regosol","1°-3°",1132926.8059082,0,76554.09,11.2457658913639,"Media","Baja","Baja","forestal_conservada","suelo_infiltracion_baja","pend_baja","prec_media","esc_baja","aporte_bajo",0.2,0.7,0.1,0.175,0.64,0.185,0.792452830188679,0.161006289308176,0.0465408805031446,0.525408805031446,0.287295597484277,0.187295597484277,0.377277987421384,0.125081761006289,0.215361006289308,0.0774591194968553,0.147361006289308,0.0574591194968554,"aporte_conservada",0.377277987421384,"transferencia_conservada",0.215361006289308,0.161916981132075,0.894602776782792
614,"Pastizal","Regosol","6°-15°",1119676.59777832,350414.392242432,11002224.84,16.2136081593837,"Media","Baja","Media","agropecuaria","suelo_infiltracion_baja","pend_media","prec_media","esc_baja","aporte_medio",0.6,0.25,0.15,0.2025,0.55,0.2475,0.312354260629808,0.652108109485147,0.0355376298850452,0.195076257600219,0.637529147874038,0.167394594525743,0.0785228772800657,0.133144229408127,0.211258744362212,0.389766905766942,0.0702183783577228,0.117088864824931,"transferencia_degradada",0.389766905766942,"transferencia_conservada",0.211258744362212,0.178508161404731,0.893856808903019
615,"Sec Bosque Templado","Regosol","6°-15°",1092299.4621582,313880.712738037,1058081.98,13.8719693193267,"Media","Baja","Baja","forestal_secundaria","suelo_infiltracion_baja","pend_media","prec_media","esc_baja","aporte_bajo",0.2,0.7,0.1,0.175,0.64,0.185,0.42902878597574,0.538901688449504,0.0320695255747558,0.560304073959902,0.269847963020049,0.169847963020049,0.344976362896743,0.18809122218797,0.176511818551629,0.100954388906015,0.118511818551629,0.0709543889060148,"aporte_conservada",0.344976362896743,"aporte_degradada",0.18809122218797,0.156885140708772,0.926203198019718
616,"Sec Bosque Templado","Cambisol","15°-35°",2809858.2199707,744201.267425537,744201.27,13.5200681451453,"Alta","Media","Baja","forestal_secundaria","suelo_infiltracion_media","pend_alta","prec_alta","esc_media","aporte_bajo",0.2,0.5,0.3,0.155,0.255,0.59,0.0239802003319778,0.577205952375476,0.398813847292546,0.637483364696057,0.231258317651972,0.131258317651972,0.389740351523713,0.211245009408817,0.154129824238144,0.0893774952955915,0.0961298242381435,0.0593774952955915,"aporte_conservada",0.389740351523713,"aporte_degradada",0.211245009408817,0.178495342114896,0.888813390676049
617,"Sec Bosque Templado","Cambisol","15°-35°",1779745.59863281,438463.292358398,9115042.64,16.025436753796,"Media","Media","Media","forestal_secundaria","suelo_infiltracion_media","pend_alta","prec_media","esc_media","aporte_medio",0.15,0.6,0.25,0.195,0.62,0.185,0.0456674537489673,0.937331848253234,0.0170006979977981,0.156000083162455,0.690866509250207,0.153133407587338,0.110480048234224,0.0668000249487365,0.42070257536512,0.227259952775062,0.108817376400656,0.0659400222762015,"transferencia_conservada",0.42070257536512,"transferencia_degradada",0.227259952775062,0.193442622590058,0.862715940377656
618,"Bosque de Encino","Cambisol","6°-15°",1071227.3963623,261318.220672607,593249.05,13.2933712585795,"Media","Baja","Baja","forestal_conservada","suelo_infiltracion_media","pend_media","prec_media","esc_baja","aporte_bajo",0.15,0.25,0.6,0.2475,0.55,0.2025,0.85549687950072,0.105616898703793,0.0388862217954873,0.518338934229477,0.290830532885262,0.190830532885262,0.372470475276044,0.123667786845895,0.217764762361978,0.0781661065770523,0.149764762361978,0.0581661065770523,"aporte_conservada",0.372470475276044,"transferencia_conservada",0.217764762361978,0.154705712914066,0.897067970576588
619,"Sec Bosque Tropical","Regosol","6°-15°",1644798.91894531,515598.613464355,7960993.19,15.8900644482626,"Media","Media","Media","forestal_secundaria","suelo_infiltracion_baja","pend_media","prec_media","esc_media","aporte_medio",0.2,0.7,0.1,0.175,0.64,0.185,0.0147306397306397,0.96969696969697,0.0155723905723906,0.151430976430976,0.697053872053872,0.151515151515152,0.107829966329966,0.0654292929292929,0.424291245791246,0.229116161616162,0.107878787878788,0.0654545454545455,"transferencia_conservada",0.424291245791246,"transferencia_degradada",0.229116161616162,0.195175084175084,0.858716238328341
620,"Sec Bosque Tropical","Regosol","6°-15°",1892055.0880127,615237.377807617,1840911.71,14.4257720446424,"Media","Media","Media","forestal_secundaria","suelo_infiltracion_baja","pend_media","prec_media","esc_media","aporte_medio",0.2,0.7,0.1,0.175,0.64,0.185,0.0147306397306397,0.96969696969697,0.0155723905723906,0.151430976430976,0.697053872053872,0.151515151515152,0.107829966329966,0.0654292929292929,0.424291245791246,0.229116161616162,0.107878787878788,0.0654545454545455,"transferencia_conservada",0.424291245791246,"transferencia_degradada",0.229116161616162,0.195175084175084,0.858716238328341
621,"Sec Bosque Tropical","Phaeozem","1°-3°",1154763.55175781,370686.060211182,737342.84,13.5108096024026,"Media","Baja","Baja","forestal_secundaria","suelo_infiltracion_alta","pend_baja","prec_media","esc_baja","aporte_bajo",0.1,0.2,0.7,0.26,0.54,0.2,0.288531560041951,0.686406751708913,0.0250616882491356,0.573653012820718,0.263173493589641,0.163173493589641,0.352718747436017,0.192095903846216,0.172640626281992,0.0989520480768922,0.114640626281992,0.0689520480768922,"aporte_conservada",0.352718747436017,"aporte_degradada",0.192095903846216,0.160622843589801,0.920503729579063
622,"Sec Bosque Tropical","Phaeozem","6°-15°",1786105.15563965,543873.127716064,35155272.33,17.3752851885816,"Media","Media","Alta","forestal_secundaria","suelo_infiltracion_alta","pend_media","prec_media","esc_media","aporte_alto",0.15,0.25,0.6,0.2475,0.55,0.2025,0.0239130434782609,0.956521739130435,0.0195652173913043,0.149782608695652,0.249782608695652,0.600434782608696,0.106873913043478,0.0649347826086956,0.164873913043478,0.0949347826086956,0.368252173913043,0.200130434782609,"receptora_conservada",0.368252173913043,"receptora_degradada",0.200130434782609,0.168121739130435,0.908107980650169
623,"Pastizal","Phaeozem","6°-15°",1175520.22497559,382162.607543945,382162.61,12.8536040943244,"Media","Media","Baja","agropecuaria","suelo_infiltracion_alta","pend_media","prec_media","esc_media","aporte_bajo",0.1,0.7,0.2,0.185,0.64,0.175,0.163883868060823,0.816210456813751,0.0199056751254256,0.58560218070646,0.25719890964677,0.15719890964677,0.195680654211938,0.359649264809747,0.097159672894031,0.169175367595127,0.067159672894031,0.111175367595127,"aporte_degradada",0.359649264809747,"aporte_conservada",0.195680654211938,0.163968610597809,0.915132277898725
624,"Pastizal","Cambisol","6°-15°",1352060.40393066,458072.32321167,27719342,17.1376410307064,"Media","Media","Alta","agropecuaria","suelo_infiltracion_media","pend_media","prec_media","esc_media","aporte_alto",0.2,0.7,0.1,0.175,0.64,0.185,0.0147306397306397,0.96969696969697,0.0155723905723906,0.150042087542088,0.250042087542088,0.599915824915825,0.0650126262626263,0.107024410774411,0.0950126262626263,0.165024410774411,0.199974747474747,0.367951178451178,"receptora_degradada",0.367951178451178,"receptora_conservada",0.199974747474747,0.167976430976431,0.908360446816337
625,"Pastizal","Cambisol","6°-15°",2505273.51037598,794683.658752441,34611399.2,17.3596936713086,"Alta","Media","Alta","agropecuaria","suelo_infiltracion_media","pend_media","prec_alta","esc_media","aporte_alto",0.2,0.7,0.1,0.145,0.245,0.61,0.0198639115169867,0.407845732729343,0.57229035575367,0.177621322211834,0.277621322211834,0.544757355576332,0.0732863966635502,0.123020366882864,0.10328639666355,0.181020366882864,0.183427206672899,0.335959266234272,"receptora_degradada",0.335959266234272,"receptora_conservada",0.183427206672899,0.152532059561373,0.932442474113806
626,"Sec Bosque Tropical","Luvisol","6°-15°",2088851.02624512,719434.601226807,719434.6,13.4862222947018,"Alta","Media","Baja","forestal_secundaria","suelo_infiltracion_media","pend_media","prec_alta","esc_media","aporte_bajo",0.1,0.7,0.2,0.155,0.255,0.59,0.0255936196568009,0.667255258293369,0.30715112204983,0.628155750239303,0.235922124880349,0.135922124880349,0.384330335138796,0.208446725071791,0.156834832430602,0.0907766374641046,0.0988348324306022,0.0607766374641046,"aporte_conservada",0.384330335138796,"aporte_degradada",0.208446725071791,0.175883610067005,0.893908967553741
627,"Pastizal","Regosol","6°-15°",1105634.07971191,379687.396362305,379687.4,12.8471061953187,"Media","Media","Baja","agropecuaria","suelo_infiltracion_baja","pend_media","prec_media","esc_media","aporte_bajo",0.6,0.25,0.15,0.2025,0.55,0.2475,0.205244523726418,0.763470418062221,0.0312850582113602,0.582604053448494,0.258697973275753,0.158697973275753,0.194781216034548,0.357910351000127,0.0976093919827259,0.170044824499937,0.0676093919827259,0.112044824499937,"aporte_degradada",0.357910351000127,"aporte_conservada",0.194781216034548,0.163129134965578,0.916504030423427
628,"Pastizal","Regosol","6°-15°",1399713.6842041,413983.566589355,1654425.84,14.3189651865689,"Media","Media","Media","agropecuaria","suelo_infiltracion_baja","pend_media","prec_media","esc_media","aporte_medio",0.6,0.25,0.15,0.2025,0.55,0.2475,0.108355282527569,0.864206447186417,0.0274382702860132,0.164881378864835,0.678328943494486,0.156789677640679,0.0694644136594504,0.115631199741604,0.223498683048346,0.413430787226802,0.0670369032922037,0.110938013031594,"transferencia_degradada",0.413430787226802,"transferencia_conservada",0.223498683048346,0.189932104178456,0.870574059849697
629,"Sec Bosque Tropical","Regosol","3°-6°",722113.39440918,219628.354675293,51171009.21,17.7506837228182,"Baja","Baja","Alta","forestal_secundaria","suelo_infiltracion_baja","pend_media","prec_baja","esc_baja","aporte_alto",0.25,0.6,0.15,0.59,0.255,0.155,0.962828649138713,0.0231187669990934,0.014052583862194,0.102561196736174,0.202561196736174,0.694877606527652,0.079485494106981,0.0507683590208522,0.137485494106981,0.0807683590208522,0.423029011786038,0.228463281958296,"receptora_conservada",0.423029011786038,"receptora_degradada",0.228463281958296,0.194565729827743,0.853827266990514
630,"Sec Bosque Tropical","Phaeozem","15°-35°",1150440.53234863,341302.012695313,52815959.96,17.7823239939049,"Media","Baja","Alta","forestal_secundaria","suelo_infiltracion_alta","pend_alta","prec_media","esc_baja","aporte_alto",0.2,0.3,0.5,0.235,0.56,0.205,0.384823155406892,0.586214054512775,0.0289627900803328,0.132206981733672,0.232206981733672,0.635586036532656,0.0966800494055298,0.0596620945201016,0.15468004940553,0.0896620945201016,0.38863990118894,0.210675810959797,"receptora_conservada",0.38863990118894,"receptora_degradada",0.210675810959797,0.177964090229144,0.889862976680292
631,"Sec Bosque Tropical","Regosol","6°-15°",3380246.75683594,1045570.31814575,4159381.46,15.2408771741027,"Alta","Alta","Media","forestal_secundaria","suelo_infiltracion_baja","pend_media","prec_alta","esc_alta","aporte_medio",0.2,0.7,0.1,0.145,0.245,0.61,0.0127528583992964,0.0215479331574318,0.965699208443272,0.103627968337731,0.697449428320141,0.198922603342128,0.0801042216358839,0.0510883905013193,0.424520668425682,0.229234828496042,0.135375109938434,0.0796767810026385,"transferencia_conservada",0.424520668425682,"transferencia_degradada",0.229234828496042,0.195285839929639,0.852698679496852
632,"Pastizal","Luvisol","1°-3°",658881.903808594,222138.519866943,22845143.72,16.9442491678248,"Baja","Baja","Media","agropecuaria","suelo_infiltracion_media","pend_baja","prec_baja","esc_baja","aporte_medio",0.3,0.5,0.2,0.59,0.255,0.155,0.962828649138713,0.0231187669990934,0.014052583862194,0.293721668177697,0.507434270172258,0.198844061650045,0.108116500453309,0.190358567543064,0.172230281051677,0.314311876699909,0.0796532184950136,0.135329555757026,"transferencia_degradada",0.314311876699909,"aporte_degradada",0.190358567543064,0.123953309156845,0.946105609084125
633,"Pastizal","Phaeozem","1°-3°",1454865.52978516,464903.618469238,25303246.04,17.0464432869647,"Media","Media","Alta","agropecuaria","suelo_infiltracion_alta","pend_baja","prec_media","esc_media","aporte_alto",0.1,0.7,0.2,0.185,0.64,0.175,0.0155723905723906,0.96969696969697,0.0147306397306397,0.149957912457912,0.249957912457912,0.600084175084175,0.0649873737373737,0.106975589225589,0.0949873737373737,0.164975589225589,0.200025252525252,0.368048821548822,"receptora_degradada",0.368048821548822,"receptora_conservada",0.200025252525252,0.168023569023569,0.908278600067441
634,"Pastizal","Luvisol","1°-3°",2268140.00146484,728405.201965332,728405.2,13.4986141386061,"Alta","Media","Baja","agropecuaria","suelo_infiltracion_media","pend_baja","prec_alta","esc_media","aporte_bajo",0.25,0.6,0.15,0.145,0.245,0.61,0.0237254307714584,0.617617248469546,0.358657320758996,0.633493188998754,0.233253405500623,0.133253405500623,0.210047956699626,0.387426049619277,0.0899760216501869,0.155286975190361,0.059976021650187,0.0972869751903614,"aporte_degradada",0.387426049619277,"aporte_conservada",0.210047956699626,0.177378092919651,0.891012952442191
635,"Pastizal","Phaeozem","6°-15°",1969799.77661133,649512.652587891,649512.65,13.3839791310382,"Media","Media","Baja","agropecuaria","suelo_infiltracion_alta","pend_media","prec_media","esc_media","aporte_bajo",0.1,0.7,0.2,0.185,0.64,0.175,0.0155723905723906,0.96969696969697,0.0147306397306397,0.599915824915825,0.250042087542088,0.150042087542088,0.199974747474747,0.367951178451178,0.0950126262626263,0.165024410774411,0.0650126262626263,0.107024410774411,"aporte_degradada",0.367951178451178,"aporte_conservada",0.199974747474747,0.167976430976431,0.908360446816337
636,"Pastizal","Phaeozem","3°-6°",1796787.56091309,565740.033996582,1227164.42,14.020217531232,"Media","Media","Baja","agropecuaria","suelo_infiltracion_alta","pend_media","prec_media","esc_media","aporte_bajo",0.1,0.7,0.2,0.185,0.64,0.175,0.0155723905723906,0.96969696969697,0.0147306397306397,0.599915824915825,0.250042087542088,0.150042087542088,0.199974747474747,0.367951178451178,0.0950126262626263,0.165024410774411,0.0650126262626263,0.107024410774411,"aporte_degradada",0.367951178451178,"aporte_conservada",0.199974747474747,0.167976430976431,0.908360446816337
637,"Pastizal","Regosol","1°-3°",1388357.23840332,420672.801177979,420672.8,12.9496129904822,"Media","Media","Baja","agropecuaria","suelo_infiltracion_baja","pend_baja","prec_media","esc_media","aporte_bajo",0.5,0.3,0.2,0.205,0.56,0.235,0.0918557644685494,0.883097723773317,0.0250465117581334,0.593319074728958,0.253340462635521,0.153340462635521,0.197995722418688,0.364125063342796,0.0960021387906562,0.166937468328602,0.0660021387906562,0.108937468328602,"aporte_degradada",0.364125063342796,"aporte_conservada",0.197995722418688,0.166129340924108,0.911527258806605
638,"Pastizal","Phaeozem","1°-3°",1774059.61621094,605239.882904053,1423760.99,14.1688132151304,"Media","Media","Media","agropecuaria","suelo_infiltracion_alta","pend_baja","prec_media","esc_media","aporte_medio",0.1,0.7,0.2,0.185,0.64,0.175,0.0155723905723906,0.96969696969697,0.0147306397306397,0.151599326599327,0.696885521885522,0.151515151515152,0.065479797979798,0.107927609427609,0.229065656565657,0.424193602693603,0.0654545454545455,0.107878787878788,"transferencia_degradada",0.424193602693603,"transferencia_conservada",0.229065656565657,0.195127946127946,0.858826171187244
639,"Pastizal","Regosol","15°-35°",1771748.71520996,472449.816772461,472449.82,13.0656889358427,"Media","Media","Baja","agropecuaria","suelo_infiltracion_baja","pend_alta","prec_media","esc_media","aporte_bajo",0.7,0.2,0.1,0.2,0.54,0.26,0.0196463654223969,0.954813359528487,0.0255402750491159,0.600589390962672,0.249705304518664,0.149705304518664,0.200176817288802,0.36834184675835,0.0949115913555992,0.164829076620825,0.0649115913555992,0.106829076620825,"aporte_degradada",0.36834184675835,"aporte_conservada",0.200176817288802,0.168165029469548,0.908032671440731
640,"Sec Bosque Tropical","Regosol","15°-35°",1460746.22045898,377113.179199219,377113.18,12.8403032852974,"Media","Media","Baja","forestal_secundaria","suelo_infiltracion_baja","pend_alta","prec_media","esc_media","aporte_bajo",0.25,0.6,0.15,0.185,0.62,0.195,0.182243651497515,0.794494454810321,0.0232618936921635,0.584101824219465,0.257949087890268,0.157949087890268,0.35877905804729,0.195230547265839,0.169610470976355,0.0973847263670803,0.111610470976355,0.0673847263670803,"aporte_conservada",0.35877905804729,"aporte_degradada",0.195230547265839,0.16354851078145,0.915820760485211
641,"Sec Bosque Tropical","Phaeozem","1°-3°",105514.791503906,27020.5680236816,8576364.35,15.9645207628312,"Baja","Baja","Media","forestal_secundaria","suelo_infiltracion_alta","pend_baja","prec_baja","esc_baja","aporte_medio",0.15,0.25,0.6,0.645,0.2275,0.1275,0.970330129544505,0.0190137902214793,0.0106560802340159,0.295016715419975,0.505933974091099,0.199049310488926,0.191109694943585,0.108505014625992,0.313441704972837,0.17178019222733,0.135448600083577,0.0797147931466778,"transferencia_conservada",0.313441704972837,"aporte_conservada",0.191109694943585,0.122332010029252,0.946497025911327
642,"Sec Bosque Tropical","Regosol","6°-15°",1368405.18310547,406014.28237915,122382775.93,18.6226642067855,"Media","Media","Alta","forestal_secundaria","suelo_infiltracion_baja","pend_media","prec_media","esc_media","aporte_alto",0.2,0.7,0.1,0.175,0.64,0.185,0.099884449189607,0.881152380184212,0.0189631706261811,0.145953936071829,0.245953936071829,0.608092127856343,0.104653282921661,0.0637861808215486,0.162653282921661,0.0937861808215486,0.372693434156679,0.202427638356903,"receptora_conservada",0.372693434156679,"receptora_degradada",0.202427638356903,0.170265795799776,0.904326020710554
643,"Sec Bosque Tropical","Phaeozem","15°-35°",1853166.29064941,496282.15814209,65682061.47,18.000336424412,"Media","Media","Alta","forestal_secundaria","suelo_infiltracion_alta","pend_alta","prec_media","esc_media","aporte_alto",0.2,0.3,0.5,0.235,0.56,0.205,0.0223384030418251,0.958174904942966,0.0194866920152091,0.149857414448669,0.249857414448669,0.600285171102662,0.106917300380228,0.0649572243346008,0.164917300380228,0.0949572243346008,0.368165399239544,0.200085551330798,"receptora_conservada",0.368165399239544,"receptora_degradada",0.200085551330798,0.168079847908745,0.908180814712863
644,"Sec Bosque Tropical","Regosol","15°-35°",6833072.69921875,2026712.33319092,8549343.78,15.9613652040583,"Alta","Alta","Media","forestal_secundaria","suelo_infiltracion_baja","pend_alta","prec_alta","esc_alta","aporte_medio",0.3,0.5,0.2,0.145,0.245,0.61,0.0127528583992964,0.0215479331574318,0.965699208443272,0.103627968337731,0.697449428320141,0.198922603342128,0.0801042216358839,0.0510883905013193,0.424520668425682,0.229234828496042,0.135375109938434,0.0796767810026385,"transferencia_conservada",0.424520668425682,"transferencia_degradada",0.229234828496042,0.195285839929639,0.852698679496852
645,"Pastizal","Regosol","15°-35°",2289623.3425293,745283.275512695,745283.28,13.5215210084697,"Alta","Media","Baja","agropecuaria","suelo_infiltracion_baja","pend_alta","prec_alta","esc_media","aporte_bajo",0.6,0.25,0.15,0.1275,0.2275,0.645,0.0202499679462891,0.526726112792682,0.453023919261029,0.643277395131474,0.228361302434263,0.128361302434263,0.212983218539442,0.393100889176255,0.0885083907302789,0.152449555411873,0.0585083907302789,0.0944495554118725,"aporte_degradada",0.393100889176255,"aporte_conservada",0.212983218539442,0.180117670636813,0.885566589780852
646,"Pastizal","Regosol","6°-15°",2438882.92272949,775574.011993408,52499177.57,17.7763080811537,"Alta","Media","Alta","agropecuaria","suelo_infiltracion_baja","pend_media","prec_alta","esc_media","aporte_alto",0.5,0.3,0.2,0.135,0.235,0.63,0.0194681180565164,0.443609352694247,0.536922529249237,0.175872720559636,0.275872720559636,0.548254558880728,0.0727618161678908,0.122006177924589,0.102761816167891,0.180006177924589,0.184476367664218,0.337987644150822,"receptora_degradada",0.337987644150822,"receptora_conservada",0.184476367664218,0.153511276486604,0.931076244139172
647,"Pastizal","Regosol","6°-15°",765486.393554688,219002.305999756,96767067.5,18.3878172929189,"Baja","Baja","Alta","agropecuaria","suelo_infiltracion_baja","pend_media","prec_baja","esc_baja","aporte_alto",0.7,0.2,0.1,0.54,0.28,0.18,0.954813359528487,0.0275049115913556,0.0176817288801572,0.103143418467584,0.203143418467584,0.693713163064833,0.0509430255402751,0.0798231827111984,0.0809430255402751,0.137823182711198,0.22811394891945,0.422353634577603,"receptora_degradada",0.422353634577603,"receptora_conservada",0.22811394891945,0.194239685658153,0.854600815359022
648,"Sec Bosque Tropical","Leptosol","15°-35°",2286757.85021973,631631.313415527,15526069.7,16.5580311495893,"Alta","Media","Media","forestal_secundaria","suelo_infiltracion_baja","pend_alta","prec_alta","esc_media","aporte_medio",0.3,0.5,0.2,0.145,0.245,0.61,0.0280735721200387,0.853823814133592,0.11810261374637,0.148305905130687,0.694385285575992,0.15730880929332,0.106017424975799,0.0644917715392062,0.422743465634076,0.228315585672798,0.111239109390126,0.0671926427879961,"transferencia_conservada",0.422743465634076,"transferencia_degradada",0.228315585672798,0.194427879961278,0.860401964033812
649,"Pastizal","Leptosol","15°-35°",547234.920654297,155189.888397217,15944606.96,16.5846312711062,"Baja","Baja","Media","agropecuaria","suelo_infiltracion_baja","pend_alta","prec_baja","esc_baja","aporte_medio",0.7,0.2,0.1,0.54,0.28,0.18,0.954813359528487,0.0275049115913556,0.0176817288801572,0.292337917485265,0.509037328094303,0.198624754420432,0.10770137524558,0.189555992141454,0.172711198428291,0.315241650294695,0.0795874263261297,0.135202357563851,"transferencia_degradada",0.315241650294695,"aporte_degradada",0.189555992141454,0.125685658153242,0.945682388037966
650,"Pastizal","Phaeozem","6°-15°",2479697.20117188,712876.338256836,32602090.26,17.2998869933592,"Alta","Media","Alta","agropecuaria","suelo_infiltracion_alta","pend_media","prec_alta","esc_media","aporte_alto",0.1,0.7,0.2,0.155,0.255,0.59,0.0260578726154966,0.693166474340978,0.280775653043526,0.162735889021401,0.262735889021401,0.574528221957197,0.0688207667064204,0.114386815632413,0.0988207667064204,0.172386815632413,0.192358466587159,0.353226368735174,"receptora_degradada",0.353226368735174,"receptora_conservada",0.192358466587159,0.160867902148015,0.920118964181318
651,"Sec Bosque Tropical","Leptosol","15°-35°",1059904.38366699,287370.090393066,33461666.13,17.3259110768484,"Media","Baja","Alta","forestal_secundaria","suelo_infiltracion_baja","pend_alta","prec_media","esc_baja","aporte_alto",0.25,0.6,0.15,0.185,0.62,0.195,0.646935588723782,0.31200982173111,0.0410545895451085,0.119705950041066,0.219705950041066,0.660588099917867,0.0894294510238185,0.0559117850123199,0.147429451023818,0.0859117850123199,0.403141097952363,0.21817642997536,"receptora_conservada",0.403141097952363,"receptora_degradada",0.21817642997536,0.184964667977003,0.875489764742086
652,"Sec Bosque Tropical","Phaeozem","15°-35°",360204.149658203,97911.9588623047,33559578.09,17.3288328974703,"Baja","Baja","Alta","forestal_secundaria","suelo_infiltracion_alta","pend_alta","prec_baja","esc_baja","aporte_alto",0.2,0.3,0.5,0.63,0.235,0.135,0.968403074295474,0.020068317677199,0.0115286080273271,0.102156276686593,0.202156276686593,0.695687446626815,0.0792506404782237,0.0506468830059778,0.137250640478224,0.0806468830059778,0.423498719043553,0.228706233988044,"receptora_conservada",0.423498719043553,"receptora_degradada",0.228706233988044,0.194792485055508,0.853287686945143
653,"Sec Bosque Tropical","Phaeozem","1°-3°",673803.388793945,177657.656677246,8754022.01,15.9850239252422,"Baja","Baja","Media","forestal_secundaria","suelo_infiltracion_alta","pend_baja","prec_baja","esc_baja","aporte_medio",0.15,0.25,0.6,0.645,0.2275,0.1275,0.970330129544505,0.0190137902214793,0.0106560802340159,0.295016715419975,0.505933974091099,0.199049310488926,0.191109694943585,0.108505014625992,0.313441704972837,0.17178019222733,0.135448600083577,0.0797147931466778,"transferencia_conservada",0.313441704972837,"aporte_conservada",0.191109694943585,0.122332010029252,0.946497025911327
654,"Sec Bosque Tropical","Phaeozem","6°-15°",704191.244506836,211419.937438965,121707623.4,18.6171322051326,"Baja","Baja","Alta","forestal_secundaria","suelo_infiltracion_alta","pend_media","prec_baja","esc_baja","aporte_alto",0.2,0.3,0.5,0.63,0.235,0.135,0.968403074295474,0.020068317677199,0.0115286080273271,0.102156276686593,0.202156276686593,0.695687446626815,0.0792506404782237,0.0506468830059778,0.137250640478224,0.0806468830059778,0.423498719043553,0.228706233988044,"receptora_conservada",0.423498719043553,"receptora_degradada",0.228706233988044,0.194792485055508,0.853287686945143
655,"Sec Bosque Tropical","Leptosol","15°-35°",939234.231689453,269138.249725342,269138.25,12.5029841826379,"Baja","Baja","Baja","forestal_secundaria","suelo_infiltracion_baja","pend_alta","prec_baja","esc_baja","aporte_bajo",0.3,0.5,0.2,0.59,0.255,0.155,0.962828649138713,0.0231187669990934,0.014052583862194,0.505122393472348,0.297438803263826,0.197438803263826,0.312970988213962,0.171536718041704,0.192514505893019,0.109231640979148,0.134514505893019,0.0792316409791478,"aporte_conservada",0.312970988213962,"transferencia_conservada",0.192514505893019,0.120456482320943,0.946419676621854
656,"Sec Bosque Tropical","Phaeozem","15°-35°",606267.03137207,173496.824462891,173496.82,12.0639203134486,"Baja","Baja","Baja","forestal_secundaria","suelo_infiltracion_alta","pend_alta","prec_baja","esc_baja","aporte_bajo",0.2,0.3,0.5,0.63,0.235,0.135,0.968403074295474,0.020068317677199,0.0115286080273271,0.504312553373185,0.297843723313407,0.197843723313407,0.312501280956447,0.171293766011956,0.192749359521776,0.109353116994022,0.134749359521776,0.0793531169940222,"aporte_conservada",0.312501280956447,"transferencia_conservada",0.192749359521776,0.119751921434671,0.946676444656115
657,"Sec Bosque Tropical","Phaeozem","15°-35°",804183.524169922,240984.711669922,121496203.46,18.6153935812446,"Baja","Baja","Alta","forestal_secundaria","suelo_infiltracion_alta","pend_alta","prec_baja","esc_baja","aporte_alto",0.2,0.3,0.5,0.63,0.235,0.135,0.968403074295474,0.020068317677199,0.0115286080273271,0.102156276686593,0.202156276686593,0.695687446626815,0.0792506404782237,0.0506468830059778,0.137250640478224,0.0806468830059778,0.423498719043553,0.228706233988044,"receptora_conservada",0.423498719043553,"receptora_degradada",0.228706233988044,0.194792485055508,0.853287686945143
658,"Sec Bosque Tropical","Leptosol","15°-35°",845077.382080078,254644.002166748,254644,12.4476256973271,"Baja","Baja","Baja","forestal_secundaria","suelo_infiltracion_baja","pend_alta","prec_baja","esc_baja","aporte_bajo",0.3,0.5,0.2,0.59,0.255,0.155,0.962828649138713,0.0231187669990934,0.014052583862194,0.505122393472348,0.297438803263826,0.197438803263826,0.312970988213962,0.171536718041704,0.192514505893019,0.109231640979148,0.134514505893019,0.0792316409791478,"aporte_conservada",0.312970988213962,"transferencia_conservada",0.192514505893019,0.120456482320943,0.946419676621854
659,"Sec Bosque Tropical","Phaeozem","15°-35°",2573114.60144043,769354.464569092,1331385.55,14.1017314759496,"Alta","Media","Baja","forestal_secundaria","suelo_infiltracion_alta","pend_alta","prec_alta","esc_media","aporte_bajo",0.15,0.25,0.6,0.1725,0.2725,0.555,0.0248800714370568,0.526488960025937,0.448630968537006,0.642375089709995,0.228812455145003,0.128812455145003,0.392577552031797,0.212712526912998,0.152711223984101,0.0886437365435008,0.0947112239841015,0.0586437365435008,"aporte_conservada",0.392577552031797,"aporte_degradada",0.212712526912998,0.179865025118799,0.886076343136157
660,"Pastizal","Regosol","6°-15°",908099.494018555,263347.373413086,15789417.07,16.5748505312145,"Baja","Baja","Media","agropecuaria","suelo_infiltracion_baja","pend_media","prec_baja","esc_baja","aporte_medio",0.7,0.2,0.1,0.54,0.28,0.18,0.954813359528487,0.0275049115913556,0.0176817288801572,0.292337917485265,0.509037328094303,0.198624754420432,0.10770137524558,0.189555992141454,0.172711198428291,0.315241650294695,0.0795874263261297,0.135202357563851,"transferencia_degradada",0.315241650294695,"aporte_degradada",0.189555992141454,0.125685658153242,0.945682388037966
661,"Sec Bosque Templado","Leptosol","15°-35°",1225603.90771484,331801.470031738,807875.9,13.6021649744114,"Media","Baja","Baja","forestal_secundaria","suelo_infiltracion_baja","pend_alta","prec_media","esc_baja","aporte_bajo",0.25,0.6,0.15,0.185,0.62,0.195,0.352423249339797,0.617798811428584,0.0297779392316192,0.567735468989182,0.266132265505409,0.166132265505409,0.349286572013726,0.190320640696755,0.174356713993137,0.0998396796516227,0.116356713993137,0.0698396796516227,"aporte_conservada",0.349286572013726,"aporte_degradada",0.190320640696755,0.158965931316971,0.923069409469695
662,"Pastizal","Leptosol","6°-15°",394021.388549805,102833.075317383,1570931.85,14.2671801728487,"Baja","Baja","Media","agropecuaria","suelo_infiltracion_baja","pend_media","prec_baja","esc_baja","aporte_medio",0.7,0.2,0.1,0.54,0.28,0.18,0.954813359528487,0.0275049115913556,0.0176817288801572,0.292337917485265,0.509037328094303,0.198624754420432,0.10770137524558,0.189555992141454,0.172711198428291,0.315241650294695,0.0795874263261297,0.135202357563851,"transferencia_degradada",0.315241650294695,"aporte_degradada",0.189555992141454,0.125685658153242,0.945682388037966
663,"Sec Bosque Tropical","Regosol","6°-15°",2751651.12402344,786737.960754395,786737.96,13.5756517824164,"Alta","Media","Baja","forestal_secundaria","suelo_infiltracion_baja","pend_media","prec_alta","esc_media","aporte_bajo",0.2,0.7,0.1,0.145,0.245,0.61,0.0202592110426415,0.429319814613559,0.5504209743438,0.653016176330116,0.223491911834942,0.123491911834942,0.398749382271467,0.215904852899035,0.149625308864266,0.0870475735504826,0.0916253088642664,0.0570475735504826,"aporte_conservada",0.398749382271467,"aporte_degradada",0.215904852899035,0.182844529372432,0.879967274235467
664,"Sec Bosque Tropical","Regosol","6°-15°",2257069.76489258,564976.003540039,257588765.54,19.3668749430914,"Alta","Media","Alta","forestal_secundaria","suelo_infiltracion_baja","pend_media","prec_alta","esc_media","aporte_alto",0.2,0.7,0.1,0.145,0.245,0.61,0.0280735721200387,0.853823814133592,0.11810261374637,0.154501452081317,0.254501452081317,0.590997095837367,0.109610842207164,0.066350435624395,0.167610842207164,0.096350435624395,0.362778315585673,0.19729912875121,"receptora_conservada",0.362778315585673,"receptora_degradada",0.19729912875121,0.165479186834463,0.912623260399107
665,"Sec Bosque Tropical","Regosol","15°-35°",2565265.0345459,596131.92616272,259307253.32,19.3735242266698,"Alta","Media","Alta","forestal_secundaria","suelo_infiltracion_baja","pend_alta","prec_alta","esc_media","aporte_alto",0.3,0.5,0.2,0.145,0.245,0.61,0.0280735721200387,0.853823814133592,0.11810261374637,0.154501452081317,0.254501452081317,0.590997095837367,0.109610842207164,0.066350435624395,0.167610842207164,0.096350435624395,0.362778315585673,0.19729912875121,"receptora_conservada",0.362778315585673,"receptora_degradada",0.19729912875121,0.165479186834463,0.912623260399107
666,"Sec Bosque Tropical","Phaeozem","6°-15°",1305040.28845215,293369.703155518,293369.7,12.589192276037,"Media","Baja","Baja","forestal_secundaria","suelo_infiltracion_alta","pend_media","prec_media","esc_baja","aporte_bajo",0.15,0.25,0.6,0.2475,0.55,0.2025,0.685309933350172,0.279757965405597,0.0349321012442307,0.534962216789406,0.282518891605297,0.182518891605297,0.330278085737855,0.180488665036822,0.183860957131072,0.104755667481589,0.125860957131072,0.0747556674815891,"aporte_conservada",0.330278085737855,"transferencia_conservada",0.183860957131072,0.146417128606783,0.936154136176599
667,"Sec Bosque Tropical","Leptosol","15°-35°",1530573.01525879,396955.413543701,36232498.71,17.4054670560749,"Media","Media","Alta","forestal_secundaria","suelo_infiltracion_baja","pend_alta","prec_media","esc_media","aporte_alto",0.25,0.6,0.15,0.185,0.62,0.195,0.12911880926277,0.849653406278294,0.0212277844589356,0.144605448759808,0.244605448759808,0.610789102480383,0.103871160280689,0.0633816346279425,0.161871160280689,0.0933816346279425,0.374257679438622,0.203236730744115,"receptora_conservada",0.374257679438622,"receptora_degradada",0.203236730744115,0.171020948694507,0.902968606426773
668,"Pastizal","Leptosol","6°-15°",2284809.01916504,595914.180419922,48264238.43,17.6922014599308,"Alta","Media","Alta","agropecuaria","suelo_infiltracion_baja","pend_media","prec_alta","esc_media","aporte_alto",0.5,0.3,0.2,0.135,0.235,0.63,0.027027027027027,0.846846846846847,0.126126126126126,0.154954954954955,0.254954954954955,0.59009009009009,0.0664864864864865,0.109873873873874,0.0964864864864865,0.167873873873874,0.197027027027027,0.362252252252252,"receptora_degradada",0.362252252252252,"receptora_conservada",0.197027027027027,0.165225225225225,0.913048741375168
669,"Sec Bosque Tropical","Phaeozem","15°-35°",4117315.8873291,1072610.27435303,1072610.27,13.8856066726546,"Alta","Alta","Baja","forestal_secundaria","suelo_infiltracion_alta","pend_alta","prec_alta","esc_alta","aporte_bajo",0.15,0.25,0.6,0.1725,0.2725,0.555,0.0165309056061332,0.0261140392908481,0.957355055103019,0.694082414949688,0.202958792525156,0.102958792525156,0.422567800670819,0.228224724484907,0.13771609966459,0.0808876377575467,0.0797160996645903,0.0508876377575467,"aporte_conservada",0.422567800670819,"aporte_degradada",0.228224724484907,0.194343076185913,0.854355811718715
670,"Pastizal","Phaeozem","3°-6°",520812.165283203,101806.580429077,11388316.48,16.24809860546,"Baja","Baja","Media","agropecuaria","suelo_infiltracion_alta","pend_media","prec_baja","esc_baja","aporte_medio",0.15,0.6,0.25,0.61,0.245,0.145,0.965699208443272,0.0215479331574318,0.0127528583992964,0.294217238346526,0.506860158311346,0.198922603342128,0.108265171503958,0.190645998240985,0.172058047493404,0.31397889182058,0.0796767810026385,0.135375109938434,"transferencia_degradada",0.31397889182058,"aporte_degradada",0.190645998240985,0.123332893579595,0.94625592447414
671,"Pastizal","Phaeozem","6°-15°",1819598.47424316,410131.12562561,410131.13,12.9242346550559,"Media","Media","Baja","agropecuaria","suelo_infiltracion_alta","pend_media","prec_media","esc_media","aporte_bajo",0.1,0.7,0.2,0.185,0.64,0.175,0.0961583099321811,0.886299164217032,0.0175425258507871,0.592138421591861,0.25393078920407,0.15393078920407,0.197641526477558,0.363440284523279,0.0961792367612209,0.16727985773836,0.0661792367612209,0.10927985773836,"aporte_degradada",0.363440284523279,"aporte_conservada",0.197641526477558,0.165798758045721,0.912085754642315
672,"Sec Bosque Tropical","Regosol","6°-15°",747975.081054688,175073.190368652,5302743.99,15.4837351670882,"Baja","Baja","Media","forestal_secundaria","suelo_infiltracion_baja","pend_media","prec_baja","esc_baja","aporte_medio",0.25,0.6,0.15,0.59,0.255,0.155,0.962828649138713,0.0231187669990934,0.014052583862194,0.293721668177697,0.507434270172258,0.198844061650045,0.190358567543064,0.108116500453309,0.314311876699909,0.172230281051677,0.135329555757026,0.0796532184950136,"transferencia_conservada",0.314311876699909,"aporte_conservada",0.190358567543064,0.123953309156845,0.946105609084125
673,"Sec Bosque Tropical","Phaeozem","6°-15°",1836177.26464844,473649.753540039,473649.75,13.0682255147501,"Media","Media","Baja","forestal_secundaria","suelo_infiltracion_alta","pend_media","prec_media","esc_media","aporte_bajo",0.15,0.25,0.6,0.2475,0.55,0.2025,0.0239130434782609,0.956521739130435,0.0195652173913043,0.599565217391304,0.250217391304348,0.150217391304348,0.367747826086956,0.199869565217391,0.165126086956522,0.0950652173913043,0.107126086956522,0.0650652173913043,"aporte_conservada",0.367747826086956,"aporte_degradada",0.199869565217391,0.167878260869565,0.908530736931643
674,"Pastizal","Regosol","6°-15°",691001.639404297,125364.61126709,12622440.8,16.3509868828906,"Baja","Baja","Media","agropecuaria","suelo_infiltracion_baja","pend_media","prec_baja","esc_baja","aporte_medio",0.7,0.2,0.1,0.54,0.28,0.18,0.954813359528487,0.0275049115913556,0.0176817288801572,0.292337917485265,0.509037328094303,0.198624754420432,0.10770137524558,0.189555992141454,0.172711198428291,0.315241650294695,0.0795874263261297,0.135202357563851,"transferencia_degradada",0.315241650294695,"aporte_degradada",0.189555992141454,0.125685658153242,0.945682388037966
675,"Pastizal","Phaeozem","6°-15°",871725.157714844,146308.434875488,12768749.24,16.362511356344,"Baja","Baja","Media","agropecuaria","suelo_infiltracion_alta","pend_media","prec_baja","esc_baja","aporte_medio",0.15,0.6,0.25,0.61,0.245,0.145,0.965699208443272,0.0215479331574318,0.0127528583992964,0.294217238346526,0.506860158311346,0.198922603342128,0.108265171503958,0.190645998240985,0.172058047493404,0.31397889182058,0.0796767810026385,0.135375109938434,"transferencia_degradada",0.31397889182058,"aporte_degradada",0.190645998240985,0.123332893579595,0.94625592447414
676,"Sec Bosque Tropical","Regosol","15°-35°",1035637.72277832,296913.655517578,296913.66,12.6012000364274,"Baja","Baja","Baja","forestal_secundaria","suelo_infiltracion_baja","pend_alta","prec_baja","esc_baja","aporte_bajo",0.3,0.5,0.2,0.59,0.255,0.155,0.903474302241082,0.0814283767907377,0.0150973209681803,0.51116230187271,0.294418849063645,0.194418849063645,0.316474135086172,0.173348690561813,0.190762932456914,0.108325654719094,0.132762932456914,0.0783256547190935,"aporte_conservada",0.316474135086172,"transferencia_conservada",0.190762932456914,0.125711202629258,0.944468278507683
677,"Sec Bosque Tropical","Phaeozem","1°-3°",303360.167480469,66708.339050293,19284443.65,16.7748093522173,"Baja","Baja","Media","forestal_secundaria","suelo_infiltracion_alta","pend_baja","prec_baja","esc_baja","aporte_medio",0.15,0.25,0.6,0.645,0.2275,0.1275,0.970330129544505,0.0190137902214793,0.0106560802340159,0.295016715419975,0.505933974091099,0.199049310488926,0.191109694943585,0.108505014625992,0.313441704972837,0.17178019222733,0.135448600083577,0.0797147931466778,"transferencia_conservada",0.313441704972837,"aporte_conservada",0.191109694943585,0.122332010029252,0.946497025911327
678,"Sec Bosque Tropical","Regosol","3°-6°",743549.518066406,158540.729370117,158540.73,11.9737731184043,"Baja","Baja","Baja","forestal_secundaria","suelo_infiltracion_baja","pend_media","prec_baja","esc_baja","aporte_bajo",0.25,0.6,0.15,0.59,0.255,0.155,0.962828649138713,0.0231187669990934,0.014052583862194,0.505122393472348,0.297438803263826,0.197438803263826,0.312970988213962,0.171536718041704,0.192514505893019,0.109231640979148,0.134514505893019,0.0792316409791478,"aporte_conservada",0.312970988213962,"transferencia_conservada",0.192514505893019,0.120456482320943,0.946419676621854
679,"Pastizal","Phaeozem","1°-3°",540048.585083008,123860.177612305,18928373.79,16.7561726658284,"Baja","Baja","Media","agropecuaria","suelo_infiltracion_alta","pend_baja","prec_baja","esc_baja","aporte_medio",0.2,0.5,0.3,0.61,0.245,0.145,0.965699208443272,0.0215479331574318,0.0127528583992964,0.294217238346526,0.506860158311346,0.198922603342128,0.108265171503958,0.190645998240985,0.172058047493404,0.31397889182058,0.0796767810026385,0.135375109938434,"transferencia_degradada",0.31397889182058,"aporte_degradada",0.190645998240985,0.123332893579595,0.94625592447414
680,"Pastizal","Cambisol","6°-15°",1533221.06140137,396470.432922363,1380566.04,14.1380048712884,"Media","Media","Media","agropecuaria","suelo_infiltracion_media","pend_media","prec_media","esc_media","aporte_medio",0.2,0.7,0.1,0.175,0.64,0.185,0.120936609718756,0.859261933658641,0.019801456622603,0.167150418626683,0.675812678056249,0.157036903317068,0.070145125588005,0.116947242803476,0.222743803416875,0.411971353272624,0.0671110709951204,0.111081403923899,"transferencia_degradada",0.411971353272624,"transferencia_conservada",0.222743803416875,0.18922754985575,0.872100711548791
681,"Pastizal","Regosol","3°-6°",681662.166015625,169657.652038574,18249196.74,16.7196316775745,"Baja","Baja","Media","agropecuaria","suelo_infiltracion_baja","pend_media","prec_baja","esc_baja","aporte_medio",0.7,0.2,0.1,0.54,0.28,0.18,0.954813359528487,0.0275049115913556,0.0176817288801572,0.292337917485265,0.509037328094303,0.198624754420432,0.10770137524558,0.189555992141454,0.172711198428291,0.315241650294695,0.0795874263261297,0.135202357563851,"transferencia_degradada",0.315241650294695,"aporte_degradada",0.189555992141454,0.125685658153242,0.945682388037966
682,"Pastizal","Cambisol","3°-6°",514675.818237305,129321.125427246,18656553.8,16.7417081061121,"Baja","Baja","Media","agropecuaria","suelo_infiltracion_media","pend_media","prec_baja","esc_baja","aporte_medio",0.25,0.6,0.15,0.59,0.255,0.155,0.962828649138713,0.0231187669990934,0.014052583862194,0.293721668177697,0.507434270172258,0.198844061650045,0.108116500453309,0.190358567543064,0.172230281051677,0.314311876699909,0.0796532184950136,0.135329555757026,"transferencia_degradada",0.314311876699909,"aporte_degradada",0.190358567543064,0.123953309156845,0.946105609084125
683,"Pastizal","Phaeozem","1°-3°",563454.092285156,130820.791351318,19059194.58,16.7630602506827,"Baja","Baja","Media","agropecuaria","suelo_infiltracion_alta","pend_baja","prec_baja","esc_baja","aporte_medio",0.2,0.5,0.3,0.61,0.245,0.145,0.965699208443272,0.0215479331574318,0.0127528583992964,0.294217238346526,0.506860158311346,0.198922603342128,0.108265171503958,0.190645998240985,0.172058047493404,0.31397889182058,0.0796767810026385,0.135375109938434,"transferencia_degradada",0.31397889182058,"aporte_degradada",0.190645998240985,0.123332893579595,0.94625592447414
684,"Pastizal","Phaeozem","3°-6°",54491.4279785156,12785.056427002,18669338.86,16.7423931565639,"Baja","Baja","Media","agropecuaria","suelo_infiltracion_alta","pend_media","prec_baja","esc_baja","aporte_medio",0.15,0.6,0.25,0.61,0.245,0.145,0.965699208443272,0.0215479331574318,0.0127528583992964,0.294217238346526,0.506860158311346,0.198922603342128,0.108265171503958,0.190645998240985,0.172058047493404,0.31397889182058,0.0796767810026385,0.135375109938434,"transferencia_degradada",0.31397889182058,"aporte_degradada",0.190645998240985,0.123332893579595,0.94625592447414
685,"Pastizal","Regosol","3°-6°",544798.956787109,135174.749267578,135174.75,11.814331062598,"Baja","Baja","Baja","agropecuaria","suelo_infiltracion_baja","pend_media","prec_baja","esc_baja","aporte_bajo",0.7,0.2,0.1,0.54,0.28,0.18,0.954813359528487,0.0275049115913556,0.0176817288801572,0.506286836935167,0.296856581532417,0.196856581532417,0.17188605108055,0.313646365422397,0.109056974459725,0.192176817288802,0.079056974459725,0.134176817288802,"aporte_degradada",0.313646365422397,"transferencia_degradada",0.192176817288802,0.121469548133595,0.946048456170975
686,"Pastizal","Phaeozem","6°-15°",285793.508300781,54535.2188110352,2000692.36,14.5090043584446,"Baja","Baja","Media","agropecuaria","suelo_infiltracion_alta","pend_media","prec_baja","esc_baja","aporte_medio",0.15,0.6,0.25,0.61,0.245,0.145,0.965699208443272,0.0215479331574318,0.0127528583992964,0.294217238346526,0.506860158311346,0.198922603342128,0.108265171503958,0.190645998240985,0.172058047493404,0.31397889182058,0.0796767810026385,0.135375109938434,"transferencia_degradada",0.31397889182058,"aporte_degradada",0.190645998240985,0.123332893579595,0.94625592447414
687,"Pastizal","Phaeozem","3°-6°",2090476.97570801,393784.150177002,1317000.15,14.0908678539217,"Alta","Media","Baja","agropecuaria","suelo_infiltracion_alta","pend_media","prec_alta","esc_media","aporte_bajo",0.1,0.7,0.2,0.155,0.255,0.59,0.218182787053244,0.657980925519221,0.123836287427535,0.590565350037429,0.254717324981285,0.154717324981285,0.197169605011229,0.362527903021709,0.0964151974943856,0.167736048489146,0.0664151974943856,0.109736048489146,"aporte_degradada",0.362527903021709,"aporte_conservada",0.197169605011229,0.16535829801048,0.912825979155151
688,"Pastizal","Phaeozem","3°-6°",312360.672973633,60344.681350708,1728100.54,14.3625339881938,"Baja","Baja","Media","agropecuaria","suelo_infiltracion_alta","pend_media","prec_baja","esc_baja","aporte_medio",0.15,0.6,0.25,0.61,0.245,0.145,0.965699208443272,0.0215479331574318,0.0127528583992964,0.294217238346526,0.506860158311346,0.198922603342128,0.108265171503958,0.190645998240985,0.172058047493404,0.31397889182058,0.0796767810026385,0.135375109938434,"transferencia_degradada",0.31397889182058,"aporte_degradada",0.190645998240985,0.123332893579595,0.94625592447414
689,"Pastizal","Regosol","3°-6°",4544534.43041992,908557.817550659,923216,13.7356195887779,"Alta","Media","Baja","agropecuaria","suelo_infiltracion_baja","pend_media","prec_alta","esc_media","aporte_bajo",0.5,0.3,0.2,0.135,0.235,0.63,0.0141893672514719,0.162009156794767,0.823801475953761,0.680961210870229,0.209519394564886,0.109519394564886,0.224288363261069,0.414957502304733,0.0828558183694657,0.141521248847634,0.0528558183694657,0.0835212488476336,"aporte_degradada",0.414957502304733,"aporte_conservada",0.224288363261069,0.190669139043664,0.862896007036418
690,"Sec Bosque Tropical","Regosol","6°-15°",2844293.34875488,430213.880493164,21717310.39,16.8936202603772,"Alta","Media","Media","forestal_secundaria","suelo_infiltracion_baja","pend_media","prec_alta","esc_media","aporte_medio",0.2,0.7,0.1,0.145,0.245,0.61,0.0974676905514074,0.778884892710032,0.123647416738561,0.158437782745783,0.680506461889718,0.161055755364498,0.111893913992554,0.0675313348237349,0.414693747896037,0.224151938566916,0.113412338111409,0.0683167266093495,"transferencia_conservada",0.414693747896037,"transferencia_degradada",0.224151938566916,0.190541809329121,0.869259665425811
691,"Sec Bosque Tropical","Regosol","3°-6°",671410.923217773,132233.664550781,132233.66,11.7923333505543,"Baja","Baja","Baja","forestal_secundaria","suelo_infiltracion_baja","pend_media","prec_baja","esc_baja","aporte_bajo",0.25,0.6,0.15,0.59,0.255,0.155,0.962828649138713,0.0231187669990934,0.014052583862194,0.505122393472348,0.297438803263826,0.197438803263826,0.312970988213962,0.171536718041704,0.192514505893019,0.109231640979148,0.134514505893019,0.0792316409791478,"aporte_conservada",0.312970988213962,"transferencia_conservada",0.192514505893019,0.120456482320943,0.946419676621854
692,"Sec Bosque Tropical","Regosol","3°-6°",1984052.66943359,399987.548736572,1974771.38,14.4959636990426,"Alta","Media","Media","forestal_secundaria","suelo_infiltracion_baja","pend_media","prec_alta","esc_media","aporte_medio",0.2,0.7,0.1,0.145,0.245,0.61,0.191038124359642,0.677837894128175,0.131123981512183,0.172099519578337,0.661792375128071,0.166108105293591,0.119817721355436,0.0716298558735012,0.403839577574281,0.218537712538421,0.116342701070283,0.0698324315880774,"transferencia_conservada",0.403839577574281,"transferencia_degradada",0.218537712538421,0.18530186503586,0.880551840195867
693,"Sec Bosque Tropical","Cambisol","6°-15°",2236670.39465332,359001.964866638,359001.96,12.7910859125618,"Alta","Baja","Baja","forestal_secundaria","suelo_infiltracion_media","pend_media","prec_alta","esc_baja","aporte_bajo",0.1,0.7,0.2,0.155,0.255,0.59,0.347071787921671,0.520065066412687,0.132863145665642,0.578579135774397,0.260710432112801,0.160710432112801,0.35557589874915,0.193573740732319,0.171212050625425,0.0982131296338404,0.113212050625425,0.0682131296338404,"aporte_conservada",0.35557589874915,"aporte_degradada",0.193573740732319,0.162002158016831,0.918320257016508
694,"Sec Bosque Tropical","Regosol","6°-15°",3263230.42053223,490227.984970093,490227.98,13.1026278670558,"Alta","Media","Baja","forestal_secundaria","suelo_infiltracion_baja","pend_media","prec_alta","esc_media","aporte_bajo",0.2,0.7,0.1,0.145,0.245,0.61,0.0280735721200387,0.853823814133592,0.11810261374637,0.609002904162633,0.245498547918683,0.145498547918683,0.373221684414327,0.20270087124879,0.162389157792836,0.093649564375605,0.104389157792836,0.063649564375605,"aporte_conservada",0.373221684414327,"aporte_degradada",0.20270087124879,0.170520813165537,0.90386909935513
695,"Sec Bosque Tropical","Regosol","6°-15°",427247.268737793,13247.1401834488,13247.14,9.49161244420205,"Baja","Baja","Baja","forestal_secundaria","suelo_infiltracion_baja","pend_media","prec_baja","esc_baja","aporte_bajo",0.25,0.6,0.15,0.59,0.255,0.155,0.962828649138713,0.0231187669990934,0.014052583862194,0.505122393472348,0.297438803263826,0.197438803263826,0.312970988213962,0.171536718041704,0.192514505893019,0.109231640979148,0.134514505893019,0.0792316409791478,"aporte_conservada",0.312970988213962,"transferencia_conservada",0.192514505893019,0.120456482320943,0.946419676621854
696,"Sec Bosque Tropical","Phaeozem","6°-15°",517729.795410156,13834.4587917328,362016998.34,19.7072017281902,"Baja","Baja","Alta","forestal_secundaria","suelo_infiltracion_alta","pend_media","prec_baja","esc_baja","aporte_alto",0.2,0.3,0.5,0.63,0.235,0.135,0.968403074295474,0.020068317677199,0.0115286080273271,0.102156276686593,0.202156276686593,0.695687446626815,0.0792506404782237,0.0506468830059778,0.137250640478224,0.0806468830059778,0.423498719043553,0.228706233988044,"receptora_conservada",0.423498719043553,"receptora_degradada",0.228706233988044,0.194792485055508,0.853287686945143
697,"Sec Bosque Tropical","Phaeozem","6°-15°",987504.17565918,37348.7430676222,362689057.21,19.709056436194,"Baja","Baja","Alta","forestal_secundaria","suelo_infiltracion_alta","pend_media","prec_baja","esc_baja","aporte_alto",0.2,0.3,0.5,0.63,0.235,0.135,0.968403074295474,0.020068317677199,0.0115286080273271,0.102156276686593,0.202156276686593,0.695687446626815,0.0792506404782237,0.0506468830059778,0.137250640478224,0.0806468830059778,0.423498719043553,0.228706233988044,"receptora_conservada",0.423498719043553,"receptora_degradada",0.228706233988044,0.194792485055508,0.853287686945143
698,"Pastizal","Regosol","6°-15°",1193296.06439209,38513.1908691637,38513.19,10.5587820237987,"Media","Baja","Baja","agropecuaria","suelo_infiltracion_baja","pend_media","prec_media","esc_baja","aporte_bajo",0.6,0.25,0.15,0.2025,0.55,0.2475,0.820483961733258,0.123804164321891,0.0557118739448509,0.523522791221159,0.28823860438942,0.18823860438942,0.177056837366348,0.323643218908272,0.106471581316826,0.187178390545864,0.0764715813168261,0.129178390545864,"aporte_degradada",0.323643218908272,"transferencia_degradada",0.187178390545864,0.136464828362409,0.940274767874134
699,"Sec Bosque Tropical","Phaeozem","6°-15°",247881.40045166,1053.97324299812,363148844.07,19.7103233497002,"Baja","Baja","Alta","forestal_secundaria","suelo_infiltracion_alta","pend_media","prec_baja","esc_baja","aporte_alto",0.2,0.3,0.5,0.63,0.235,0.135,0.968403074295474,0.020068317677199,0.0115286080273271,0.102156276686593,0.202156276686593,0.695687446626815,0.0792506404782237,0.0506468830059778,0.137250640478224,0.0806468830059778,0.423498719043553,0.228706233988044,"receptora_conservada",0.423498719043553,"receptora_degradada",0.228706233988044,0.194792485055508,0.853287686945143
700,"Sec Bosque Tropical","Regosol","6°-15°",302971.539733887,14773.457075119,68783.17,11.138728910238,"Baja","Baja","Baja","forestal_secundaria","suelo_infiltracion_baja","pend_media","prec_baja","esc_baja","aporte_bajo",0.25,0.6,0.15,0.59,0.255,0.155,0.962828649138713,0.0231187669990934,0.014052583862194,0.505122393472348,0.297438803263826,0.197438803263826,0.312970988213962,0.171536718041704,0.192514505893019,0.109231640979148,0.134514505893019,0.0792316409791478,"aporte_conservada",0.312970988213962,"transferencia_conservada",0.192514505893019,0.120456482320943,0.946419676621854
701,"Bosque Tropical","Regosol","15°-35°",2532713.77050781,25941.0833465261,366124850.77,19.7184849582504,"Alta","Baja","Alta","forestal_conservada","suelo_infiltracion_baja","pend_alta","prec_alta","esc_baja","aporte_alto",0.3,0.5,0.2,0.145,0.245,0.61,0.753246753246753,0.0707070707070707,0.176046176046176,0.121139971139971,0.221139971139971,0.657720057720058,0.10237518037518,0.0442279942279942,0.17037518037518,0.0642279942279942,0.467249639249639,0.151544011544012,"receptora_conservada",0.467249639249639,"transferencia_conservada",0.17037518037518,0.296874458874459,0.831899857111303
702,"Sec Bosque Tropical","Regosol","6°-15°",803102.050109863,599.89662194252,983695.71,13.7990729069797,"Baja","Baja","Baja","forestal_secundaria","suelo_infiltracion_baja","pend_media","prec_baja","esc_baja","aporte_bajo",0.25,0.6,0.15,0.59,0.255,0.155,0.962828649138713,0.0231187669990934,0.014052583862194,0.505122393472348,0.297438803263826,0.197438803263826,0.312970988213962,0.171536718041704,0.192514505893019,0.109231640979148,0.134514505893019,0.0792316409791478,"aporte_conservada",0.312970988213962,"transferencia_conservada",0.192514505893019,0.120456482320943,0.946419676621854
703,"Sec Bosque Tropical","Phaeozem","6°-15°",615113.730163574,61349.0469894409,362962834.98,19.7098110067675,"Baja","Baja","Alta","forestal_secundaria","suelo_infiltracion_alta","pend_media","prec_baja","esc_baja","aporte_alto",0.2,0.3,0.5,0.63,0.235,0.135,0.968403074295474,0.020068317677199,0.0115286080273271,0.102156276686593,0.202156276686593,0.695687446626815,0.0792506404782237,0.0506468830059778,0.137250640478224,0.0806468830059778,0.423498719043553,0.228706233988044,"receptora_conservada",0.423498719043553,"receptora_degradada",0.228706233988044,0.194792485055508,0.853287686945143
704,"Bosque Tropical","Regosol","1°-3°",538573.316833496,0,0,0,"Baja","Baja","Muy Baja","forestal_conservada","suelo_infiltracion_baja","pend_baja","prec_baja","esc_baja","aporte_muy_bajo",0.3,0.5,0.2,0.59,0.255,0.155,0.962828649138713,0.0231187669990934,0.014052583862194,0.505122393472348,0.297438803263826,0.197438803263826,0.363483227561197,0.12102447869447,0.222258386219402,0.0794877606527652,0.154258386219402,0.0594877606527652,"aporte_conservada",0.363483227561197,"transferencia_conservada",0.222258386219402,0.141224841341795,0.901439480212449
705,"Bosque Tropical","Regosol","1°-3°",696806.784118652,0,0,0,"Baja","Baja","Muy Baja","forestal_conservada","suelo_infiltracion_baja","pend_baja","prec_baja","esc_baja","aporte_muy_bajo",0.3,0.5,0.2,0.59,0.255,0.155,0.962828649138713,0.0231187669990934,0.014052583862194,0.505122393472348,0.297438803263826,0.197438803263826,0.363483227561197,0.12102447869447,0.222258386219402,0.0794877606527652,0.154258386219402,0.0594877606527652,"aporte_conservada",0.363483227561197,"transferencia_conservada",0.222258386219402,0.141224841341795,0.901439480212449
706,"Bosque Tropical","Cambisol","6°-15°",849908.542785645,0,0,0,"Baja","Baja","Muy Baja","forestal_conservada","suelo_infiltracion_media","pend_media","prec_baja","esc_baja","aporte_muy_bajo",0.2,0.3,0.5,0.63,0.235,0.135,0.968403074295474,0.020068317677199,0.0115286080273271,0.504312553373185,0.297843723313407,0.197843723313407,0.362932536293766,0.120862510674637,0.222533731853117,0.0795687446626815,0.154533731853117,0.0595687446626815,"aporte_conservada",0.362932536293766,"transferencia_conservada",0.222533731853117,0.140398804440649,0.901697307016653
707,"Pastizal","Cambisol","6°-15°",1299278.09002686,17953.7735137045,44962.49,10.7136061061101,"Media","Baja","Baja","agropecuaria","suelo_infiltracion_media","pend_media","prec_media","esc_baja","aporte_bajo",0.2,0.7,0.1,0.175,0.64,0.185,0.792452830188679,0.161006289308176,0.0465408805031446,0.525408805031446,0.287295597484277,0.187295597484277,0.177622641509434,0.324737106918239,0.106188679245283,0.186631446540881,0.076188679245283,0.128631446540881,"aporte_degradada",0.324737106918239,"transferencia_degradada",0.186631446540881,0.138105660377358,0.939611265505845
708,"Pastizal","Phaeozem","6°-15°",531727.778076172,0.584499001502991,44963.07,10.7136190053815,"Baja","Baja","Baja","agropecuaria","suelo_infiltracion_alta","pend_media","prec_baja","esc_baja","aporte_bajo",0.15,0.6,0.25,0.61,0.245,0.145,0.965699208443272,0.0215479331574318,0.0127528583992964,0.504705364995602,0.297647317502199,0.197647317502199,0.171411609498681,0.312729111697449,0.10929419525066,0.192635444151275,0.0792941952506596,0.134635444151275,"aporte_degradada",0.312729111697449,"transferencia_degradada",0.192635444151275,0.120093667546174,0.946552043807644
709,"Pastizal","Regosol","6°-15°",895258.704162598,27008.7233734131,27008.72,10.203952080202,"Baja","Baja","Baja","agropecuaria","suelo_infiltracion_baja","pend_media","prec_baja","esc_baja","aporte_bajo",0.7,0.2,0.1,0.54,0.28,0.18,0.954813359528487,0.0275049115913556,0.0176817288801572,0.506286836935167,0.296856581532417,0.196856581532417,0.17188605108055,0.313646365422397,0.109056974459725,0.192176817288802,0.079056974459725,0.134176817288802,"aporte_degradada",0.313646365422397,"transferencia_degradada",0.192176817288802,0.121469548133595,0.946048456170975
710,"Pastizal","Phaeozem","1°-3°",636430.945617676,0,297708.23,12.6038725508901,"Baja","Baja","Baja","agropecuaria","suelo_infiltracion_alta","pend_baja","prec_baja","esc_baja","aporte_bajo",0.2,0.5,0.3,0.61,0.245,0.145,0.965699208443272,0.0215479331574318,0.0127528583992964,0.504705364995602,0.297647317502199,0.197647317502199,0.171411609498681,0.312729111697449,0.10929419525066,0.192635444151275,0.0792941952506596,0.134635444151275,"aporte_degradada",0.312729111697449,"transferencia_degradada",0.192635444151275,0.120093667546174,0.946552043807644
711,"Pastizal","Regosol","6°-15°",716759.372924805,431.976251274347,297703.91,12.6038580399817,"Baja","Baja","Baja","agropecuaria","suelo_infiltracion_baja","pend_media","prec_baja","esc_baja","aporte_bajo",0.7,0.2,0.1,0.54,0.28,0.18,0.954813359528487,0.0275049115913556,0.0176817288801572,0.506286836935167,0.296856581532417,0.196856581532417,0.17188605108055,0.313646365422397,0.109056974459725,0.192176817288802,0.079056974459725,0.134176817288802,"aporte_degradada",0.313646365422397,"transferencia_degradada",0.192176817288802,0.121469548133595,0.946048456170975
712,"Pastizal","Regosol","6°-15°",1410203.83349609,24087.9333885908,297271.93,12.602405952032,"Media","Baja","Baja","agropecuaria","suelo_infiltracion_baja","pend_media","prec_media","esc_baja","aporte_bajo",0.6,0.25,0.15,0.2025,0.55,0.2475,0.820483961733258,0.123804164321891,0.0557118739448509,0.523522791221159,0.28823860438942,0.18823860438942,0.177056837366348,0.323643218908272,0.106471581316826,0.187178390545864,0.0764715813168261,0.129178390545864,"aporte_degradada",0.323643218908272,"transferencia_degradada",0.187178390545864,0.136464828362409,0.940274767874134
713,"Agricultura","Phaeozem","1°-3°",3444186.90637207,5254.85116833777,367385957.03,19.7219235101728,"Alta","Baja","Alta","agropecuaria","suelo_infiltracion_alta","pend_baja","prec_alta","esc_baja","aporte_alto",0.15,0.6,0.25,0.155,0.255,0.59,0.767537826685007,0.0701513067400275,0.162310866574966,0.119738651994498,0.219738651994498,0.660522696011004,0.0559215955983494,0.0894484181568088,0.0859215955983494,0.147448418156809,0.218156808803301,0.403103163686382,"receptora_degradada",0.403103163686382,"receptora_conservada",0.218156808803301,0.184946354883081,0.875528907561364
714,"Bosque de Encino","Cambisol","15°-35°",804640.793457031,205142.479431152,205142.48,12.2314649157421,"Baja","Baja","Baja","forestal_conservada","suelo_infiltracion_media","pend_alta","prec_baja","esc_baja","aporte_bajo",0.2,0.3,0.5,0.63,0.235,0.135,0.968403074295474,0.020068317677199,0.0115286080273271,0.504312553373185,0.297843723313407,0.197843723313407,0.362932536293766,0.120862510674637,0.222533731853117,0.0795687446626815,0.154533731853117,0.0595687446626815,"aporte_conservada",0.362932536293766,"transferencia_conservada",0.222533731853117,0.140398804440649,0.901697307016653
715,"Bosque de Encino","Cambisol","6°-15°",800982.360229492,196018.837142944,401161.32,12.9021214124141,"Baja","Baja","Baja","forestal_conservada","suelo_infiltracion_media","pend_media","prec_baja","esc_baja","aporte_bajo",0.2,0.3,0.5,0.63,0.235,0.135,0.968403074295474,0.020068317677199,0.0115286080273271,0.504312553373185,0.297843723313407,0.197843723313407,0.362932536293766,0.120862510674637,0.222533731853117,0.0795687446626815,0.154533731853117,0.0595687446626815,"aporte_conservada",0.362932536293766,"transferencia_conservada",0.222533731853117,0.140398804440649,0.901697307016653
716,"Bosque de Encino","Cambisol","15°-35°",159441.066040039,40537.5240783691,829992.69,13.6291733773342,"Baja","Baja","Baja","forestal_conservada","suelo_infiltracion_media","pend_alta","prec_baja","esc_baja","aporte_bajo",0.2,0.3,0.5,0.63,0.235,0.135,0.968403074295474,0.020068317677199,0.0115286080273271,0.504312553373185,0.297843723313407,0.197843723313407,0.362932536293766,0.120862510674637,0.222533731853117,0.0795687446626815,0.154533731853117,0.0595687446626815,"aporte_conservada",0.362932536293766,"transferencia_conservada",0.222533731853117,0.140398804440649,0.901697307016653
717,"Bosque de Encino","Cambisol","6°-15°",879085.665649414,243651.473144531,243651.47,12.4034981857126,"Baja","Baja","Baja","forestal_conservada","suelo_infiltracion_media","pend_media","prec_baja","esc_baja","aporte_bajo",0.2,0.3,0.5,0.63,0.235,0.135,0.968403074295474,0.020068317677199,0.0115286080273271,0.504312553373185,0.297843723313407,0.197843723313407,0.362932536293766,0.120862510674637,0.222533731853117,0.0795687446626815,0.154533731853117,0.0595687446626815,"aporte_conservada",0.362932536293766,"transferencia_conservada",0.222533731853117,0.140398804440649,0.901697307016653
718,"Bosque de Encino","Cambisol","15°-35°",906093.290527344,232944.174407959,673338.72,13.4200052658128,"Baja","Baja","Baja","forestal_conservada","suelo_infiltracion_media","pend_alta","prec_baja","esc_baja","aporte_bajo",0.2,0.3,0.5,0.63,0.235,0.135,0.968403074295474,0.020068317677199,0.0115286080273271,0.504312553373185,0.297843723313407,0.197843723313407,0.362932536293766,0.120862510674637,0.222533731853117,0.0795687446626815,0.154533731853117,0.0595687446626815,"aporte_conservada",0.362932536293766,"transferencia_conservada",0.222533731853117,0.140398804440649,0.901697307016653
719,"Bosque de Encino","Cambisol","6°-15°",116137.992797852,26847.5213012695,700186.24,13.4591030639719,"Baja","Baja","Baja","forestal_conservada","suelo_infiltracion_media","pend_media","prec_baja","esc_baja","aporte_bajo",0.2,0.3,0.5,0.63,0.235,0.135,0.968403074295474,0.020068317677199,0.0115286080273271,0.504312553373185,0.297843723313407,0.197843723313407,0.362932536293766,0.120862510674637,0.222533731853117,0.0795687446626815,0.154533731853117,0.0595687446626815,"aporte_conservada",0.362932536293766,"transferencia_conservada",0.222533731853117,0.140398804440649,0.901697307016653
720,"Bosque de Encino","Cambisol","15°-35°",651315.456787109,174151.792327881,174151.79,12.0676882963377,"Baja","Baja","Baja","forestal_conservada","suelo_infiltracion_media","pend_alta","prec_baja","esc_baja","aporte_bajo",0.2,0.3,0.5,0.63,0.235,0.135,0.968403074295474,0.020068317677199,0.0115286080273271,0.504312553373185,0.297843723313407,0.197843723313407,0.362932536293766,0.120862510674637,0.222533731853117,0.0795687446626815,0.154533731853117,0.0595687446626815,"aporte_conservada",0.362932536293766,"transferencia_conservada",0.222533731853117,0.140398804440649,0.901697307016653
721,"Bosque de Encino","Cambisol","15°-35°",932686.685668945,210735.950073242,210735.95,12.2583659522387,"Baja","Baja","Baja","forestal_conservada","suelo_infiltracion_media","pend_alta","prec_baja","esc_baja","aporte_bajo",0.2,0.3,0.5,0.63,0.235,0.135,0.968403074295474,0.020068317677199,0.0115286080273271,0.504312553373185,0.297843723313407,0.197843723313407,0.362932536293766,0.120862510674637,0.222533731853117,0.0795687446626815,0.154533731853117,0.0595687446626815,"aporte_conservada",0.362932536293766,"transferencia_conservada",0.222533731853117,0.140398804440649,0.901697307016653
722,"Bosque de Encino","Cambisol","15°-35°",1111620.04516602,253851.583526611,253851.58,12.4445089838063,"Media","Baja","Baja","forestal_conservada","suelo_infiltracion_media","pend_alta","prec_media","esc_baja","aporte_bajo",0.2,0.3,0.5,0.235,0.56,0.205,0.846846846846847,0.112112112112112,0.0410410410410411,0.519419419419419,0.29029029029029,0.19029029029029,0.373205205205205,0.123883883883884,0.217397397397397,0.0780580580580581,0.149397397397397,0.0580580580580581,"aporte_conservada",0.373205205205205,"transferencia_conservada",0.217397397397397,0.155807807807808,0.896696937636489
723,"Bosque de Encino","Cambisol","15°-35°",709799.961669922,159847.81338501,3364035.58,15.0286521739754,"Baja","Baja","Media","forestal_conservada","suelo_infiltracion_media","pend_alta","prec_baja","esc_baja","aporte_medio",0.2,0.3,0.5,0.63,0.235,0.135,0.968403074295474,0.020068317677199,0.0115286080273271,0.294684030742955,0.506319385140905,0.19899658411614,0.220385140905209,0.078936806148591,0.364297181895816,0.121263877028181,0.155317677198975,0.059799316823228,"transferencia_conservada",0.364297181895816,"aporte_conservada",0.220385140905209,0.143912040990606,0.901417560443216
724,"Bosque de Encino","Cambisol","15°-35°",976464.705078125,221775.598892212,3939437.39,15.1865487305051,"Baja","Baja","Media","forestal_conservada","suelo_infiltracion_media","pend_alta","prec_baja","esc_baja","aporte_medio",0.2,0.3,0.5,0.63,0.235,0.135,0.968403074295474,0.020068317677199,0.0115286080273271,0.294684030742955,0.506319385140905,0.19899658411614,0.220385140905209,0.078936806148591,0.364297181895816,0.121263877028181,0.155317677198975,0.059799316823228,"transferencia_conservada",0.364297181895816,"aporte_conservada",0.220385140905209,0.143912040990606,0.901417560443216
725,"Bosque de Encino","Cambisol","15°-35°",680906.327758789,167190.342956543,167190.34,12.026894184033,"Baja","Baja","Baja","forestal_conservada","suelo_infiltracion_media","pend_alta","prec_baja","esc_baja","aporte_bajo",0.2,0.3,0.5,0.63,0.235,0.135,0.968403074295474,0.020068317677199,0.0115286080273271,0.504312553373185,0.297843723313407,0.197843723313407,0.362932536293766,0.120862510674637,0.222533731853117,0.0795687446626815,0.154533731853117,0.0595687446626815,"aporte_conservada",0.362932536293766,"transferencia_conservada",0.222533731853117,0.140398804440649,0.901697307016653
726,"Bosque de Encino","Cambisol","6°-15°",1286820.93237305,302184.258178711,7064661.4,15.7706157881041,"Media","Baja","Media","forestal_conservada","suelo_infiltracion_media","pend_media","prec_media","esc_baja","aporte_medio",0.15,0.25,0.6,0.2475,0.55,0.2025,0.623593290601216,0.342908531560361,0.033498177838423,0.241864084698261,0.575281341879757,0.182854573421982,0.184467577594818,0.0683728169396522,0.411191312478235,0.135056268375951,0.144341109926948,0.0565709146843964,"transferencia_conservada",0.411191312478235,"aporte_conservada",0.184467577594818,0.226723734883417,0.877861449926489
727,"Bosque de Encino","Cambisol","15°-35°",817028.880981445,188184.824249268,188184.82,12.1451851579176,"Baja","Baja","Baja","forestal_conservada","suelo_infiltracion_media","pend_alta","prec_baja","esc_baja","aporte_bajo",0.2,0.3,0.5,0.63,0.235,0.135,0.968403074295474,0.020068317677199,0.0115286080273271,0.504312553373185,0.297843723313407,0.197843723313407,0.362932536293766,0.120862510674637,0.222533731853117,0.0795687446626815,0.154533731853117,0.0595687446626815,"aporte_conservada",0.362932536293766,"transferencia_conservada",0.222533731853117,0.140398804440649,0.901697307016653
728,"Bosque de Encino","Cambisol","6°-15°",812440.400268555,191560.349182129,8076354.68,15.9044512990498,"Baja","Baja","Media","forestal_conservada","suelo_infiltracion_media","pend_media","prec_baja","esc_baja","aporte_medio",0.2,0.3,0.5,0.63,0.235,0.135,0.968403074295474,0.020068317677199,0.0115286080273271,0.294684030742955,0.506319385140905,0.19899658411614,0.220385140905209,0.078936806148591,0.364297181895816,0.121263877028181,0.155317677198975,0.059799316823228,"transferencia_conservada",0.364297181895816,"aporte_conservada",0.220385140905209,0.143912040990606,0.901417560443216
729,"Bosque de Encino","Cambisol","6°-15°",1815033.58154297,418391.607513428,1085557.21,13.8976048919203,"Media","Media","Baja","forestal_conservada","suelo_infiltracion_media","pend_media","prec_media","esc_media","aporte_bajo",0.15,0.25,0.6,0.2475,0.55,0.2025,0.117324488808168,0.860939973901992,0.0217355372898401,0.590441104848167,0.254779447575916,0.154779447575916,0.421499951296754,0.138088220969633,0.193250024351623,0.0709558895151833,0.125250024351623,0.0509558895151833,"aporte_conservada",0.421499951296754,"transferencia_conservada",0.193250024351623,0.228249926945131,0.867759350623464
730,"Sec Bosque Templado","Regosol","15°-35°",3538267.1640625,939217.480895996,3832637.89,15.1590641291236,"Alta","Alta","Media","forestal_secundaria","suelo_infiltracion_baja","pend_alta","prec_alta","esc_alta","aporte_medio",0.3,0.5,0.2,0.145,0.245,0.61,0.0146604840266146,0.125176969538385,0.860162546435,0.109190945282242,0.697067903194677,0.193741151523081,0.0833307482637005,0.0527572835846726,0.424299383852913,0.229120370958403,0.132369867883387,0.0781223454569242,"transferencia_conservada",0.424299383852913,"transferencia_degradada",0.229120370958403,0.19517901289451,0.854188016211138
731,"Sec Bosque Tropical","Regosol","3°-6°",1036990.29040527,338400.261291504,6021257.98,15.6108069283101,"Baja","Baja","Media","forestal_secundaria","suelo_infiltracion_baja","pend_media","prec_baja","esc_baja","aporte_medio",0.25,0.6,0.15,0.59,0.255,0.155,0.779844252173557,0.202882328434617,0.0172734193918265,0.266112966856442,0.544031149565289,0.189855883578269,0.174345520776736,0.0998338900569327,0.335538066747867,0.183209344869587,0.130116412475396,0.0769567650734808,"transferencia_conservada",0.335538066747867,"transferencia_degradada",0.183209344869587,0.152328721878281,0.934625420901297
732,"Sec Bosque Tropical","Regosol","15°-35°",940643.668457031,285736.54876709,285736.55,12.5628290111541,"Baja","Baja","Baja","forestal_secundaria","suelo_infiltracion_baja","pend_alta","prec_baja","esc_baja","aporte_bajo",0.3,0.5,0.2,0.59,0.255,0.155,0.931630334152341,0.0537679387632046,0.0146017270844541,0.508297139293211,0.295851430353394,0.195851430353394,0.314812340790063,0.172489141787963,0.191593829604969,0.108755429106018,0.133593829604969,0.0787554291060183,"aporte_conservada",0.314812340790063,"transferencia_conservada",0.191593829604969,0.123218511185094,0.945401966194903
733,"Sec Bosque Tropical","Luvisol","6°-15°",457996.557006836,148401.136199951,14973550.87,16.5217959941178,"Baja","Baja","Media","forestal_secundaria","suelo_infiltracion_media","pend_media","prec_baja","esc_baja","aporte_medio",0.15,0.6,0.25,0.61,0.245,0.145,0.965699208443272,0.0215479331574318,0.0127528583992964,0.294217238346526,0.506860158311346,0.198922603342128,0.190645998240985,0.108265171503958,0.31397889182058,0.172058047493404,0.135375109938434,0.0796767810026385,"transferencia_conservada",0.31397889182058,"aporte_conservada",0.190645998240985,0.123332893579595,0.94625592447414
734,"Pastizal","Luvisol","6°-15°",188178.141235352,58002.2632751465,1190370.54,13.9897760348451,"Baja","Baja","Baja","agropecuaria","suelo_infiltracion_media","pend_media","prec_baja","esc_baja","aporte_bajo",0.25,0.6,0.15,0.59,0.255,0.155,0.962828649138713,0.0231187669990934,0.014052583862194,0.505122393472348,0.297438803263826,0.197438803263826,0.171536718041704,0.312970988213962,0.109231640979148,0.192514505893019,0.0792316409791478,0.134514505893019,"aporte_degradada",0.312970988213962,"transferencia_degradada",0.192514505893019,0.120456482320943,0.946419676621854
735,"Pastizal","Luvisol","15°-35°",827674.692260742,241441.258575439,241441.26,12.3943856344615,"Baja","Baja","Baja","agropecuaria","suelo_infiltracion_media","pend_alta","prec_baja","esc_baja","aporte_bajo",0.3,0.5,0.2,0.59,0.255,0.155,0.962828649138713,0.0231187669990934,0.014052583862194,0.505122393472348,0.297438803263826,0.197438803263826,0.171536718041704,0.312970988213962,0.109231640979148,0.192514505893019,0.0792316409791478,0.134514505893019,"aporte_degradada",0.312970988213962,"transferencia_degradada",0.192514505893019,0.120456482320943,0.946419676621854
736,"Pastizal","Luvisol","6°-15°",1651367.29931641,536649.282623291,14669103.42,16.5012540998575,"Media","Media","Media","agropecuaria","suelo_infiltracion_media","pend_media","prec_media","esc_media","aporte_medio",0.2,0.7,0.1,0.175,0.64,0.185,0.0147306397306397,0.96969696969697,0.0155723905723906,0.151430976430976,0.697053872053872,0.151515151515152,0.0654292929292929,0.107829966329966,0.229116161616162,0.424291245791246,0.0654545454545455,0.107878787878788,"transferencia_degradada",0.424291245791246,"transferencia_conservada",0.229116161616162,0.195175084175084,0.858716238328341
737,"Pastizal","Luvisol","6°-15°",864487.307983399,265907.735412598,16514242.97,16.6197338373759,"Baja","Baja","Media","agropecuaria","suelo_infiltracion_media","pend_media","prec_baja","esc_baja","aporte_medio",0.25,0.6,0.15,0.59,0.255,0.155,0.962828649138713,0.0231187669990934,0.014052583862194,0.293721668177697,0.507434270172258,0.198844061650045,0.108116500453309,0.190358567543064,0.172230281051677,0.314311876699909,0.0796532184950136,0.135329555757026,"transferencia_degradada",0.314311876699909,"aporte_degradada",0.190358567543064,0.123953309156845,0.946105609084125
738,"Bosque de Encino","Regosol","6°-15°",1380486.67297363,345715.895446777,345715.9,12.7533755110324,"Media","Baja","Baja","forestal_conservada","suelo_infiltracion_baja","pend_media","prec_media","esc_baja","aporte_bajo",0.2,0.7,0.1,0.175,0.64,0.185,0.273771785841959,0.700340940940634,0.0258872732174065,0.575211548737545,0.262394225631228,0.162394225631228,0.41114385314153,0.135042309747509,0.198428073429235,0.0724788451262455,0.130428073429235,0.0524788451262455,"aporte_conservada",0.41114385314153,"transferencia_conservada",0.198428073429235,0.212715779712296,0.874723852325574
739,"Bosque de Encino","Regosol","6°-15°",659535.194824219,186927.190551758,532643.09,13.1856087315117,"Baja","Baja","Baja","forestal_conservada","suelo_infiltracion_baja","pend_media","prec_baja","esc_baja","aporte_bajo",0.25,0.6,0.15,0.59,0.255,0.155,0.962828649138713,0.0231187669990934,0.014052583862194,0.505122393472348,0.297438803263826,0.197438803263826,0.363483227561197,0.12102447869447,0.222258386219402,0.0794877606527652,0.154258386219402,0.0594877606527652,"aporte_conservada",0.363483227561197,"transferencia_conservada",0.222258386219402,0.141224841341795,0.901439480212449
740,"Sec Bosque Tropical","Regosol","6°-15°",3747847.47546387,1114257.32235718,2418836.62,14.6987976604271,"Alta","Alta","Media","forestal_secundaria","suelo_infiltracion_baja","pend_media","prec_alta","esc_alta","aporte_medio",0.2,0.7,0.1,0.145,0.245,0.61,0.0127528583992964,0.0215479331574318,0.965699208443272,0.103627968337731,0.697449428320141,0.198922603342128,0.0801042216358839,0.0510883905013193,0.424520668425682,0.229234828496042,0.135375109938434,0.0796767810026385,"transferencia_conservada",0.424520668425682,"transferencia_degradada",0.229234828496042,0.195285839929639,0.852698679496852
741,"Sec Bosque Tropical","Regosol","6°-15°",1641512.24536133,456915.805053711,456915.81,13.032256618295,"Media","Media","Baja","forestal_secundaria","suelo_infiltracion_baja","pend_media","prec_media","esc_media","aporte_bajo",0.2,0.7,0.1,0.175,0.64,0.185,0.0147306397306397,0.96969696969697,0.0155723905723906,0.600084175084175,0.249957912457912,0.149957912457912,0.368048821548822,0.200025252525252,0.164975589225589,0.0949873737373737,0.106975589225589,0.0649873737373737,"aporte_conservada",0.368048821548822,"aporte_degradada",0.200025252525252,0.168023569023569,0.908278600067441
742,"Pastizal","Luvisol","3°-6°",1016379.99328613,341032.3203125,16855275.29,16.6401742986844,"Baja","Baja","Media","agropecuaria","suelo_infiltracion_media","pend_media","prec_baja","esc_baja","aporte_medio",0.25,0.6,0.15,0.59,0.255,0.155,0.770787344753929,0.211779818932968,0.0174328363131025,0.264746459897434,0.545842531049214,0.189411009053352,0.0994239379692303,0.173552946740512,0.183752759314764,0.336588668008544,0.0768233027160055,0.129858385250944,"transferencia_degradada",0.336588668008544,"transferencia_conservada",0.183752759314764,0.15283590869378,0.933992831935203
743,"Pastizal","Phaeozem","6°-15°",1373749.00463867,466100.702911377,466100.7,13.0521591296402,"Media","Media","Baja","agropecuaria","suelo_infiltracion_alta","pend_media","prec_media","esc_media","aporte_bajo",0.1,0.7,0.2,0.185,0.64,0.175,0.0155723905723906,0.96969696969697,0.0147306397306397,0.599915824915825,0.250042087542088,0.150042087542088,0.199974747474747,0.367951178451178,0.0950126262626263,0.165024410774411,0.0650126262626263,0.107024410774411,"aporte_degradada",0.367951178451178,"aporte_conservada",0.199974747474747,0.167976430976431,0.908360446816337
744,"Pastizal","Luvisol","1°-3°",468376.099487305,162655.637481689,19153900.35,16.7680169786902,"Baja","Baja","Media","agropecuaria","suelo_infiltracion_media","pend_baja","prec_baja","esc_baja","aporte_medio",0.3,0.5,0.2,0.59,0.255,0.155,0.962828649138713,0.0231187669990934,0.014052583862194,0.293721668177697,0.507434270172258,0.198844061650045,0.108116500453309,0.190358567543064,0.172230281051677,0.314311876699909,0.0796532184950136,0.135329555757026,"transferencia_degradada",0.314311876699909,"aporte_degradada",0.190358567543064,0.123953309156845,0.946105609084125
745,"Pastizal","Luvisol","6°-15°",617746.731201172,212933.834320068,1776547.68,14.3901830962631,"Baja","Baja","Media","agropecuaria","suelo_infiltracion_media","pend_media","prec_baja","esc_baja","aporte_medio",0.25,0.6,0.15,0.59,0.255,0.155,0.962828649138713,0.0231187669990934,0.014052583862194,0.293721668177697,0.507434270172258,0.198844061650045,0.108116500453309,0.190358567543064,0.172230281051677,0.314311876699909,0.0796532184950136,0.135329555757026,"transferencia_degradada",0.314311876699909,"aporte_degradada",0.190358567543064,0.123953309156845,0.946105609084125
746,"Pastizal","Luvisol","15°-35°",2060905.40649414,682781.550292969,682781.55,13.4339317130439,"Alta","Media","Baja","agropecuaria","suelo_infiltracion_media","pend_alta","prec_alta","esc_media","aporte_bajo",0.3,0.5,0.2,0.145,0.245,0.61,0.0273907812428756,0.816732175377619,0.155877043379505,0.612848626213663,0.243575686893168,0.143575686893169,0.203854587864099,0.375452203203924,0.0930727060679506,0.161273898398038,0.0630727060679506,0.103273898398038,"aporte_degradada",0.375452203203924,"aporte_conservada",0.203854587864099,0.171597615339826,0.901923098501962
747,"Sec Bosque Tropical","Regosol","6°-15°",535443.339233398,181358.460327148,6211572,15.6419247229616,"Baja","Baja","Media","forestal_secundaria","suelo_infiltracion_baja","pend_media","prec_baja","esc_baja","aporte_medio",0.25,0.6,0.15,0.59,0.255,0.155,0.962828649138713,0.0231187669990934,0.014052583862194,0.293721668177697,0.507434270172258,0.198844061650045,0.190358567543064,0.108116500453309,0.314311876699909,0.172230281051677,0.135329555757026,0.0796532184950136,"transferencia_conservada",0.314311876699909,"aporte_conservada",0.190358567543064,0.123953309156845,0.946105609084125
748,"Sec Bosque Tropical","Luvisol","15°-35°",1200264.21728516,366004.689819336,366004.69,12.8104041587107,"Media","Baja","Baja","forestal_secundaria","suelo_infiltracion_media","pend_alta","prec_media","esc_baja","aporte_bajo",0.15,0.6,0.25,0.195,0.62,0.185,0.226032572895813,0.750888656311626,0.0230787707925609,0.579704619789675,0.260147690105163,0.160147690105163,0.356228679478011,0.193911385936902,0.170885660260994,0.0980443070315488,0.112885660260994,0.0680443070315488,"aporte_conservada",0.356228679478011,"aporte_degradada",0.193911385936902,0.162317293541109,0.917815307381014
749,"Sec Bosque Tropical","Luvisol","6°-15°",1187449.89416504,360451.257171631,3387983.09,15.0357456387572,"Media","Baja","Media","forestal_secundaria","suelo_infiltracion_media","pend_media","prec_media","esc_baja","aporte_medio",0.1,0.7,0.2,0.185,0.64,0.175,0.23050687119406,0.747262775879713,0.0222303529262271,0.183464513032798,0.653898625761188,0.162636861206014,0.126409417559023,0.0750393539098393,0.399261202941489,0.216169587728356,0.114329379499488,0.0687910583618043,"transferencia_conservada",0.399261202941489,"transferencia_degradada",0.216169587728356,0.183091615213133,0.884903155439543
750,"Sec Bosque Tropical","Luvisol","15°-35°",1061524.56616211,290824.036010742,1147812.79,13.9533696388724,"Media","Baja","Baja","forestal_secundaria","suelo_infiltracion_media","pend_alta","prec_media","esc_baja","aporte_bajo",0.15,0.6,0.25,0.195,0.62,0.185,0.629891234013074,0.333420477164066,0.0366882888228607,0.540679705480979,0.279660147259511,0.179660147259511,0.333594229178968,0.182203911644294,0.182202885410516,0.103898044177853,0.124202885410516,0.0738980441778532,"aporte_conservada",0.333594229178968,"aporte_degradada",0.182203911644294,0.151390317534674,0.934008183973467
751,"Sec Bosque Tropical","Luvisol","15°-35°",2025923.69580078,538259.081329346,856988.75,13.6611812371817,"Alta","Media","Baja","forestal_secundaria","suelo_infiltracion_media","pend_alta","prec_alta","esc_media","aporte_bajo",0.2,0.5,0.3,0.155,0.255,0.59,0.0290534208059981,0.860356138706654,0.110590440487348,0.608153701968135,0.245923149015933,0.145923149015933,0.372729147141518,0.20244611059044,0.162635426429241,0.0937769447047798,0.104635426429241,0.0637769447047798,"aporte_conservada",0.372729147141518,"aporte_degradada",0.20244611059044,0.170283036551078,0.904295177587536
752,"Sec Bosque Tropical","Phaeozem","6°-15°",1160311.47802734,366656.780212402,366656.78,12.8121842124431,"Media","Baja","Baja","forestal_secundaria","suelo_infiltracion_alta","pend_media","prec_media","esc_baja","aporte_bajo",0.15,0.25,0.6,0.2475,0.55,0.2025,0.290667144061793,0.683569878406614,0.0257629775315929,0.57350958334698,0.26324520832651,0.16324520832651,0.352635558341248,0.192052875004094,0.172682220829376,0.098973562497953,0.114682220829376,0.068973562497953,"aporte_conservada",0.352635558341248,"aporte_degradada",0.192052875004094,0.160582683337154,0.92056665467511
753,"Sec Bosque Tropical","Regosol","15°-35°",1060640.43066406,328050.011230469,2175642.28,14.5928349396958,"Media","Baja","Media","forestal_secundaria","suelo_infiltracion_baja","pend_alta","prec_media","esc_baja","aporte_medio",0.25,0.6,0.15,0.185,0.62,0.195,0.370887741666267,0.598627327932857,0.0304849304008762,0.204108914729896,0.625822451666747,0.170068633603357,0.13838317054334,0.0812326744189689,0.382977021966713,0.207746735500024,0.118639807489947,0.0710205900810071,"transferencia_conservada",0.382977021966713,"transferencia_degradada",0.207746735500024,0.175230286466689,0.899887916615849
754,"Sec Bosque Tropical","Regosol","6°-15°",2745625.55847168,807848.133575439,1847592.27,14.4293944149686,"Alta","Media","Media","forestal_secundaria","suelo_infiltracion_baja","pend_media","prec_alta","esc_media","aporte_medio",0.2,0.7,0.1,0.145,0.245,0.61,0.0192418656253541,0.374053978513271,0.606704155861375,0.122551072050734,0.696151626874929,0.181297301074336,0.0910796217894259,0.0567653216152203,0.423767943587459,0.228845488062479,0.125152434623115,0.0743891903223009,"transferencia_conservada",0.423767943587459,"transferencia_degradada",0.228845488062479,0.19492245552498,0.857137393177267
755,"Sec Bosque Tropical","Regosol","15°-35°",3497376.98730469,1039744.13253784,1039744.13,13.854486173776,"Alta","Alta","Baja","forestal_secundaria","suelo_infiltracion_baja","pend_alta","prec_alta","esc_alta","aporte_bajo",0.3,0.5,0.2,0.145,0.245,0.61,0.0127528583992964,0.0215479331574318,0.965699208443272,0.695294635004397,0.202352682497801,0.102352682497801,0.42327088830255,0.228588390501319,0.137364555848725,0.0807058047493404,0.0793645558487247,0.0507058047493404,"aporte_conservada",0.42327088830255,"aporte_degradada",0.228588390501319,0.194682497801231,0.853549573152347
756,"Sec Bosque Tropical","Regosol","15°-35°",1074802.58435059,306626.149047852,306626.15,12.6333877933585,"Media","Baja","Baja","forestal_secundaria","suelo_infiltracion_baja","pend_alta","prec_media","esc_baja","aporte_bajo",0.25,0.6,0.15,0.185,0.62,0.195,0.495770953468972,0.46896243427441,0.0352666122566182,0.553949565878765,0.273025217060618,0.173025217060618,0.341290748209684,0.186184869763629,0.178354625895158,0.101907565118185,0.120354625895158,0.0719075651181853,"aporte_conservada",0.341290748209684,"aporte_degradada",0.186184869763629,0.155105878446054,0.928805124903761
757,"Sec Bosque Tropical","Regosol","15°-35°",547543.503051758,161154.640441895,161154.64,11.9901258850798,"Baja","Baja","Baja","forestal_secundaria","suelo_infiltracion_baja","pend_alta","prec_baja","esc_baja","aporte_bajo",0.3,0.5,0.2,0.59,0.255,0.155,0.962828649138713,0.0231187669990934,0.014052583862194,0.505122393472348,0.297438803263826,0.197438803263826,0.312970988213962,0.171536718041704,0.192514505893019,0.109231640979148,0.134514505893019,0.0792316409791478,"aporte_conservada",0.312970988213962,"transferencia_conservada",0.192514505893019,0.120456482320943,0.946419676621854
758,"Sec Bosque Tropical","Regosol","6°-15°",1765769.72875977,517519.139526367,11680898.62,16.2734655546586,"Media","Media","Media","forestal_secundaria","suelo_infiltracion_baja","pend_media","prec_media","esc_media","aporte_medio",0.2,0.7,0.1,0.175,0.64,0.185,0.0147306397306397,0.96969696969697,0.0155723905723906,0.151430976430976,0.697053872053872,0.151515151515152,0.107829966329966,0.0654292929292929,0.424291245791246,0.229116161616162,0.107878787878788,0.0654545454545455,"transferencia_conservada",0.424291245791246,"transferencia_degradada",0.229116161616162,0.195175084175084,0.858716238328341
759,"Sec Bosque Tropical","Luvisol","6°-15°",915221.917114258,276174.379394531,3027531.83,14.9232585982812,"Baja","Baja","Media","forestal_secundaria","suelo_infiltracion_media","pend_media","prec_baja","esc_baja","aporte_medio",0.15,0.6,0.25,0.61,0.245,0.145,0.957719673623015,0.0293832340704606,0.0128970923065239,0.293013096428126,0.508456065275397,0.198530838296477,0.189947595928313,0.107903928928438,0.31490451785973,0.172536819582619,0.135147886211957,0.0795592514889431,"transferencia_conservada",0.31490451785973,"aporte_conservada",0.189947595928313,0.124956921931417,0.945808536375731
760,"Sec Bosque Tropical","Luvisol","6°-15°",745317.590942383,223815.033081055,2751357.45,14.8276053294921,"Baja","Baja","Media","forestal_secundaria","suelo_infiltracion_media","pend_media","prec_baja","esc_baja","aporte_medio",0.15,0.6,0.25,0.61,0.245,0.145,0.965699208443272,0.0215479331574318,0.0127528583992964,0.294217238346526,0.506860158311346,0.198922603342128,0.190645998240985,0.108265171503958,0.31397889182058,0.172058047493404,0.135375109938434,0.0796767810026385,"transferencia_conservada",0.31397889182058,"aporte_conservada",0.190645998240985,0.123332893579595,0.94625592447414
761,"Pastizal","Regosol","6°-15°",1161811.86877441,355821.941192627,5322353.17,15.4874262765956,"Media","Baja","Media","agropecuaria","suelo_infiltracion_baja","pend_media","prec_media","esc_baja","aporte_medio",0.6,0.25,0.15,0.2025,0.55,0.2475,0.290429083381256,0.674903780774701,0.034667135844043,0.191831005714986,0.641914183323749,0.166254810961265,0.0775493017144959,0.131261983314692,0.212574254997125,0.392310226327774,0.0698764432883795,0.116427790357534,"transferencia_degradada",0.392310226327774,"transferencia_conservada",0.212574254997125,0.17973597133065,0.891517520479615
762,"Sec Bosque Templado","Regosol","6°-15°",2958526.42199707,802797.898040771,3958149.93,15.191287537313,"Alta","Media","Media","forestal_secundaria","suelo_infiltracion_baja","pend_media","prec_alta","esc_media","aporte_medio",0.2,0.7,0.1,0.145,0.245,0.61,0.0194758365384967,0.386764114046642,0.593760049414862,0.123233373010031,0.696104832692301,0.180661794297668,0.0914753563458182,0.0569700119030094,0.423740802961534,0.22883144980769,0.124783840692647,0.0741985382893004,"transferencia_conservada",0.423740802961534,"transferencia_degradada",0.22883144980769,0.194909353153844,0.857264625786668
763,"Sec Bosque Templado","Regosol","6°-15°",345620.212890625,88709.5226745605,88709.52,11.3931337632943,"Baja","Baja","Baja","forestal_secundaria","suelo_infiltracion_baja","pend_media","prec_baja","esc_baja","aporte_bajo",0.25,0.6,0.15,0.59,0.255,0.155,0.962828649138713,0.0231187669990934,0.014052583862194,0.505122393472348,0.297438803263826,0.197438803263826,0.312970988213962,0.171536718041704,0.192514505893019,0.109231640979148,0.134514505893019,0.0792316409791478,"aporte_conservada",0.312970988213962,"transferencia_conservada",0.192514505893019,0.120456482320943,0.946419676621854
764,"Sec Bosque Templado","Regosol","15°-35°",630587.813842773,162092.091522217,1438384.38,14.1790317785766,"Baja","Baja","Media","forestal_secundaria","suelo_infiltracion_baja","pend_alta","prec_baja","esc_baja","aporte_medio",0.3,0.5,0.2,0.59,0.255,0.155,0.962828649138713,0.0231187669990934,0.014052583862194,0.293721668177697,0.507434270172258,0.198844061650045,0.190358567543064,0.108116500453309,0.314311876699909,0.172230281051677,0.135329555757026,0.0796532184950136,"transferencia_conservada",0.314311876699909,"aporte_conservada",0.190358567543064,0.123953309156845,0.946105609084125
765,"Sec Bosque Templado","Regosol","15°-35°",6531989.0592041,1724020.52172852,1023802.45,13.8390351227987,"Alta","Alta","Baja","forestal_secundaria","suelo_infiltracion_baja","pend_alta","prec_alta","esc_alta","aporte_bajo",0.3,0.5,0.2,0.145,0.245,0.61,0.0127528583992964,0.0215479331574318,0.965699208443272,0.695294635004397,0.202352682497801,0.102352682497801,0.42327088830255,0.228588390501319,0.137364555848725,0.0807058047493404,0.0793645558487247,0.0507058047493404,"aporte_conservada",0.42327088830255,"aporte_degradada",0.228588390501319,0.194682497801231,0.853549573152347
766,"Sec Bosque Templado","Regosol","6°-15°",814106.750854492,208533.844848633,815268.61,13.6112741473334,"Baja","Baja","Baja","forestal_secundaria","suelo_infiltracion_baja","pend_media","prec_baja","esc_baja","aporte_bajo",0.25,0.6,0.15,0.59,0.255,0.155,0.962828649138713,0.0231187669990934,0.014052583862194,0.505122393472348,0.297438803263826,0.197438803263826,0.312970988213962,0.171536718041704,0.192514505893019,0.109231640979148,0.134514505893019,0.0792316409791478,"aporte_conservada",0.312970988213962,"transferencia_conservada",0.192514505893019,0.120456482320943,0.946419676621854
767,"Pastizal","Regosol","15°-35°",1003296.94335938,301908.615112305,53117868.58,17.78802395653,"Baja","Baja","Alta","agropecuaria","suelo_infiltracion_baja","pend_alta","prec_baja","esc_baja","aporte_alto",0.7,0.2,0.1,0.54,0.28,0.18,0.870269968135757,0.110716104089413,0.0190139277748305,0.107437197981954,0.207437197981954,0.685125604036093,0.0522311593945861,0.0823135748295332,0.0822311593945861,0.140313574829533,0.225537681210828,0.417372850340934,"receptora_degradada",0.417372850340934,"receptora_conservada",0.225537681210828,0.191835169130106,0.860222361476281
768,"Pastizal","Regosol","15°-35°",762651.343505859,216639.820678711,1240442.27,14.0309793495084,"Baja","Baja","Baja","agropecuaria","suelo_infiltracion_baja","pend_alta","prec_baja","esc_baja","aporte_bajo",0.7,0.2,0.1,0.54,0.28,0.18,0.954813359528487,0.0275049115913556,0.0176817288801572,0.506286836935167,0.296856581532417,0.196856581532417,0.17188605108055,0.313646365422397,0.109056974459725,0.192176817288802,0.079056974459725,0.134176817288802,"aporte_degradada",0.313646365422397,"transferencia_degradada",0.192176817288802,0.121469548133595,0.946048456170975
769,"Sec Bosque Tropical","Regosol","1°-3°",2340125.20996094,644057.025421143,644057.03,13.3755441097226,"Alta","Media","Baja","forestal_secundaria","suelo_infiltracion_baja","pend_baja","prec_alta","esc_media","aporte_bajo",0.25,0.6,0.15,0.145,0.245,0.61,0.0280735721200387,0.853823814133592,0.11810261374637,0.609002904162633,0.245498547918683,0.145498547918683,0.373221684414327,0.20270087124879,0.162389157792836,0.093649564375605,0.104389157792836,0.063649564375605,"aporte_conservada",0.373221684414327,"aporte_degradada",0.20270087124879,0.170520813165537,0.90386909935513
770,"Sec Bosque Tropical","Regosol","1°-3°",1150071.5144043,313406.434936523,313406.43,12.6552593163448,"Media","Baja","Baja","forestal_secundaria","suelo_infiltracion_baja","pend_baja","prec_media","esc_baja","aporte_bajo",0.2,0.7,0.1,0.175,0.64,0.185,0.431904401193745,0.535911567740958,0.0321840310652974,0.560027962987155,0.269986018506422,0.169986018506422,0.34481621853255,0.188008388896147,0.176591890733725,0.100995805551927,0.118591890733725,0.0709958055519267,"aporte_conservada",0.34481621853255,"aporte_degradada",0.188008388896147,0.156807829636403,0.926317742919188
771,"Sec Bosque Tropical","Regosol","15°-35°",1285654.79821777,385438.000671387,978968.27,13.7942555318474,"Media","Media","Baja","forestal_secundaria","suelo_infiltracion_baja","pend_alta","prec_media","esc_media","aporte_bajo",0.25,0.6,0.15,0.185,0.62,0.195,0.158763306317603,0.818873844296451,0.0223628493859463,0.586359954306834,0.256820022846583,0.156820022846583,0.360088773497964,0.19590798629205,0.168955613251018,0.0970460068539749,0.110955613251018,0.0670460068539749,"aporte_conservada",0.360088773497964,"aporte_degradada",0.19590798629205,0.164180787205914,0.914783016049347
772,"Sec Bosque Tropical","Regosol","15°-35°",804130.370361328,245815.860015869,1538190.56,14.2461179726573,"Baja","Baja","Media","forestal_secundaria","suelo_infiltracion_baja","pend_alta","prec_baja","esc_baja","aporte_medio",0.3,0.5,0.2,0.59,0.255,0.155,0.962828649138713,0.0231187669990934,0.014052583862194,0.293721668177697,0.507434270172258,0.198844061650045,0.190358567543064,0.108116500453309,0.314311876699909,0.172230281051677,0.135329555757026,0.0796532184950136,"transferencia_conservada",0.314311876699909,"aporte_conservada",0.190358567543064,0.123953309156845,0.946105609084125
773,"Pastizal","Luvisol","1°-3°",1113726.47937012,374066.458099365,3222850.33,14.9857770319024,"Media","Media","Media","agropecuaria","suelo_infiltracion_media","pend_baja","prec_media","esc_media","aporte_medio",0.2,0.7,0.1,0.175,0.64,0.185,0.178515878315734,0.799389888770022,0.0220942329142445,0.175672670101648,0.664296824336853,0.160030505561499,0.0727018010304943,0.121890148658956,0.219289047301056,0.405292158115375,0.0680091516684497,0.112817693225669,"transferencia_degradada",0.405292158115375,"transferencia_conservada",0.219289047301056,0.186003110814319,0.878955214031615
774,"Pastizal","Luvisol","15°-35°",1689373.34887695,574109.03314209,901554.03,13.7118763624691,"Media","Media","Baja","agropecuaria","suelo_infiltracion_media","pend_alta","prec_media","esc_media","aporte_bajo",0.25,0.6,0.15,0.185,0.62,0.195,0.0160311958405546,0.967071057192374,0.0168977469670711,0.600086655112652,0.249956672443674,0.149956672443674,0.200025996533795,0.368050259965338,0.0949870017331022,0.164974870017331,0.0649870017331022,0.106974870017331,"aporte_degradada",0.368050259965338,"aporte_conservada",0.200025996533795,0.168024263431542,0.90827739396938
775,"Sec Bosque Tropical","Regosol","6°-15°",6684956.02941895,2201000.30584717,4517916.18,15.3235616447221,"Alta","Alta","Media","forestal_secundaria","suelo_infiltracion_baja","pend_media","prec_alta","esc_alta","aporte_medio",0.2,0.7,0.1,0.145,0.245,0.61,0.0127528583992964,0.0215479331574318,0.965699208443272,0.103627968337731,0.697449428320141,0.198922603342128,0.0801042216358839,0.0510883905013193,0.424520668425682,0.229234828496042,0.135375109938434,0.0796767810026385,"transferencia_conservada",0.424520668425682,"transferencia_degradada",0.229234828496042,0.195285839929639,0.852698679496852
776,"Pastizal","Phaeozem","6°-15°",952344.762573242,308085.175323486,308085.18,12.6381348280123,"Baja","Baja","Baja","agropecuaria","suelo_infiltracion_alta","pend_media","prec_baja","esc_baja","aporte_bajo",0.15,0.6,0.25,0.61,0.245,0.145,0.881587986999098,0.104138804056888,0.0142732089440139,0.513268522194491,0.293365738902754,0.193365738902754,0.173980556658347,0.317695742872805,0.108009721670826,0.190152128563597,0.0780097216708263,0.132152128563597,"aporte_degradada",0.317695742872805,"transferencia_degradada",0.190152128563597,0.127543614309208,0.943772703566729
777,"Pastizal","Phaeozem","1°-3°",566870.405029297,184389.124572754,184389.12,12.1248090094935,"Baja","Baja","Baja","agropecuaria","suelo_infiltracion_alta","pend_baja","prec_baja","esc_baja","aporte_bajo",0.2,0.5,0.3,0.61,0.245,0.145,0.965699208443272,0.0215479331574318,0.0127528583992964,0.504705364995602,0.297647317502199,0.197647317502199,0.171411609498681,0.312729111697449,0.10929419525066,0.192635444151275,0.0792941952506596,0.134635444151275,"aporte_degradada",0.312729111697449,"transferencia_degradada",0.192635444151275,0.120093667546174,0.946552043807644
778,"Sec Bosque Tropical","Regosol","6°-15°",359225.124633789,92718.0311279297,1794328.6,14.4001420282486,"Baja","Baja","Media","forestal_secundaria","suelo_infiltracion_baja","pend_media","prec_baja","esc_baja","aporte_medio",0.25,0.6,0.15,0.59,0.255,0.155,0.962828649138713,0.0231187669990934,0.014052583862194,0.293721668177697,0.507434270172258,0.198844061650045,0.190358567543064,0.108116500453309,0.314311876699909,0.172230281051677,0.135329555757026,0.0796532184950136,"transferencia_conservada",0.314311876699909,"aporte_conservada",0.190358567543064,0.123953309156845,0.946105609084125
779,"Pastizal","Regosol","6°-15°",4297029.39978027,1182511.47375488,11911138.01,16.2929845715195,"Alta","Alta","Media","agropecuaria","suelo_infiltracion_baja","pend_media","prec_alta","esc_alta","aporte_medio",0.5,0.3,0.2,0.135,0.235,0.63,0.0115286080273271,0.020068317677199,0.968403074295474,0.103309137489325,0.697694278394535,0.19899658411614,0.0509927412467976,0.0799192997438087,0.22930828351836,0.42466268146883,0.079698975234842,0.135418018787361,"transferencia_degradada",0.42466268146883,"transferencia_conservada",0.22930828351836,0.19535439795047,0.852486696354246
780,"Sec Bosque Templado","Regosol","6°-15°",1599515.64453125,440775.490386963,2036808.97,14.5268954017065,"Media","Media","Media","forestal_secundaria","suelo_infiltracion_baja","pend_media","prec_media","esc_media","aporte_medio",0.2,0.7,0.1,0.175,0.64,0.185,0.0362630663011836,0.947307133187998,0.0164298005108184,0.154617969919637,0.692747386739763,0.1526346433406,0.109678422553389,0.066385390975891,0.421793484309063,0.227824216021929,0.108528093137548,0.06579039300218,"transferencia_conservada",0.421793484309063,"transferencia_degradada",0.227824216021929,0.193969268287134,0.861508902358841
781,"Pastizal","Regosol","6°-15°",1093886.4942627,312031.886047363,565454.32,13.245386561691,"Media","Baja","Baja","agropecuaria","suelo_infiltracion_baja","pend_media","prec_media","esc_baja","aporte_bajo",0.6,0.25,0.15,0.2025,0.55,0.2475,0.506485834806222,0.450268940675622,0.0432452245181562,0.553675938971193,0.273162030514403,0.173162030514403,0.186102781691358,0.341132044603292,0.101948609154321,0.178433977698354,0.071948609154321,0.120433977698354,"aporte_degradada",0.341132044603292,"aporte_conservada",0.186102781691358,0.155029262911934,0.928915557675601
782,"Pastizal","Leptosol","15°-35°",1187512.98547363,365321.352783203,365321.35,12.8085353935014,"Media","Baja","Baja","agropecuaria","suelo_infiltracion_baja","pend_alta","prec_media","esc_baja","aporte_bajo",0.7,0.2,0.1,0.2,0.54,0.26,0.254940661680957,0.709633124206592,0.0354262141124509,0.578048555243149,0.260975722378425,0.160975722378425,0.193414566572945,0.355268162041027,0.0982927167135276,0.171365918979487,0.0682927167135276,0.113365918979487,"aporte_degradada",0.355268162041027,"aporte_conservada",0.193414566572945,0.161853595468082,0.918557516856744
783,"Pastizal","Phaeozem","6°-15°",1108476.82189941,331172.506774902,661424.39,13.4021524670603,"Media","Baja","Baja","agropecuaria","suelo_infiltracion_alta","pend_media","prec_media","esc_baja","aporte_bajo",0.1,0.7,0.2,0.185,0.64,0.175,0.349599264130135,0.624014889659297,0.0263858462105685,0.567678658208043,0.266160670895978,0.166160670895978,0.190303597462413,0.349253621760665,0.0998482012687935,0.174373189119667,0.0698482012687935,0.116373189119667,"aporte_degradada",0.349253621760665,"aporte_conservada",0.190303597462413,0.158950024298252,0.923093738767488
784,"Sec Bosque Tropical","Regosol","6°-15°",4422203.67749023,1249367.14529419,1249367.15,14.0381485014804,"Alta","Alta","Baja","forestal_secundaria","suelo_infiltracion_baja","pend_media","prec_alta","esc_alta","aporte_bajo",0.2,0.7,0.1,0.145,0.245,0.61,0.0127528583992964,0.0215479331574318,0.965699208443272,0.695294635004397,0.202352682497801,0.102352682497801,0.42327088830255,0.228588390501319,0.137364555848725,0.0807058047493404,0.0793645558487247,0.0507058047493404,"aporte_conservada",0.42327088830255,"aporte_degradada",0.228588390501319,0.194682497801231,0.853549573152347
785,"Sec Bosque Tropical","Regosol","1°-3°",529215.213012695,179750.893859863,179750.89,12.0993327901316,"Baja","Baja","Baja","forestal_secundaria","suelo_infiltracion_baja","pend_baja","prec_baja","esc_baja","aporte_bajo",0.3,0.5,0.2,0.59,0.255,0.155,0.962828649138713,0.0231187669990934,0.014052583862194,0.505122393472348,0.297438803263826,0.197438803263826,0.312970988213962,0.171536718041704,0.192514505893019,0.109231640979148,0.134514505893019,0.0792316409791478,"aporte_conservada",0.312970988213962,"transferencia_conservada",0.192514505893019,0.120456482320943,0.946419676621854
786,"Pastizal","Phaeozem","6°-15°",1021370.67150879,297278.719360352,52983251.28,17.7854864268626,"Baja","Baja","Alta","agropecuaria","suelo_infiltracion_alta","pend_media","prec_baja","esc_baja","aporte_alto",0.15,0.6,0.25,0.61,0.245,0.145,0.909125532982143,0.0770990123843459,0.013775454633511,0.105232496082568,0.205232496082568,0.689535007834863,0.0515697488247705,0.0810348477278897,0.0815697488247705,0.13903484772789,0.226860502350459,0.419930304544221,"receptora_degradada",0.419930304544221,"receptora_conservada",0.226860502350459,0.193069802193762,0.857354161837054
787,"Pastizal","Phaeozem","3°-6°",622309.982666016,186794.986297607,186794.99,12.137772337737,"Baja","Baja","Baja","agropecuaria","suelo_infiltracion_alta","pend_media","prec_baja","esc_baja","aporte_bajo",0.15,0.6,0.25,0.61,0.245,0.145,0.965699208443272,0.0215479331574318,0.0127528583992964,0.504705364995602,0.297647317502199,0.197647317502199,0.171411609498681,0.312729111697449,0.10929419525066,0.192635444151275,0.0792941952506596,0.134635444151275,"aporte_degradada",0.312729111697449,"transferencia_degradada",0.192635444151275,0.120093667546174,0.946552043807644
788,"Pastizal","Phaeozem","6°-15°",337159.139526367,101312.094696045,101312.09,11.5259709020268,"Baja","Baja","Baja","agropecuaria","suelo_infiltracion_alta","pend_media","prec_baja","esc_baja","aporte_bajo",0.15,0.6,0.25,0.61,0.245,0.145,0.965699208443272,0.0215479331574318,0.0127528583992964,0.504705364995602,0.297647317502199,0.197647317502199,0.171411609498681,0.312729111697449,0.10929419525066,0.192635444151275,0.0792941952506596,0.134635444151275,"aporte_degradada",0.312729111697449,"transferencia_degradada",0.192635444151275,0.120093667546174,0.946552043807644
789,"Pastizal","Phaeozem","1°-3°",1217044.21337891,373366.498962402,100081861.37,18.4214990327627,"Media","Media","Alta","agropecuaria","suelo_infiltracion_alta","pend_baja","prec_media","esc_media","aporte_alto",0.1,0.7,0.2,0.185,0.64,0.175,0.189122108161474,0.790091578288922,0.0207863135496039,0.141583210269406,0.241583210269406,0.616833579461187,0.0624749630808219,0.102118261956256,0.092474963080822,0.160118261956256,0.205050073838356,0.377763476087488,"receptora_degradada",0.377763476087488,"receptora_conservada",0.205050073838356,0.172713402249132,0.899878152823283
790,"Pastizal","Phaeozem","1°-3°",1339447.44104004,392143.252685547,42946916.25,17.5754754284984,"Media","Media","Alta","agropecuaria","suelo_infiltracion_alta","pend_baja","prec_media","esc_media","aporte_alto",0.1,0.7,0.2,0.185,0.64,0.175,0.137717972527882,0.843289359470701,0.0189926680014166,0.144063734773677,0.244063734773677,0.611872530452647,0.063219120432103,0.103556966168733,0.093219120432103,0.161556966168732,0.203561759135794,0.374886067662535,"receptora_degradada",0.374886067662535,"receptora_conservada",0.203561759135794,0.171324308526741,0.902419573916563
791,"Pastizal","Phaeozem","1°-3°",2166806.1418457,638663.383026123,14886190.53,16.5159445982709,"Alta","Media","Media","agropecuaria","suelo_infiltracion_alta","pend_baja","prec_alta","esc_media","aporte_medio",0.15,0.6,0.25,0.155,0.255,0.59,0.0290534208059981,0.860356138706654,0.110590440487348,0.148828491096532,0.6941893158388,0.156982193064667,0.0646485473289597,0.106320524835989,0.22825679475164,0.422629803186504,0.0670946579194002,0.111049671977507,"transferencia_degradada",0.422629803186504,"transferencia_conservada",0.22825679475164,0.194373008434864,0.860538023241762
792,"Pastizal","Phaeozem","1°-3°",2732205.94213867,811156.897216797,13667402.56,16.4305242535713,"Alta","Media","Media","agropecuaria","suelo_infiltracion_alta","pend_baja","prec_alta","esc_media","aporte_medio",0.15,0.6,0.25,0.155,0.255,0.59,0.0204884430450848,0.382321513295797,0.597190043659118,0.123213764273807,0.695902311390983,0.18088392433521,0.0569641292821421,0.091463983278808,0.228770693417295,0.42362334060677,0.074265177300563,0.124912676114422,"transferencia_degradada",0.42362334060677,"transferencia_conservada",0.228770693417295,0.194852647189475,0.857380054845087
793,"Pastizal","Leptosol","15°-35°",1970892.01989746,560893.713653564,560893.71,13.2372884841808,"Media","Media","Baja","agropecuaria","suelo_infiltracion_baja","pend_alta","prec_media","esc_media","aporte_bajo",0.7,0.2,0.1,0.2,0.54,0.26,0.0196463654223969,0.954813359528487,0.0255402750491159,0.600589390962672,0.249705304518664,0.149705304518664,0.200176817288802,0.36834184675835,0.0949115913555992,0.164829076620825,0.0649115913555992,0.106829076620825,"aporte_degradada",0.36834184675835,"aporte_conservada",0.200176817288802,0.168165029469548,0.908032671440731
794,"Sec Bosque Tropical","Leptosol","15°-35°",635641.541870117,173680.947906494,173680.95,12.0649810320341,"Baja","Baja","Baja","forestal_secundaria","suelo_infiltracion_baja","pend_alta","prec_baja","esc_baja","aporte_bajo",0.3,0.5,0.2,0.59,0.255,0.155,0.962828649138713,0.0231187669990934,0.014052583862194,0.505122393472348,0.297438803263826,0.197438803263826,0.312970988213962,0.171536718041704,0.192514505893019,0.109231640979148,0.134514505893019,0.0792316409791478,"aporte_conservada",0.312970988213962,"transferencia_conservada",0.192514505893019,0.120456482320943,0.946419676621854
795,"Sec Bosque Tropical","Leptosol","1°-3°",2567080.02392578,694449.841217041,200840897.86,19.1180236046237,"Alta","Media","Alta","forestal_secundaria","suelo_infiltracion_baja","pend_baja","prec_alta","esc_media","aporte_alto",0.25,0.6,0.15,0.145,0.245,0.61,0.026349677723855,0.760175714348841,0.213474607927304,0.159356246510172,0.259356246510173,0.581287506979655,0.1124266229759,0.0678068739530518,0.1704266229759,0.0978068739530518,0.3571467540482,0.194386252093897,"receptora_conservada",0.3571467540482,"receptora_degradada",0.194386252093897,0.162760501954303,0.91710130788796
796,"Sec Bosque Tropical","Phaeozem","15°-35°",1709593.5748291,466708.569244385,2080544.36,14.5481406096188,"Media","Media","Media","forestal_secundaria","suelo_infiltracion_alta","pend_alta","prec_media","esc_media","aporte_medio",0.2,0.3,0.5,0.235,0.56,0.205,0.0223384030418251,0.958174904942966,0.0194866920152091,0.152376425855513,0.695532319391635,0.152091254752852,0.108378326996198,0.065712927756654,0.423408745247148,0.22865969581749,0.108212927756654,0.0656273764258555,"transferencia_conservada",0.423408745247148,"transferencia_degradada",0.22865969581749,0.194749049429658,0.859707796613936
797,"Pastizal","Phaeozem","3°-6°",158214.657714844,42916.0398864746,1851941,14.4317453762033,"Baja","Baja","Media","agropecuaria","suelo_infiltracion_alta","pend_media","prec_baja","esc_baja","aporte_medio",0.15,0.6,0.25,0.61,0.245,0.145,0.965699208443272,0.0215479331574318,0.0127528583992964,0.294217238346526,0.506860158311346,0.198922603342128,0.108265171503958,0.190645998240985,0.172058047493404,0.31397889182058,0.0796767810026385,0.135375109938434,"transferencia_degradada",0.31397889182058,"aporte_degradada",0.190645998240985,0.123332893579595,0.94625592447414
798,"Pastizal","Phaeozem","1°-3°",537875.628295898,135911.045471191,1016989.32,13.8323581567946,"Baja","Baja","Baja","agropecuaria","suelo_infiltracion_alta","pend_baja","prec_baja","esc_baja","aporte_bajo",0.2,0.5,0.3,0.61,0.245,0.145,0.965699208443272,0.0215479331574318,0.0127528583992964,0.504705364995602,0.297647317502199,0.197647317502199,0.171411609498681,0.312729111697449,0.10929419525066,0.192635444151275,0.0792941952506596,0.134635444151275,"aporte_degradada",0.312729111697449,"transferencia_degradada",0.192635444151275,0.120093667546174,0.946552043807644
799,"Pastizal","Regosol","6°-15°",2532075.24633789,711421.64465332,8252943.18,15.9260805649508,"Alta","Media","Media","agropecuaria","suelo_infiltracion_baja","pend_media","prec_alta","esc_media","aporte_medio",0.5,0.3,0.2,0.135,0.235,0.63,0.0237261549984356,0.670758555465067,0.305515289536498,0.13828315877294,0.695254769000313,0.166462072226747,0.0614849476318821,0.100204232088305,0.228576430700094,0.423247766020181,0.069938621668024,0.116548001891513,"transferencia_degradada",0.423247766020181,"transferencia_conservada",0.228576430700094,0.194671335320088,0.859392177465834
800,"Sec Bosque Tropical","Regosol","1°-3°",178382.419067383,48932.636932373,8832166.03,15.9939109592314,"Baja","Baja","Media","forestal_secundaria","suelo_infiltracion_baja","pend_baja","prec_baja","esc_baja","aporte_medio",0.3,0.5,0.2,0.59,0.255,0.155,0.962828649138713,0.0231187669990934,0.014052583862194,0.293721668177697,0.507434270172258,0.198844061650045,0.190358567543064,0.108116500453309,0.314311876699909,0.172230281051677,0.135329555757026,0.0796532184950136,"transferencia_conservada",0.314311876699909,"aporte_conservada",0.190358567543064,0.123953309156845,0.946105609084125
801,"Pastizal","Phaeozem","6°-15°",1293614.79174805,326922.786712647,326922.79,12.6974823646132,"Media","Baja","Baja","agropecuaria","suelo_infiltracion_alta","pend_media","prec_media","esc_baja","aporte_bajo",0.1,0.7,0.2,0.185,0.64,0.175,0.37068858621732,0.602189697428402,0.0271217163542782,0.565643313013696,0.267178343493152,0.167178343493152,0.189692993904109,0.348073121547944,0.100153503047946,0.174963439226028,0.0701535030479456,0.116963439226028,"aporte_degradada",0.348073121547944,"aporte_conservada",0.189692993904109,0.158380127643835,0.923961590296903
802,"Sec Bosque Tropical","Regosol","15°-35°",1476431.61035156,389614.711120605,389614.71,12.8729161733462,"Media","Media","Baja","forestal_secundaria","suelo_infiltracion_baja","pend_alta","prec_media","esc_media","aporte_bajo",0.25,0.6,0.15,0.185,0.62,0.195,0.147653530780244,0.830409004570009,0.0219374646497474,0.58742839338695,0.256285803306525,0.156285803306525,0.360708468164431,0.196228518016085,0.168645765917784,0.0968857409919574,0.110645765917784,0.0668857409919574,"aporte_conservada",0.360708468164431,"aporte_degradada",0.196228518016085,0.164479950148346,0.914288815233649
803,"Sec Bosque Tropical","Phaeozem","15°-35°",691441.723754883,177464.147979736,2258008.51,14.6299942353746,"Baja","Baja","Media","forestal_secundaria","suelo_infiltracion_alta","pend_alta","prec_baja","esc_baja","aporte_medio",0.2,0.3,0.5,0.63,0.235,0.135,0.968403074295474,0.020068317677199,0.0115286080273271,0.294684030742955,0.506319385140905,0.19899658411614,0.190916737830914,0.108405209222886,0.313665243381725,0.171895815542272,0.135418018787361,0.079698975234842,"transferencia_conservada",0.313665243381725,"aporte_conservada",0.190916737830914,0.122748505550811,0.94639690599231
804,"Sec Bosque Tropical","Leptosol","6°-15°",931517.826660156,234199.828582764,250516142.22,19.3390339204048,"Baja","Baja","Alta","forestal_secundaria","suelo_infiltracion_baja","pend_media","prec_baja","esc_baja","aporte_alto",0.25,0.6,0.15,0.59,0.255,0.155,0.962828649138713,0.0231187669990934,0.014052583862194,0.102561196736174,0.202561196736174,0.694877606527652,0.079485494106981,0.0507683590208522,0.137485494106981,0.0807683590208522,0.423029011786038,0.228463281958296,"receptora_conservada",0.423029011786038,"receptora_degradada",0.228463281958296,0.194565729827743,0.853827266990514
805,"Sec Bosque Tropical","Leptosol","15°-35°",731158.58605957,187504.4480896,250703646.67,19.3397821129628,"Baja","Baja","Alta","forestal_secundaria","suelo_infiltracion_baja","pend_alta","prec_baja","esc_baja","aporte_alto",0.3,0.5,0.2,0.59,0.255,0.155,0.962828649138713,0.0231187669990934,0.014052583862194,0.102561196736174,0.202561196736174,0.694877606527652,0.079485494106981,0.0507683590208522,0.137485494106981,0.0807683590208522,0.423029011786038,0.228463281958296,"receptora_conservada",0.423029011786038,"receptora_degradada",0.228463281958296,0.194565729827743,0.853827266990514
806,"Sec Bosque Tropical","Regosol","6°-15°",794260.417114258,194793.972595215,257783559.51,19.3676308780497,"Baja","Baja","Alta","forestal_secundaria","suelo_infiltracion_baja","pend_media","prec_baja","esc_baja","aporte_alto",0.25,0.6,0.15,0.59,0.255,0.155,0.962828649138713,0.0231187669990934,0.014052583862194,0.102561196736174,0.202561196736174,0.694877606527652,0.079485494106981,0.0507683590208522,0.137485494106981,0.0807683590208522,0.423029011786038,0.228463281958296,"receptora_conservada",0.423029011786038,"receptora_degradada",0.228463281958296,0.194565729827743,0.853827266990514
807,"Sec Bosque Tropical","Regosol","15°-35°",600118.304443359,153251.594238281,927561.88,13.740315866314,"Baja","Baja","Baja","forestal_secundaria","suelo_infiltracion_baja","pend_alta","prec_baja","esc_baja","aporte_bajo",0.3,0.5,0.2,0.59,0.255,0.155,0.962828649138713,0.0231187669990934,0.014052583862194,0.505122393472348,0.297438803263826,0.197438803263826,0.312970988213962,0.171536718041704,0.192514505893019,0.109231640979148,0.134514505893019,0.0792316409791478,"aporte_conservada",0.312970988213962,"transferencia_conservada",0.192514505893019,0.120456482320943,0.946419676621854
808,"Sec Bosque Tropical","Phaeozem","15°-35°",1329919.95019531,360943.814910889,360943.81,12.7964803447411,"Media","Baja","Baja","forestal_secundaria","suelo_infiltracion_alta","pend_alta","prec_media","esc_baja","aporte_bajo",0.2,0.3,0.5,0.235,0.56,0.205,0.2990346957066,0.674245201254858,0.026720103038542,0.572768540733194,0.263615729633403,0.163615729633403,0.352205753625253,0.191830562219958,0.172897123187374,0.0990847188900209,0.114897123187374,0.0690847188900209,"aporte_conservada",0.352205753625253,"aporte_degradada",0.191830562219958,0.160375191405294,0.92089117884081
809,"Sec Bosque Tropical","Phaeozem","15°-35°",891723.002929688,217452.551208496,217452.55,12.2897405434846,"Baja","Baja","Baja","forestal_secundaria","suelo_infiltracion_alta","pend_alta","prec_baja","esc_baja","aporte_bajo",0.2,0.3,0.5,0.63,0.235,0.135,0.968403074295474,0.020068317677199,0.0115286080273271,0.504312553373185,0.297843723313407,0.197843723313407,0.312501280956447,0.171293766011956,0.192749359521776,0.109353116994022,0.134749359521776,0.0793531169940222,"aporte_conservada",0.312501280956447,"transferencia_conservada",0.192749359521776,0.119751921434671,0.946676444656115
810,"Sec Bosque Tropical","Phaeozem","6°-15°",4557334.86462402,1086319.35189819,8724438.65,15.9816388004946,"Alta","Alta","Media","forestal_secundaria","suelo_infiltracion_alta","pend_media","prec_alta","esc_alta","aporte_medio",0.1,0.2,0.7,0.18,0.28,0.54,0.0176817288801572,0.0275049115913556,0.954813359528487,0.104911591355599,0.696463654223969,0.198624754420432,0.0808487229862476,0.0514734774066798,0.423948919449902,0.228939096267191,0.135202357563851,0.0795874263261297,"transferencia_conservada",0.423948919449902,"transferencia_degradada",0.228939096267191,0.195009823182711,0.853548203009197
811,"Sec Bosque Tropical","Regosol","6°-15°",663735.903808594,198590.58895874,2138221.17,14.5754852800421,"Baja","Baja","Media","forestal_secundaria","suelo_infiltracion_baja","pend_media","prec_baja","esc_baja","aporte_medio",0.25,0.6,0.15,0.59,0.255,0.155,0.962828649138713,0.0231187669990934,0.014052583862194,0.293721668177697,0.507434270172258,0.198844061650045,0.190358567543064,0.108116500453309,0.314311876699909,0.172230281051677,0.135329555757026,0.0796532184950136,"transferencia_conservada",0.314311876699909,"aporte_conservada",0.190358567543064,0.123953309156845,0.946105609084125
812,"Sec Bosque Tropical","Regosol","6°-15°",1541524.73120117,468443.814331055,1106679.26,13.9168753352817,"Media","Media","Baja","forestal_secundaria","suelo_infiltracion_baja","pend_media","prec_media","esc_media","aporte_bajo",0.2,0.7,0.1,0.175,0.64,0.185,0.0147306397306397,0.96969696969697,0.0155723905723906,0.600084175084175,0.249957912457912,0.149957912457912,0.368048821548822,0.200025252525252,0.164975589225589,0.0949873737373737,0.106975589225589,0.0649873737373737,"aporte_conservada",0.368048821548822,"aporte_degradada",0.200025252525252,0.168023569023569,0.908278600067441
813,"Bosque de Encino","Regosol","6°-15°",2547837.84179688,718690.349029541,899940.15,13.7100846512796,"Alta","Media","Baja","forestal_conservada","suelo_infiltracion_baja","pend_media","prec_alta","esc_media","aporte_bajo",0.2,0.7,0.1,0.145,0.245,0.61,0.0244212973970378,0.655419208574179,0.320159494028783,0.629573819663174,0.235213090168413,0.135213090168413,0.448110197370959,0.145914763932635,0.179944901314521,0.0670426180336825,0.111944901314521,0.0470426180336825,"aporte_conservada",0.448110197370959,"transferencia_conservada",0.179944901314521,0.268165296056438,0.84792669158928
814,"Sec Bosque Templado","Regosol","6°-15°",4224091.47912598,1208126.04443359,1631185.94,14.3048184918347,"Alta","Alta","Media","forestal_secundaria","suelo_infiltracion_baja","pend_media","prec_alta","esc_alta","aporte_medio",0.2,0.7,0.1,0.145,0.245,0.61,0.0127528583992964,0.0215479331574318,0.965699208443272,0.103627968337731,0.697449428320141,0.198922603342128,0.0801042216358839,0.0510883905013193,0.424520668425682,0.229234828496042,0.135375109938434,0.0796767810026385,"transferencia_conservada",0.424520668425682,"transferencia_degradada",0.229234828496042,0.195285839929639,0.852698679496852
815,"Bosque de Encino","Regosol","15°-35°",1604731.65783691,468972.682128906,2432672.74,14.7045015149521,"Media","Media","Media","forestal_conservada","suelo_infiltracion_baja","pend_alta","prec_media","esc_media","aporte_medio",0.25,0.6,0.15,0.185,0.62,0.195,0.0160311958405546,0.967071057192374,0.0168977469670711,0.15155979202773,0.696793760831889,0.151646447140381,0.123060658578856,0.0503119584055459,0.493819757365685,0.159358752166378,0.123119584055459,0.0503292894280763,"transferencia_conservada",0.493819757365685,"transferencia_degradada",0.159358752166378,0.334461005199307,0.813540164760646
816,"Bosque de Encino","Regosol","6°-15°",1548566.90661621,439552.675842285,1963700.06,14.4903415465355,"Media","Media","Media","forestal_conservada","suelo_infiltracion_baja","pend_media","prec_media","esc_media","aporte_medio",0.2,0.7,0.1,0.175,0.64,0.185,0.0382112771784549,0.945281345574874,0.0165073772466709,0.154906322714435,0.692357744564309,0.152735932721256,0.125336299445816,0.0509812645428869,0.49080326630373,0.158471548912862,0.123860434250454,0.0505471865442513,"transferencia_conservada",0.49080326630373,"transferencia_degradada",0.158471548912862,0.332331717390868,0.816427878294749
817,"Sec Bosque Tropical","Regosol","6°-15°",1696731.5513916,478237.645629883,478237.65,13.0778651546633,"Media","Media","Baja","forestal_secundaria","suelo_infiltracion_baja","pend_media","prec_media","esc_media","aporte_bajo",0.2,0.7,0.1,0.175,0.64,0.185,0.0147306397306397,0.96969696969697,0.0155723905723906,0.600084175084175,0.249957912457912,0.149957912457912,0.368048821548822,0.200025252525252,0.164975589225589,0.0949873737373737,0.106975589225589,0.0649873737373737,"aporte_conservada",0.368048821548822,"aporte_degradada",0.200025252525252,0.168023569023569,0.908278600067441
818,"Sec Bosque Tropical","Regosol","15°-35°",1568925.95410156,428163.310150146,428163.31,12.9672623027616,"Media","Media","Baja","forestal_secundaria","suelo_infiltracion_baja","pend_alta","prec_media","esc_media","aporte_bajo",0.25,0.6,0.15,0.185,0.62,0.195,0.0620890540457748,0.919249679121552,0.018661266832673,0.59565722127869,0.252171389360655,0.152171389360655,0.36548118834164,0.198697166383607,0.16625940582918,0.0956514168081965,0.10825940582918,0.0656514168081965,"aporte_conservada",0.36548118834164,"aporte_degradada",0.198697166383607,0.166784021958033,0.910413806300898
819,"Bosque Tropical","Cambisol","6°-15°",NA,0,1091698.69,13.9032463883075,NA,"Baja","Baja","forestal_conservada","suelo_infiltracion_media","pend_media","prec_baja","esc_baja","aporte_bajo",0.2,0.3,0.5,0.63,0.235,0.135,0.968403074295474,0.020068317677199,0.0115286080273271,0.504312553373185,0.297843723313407,0.197843723313407,0.362932536293766,0.120862510674637,0.222533731853117,0.0795687446626815,0.154533731853117,0.0595687446626815,"aporte_conservada",0.362932536293766,"transferencia_conservada",0.222533731853117,0.140398804440649,0.901697307016653
820,"Bosque Tropical","Phaeozem","15°-35°",914632.302001953,0,1091698.69,13.9032463883075,"Baja","Baja","Baja","forestal_conservada","suelo_infiltracion_alta","pend_alta","prec_baja","esc_baja","aporte_bajo",0.2,0.3,0.5,0.63,0.235,0.135,0.968403074295474,0.020068317677199,0.0115286080273271,0.504312553373185,0.297843723313407,0.197843723313407,0.362932536293766,0.120862510674637,0.222533731853117,0.0795687446626815,0.154533731853117,0.0595687446626815,"aporte_conservada",0.362932536293766,"transferencia_conservada",0.222533731853117,0.140398804440649,0.901697307016653
821,"Bosque Tropical","Cambisol","15°-35°",491378.484924316,0,0,0,"Baja","Baja","Muy Baja","forestal_conservada","suelo_infiltracion_media","pend_alta","prec_baja","esc_baja","aporte_muy_bajo",0.2,0.3,0.5,0.63,0.235,0.135,0.968403074295474,0.020068317677199,0.0115286080273271,0.504312553373185,0.297843723313407,0.197843723313407,0.362932536293766,0.120862510674637,0.222533731853117,0.0795687446626815,0.154533731853117,0.0595687446626815,"aporte_conservada",0.362932536293766,"transferencia_conservada",0.222533731853117,0.140398804440649,0.901697307016653
822,"Sec Bosque Tropical","Regosol","15°-35°",1811486.56848145,472165.688537598,472165.69,13.0650873590022,"Media","Media","Baja","forestal_secundaria","suelo_infiltracion_baja","pend_alta","prec_media","esc_media","aporte_bajo",0.25,0.6,0.15,0.185,0.62,0.195,0.0160311958405546,0.967071057192374,0.0168977469670711,0.600086655112652,0.249956672443674,0.149956672443674,0.368050259965338,0.200025996533795,0.164974870017331,0.0949870017331022,0.106974870017331,0.0649870017331022,"aporte_conservada",0.368050259965338,"aporte_degradada",0.200025996533795,0.168024263431542,0.90827739396938
823,"Sec Bosque Tropical","Regosol","15°-35°",398303.998168945,104010.841674805,576176.53,13.2641711039961,"Baja","Baja","Baja","forestal_secundaria","suelo_infiltracion_baja","pend_alta","prec_baja","esc_baja","aporte_bajo",0.3,0.5,0.2,0.59,0.255,0.155,0.962828649138713,0.0231187669990934,0.014052583862194,0.505122393472348,0.297438803263826,0.197438803263826,0.312970988213962,0.171536718041704,0.192514505893019,0.109231640979148,0.134514505893019,0.0792316409791478,"aporte_conservada",0.312970988213962,"transferencia_conservada",0.192514505893019,0.120456482320943,0.946419676621854
824,"Sec Bosque Tropical","Regosol","6°-15°",4048693.40844727,1017964.01611328,1714085.76,14.3543909952952,"Alta","Alta","Media","forestal_secundaria","suelo_infiltracion_baja","pend_media","prec_alta","esc_alta","aporte_medio",0.2,0.7,0.1,0.145,0.245,0.61,0.0128294561789436,0.025708998085522,0.961461545735534,0.103851341140065,0.697434108764211,0.198714550095724,0.0802337778612376,0.0511554023420195,0.424511783083242,0.229230232629263,0.13525443905552,0.0796143650287172,"transferencia_conservada",0.424511783083242,"transferencia_degradada",0.229230232629263,0.195281550453979,0.852761493298816
825,"Pastizal","Regosol","6°-15°",1479121.09436035,371892.504608154,4137938.11,15.2357084223413,"Media","Baja","Media","agropecuaria","suelo_infiltracion_baja","pend_media","prec_media","esc_baja","aporte_medio",0.6,0.25,0.15,0.2025,0.55,0.2475,0.231179393532573,0.736505857623946,0.0323147488434812,0.183061171587712,0.653764121293485,0.163174707118803,0.0749183514763136,0.126175479520873,0.216129236388046,0.399183190350221,0.0689524121356408,0.114641330128906,"transferencia_degradada",0.399183190350221,"transferencia_conservada",0.216129236388046,0.183053953962176,0.885001849691941
826,"Pastizal","Regosol","15°-35°",1279587.20654297,307825.648040771,4445763.76,15.3074624616251,"Media","Baja","Media","agropecuaria","suelo_infiltracion_baja","pend_alta","prec_media","esc_baja","aporte_medio",0.7,0.2,0.1,0.2,0.54,0.26,0.532833447416491,0.420064614963919,0.0471019376195902,0.227569920231494,0.593433310516702,0.178996769251804,0.0882709760694482,0.151990553734267,0.198029993155011,0.364191320099687,0.0736990307755412,0.123818126166046,"transferencia_degradada",0.364191320099687,"transferencia_conservada",0.198029993155011,0.166161326944676,0.915291045235157
827,"Pastizal","Regosol","15°-35°",2013077.38806152,507111.23236084,507111.23,13.1364876190233,"Alta","Media","Baja","agropecuaria","suelo_infiltracion_baja","pend_alta","prec_alta","esc_media","aporte_bajo",0.6,0.25,0.15,0.1275,0.2275,0.645,0.0261941448382126,0.841294298921418,0.13251155624037,0.610631741140216,0.244684129429892,0.144684129429892,0.203189522342065,0.374166409861325,0.0934052388289676,0.161916795069337,0.0634052388289676,0.103916795069337,"aporte_degradada",0.374166409861325,"aporte_conservada",0.203189522342065,0.17097688751926,0.903048172031271
828,"Sec Bosque Tropical","Regosol","6°-15°",398452.679443359,97217.1430053711,0,0,"Baja","Baja","Muy Baja","forestal_secundaria","suelo_infiltracion_baja","pend_media","prec_baja","esc_baja","aporte_muy_bajo",0.25,0.6,0.15,0.59,0.255,0.155,0.962828649138713,0.0231187669990934,0.014052583862194,0.505122393472348,0.297438803263826,0.197438803263826,0.312970988213962,0.171536718041704,0.192514505893019,0.109231640979148,0.134514505893019,0.0792316409791478,"aporte_conservada",0.312970988213962,"transferencia_conservada",0.192514505893019,0.120456482320943,0.946419676621854
829,"Sec Bosque Tropical","Phaeozem","15°-35°",5629221.12109375,1310160.09960938,11120918.1,16.2243384962488,"Alta","Alta","Media","forestal_secundaria","suelo_infiltracion_alta","pend_alta","prec_alta","esc_alta","aporte_medio",0.15,0.25,0.6,0.1725,0.2725,0.555,0.0165309056061332,0.0261140392908481,0.957355055103019,0.104611883085769,0.696693818878773,0.198694298035458,0.080674892189746,0.0513835649257307,0.424082414949688,0.229008145663632,0.135242692860565,0.0796082894106373,"transferencia_conservada",0.424082414949688,"transferencia_degradada",0.229008145663632,0.195074269286056,0.853350412594473
830,"Pastizal","Regosol","3°-6°",725255.687866211,153929.490478516,153929.49,11.9442564158642,"Baja","Baja","Baja","agropecuaria","suelo_infiltracion_baja","pend_media","prec_baja","esc_baja","aporte_bajo",0.7,0.2,0.1,0.54,0.28,0.18,0.954813359528487,0.0275049115913556,0.0176817288801572,0.506286836935167,0.296856581532417,0.196856581532417,0.17188605108055,0.313646365422397,0.109056974459725,0.192176817288802,0.079056974459725,0.134176817288802,"aporte_degradada",0.313646365422397,"transferencia_degradada",0.192176817288802,0.121469548133595,0.946048456170975
831,"Sec Bosque Tropical","Regosol","3°-6°",882814.794921875,159500.889389038,10689539.24,16.1847762736573,"Baja","Baja","Media","forestal_secundaria","suelo_infiltracion_baja","pend_media","prec_baja","esc_baja","aporte_medio",0.25,0.6,0.15,0.59,0.255,0.155,0.962828649138713,0.0231187669990934,0.014052583862194,0.293721668177697,0.507434270172258,0.198844061650045,0.190358567543064,0.108116500453309,0.314311876699909,0.172230281051677,0.135329555757026,0.0796532184950136,"transferencia_conservada",0.314311876699909,"aporte_conservada",0.190358567543064,0.123953309156845,0.946105609084125
832,"Bosque Tropical","Regosol","1°-3°",300199.138427734,0,0,0,"Baja","Baja","Muy Baja","forestal_conservada","suelo_infiltracion_baja","pend_baja","prec_baja","esc_baja","aporte_muy_bajo",0.3,0.5,0.2,0.59,0.255,0.155,0.962828649138713,0.0231187669990934,0.014052583862194,0.505122393472348,0.297438803263826,0.197438803263826,0.363483227561197,0.12102447869447,0.222258386219402,0.0794877606527652,0.154258386219402,0.0594877606527652,"aporte_conservada",0.363483227561197,"transferencia_conservada",0.222258386219402,0.141224841341795,0.901439480212449
833,"Bosque Tropical","Regosol","1°-3°",NA,0,0,0,NA,"Baja","Muy Baja","forestal_conservada","suelo_infiltracion_baja","pend_baja","prec_baja","esc_baja","aporte_muy_bajo",0.3,0.5,0.2,0.59,0.255,0.155,0.962828649138713,0.0231187669990934,0.014052583862194,0.505122393472348,0.297438803263826,0.197438803263826,0.363483227561197,0.12102447869447,0.222258386219402,0.0794877606527652,0.154258386219402,0.0594877606527652,"aporte_conservada",0.363483227561197,"transferencia_conservada",0.222258386219402,0.141224841341795,0.901439480212449
834,"Pastizal","Regosol","6°-15°",659428.901367188,141846.088897705,7333179.01,15.8079198147086,"Baja","Baja","Media","agropecuaria","suelo_infiltracion_baja","pend_media","prec_baja","esc_baja","aporte_medio",0.7,0.2,0.1,0.54,0.28,0.18,0.954813359528487,0.0275049115913556,0.0176817288801572,0.292337917485265,0.509037328094303,0.198624754420432,0.10770137524558,0.189555992141454,0.172711198428291,0.315241650294695,0.0795874263261297,0.135202357563851,"transferencia_degradada",0.315241650294695,"aporte_degradada",0.189555992141454,0.125685658153242,0.945682388037966
835,"Agricultura","Phaeozem","<1°",1126509.65771484,0,367386964.99,19.7219262537687,"Media","Baja","Alta","agropecuaria","suelo_infiltracion_alta","pend_baja","prec_media","esc_baja","aporte_alto",0.1,0.7,0.2,0.185,0.64,0.175,0.803377563329313,0.154402895054282,0.0422195416164053,0.111942098914355,0.211942098914355,0.676115802171291,0.0535826296743064,0.0849264173703257,0.0835826296743064,0.142926417370326,0.222834740651387,0.412147165259349,"receptora_degradada",0.412147165259349,"receptora_conservada",0.222834740651387,0.189312424607961,0.865964128793933
836,"Pastizal","Regosol","6°-15°",1075488.95404053,58773.3435173035,183124.77,12.1179284635228,"Media","Baja","Baja","agropecuaria","suelo_infiltracion_baja","pend_media","prec_media","esc_baja","aporte_bajo",0.6,0.25,0.15,0.2025,0.55,0.2475,0.820483961733258,0.123804164321891,0.0557118739448509,0.523522791221159,0.28823860438942,0.18823860438942,0.177056837366348,0.323643218908272,0.106471581316826,0.187178390545864,0.0764715813168261,0.129178390545864,"aporte_degradada",0.323643218908272,"transferencia_degradada",0.187178390545864,0.136464828362409,0.940274767874134
837,"Sec Bosque Tropical","Regosol","15°-35°",912514.811462402,50662.5602531433,104428.46,11.5562670985323,"Baja","Baja","Baja","forestal_secundaria","suelo_infiltracion_baja","pend_alta","prec_baja","esc_baja","aporte_bajo",0.3,0.5,0.2,0.59,0.255,0.155,0.962828649138713,0.0231187669990934,0.014052583862194,0.505122393472348,0.297438803263826,0.197438803263826,0.312970988213962,0.171536718041704,0.192514505893019,0.109231640979148,0.134514505893019,0.0792316409791478,"aporte_conservada",0.312970988213962,"transferencia_conservada",0.192514505893019,0.120456482320943,0.946419676621854
838,"Sec Bosque Tropical","Regosol","15°-35°",1468548.02587891,1603.5777875231,366126454.35,19.7184893381128,"Media","Baja","Alta","forestal_secundaria","suelo_infiltracion_baja","pend_alta","prec_media","esc_baja","aporte_alto",0.25,0.6,0.15,0.185,0.62,0.195,0.803377563329312,0.149577804583836,0.0470446320868516,0.112183353437877,0.212183353437877,0.675633293124246,0.0850663449939686,0.0536550060313631,0.143066344993969,0.0836550060313631,0.411867310012063,0.222689987937274,"receptora_conservada",0.411867310012063,"receptora_degradada",0.222689987937274,0.189177322074789,0.86626714745867
839,"Sec Bosque Tropical","Regosol","6°-15°",1212906.52197266,40398.8131780028,1746910.84,14.3733601241909,"Media","Baja","Media","forestal_secundaria","suelo_infiltracion_baja","pend_media","prec_media","esc_baja","aporte_medio",0.2,0.7,0.1,0.175,0.64,0.185,0.792452830188679,0.161006289308176,0.0465408805031446,0.266540880503145,0.541509433962264,0.191949685534591,0.174593710691824,0.0999622641509434,0.334075471698113,0.182452830188679,0.131330817610063,0.0775849056603774,"transferencia_conservada",0.334075471698113,"transferencia_degradada",0.182452830188679,0.151622641509434,0.93569836589839
840,"Sec Bosque Tropical","Regosol","3°-6°",1111948.72570801,38019.4006640911,38019.4,10.5458781367656,"Media","Baja","Baja","forestal_secundaria","suelo_infiltracion_baja","pend_media","prec_media","esc_baja","aporte_bajo",0.2,0.7,0.1,0.175,0.64,0.185,0.792452830188679,0.161006289308176,0.0465408805031446,0.525408805031446,0.287295597484277,0.187295597484277,0.324737106918239,0.177622641509434,0.186631446540881,0.106188679245283,0.128631446540881,0.076188679245283,"aporte_conservada",0.324737106918239,"transferencia_conservada",0.186631446540881,0.138105660377358,0.939611265505845
841,"Sec Bosque Tropical","Regosol","6°-15°",3004435.40209961,886119.743713379,3439862.66,15.0509423948432,"Alta","Media","Media","forestal_secundaria","suelo_infiltracion_baja","pend_media","prec_alta","esc_media","aporte_medio",0.2,0.7,0.1,0.145,0.245,0.61,0.0162215593586209,0.209980156315294,0.773798284326085,0.113743319687489,0.696755688128276,0.189500992184235,0.0859711254187436,0.0541229959062467,0.4241182991144,0.229026706438483,0.129910575466856,0.0768502976552706,"transferencia_conservada",0.4241182991144,"transferencia_degradada",0.229026706438483,0.195091592675917,0.855291622710761
842,"Sec Bosque Tropical","Regosol","6°-15°",2843952.1809082,723718.9012146,723718.9,13.492159718058,"Alta","Media","Baja","forestal_secundaria","suelo_infiltracion_baja","pend_media","prec_alta","esc_media","aporte_bajo",0.2,0.7,0.1,0.145,0.245,0.61,0.0240560865980889,0.635579653774215,0.340364259627696,0.631630817302961,0.23418459134852,0.13418459134852,0.386345874035717,0.209489245190888,0.155827062982141,0.0902553774045559,0.0978270629821414,0.0602553774045559,"aporte_conservada",0.386345874035717,"aporte_degradada",0.209489245190888,0.176856628844829,0.892029445182809
843,"Pastizal","Regosol","3°-6°",108774.748168945,27697.0098876953,14320726.2,16.4772185003303,"Baja","Baja","Media","agropecuaria","suelo_infiltracion_baja","pend_media","prec_baja","esc_baja","aporte_medio",0.7,0.2,0.1,0.54,0.28,0.18,0.954813359528487,0.0275049115913556,0.0176817288801572,0.292337917485265,0.509037328094303,0.198624754420432,0.10770137524558,0.189555992141454,0.172711198428291,0.315241650294695,0.0795874263261297,0.135202357563851,"transferencia_degradada",0.315241650294695,"aporte_degradada",0.189555992141454,0.125685658153242,0.945682388037966
844,"Pastizal","Regosol","6°-15°",2637249.78588867,713353.217376709,713353.22,13.4777333782751,"Alta","Media","Baja","agropecuaria","suelo_infiltracion_baja","pend_media","prec_alta","esc_media","aporte_bajo",0.5,0.3,0.2,0.135,0.235,0.63,0.0235709303961269,0.662477945140222,0.313951124463651,0.629038019406752,0.235480990296624,0.135480990296624,0.208711405822026,0.384842051255916,0.0906442970889871,0.156578974372042,0.0606442970889871,0.0985789743720418,"aporte_degradada",0.384842051255916,"aporte_conservada",0.208711405822026,0.176130645433891,0.893433901140815
845,"Sec Bosque Tropical","Regosol","3°-6°",153791.491088867,17117.3795471191,438154.7,12.9903296056428,"Baja","Baja","Baja","forestal_secundaria","suelo_infiltracion_baja","pend_media","prec_baja","esc_baja","aporte_bajo",0.25,0.6,0.15,0.59,0.255,0.155,0.962828649138713,0.0231187669990934,0.014052583862194,0.505122393472348,0.297438803263826,0.197438803263826,0.312970988213962,0.171536718041704,0.192514505893019,0.109231640979148,0.134514505893019,0.0792316409791478,"aporte_conservada",0.312970988213962,"transferencia_conservada",0.192514505893019,0.120456482320943,0.946419676621854
846,"Sec Bosque Tropical","Regosol","6°-15°",2566488.39172363,247012.196281433,1432609.99,14.1750092044998,"Alta","Baja","Media","forestal_secundaria","suelo_infiltracion_baja","pend_media","prec_alta","esc_baja","aporte_medio",0.2,0.7,0.1,0.145,0.245,0.61,0.753246753246753,0.0707070707070707,0.176046176046176,0.254184704184704,0.549350649350649,0.196464646464646,0.167427128427128,0.0962554112554113,0.338623376623377,0.184805194805195,0.133949494949495,0.0789393939393939,"transferencia_conservada",0.338623376623377,"transferencia_degradada",0.184805194805195,0.153818181818182,0.933700321711608
847,"Pastizal","Regosol","6°-15°",1922721.55236816,447133.642272949,954244.87,13.7686766425918,"Media","Media","Baja","agropecuaria","suelo_infiltracion_baja","pend_media","prec_media","esc_media","aporte_bajo",0.6,0.25,0.15,0.2025,0.55,0.2475,0.0349440959058993,0.940532273893895,0.0245236302002056,0.59895795342943,0.250521023285285,0.150521023285285,0.199687386028829,0.36739561298907,0.0951563069855854,0.165302193505465,0.0651563069855854,0.107302193505465,"aporte_degradada",0.36739561298907,"aporte_conservada",0.199687386028829,0.167708226960241,0.9088251589079
848,"Pastizal","Regosol","6°-15°",350098.80859375,78373.3203277588,78373.32,11.2692516016615,"Baja","Baja","Baja","agropecuaria","suelo_infiltracion_baja","pend_media","prec_baja","esc_baja","aporte_bajo",0.7,0.2,0.1,0.54,0.28,0.18,0.954813359528487,0.0275049115913556,0.0176817288801572,0.506286836935167,0.296856581532417,0.196856581532417,0.17188605108055,0.313646365422397,0.109056974459725,0.192176817288802,0.079056974459725,0.134176817288802,"aporte_degradada",0.313646365422397,"transferencia_degradada",0.192176817288802,0.121469548133595,0.946048456170975
849,"Pastizal","Regosol","6°-15°",950372.635986328,214330.526977539,214330.53,12.2752793008304,"Baja","Baja","Baja","agropecuaria","suelo_infiltracion_baja","pend_media","prec_baja","esc_baja","aporte_bajo",0.7,0.2,0.1,0.54,0.28,0.18,0.954813359528487,0.0275049115913556,0.0176817288801572,0.506286836935167,0.296856581532417,0.196856581532417,0.17188605108055,0.313646365422397,0.109056974459725,0.192176817288802,0.079056974459725,0.134176817288802,"aporte_degradada",0.313646365422397,"transferencia_degradada",0.192176817288802,0.121469548133595,0.946048456170975
850,"Pastizal","Regosol","3°-6°",5425688.9699707,1265737.20899963,1591715.25,14.2803233945761,"Alta","Alta","Media","agropecuaria","suelo_infiltracion_baja","pend_media","prec_alta","esc_alta","aporte_medio",0.5,0.3,0.2,0.135,0.235,0.63,0.0115286080273271,0.020068317677199,0.968403074295474,0.103309137489325,0.697694278394535,0.19899658411614,0.0509927412467976,0.0799192997438087,0.22930828351836,0.42466268146883,0.079698975234842,0.135418018787361,"transferencia_degradada",0.42466268146883,"transferencia_conservada",0.22930828351836,0.19535439795047,0.852486696354246
851,"Bosque de Encino","Regosol","6°-15°",2048602.92889404,241224.633270264,579942.15,13.2706853604772,"Alta","Baja","Baja","forestal_conservada","suelo_infiltracion_baja","pend_media","prec_alta","esc_baja","aporte_bajo",0.2,0.7,0.1,0.145,0.245,0.61,0.753246753246753,0.0707070707070707,0.176046176046176,0.542279942279942,0.278860028860029,0.178860028860029,0.388750360750361,0.128455988455988,0.20962481962482,0.0757720057720058,0.14162481962482,0.0557720057720058,"aporte_conservada",0.388750360750361,"transferencia_conservada",0.20962481962482,0.179125541125541,0.888362504869524
852,"Bosque de Encino","Regosol","3°-6°",527917.642944336,59792.2327880859,59792.23,10.9986477228276,"Baja","Baja","Baja","forestal_conservada","suelo_infiltracion_baja","pend_media","prec_baja","esc_baja","aporte_bajo",0.25,0.6,0.15,0.59,0.255,0.155,0.962828649138713,0.0231187669990934,0.014052583862194,0.505122393472348,0.297438803263826,0.197438803263826,0.363483227561197,0.12102447869447,0.222258386219402,0.0794877606527652,0.154258386219402,0.0594877606527652,"aporte_conservada",0.363483227561197,"transferencia_conservada",0.222258386219402,0.141224841341795,0.901439480212449
853,"Sec Bosque Tropical","Regosol","15°-35°",286982.883850098,14901.1076574326,325499219.06,19.600870623481,"Baja","Baja","Alta","forestal_secundaria","suelo_infiltracion_baja","pend_alta","prec_baja","esc_baja","aporte_alto",0.3,0.5,0.2,0.59,0.255,0.155,0.962828649138713,0.0231187669990934,0.014052583862194,0.102561196736174,0.202561196736174,0.694877606527652,0.079485494106981,0.0507683590208522,0.137485494106981,0.0807683590208522,0.423029011786038,0.228463281958296,"receptora_conservada",0.423029011786038,"receptora_degradada",0.228463281958296,0.194565729827743,0.853827266990514
854,"Sec Bosque Tropical","Regosol","3°-6°",1458065.28747559,192462.719482422,192462.72,12.1676629474153,"Media","Baja","Baja","forestal_secundaria","suelo_infiltracion_baja","pend_media","prec_media","esc_baja","aporte_bajo",0.2,0.7,0.1,0.175,0.64,0.185,0.792452830188679,0.161006289308176,0.0465408805031446,0.525408805031446,0.287295597484277,0.187295597484277,0.324737106918239,0.177622641509434,0.186631446540881,0.106188679245283,0.128631446540881,0.076188679245283,"aporte_conservada",0.324737106918239,"transferencia_conservada",0.186631446540881,0.138105660377358,0.939611265505845
855,"Bosque Tropical","Regosol","6°-15°",515778.071350098,25463.3902635574,25463.39,10.1450362845845,"Baja","Baja","Baja","forestal_conservada","suelo_infiltracion_baja","pend_media","prec_baja","esc_baja","aporte_bajo",0.25,0.6,0.15,0.59,0.255,0.155,0.962828649138713,0.0231187669990934,0.014052583862194,0.505122393472348,0.297438803263826,0.197438803263826,0.363483227561197,0.12102447869447,0.222258386219402,0.0794877606527652,0.154258386219402,0.0594877606527652,"aporte_conservada",0.363483227561197,"transferencia_conservada",0.222258386219402,0.141224841341795,0.901439480212449
856,"Bosque Tropical","Regosol","3°-6°",101895.587158203,1258.06854605675,30601336.09,17.2365542617196,"Baja","Baja","Alta","forestal_conservada","suelo_infiltracion_baja","pend_media","prec_baja","esc_baja","aporte_alto",0.25,0.6,0.15,0.59,0.255,0.155,0.962828649138713,0.0231187669990934,0.014052583862194,0.102561196736174,0.202561196736174,0.694877606527652,0.0897416137805984,0.0405122393472348,0.157741613780598,0.0605122393472348,0.492516772438803,0.15897552130553,"receptora_conservada",0.492516772438803,"receptora_degradada",0.15897552130553,0.333541251133273,0.808399656748307
857,"Bosque Tropical","Regosol","3°-6°",341706.729064941,4172.56612285972,362044535.85,19.7072777921949,"Baja","Baja","Alta","forestal_conservada","suelo_infiltracion_baja","pend_media","prec_baja","esc_baja","aporte_alto",0.25,0.6,0.15,0.59,0.255,0.155,0.962828649138713,0.0231187669990934,0.014052583862194,0.102561196736174,0.202561196736174,0.694877606527652,0.0897416137805984,0.0405122393472348,0.157741613780598,0.0605122393472348,0.492516772438803,0.15897552130553,"receptora_conservada",0.492516772438803,"receptora_degradada",0.15897552130553,0.333541251133273,0.808399656748307
858,"Sec Bosque Tropical","Regosol","6°-15°",1822296.9810791,238909.143878937,238909.14,12.3838427769506,"Media","Baja","Baja","forestal_secundaria","suelo_infiltracion_baja","pend_media","prec_media","esc_baja","aporte_bajo",0.2,0.7,0.1,0.175,0.64,0.185,0.792452830188679,0.161006289308176,0.0465408805031446,0.525408805031446,0.287295597484277,0.187295597484277,0.324737106918239,0.177622641509434,0.186631446540881,0.106188679245283,0.128631446540881,0.076188679245283,"aporte_conservada",0.324737106918239,"transferencia_conservada",0.186631446540881,0.138105660377358,0.939611265505845
859,"Sec Bosque Tropical","Regosol","15°-35°",517990.396057129,50026.0199775696,288935.16,12.5739610430387,"Baja","Baja","Baja","forestal_secundaria","suelo_infiltracion_baja","pend_alta","prec_baja","esc_baja","aporte_bajo",0.3,0.5,0.2,0.59,0.255,0.155,0.962828649138713,0.0231187669990934,0.014052583862194,0.505122393472348,0.297438803263826,0.197438803263826,0.312970988213962,0.171536718041704,0.192514505893019,0.109231640979148,0.134514505893019,0.0792316409791478,"aporte_conservada",0.312970988213962,"transferencia_conservada",0.192514505893019,0.120456482320943,0.946419676621854
860,"Sec Bosque Tropical","Regosol","6°-15°",812734.873352051,78821.773021698,3964301.8,15.192840559002,"Baja","Baja","Media","forestal_secundaria","suelo_infiltracion_baja","pend_media","prec_baja","esc_baja","aporte_medio",0.25,0.6,0.15,0.59,0.255,0.155,0.962828649138713,0.0231187669990934,0.014052583862194,0.293721668177697,0.507434270172258,0.198844061650045,0.190358567543064,0.108116500453309,0.314311876699909,0.172230281051677,0.135329555757026,0.0796532184950136,"transferencia_conservada",0.314311876699909,"aporte_conservada",0.190358567543064,0.123953309156845,0.946105609084125
861,"Sec Bosque Tropical","Regosol","15°-35°",4606471.63641357,456255.785009384,22173566.18,16.9144114698671,"Alta","Media","Media","forestal_secundaria","suelo_infiltracion_baja","pend_alta","prec_alta","esc_media","aporte_medio",0.3,0.5,0.2,0.145,0.245,0.61,0.0280735721200387,0.853823814133592,0.11810261374637,0.148305905130687,0.694385285575992,0.15730880929332,0.106017424975799,0.0644917715392062,0.422743465634076,0.228315585672798,0.111239109390126,0.0671926427879961,"transferencia_conservada",0.422743465634076,"transferencia_degradada",0.228315585672798,0.194427879961278,0.860401964033812
862,"Pastizal","Regosol","6°-15°",1324507.45068359,125705.62338829,320311098.57,19.5848032676474,"Media","Baja","Alta","agropecuaria","suelo_infiltracion_baja","pend_media","prec_media","esc_baja","aporte_alto",0.6,0.25,0.15,0.2025,0.55,0.2475,0.820483961733258,0.123804164321891,0.0557118739448509,0.11176139561058,0.21176139561058,0.676477208778841,0.0535284186831739,0.0848216094541362,0.0835284186831739,0.142821609454136,0.222943162633652,0.412356781091728,"receptora_degradada",0.412356781091728,"receptora_conservada",0.222943162633652,0.189413618458075,0.865736866367805
863,"Pastizal","Regosol","3°-6°",822577.454956055,170782.310440063,1184478.32,13.9848138435852,"Baja","Baja","Baja","agropecuaria","suelo_infiltracion_baja","pend_media","prec_baja","esc_baja","aporte_bajo",0.7,0.2,0.1,0.54,0.28,0.18,0.954813359528487,0.0275049115913556,0.0176817288801572,0.506286836935167,0.296856581532417,0.196856581532417,0.17188605108055,0.313646365422397,0.109056974459725,0.192176817288802,0.079056974459725,0.134176817288802,"aporte_degradada",0.313646365422397,"transferencia_degradada",0.192176817288802,0.121469548133595,0.946048456170975
864,"Pastizal","Regosol","6°-15°",1682219.68383789,269279.78086853,1453758.1,14.1896632424687,"Media","Baja","Media","agropecuaria","suelo_infiltracion_baja","pend_media","prec_media","esc_baja","aporte_medio",0.6,0.25,0.15,0.2025,0.55,0.2475,0.820483961733258,0.123804164321891,0.0557118739448509,0.270287000562746,0.535903207653348,0.193809791783905,0.101086100168824,0.176766460326393,0.180770962296005,0.330823860438942,0.0781429375351716,0.132409679234665,"transferencia_degradada",0.330823860438942,"transferencia_conservada",0.180770962296005,0.150052898142938,0.937663333410568
865,"Sec Bosque Tropical","Regosol","3°-6°",728659.175415039,89768.955291748,89768.96,11.4050056771675,"Baja","Baja","Baja","forestal_secundaria","suelo_infiltracion_baja","pend_media","prec_baja","esc_baja","aporte_bajo",0.25,0.6,0.15,0.59,0.255,0.155,0.962828649138713,0.0231187669990934,0.014052583862194,0.505122393472348,0.297438803263826,0.197438803263826,0.312970988213962,0.171536718041704,0.192514505893019,0.109231640979148,0.134514505893019,0.0792316409791478,"aporte_conservada",0.312970988213962,"transferencia_conservada",0.192514505893019,0.120456482320943,0.946419676621854
866,"Pastizal","Regosol","6°-15°",1134335.13378906,167968.463470459,167968.46,12.0315374561461,"Media","Baja","Baja","agropecuaria","suelo_infiltracion_baja","pend_media","prec_media","esc_baja","aporte_bajo",0.6,0.25,0.15,0.2025,0.55,0.2475,0.820483961733258,0.123804164321891,0.0557118739448509,0.523522791221159,0.28823860438942,0.18823860438942,0.177056837366348,0.323643218908272,0.106471581316826,0.187178390545864,0.0764715813168261,0.129178390545864,"aporte_degradada",0.323643218908272,"transferencia_degradada",0.187178390545864,0.136464828362409,0.940274767874134
867,"Pastizal","Regosol","3°-6°",965753.945800781,157544.77204895,285777.05,12.5629707395691,"Baja","Baja","Baja","agropecuaria","suelo_infiltracion_baja","pend_media","prec_baja","esc_baja","aporte_bajo",0.7,0.2,0.1,0.54,0.28,0.18,0.954813359528487,0.0275049115913556,0.0176817288801572,0.506286836935167,0.296856581532417,0.196856581532417,0.17188605108055,0.313646365422397,0.109056974459725,0.192176817288802,0.079056974459725,0.134176817288802,"aporte_degradada",0.313646365422397,"transferencia_degradada",0.192176817288802,0.121469548133595,0.946048456170975
868,"Pastizal","Regosol","3°-6°",1372140.44067383,258359.196136475,258359.2,12.4621100142597,"Media","Baja","Baja","agropecuaria","suelo_infiltracion_baja","pend_media","prec_media","esc_baja","aporte_bajo",0.6,0.25,0.15,0.2025,0.55,0.2475,0.820483961733258,0.123804164321891,0.0557118739448509,0.523522791221159,0.28823860438942,0.18823860438942,0.177056837366348,0.323643218908272,0.106471581316826,0.187178390545864,0.0764715813168261,0.129178390545864,"aporte_degradada",0.323643218908272,"transferencia_degradada",0.187178390545864,0.136464828362409,0.940274767874134
869,"Pastizal","Regosol","3°-6°",340162.997802734,59613.3706512451,317972.57,12.6697235451007,"Baja","Baja","Baja","agropecuaria","suelo_infiltracion_baja","pend_media","prec_baja","esc_baja","aporte_bajo",0.7,0.2,0.1,0.54,0.28,0.18,0.954813359528487,0.0275049115913556,0.0176817288801572,0.506286836935167,0.296856581532417,0.196856581532417,0.17188605108055,0.313646365422397,0.109056974459725,0.192176817288802,0.079056974459725,0.134176817288802,"aporte_degradada",0.313646365422397,"transferencia_degradada",0.192176817288802,0.121469548133595,0.946048456170975
870,"Sec Bosque Tropical","Regosol","6°-15°",3978798.13122559,603579.144638062,2894497.72,14.8783225002831,"Alta","Media","Media","forestal_secundaria","suelo_infiltracion_baja","pend_media","prec_alta","esc_media","aporte_medio",0.2,0.7,0.1,0.145,0.245,0.61,0.0280735721200387,0.853823814133592,0.11810261374637,0.148305905130687,0.694385285575992,0.15730880929332,0.106017424975799,0.0644917715392062,0.422743465634076,0.228315585672798,0.111239109390126,0.0671926427879961,"transferencia_conservada",0.422743465634076,"transferencia_degradada",0.228315585672798,0.194427879961278,0.860401964033812
871,"Sec Bosque Tropical","Cambisol","6°-15°",1571934.28088379,310601.161621094,310601.16,12.6462681439546,"Media","Baja","Baja","forestal_secundaria","suelo_infiltracion_media","pend_media","prec_media","esc_baja","aporte_bajo",0.1,0.7,0.2,0.185,0.64,0.175,0.463931162259041,0.505693606287996,0.0303752314529634,0.556644406919392,0.271677796540304,0.171677796540304,0.342853756013248,0.186993322075818,0.177573121993376,0.101503338962091,0.119573121993376,0.0715033389620912,"aporte_conservada",0.342853756013248,"aporte_degradada",0.186993322075818,0.15586043393743,0.927710432040875
872,"Sec Bosque Tropical","Regosol","6°-15°",598708.514282227,107416.535934448,19041191.3,16.7621152061652,"Baja","Baja","Media","forestal_secundaria","suelo_infiltracion_baja","pend_media","prec_baja","esc_baja","aporte_medio",0.25,0.6,0.15,0.59,0.255,0.155,0.962828649138713,0.0231187669990934,0.014052583862194,0.293721668177697,0.507434270172258,0.198844061650045,0.190358567543064,0.108116500453309,0.314311876699909,0.172230281051677,0.135329555757026,0.0796532184950136,"transferencia_conservada",0.314311876699909,"aporte_conservada",0.190358567543064,0.123953309156845,0.946105609084125
873,"Sec Bosque Tropical","Regosol","3°-6°",709937.392456055,136031.822769165,18933774.76,16.7564579623559,"Baja","Baja","Media","forestal_secundaria","suelo_infiltracion_baja","pend_media","prec_baja","esc_baja","aporte_medio",0.25,0.6,0.15,0.59,0.255,0.155,0.962828649138713,0.0231187669990934,0.014052583862194,0.293721668177697,0.507434270172258,0.198844061650045,0.190358567543064,0.108116500453309,0.314311876699909,0.172230281051677,0.135329555757026,0.0796532184950136,"transferencia_conservada",0.314311876699909,"aporte_conservada",0.190358567543064,0.123953309156845,0.946105609084125
874,"Sec Bosque Tropical","Regosol","6°-15°",761648.994262695,141430.29524231,141430.3,11.8595693657986,"Baja","Baja","Baja","forestal_secundaria","suelo_infiltracion_baja","pend_media","prec_baja","esc_baja","aporte_bajo",0.25,0.6,0.15,0.59,0.255,0.155,0.962828649138713,0.0231187669990934,0.014052583862194,0.505122393472348,0.297438803263826,0.197438803263826,0.312970988213962,0.171536718041704,0.192514505893019,0.109231640979148,0.134514505893019,0.0792316409791478,"aporte_conservada",0.312970988213962,"transferencia_conservada",0.192514505893019,0.120456482320943,0.946419676621854
875,"Pastizal","Regosol","3°-6°",981445.470214844,206984.822967529,206984.82,12.2404055674857,"Baja","Baja","Baja","agropecuaria","suelo_infiltracion_baja","pend_media","prec_baja","esc_baja","aporte_bajo",0.7,0.2,0.1,0.54,0.28,0.18,0.954813359528487,0.0275049115913556,0.0176817288801572,0.506286836935167,0.296856581532417,0.196856581532417,0.17188605108055,0.313646365422397,0.109056974459725,0.192176817288802,0.079056974459725,0.134176817288802,"aporte_degradada",0.313646365422397,"transferencia_degradada",0.192176817288802,0.121469548133595,0.946048456170975
876,"Pastizal","Regosol","6°-15°",2768145.76342773,535013.952316284,13303763.19,16.4035575749534,"Alta","Media","Media","agropecuaria","suelo_infiltracion_baja","pend_media","prec_alta","esc_media","aporte_medio",0.5,0.3,0.2,0.135,0.235,0.63,0.027027027027027,0.846846846846847,0.126126126126126,0.147747747747748,0.694594594594594,0.157657657657658,0.0643243243243243,0.105693693693694,0.228378378378378,0.422864864864865,0.0672972972972973,0.111441441441441,"transferencia_degradada",0.422864864864865,"transferencia_conservada",0.228378378378378,0.194486486486486,0.860255559361577
877,"Sec Bosque Tropical","Regosol","15°-35°",3423270.39526367,964307.628356934,964307.63,13.7791666779555,"Alta","Alta","Baja","forestal_secundaria","suelo_infiltracion_baja","pend_alta","prec_alta","esc_alta","aporte_bajo",0.3,0.5,0.2,0.145,0.245,0.61,0.0140228173268826,0.0905366372430247,0.895440545430093,0.688141772810321,0.20592911359484,0.10592911359484,0.419122228229986,0.226442531843096,0.139438885885007,0.0817787340784519,0.0814388858850069,0.0517787340784518,"aporte_conservada",0.419122228229986,"aporte_degradada",0.226442531843096,0.19267969638689,0.858264578628693
878,"Sec Bosque Tropical","Regosol","6°-15°",3810518.67822266,1020854.58486938,1020854.58,13.8361516375826,"Alta","Alta","Baja","forestal_secundaria","suelo_infiltracion_baja","pend_media","prec_alta","esc_alta","aporte_bajo",0.2,0.7,0.1,0.145,0.245,0.61,0.0127709070773933,0.0225284018051327,0.964700691117474,0.695192978404008,0.202403510797996,0.102403510797996,0.423211927474325,0.228557893521202,0.137394036262838,0.0807210532393988,0.0793940362628377,0.0507210532393988,"aporte_conservada",0.423211927474325,"aporte_degradada",0.228557893521202,0.194654033953122,0.853617297006164
879,"Pastizal","Regosol","3°-6°",1152932.28210449,250480.421905518,250480.42,12.4311400250995,"Media","Baja","Baja","agropecuaria","suelo_infiltracion_baja","pend_media","prec_media","esc_baja","aporte_bajo",0.6,0.25,0.15,0.2025,0.55,0.2475,0.820483961733258,0.123804164321891,0.0557118739448509,0.523522791221159,0.28823860438942,0.18823860438942,0.177056837366348,0.323643218908272,0.106471581316826,0.187178390545864,0.0764715813168261,0.129178390545864,"aporte_degradada",0.323643218908272,"transferencia_degradada",0.187178390545864,0.136464828362409,0.940274767874134
880,"Pastizal","Regosol","15°-35°",1391608.80773926,219128.380950928,315144636.87,19.5685422592459,"Media","Baja","Alta","agropecuaria","suelo_infiltracion_baja","pend_alta","prec_media","esc_baja","aporte_alto",0.7,0.2,0.1,0.2,0.54,0.26,0.818181818181818,0.122727272727273,0.0590909090909091,0.112045454545455,0.212045454545455,0.675909090909091,0.0536136363636364,0.0849863636363636,0.0836136363636364,0.142986363636364,0.222772727272727,0.412027272727273,"receptora_degradada",0.412027272727273,"receptora_conservada",0.222772727272727,0.189254545454545,0.866094000217192
881,"Pastizal","Regosol","6°-15°",1055157.44433594,211237.743667603,211237.74,12.2607442420237,"Baja","Baja","Baja","agropecuaria","suelo_infiltracion_baja","pend_media","prec_baja","esc_baja","aporte_bajo",0.7,0.2,0.1,0.54,0.28,0.18,0.954813359528487,0.0275049115913556,0.0176817288801572,0.506286836935167,0.296856581532417,0.196856581532417,0.17188605108055,0.313646365422397,0.109056974459725,0.192176817288802,0.079056974459725,0.134176817288802,"aporte_degradada",0.313646365422397,"transferencia_degradada",0.192176817288802,0.121469548133595,0.946048456170975
882,"Sec Bosque Tropical","Regosol","3°-6°",2164086.85913086,297435.950668335,317534212.93,19.5760961309007,"Alta","Baja","Alta","forestal_secundaria","suelo_infiltracion_baja","pend_media","prec_alta","esc_baja","aporte_alto",0.2,0.7,0.1,0.145,0.245,0.61,0.614591534443654,0.220441266943433,0.164967198612913,0.127518783208463,0.227518783208463,0.644962433583074,0.0939608942609085,0.0582556349625389,0.151960894260909,0.0882556349625389,0.394078211478183,0.213488730074922,"receptora_conservada",0.394078211478183,"receptora_degradada",0.213488730074922,0.180589481403261,0.884610547040642
883,"Sec Bosque Tropical","Regosol","3°-6°",896518.104736328,170881.068649292,895052.77,13.7046390736647,"Baja","Baja","Baja","forestal_secundaria","suelo_infiltracion_baja","pend_media","prec_baja","esc_baja","aporte_bajo",0.25,0.6,0.15,0.59,0.255,0.155,0.962828649138713,0.0231187669990934,0.014052583862194,0.505122393472348,0.297438803263826,0.197438803263826,0.312970988213962,0.171536718041704,0.192514505893019,0.109231640979148,0.134514505893019,0.0792316409791478,"aporte_conservada",0.312970988213962,"transferencia_conservada",0.192514505893019,0.120456482320943,0.946419676621854
884,"Pastizal","Regosol","6°-15°",1240687.85925293,236034.889251709,271010848.27,19.4176694122493,"Media","Baja","Alta","agropecuaria","suelo_infiltracion_baja","pend_media","prec_media","esc_baja","aporte_alto",0.6,0.25,0.15,0.2025,0.55,0.2475,0.820483961733258,0.123804164321891,0.0557118739448509,0.11176139561058,0.21176139561058,0.676477208778841,0.0535284186831739,0.0848216094541362,0.0835284186831739,0.142821609454136,0.222943162633652,0.412356781091728,"receptora_degradada",0.412356781091728,"receptora_conservada",0.222943162633652,0.189413618458075,0.865736866367805
885,"Pastizal","Regosol","3°-6°",937293.921630859,195986.533966064,845307.8,13.647457283368,"Baja","Baja","Baja","agropecuaria","suelo_infiltracion_baja","pend_media","prec_baja","esc_baja","aporte_bajo",0.7,0.2,0.1,0.54,0.28,0.18,0.954813359528487,0.0275049115913556,0.0176817288801572,0.506286836935167,0.296856581532417,0.196856581532417,0.17188605108055,0.313646365422397,0.109056974459725,0.192176817288802,0.079056974459725,0.134176817288802,"aporte_degradada",0.313646365422397,"transferencia_degradada",0.192176817288802,0.121469548133595,0.946048456170975
886,"Sec Bosque Tropical","Regosol","6°-15°",1415846.22192383,253358.245483398,269540774.05,19.4122302357556,"Media","Baja","Alta","forestal_secundaria","suelo_infiltracion_baja","pend_media","prec_media","esc_baja","aporte_alto",0.2,0.7,0.1,0.175,0.64,0.185,0.792452830188679,0.161006289308176,0.0465408805031446,0.112704402515723,0.212704402515723,0.674591194968553,0.0853685534591195,0.053811320754717,0.14336855345912,0.083811320754717,0.411262893081761,0.222377358490566,"receptora_conservada",0.411262893081761,"receptora_degradada",0.222377358490566,0.188885534591195,0.866920046493034
887,"Sec Bosque Tropical","Regosol","3°-6°",1143932.52734375,207291.438812256,263181546.23,19.3883546456492,"Media","Baja","Alta","forestal_secundaria","suelo_infiltracion_baja","pend_media","prec_media","esc_baja","aporte_alto",0.2,0.7,0.1,0.175,0.64,0.185,0.792452830188679,0.161006289308176,0.0465408805031446,0.112704402515723,0.212704402515723,0.674591194968553,0.0853685534591195,0.053811320754717,0.14336855345912,0.083811320754717,0.411262893081761,0.222377358490566,"receptora_conservada",0.411262893081761,"receptora_degradada",0.222377358490566,0.188885534591195,0.866920046493034
888,"Sec Bosque Tropical","Regosol","6°-15°",2306174.72631836,453153.251068115,262974254.79,19.3875666986208,"Alta","Media","Alta","forestal_secundaria","suelo_infiltracion_baja","pend_media","prec_alta","esc_media","aporte_alto",0.2,0.7,0.1,0.145,0.245,0.61,0.0332817827824465,0.848199451458338,0.118518765759216,0.154261849148838,0.254261849148838,0.591476301702323,0.109471872506326,0.0662785547446515,0.167471872506326,0.0962785547446515,0.363056254987347,0.197442890510697,"receptora_conservada",0.363056254987347,"receptora_degradada",0.197442890510697,0.16561336447665,0.912397864717158
889,"Pastizal","Regosol","3°-6°",514231.337036133,0,1411423.5,14.1601100360492,"Baja","Baja","Media","agropecuaria","suelo_infiltracion_baja","pend_media","prec_baja","esc_baja","aporte_medio",0.7,0.2,0.1,0.54,0.28,0.18,0.954813359528487,0.0275049115913556,0.0176817288801572,0.292337917485265,0.509037328094303,0.198624754420432,0.10770137524558,0.189555992141454,0.172711198428291,0.315241650294695,0.0795874263261297,0.135202357563851,"transferencia_degradada",0.315241650294695,"aporte_degradada",0.189555992141454,0.125685658153242,0.945682388037966
890,"Sec Bosque Tropical","Regosol","3°-6°",1946026.54284668,448105.169891357,448105.17,13.0127854699274,"Media","Media","Baja","forestal_secundaria","suelo_infiltracion_baja","pend_media","prec_media","esc_media","aporte_bajo",0.2,0.7,0.1,0.175,0.64,0.185,0.0249586046032755,0.959061732624753,0.015979662771971,0.599102105816869,0.250448947091565,0.150448947091565,0.367479221373784,0.199730631745061,0.165260389313108,0.0951346841274696,0.107260389313108,0.0651346841274696,"aporte_conservada",0.367479221373784,"aporte_degradada",0.199730631745061,0.167748589628723,0.908755329366916
891,"Sec Bosque Tropical","Regosol","3°-6°",2068392.53295898,495749.685028076,495749.69,13.1138284382116,"Alta","Media","Baja","forestal_secundaria","suelo_infiltracion_baja","pend_media","prec_alta","esc_media","aporte_bajo",0.2,0.7,0.1,0.145,0.245,0.61,0.0280735721200387,0.853823814133592,0.11810261374637,0.609002904162633,0.245498547918683,0.145498547918683,0.373221684414327,0.20270087124879,0.162389157792836,0.093649564375605,0.104389157792836,0.063649564375605,"aporte_conservada",0.373221684414327,"aporte_degradada",0.20270087124879,0.170520813165537,0.90386909935513
892,"Sec Bosque Tropical","Regosol","1°-3°",1299086.70361328,277161.289916992,19561604.94,16.7890793224726,"Media","Baja","Media","forestal_secundaria","suelo_infiltracion_baja","pend_baja","prec_media","esc_baja","aporte_medio",0.2,0.7,0.1,0.175,0.64,0.185,0.735210953187652,0.22052750784436,0.0442615389679883,0.258068566029748,0.55295780936247,0.188973624607782,0.169679768297254,0.0974205698089245,0.340715529430232,0.185887342808741,0.129604702272514,0.0766920873823346,"transferencia_conservada",0.340715529430232,"transferencia_degradada",0.185887342808741,0.154828186621491,0.931618745726106
893,"Pastizal","Regosol","3°-6°",459993.287963867,95291.2403411865,20329752.22,16.8275960468196,"Baja","Baja","Media","agropecuaria","suelo_infiltracion_baja","pend_media","prec_baja","esc_baja","aporte_medio",0.7,0.2,0.1,0.54,0.28,0.18,0.954813359528487,0.0275049115913556,0.0176817288801572,0.292337917485265,0.509037328094303,0.198624754420432,0.10770137524558,0.189555992141454,0.172711198428291,0.315241650294695,0.0795874263261297,0.135202357563851,"transferencia_degradada",0.315241650294695,"aporte_degradada",0.189555992141454,0.125685658153242,0.945682388037966
894,"Pastizal","Regosol","3°-6°",911214.356323242,219863.669952393,16606705.87,16.6253172000426,"Baja","Baja","Media","agropecuaria","suelo_infiltracion_baja","pend_media","prec_baja","esc_baja","aporte_medio",0.7,0.2,0.1,0.54,0.28,0.18,0.954813359528487,0.0275049115913556,0.0176817288801572,0.292337917485265,0.509037328094303,0.198624754420432,0.10770137524558,0.189555992141454,0.172711198428291,0.315241650294695,0.0795874263261297,0.135202357563851,"transferencia_degradada",0.315241650294695,"aporte_degradada",0.189555992141454,0.125685658153242,0.945682388037966
895,"Pastizal","Regosol","3°-6°",1031877.29162598,255844.712158203,15636077.75,16.5650915423366,"Baja","Baja","Media","agropecuaria","suelo_infiltracion_baja","pend_media","prec_baja","esc_baja","aporte_medio",0.7,0.2,0.1,0.54,0.28,0.18,0.954813359528487,0.0275049115913556,0.0176817288801572,0.292337917485265,0.509037328094303,0.198624754420432,0.10770137524558,0.189555992141454,0.172711198428291,0.315241650294695,0.0795874263261297,0.135202357563851,"transferencia_degradada",0.315241650294695,"aporte_degradada",0.189555992141454,0.125685658153242,0.945682388037966
896,"Pastizal","Regosol","6°-15°",2956367.11120605,750764.44845581,16386842.2,16.6119893269221,"Alta","Media","Media","agropecuaria","suelo_infiltracion_baja","pend_media","prec_alta","esc_media","aporte_medio",0.5,0.3,0.2,0.135,0.235,0.63,0.02092006780664,0.521065051811599,0.458014880381762,0.130237266151908,0.695815986438672,0.17394674740942,0.0590711798455724,0.0955376143681066,0.228744795931602,0.42357327213443,0.072184024222826,0.120889113497464,"transferencia_degradada",0.42357327213443,"transferencia_conservada",0.228744795931602,0.194828476202828,0.85832655270491
897,"Bosque de Encino","Cambisol","15°-35°",1036844.10620117,279413.876037598,523065.35,13.1674635992452,"Baja","Baja","Baja","forestal_conservada","suelo_infiltracion_media","pend_alta","prec_baja","esc_baja","aporte_bajo",0.2,0.3,0.5,0.63,0.235,0.135,0.954361229836046,0.0338517834769313,0.0117869866870231,0.505742575685098,0.297128712157451,0.197128712157451,0.363904951465866,0.12114851513702,0.222047524267067,0.0794257424314902,0.154047524267067,0.0594257424314902,"aporte_conservada",0.363904951465866,"transferencia_conservada",0.222047524267067,0.1418574271988,0.901241250763849
898,"Bosque de Encino","Cambisol","15°-35°",582300.586791992,155816.835601807,155816.84,11.9564429116401,"Baja","Baja","Baja","forestal_conservada","suelo_infiltracion_media","pend_alta","prec_baja","esc_baja","aporte_bajo",0.2,0.3,0.5,0.63,0.235,0.135,0.968403074295474,0.020068317677199,0.0115286080273271,0.504312553373185,0.297843723313407,0.197843723313407,0.362932536293766,0.120862510674637,0.222533731853117,0.0795687446626815,0.154533731853117,0.0595687446626815,"aporte_conservada",0.362932536293766,"transferencia_conservada",0.222533731853117,0.140398804440649,0.901697307016653
899,"Pastizal","Phaeozem","1°-3°",693767.887207031,213219.087188721,39884381.91,17.5014953994765,"Baja","Baja","Alta","agropecuaria","suelo_infiltracion_alta","pend_baja","prec_baja","esc_baja","aporte_alto",0.2,0.5,0.3,0.61,0.245,0.145,0.965699208443272,0.0215479331574318,0.0127528583992964,0.102352682497801,0.202352682497801,0.695294635004397,0.0507058047493404,0.0793645558487247,0.0807058047493404,0.137364555848725,0.228588390501319,0.423270888302551,"receptora_degradada",0.423270888302551,"receptora_conservada",0.228588390501319,0.194682497801231,0.853549573152347
