"id","USyV","Suelos","Grad_Pend","P_sum","Esc_sum","Agua_D","Agua_D_log","P_cat","Esc_cat","Agua_D_cat","cobertura","suelo","pendiente","precipitacion","escorrentia","aporte"
1,"Bosque de Encino","Regosol","6°-15°",2268578.31634521,278925.294158936,338717.52,12.7329247169685,"Alta","Baja","Baja","forestal_conservada","suelo_infiltracion_baja","pend_media","prec_alta","esc_baja","aporte_bajo"
2,"Sec Bosque Tropical","Regosol","6°-15°",4092205.940979,413981.697758675,7421601.08,15.8199055055842,"Alta","Media","Media","forestal_secundaria","suelo_infiltracion_baja","pend_media","prec_alta","esc_media","aporte_medio"
3,"Sec Bosque Tropical","Regosol","3°-6°",2706951.65356445,396294.627174377,396294.63,12.889915752118,"Alta","Media","Baja","forestal_secundaria","suelo_infiltracion_baja","pend_media","prec_alta","esc_media","aporte_bajo"
4,"Sec Bosque Tropical","Regosol","6°-15°",922186.728210449,59932.2142925262,8002933.25,15.8953188136463,"Baja","Baja","Media","forestal_secundaria","suelo_infiltracion_baja","pend_media","prec_baja","esc_baja","aporte_medio"
5,"Sec Bosque Tropical","Regosol","6°-15°",2225870.81646729,278576.94707489,674871.58,13.4222791816649,"Alta","Baja","Baja","forestal_secundaria","suelo_infiltracion_baja","pend_media","prec_alta","esc_baja","aporte_bajo"
6,"Sec Bosque Tropical","Regosol","3°-6°",436600.036865234,43854.02394104,482008.72,13.0857195588045,"Baja","Baja","Baja","forestal_secundaria","suelo_infiltracion_baja","pend_media","prec_baja","esc_baja","aporte_bajo"
7,"Bosque Tropical","Regosol","6°-15°",1073298.37036133,136303.726791382,521399.96,13.1642746216766,"Media","Baja","Baja","forestal_conservada","suelo_infiltracion_baja","pend_media","prec_media","esc_baja","aporte_bajo"
8,"Sec Bosque Tropical","Regosol","6°-15°",2807930.83642578,421037.319404602,421037.32,12.9504791299,"Alta","Media","Baja","forestal_secundaria","suelo_infiltracion_baja","pend_media","prec_alta","esc_media","aporte_bajo"
9,"Sec Bosque Tropical","Regosol","6°-15°",1146969.68591309,154605.357170105,154605.36,11.948637552711,"Media","Baja","Baja","forestal_secundaria","suelo_infiltracion_baja","pend_media","prec_media","esc_baja","aporte_bajo"
10,"Sec Bosque Tropical","Regosol","3°-6°",373653.499389648,28717.4929504395,28717.49,10.2652964451783,"Baja","Baja","Baja","forestal_secundaria","suelo_infiltracion_baja","pend_media","prec_baja","esc_baja","aporte_bajo"
11,"Sec Bosque Tropical","Regosol","6°-15°",2703739.38366699,294807.232063293,294807.23,12.5940803561397,"Alta","Baja","Baja","forestal_secundaria","suelo_infiltracion_baja","pend_media","prec_alta","esc_baja","aporte_bajo"
12,"Bosque Tropical","Regosol","3°-6°",319076.258056641,21462.1640281677,524279.98,13.1697830409619,"Baja","Baja","Baja","forestal_conservada","suelo_infiltracion_baja","pend_media","prec_baja","esc_baja","aporte_bajo"
13,"Sec Bosque Tropical","Regosol","6°-15°",1956679.44165039,208010.589378357,208010.59,12.2453490782849,"Media","Baja","Baja","forestal_secundaria","suelo_infiltracion_baja","pend_media","prec_media","esc_baja","aporte_bajo"
14,"Sec Bosque Tropical","Regosol","6°-15°",1144198.02026367,70712.2665040493,70712.27,11.166388528756,"Media","Baja","Baja","forestal_secundaria","suelo_infiltracion_baja","pend_media","prec_media","esc_baja","aporte_bajo"
15,"Sec Bosque Tropical","Regosol","6°-15°",3275233.85925293,203189.773427486,1635799.76,14.3076430038874,"Alta","Baja","Media","forestal_secundaria","suelo_infiltracion_baja","pend_media","prec_alta","esc_baja","aporte_medio"
16,"Sec Bosque Tropical","Regosol","6°-15°",3976692.14709473,301146.667434692,557998.9,13.232114062152,"Alta","Baja","Baja","forestal_secundaria","suelo_infiltracion_baja","pend_media","prec_alta","esc_baja","aporte_bajo"
17,"Bosque Tropical","Regosol","3°-6°",2988549.7243042,262889.444847107,787169.42,13.5762000477947,"Alta","Baja","Baja","forestal_conservada","suelo_infiltracion_baja","pend_media","prec_alta","esc_baja","aporte_bajo"
18,"Sec Bosque Tropical","Regosol","6°-15°",2376167.4085083,128049.631569862,915219.05,13.7269198071474,"Alta","Baja","Baja","forestal_secundaria","suelo_infiltracion_baja","pend_media","prec_alta","esc_baja","aporte_bajo"
19,"Sec Bosque Tropical","Regosol","15°-35°",2076849.65985107,10333.0123278894,2672462.9,14.7985114138387,"Alta","Baja","Media","forestal_secundaria","suelo_infiltracion_baja","pend_alta","prec_alta","esc_baja","aporte_medio"
20,"Bosque Tropical","Regosol","6°-15°",2257313.97039795,152417.655210495,152417.66,11.9343863556843,"Alta","Baja","Baja","forestal_conservada","suelo_infiltracion_baja","pend_media","prec_alta","esc_baja","aporte_bajo"
21,"Bosque Tropical","Regosol","15°-35°",818844.506103516,5628.35333397985,2950055.66,14.8973349349112,"Baja","Baja","Media","forestal_conservada","suelo_infiltracion_baja","pend_alta","prec_baja","esc_baja","aporte_medio"
22,"Bosque Tropical","Regosol","6°-15°",392108.1796875,9.9602233171463,2950065.62,14.8973383111119,"Baja","Baja","Media","forestal_conservada","suelo_infiltracion_baja","pend_media","prec_baja","esc_baja","aporte_medio"
23,"Sec Bosque Tropical","Regosol","6°-15°",1317315.77856445,23892.6120757908,271964.41,12.5134301680738,"Media","Baja","Baja","forestal_secundaria","suelo_infiltracion_baja","pend_media","prec_media","esc_baja","aporte_bajo"
24,"Bosque Tropical","Regosol","6°-15°",1700988.34082031,57634.7419436574,210052.4,12.2551170630888,"Media","Baja","Baja","forestal_conservada","suelo_infiltracion_baja","pend_media","prec_media","esc_baja","aporte_bajo"
25,"Sec Bosque Tropical","Regosol","15°-35°",948340.600219727,62325.8560886383,363067172.42,19.7100984258532,"Baja","Baja","Alta","forestal_secundaria","suelo_infiltracion_baja","pend_alta","prec_baja","esc_baja","aporte_alto"
26,"Bosque Tropical","Phaeozem","6°-15°",136033.10333252,0,366124850.77,19.7184849582504,"Baja","Baja","Alta","forestal_conservada","suelo_infiltracion_alta","pend_media","prec_baja","esc_baja","aporte_alto"
27,"Sec Bosque Tropical","Regosol","6°-15°",1264945.79626465,54009.7125658989,54009.71,10.8969376392143,"Media","Baja","Baja","forestal_secundaria","suelo_infiltracion_baja","pend_media","prec_media","esc_baja","aporte_bajo"
28,"Sec Bosque Tropical","Phaeozem","15°-35°",331417.197753906,247.136214017868,366126701.49,19.7184900131253,"Baja","Baja","Alta","forestal_secundaria","suelo_infiltracion_alta","pend_alta","prec_baja","esc_baja","aporte_alto"
29,"Bosque Tropical","Regosol","6°-15°",3559896.996521,0,76554.09,11.2457658913639,"Alta","Baja","Baja","forestal_conservada","suelo_infiltracion_baja","pend_media","prec_alta","esc_baja","aporte_bajo"
30,"Sec Bosque Tropical","Regosol","6°-15°",1883559.7064209,343476.678894043,3132886.12,14.9574655399204,"Media","Baja","Media","forestal_secundaria","suelo_infiltracion_baja","pend_media","prec_media","esc_baja","aporte_medio"
31,"Sec Bosque Tropical","Regosol","6°-15°",1090971.72497559,188261.695739746,271010848.27,19.4176694122493,"Media","Baja","Alta","forestal_secundaria","suelo_infiltracion_baja","pend_media","prec_media","esc_baja","aporte_alto"
32,"Sec Bosque Tropical","Regosol","3°-6°",2261713.90405273,426688.848388672,3559574.97,15.0851519861835,"Alta","Media","Media","forestal_secundaria","suelo_infiltracion_baja","pend_media","prec_alta","esc_media","aporte_medio"
33,"Sec Bosque Tropical","Regosol","3°-6°",709722.196289062,149033.658798218,6195995.19,15.6394138656059,"Baja","Baja","Media","forestal_secundaria","suelo_infiltracion_baja","pend_media","prec_baja","esc_baja","aporte_medio"
34,"Pastizal","Regosol","15°-35°",580161.203613281,102322.899353027,310448857.44,19.5535297386545,"Baja","Baja","Alta","agropecuaria","suelo_infiltracion_baja","pend_alta","prec_baja","esc_baja","aporte_alto"
35,"Pastizal","Regosol","6°-15°",1016815.65100098,195648.416595459,272051804.49,19.4215030674851,"Baja","Baja","Alta","agropecuaria","suelo_infiltracion_baja","pend_media","prec_baja","esc_baja","aporte_alto"
36,"Pastizal","Regosol","6°-15°",707751.180541992,118217.180099487,297042771.35,19.5093867010443,"Baja","Baja","Alta","agropecuaria","suelo_infiltracion_baja","pend_media","prec_baja","esc_baja","aporte_alto"
37,"Sec Bosque Tropical","Regosol","1°-3°",905933.340942383,163232.627609253,163232.63,12.0029377664599,"Baja","Baja","Baja","forestal_secundaria","suelo_infiltracion_baja","pend_baja","prec_baja","esc_baja","aporte_bajo"
38,"Sec Bosque Tropical","Regosol","3°-6°",1266319.14172363,229841.582824707,371271.88,12.8246925968296,"Media","Baja","Baja","forestal_secundaria","suelo_infiltracion_baja","pend_media","prec_media","esc_baja","aporte_bajo"
39,"Pastizal","Regosol","6°-15°",825738.07409668,140653.900512695,295651259.29,19.504691142999,"Baja","Baja","Alta","agropecuaria","suelo_infiltracion_baja","pend_media","prec_baja","esc_baja","aporte_alto"
40,"Sec Bosque Tropical","Regosol","3°-6°",969233.281738281,184930.229675293,19226121.53,16.7717804607281,"Baja","Baja","Media","forestal_secundaria","suelo_infiltracion_baja","pend_media","prec_baja","esc_baja","aporte_medio"
41,"Pastizal","Regosol","6°-15°",907251.820068359,160458.200790405,19757851.61,16.7990615707956,"Baja","Baja","Media","agropecuaria","suelo_infiltracion_baja","pend_media","prec_baja","esc_baja","aporte_medio"
42,"Sec Bosque Tropical","Cambisol","3°-6°",3793296.90380859,661285.774993896,4911755.74,15.4071422239671,"Alta","Media","Media","forestal_secundaria","suelo_infiltracion_media","pend_media","prec_alta","esc_media","aporte_medio"
43,"Sec Bosque Tropical","Regosol","6°-15°",5520444.20349121,917076.077911377,314925508.49,19.5678466910151,"Alta","Media","Alta","forestal_secundaria","suelo_infiltracion_baja","pend_media","prec_alta","esc_media","aporte_alto"
44,"Sec Bosque Tropical","Regosol","6°-15°",1838648.96777344,306124.840698242,681367.14,13.4318580264384,"Media","Baja","Baja","forestal_secundaria","suelo_infiltracion_baja","pend_media","prec_media","esc_baja","aporte_bajo"
45,"Sec Bosque Tropical","Regosol","6°-15°",2287995.13415527,412701.909454346,294348143.03,19.5002737881019,"Alta","Media","Alta","forestal_secundaria","suelo_infiltracion_baja","pend_media","prec_alta","esc_media","aporte_alto"
46,"Pastizal","Regosol","6°-15°",1217631.94042969,237403.430526733,21883636.63,16.9012497753558,"Media","Baja","Media","agropecuaria","suelo_infiltracion_baja","pend_media","prec_media","esc_baja","aporte_medio"
47,"Sec Bosque Tropical","Cambisol","6°-15°",2243488.62036133,299923.868537903,5211679.61,15.4664129356101,"Alta","Baja","Media","forestal_secundaria","suelo_infiltracion_media","pend_media","prec_alta","esc_baja","aporte_medio"
48,"Pastizal","Regosol","6°-15°",3750009.27685547,614805.662750244,295260124.97,19.5033673087111,"Alta","Media","Alta","agropecuaria","suelo_infiltracion_baja","pend_media","prec_alta","esc_media","aporte_alto"
49,"Pastizal","Cambisol","3°-6°",912058.619995117,139926.771286011,139926.77,11.8488816398831,"Baja","Baja","Baja","agropecuaria","suelo_infiltracion_media","pend_media","prec_baja","esc_baja","aporte_bajo"
50,"Sec Bosque Tropical","Regosol","6°-15°",3191152.53588867,535977.88130188,20293829.49,16.8258274810712,"Alta","Media","Media","forestal_secundaria","suelo_infiltracion_baja","pend_media","prec_alta","esc_media","aporte_medio"
51,"Sec Bosque Tropical","Regosol","6°-15°",2137639.02197266,375242.301010132,375242.3,12.8353298945728,"Alta","Media","Baja","forestal_secundaria","suelo_infiltracion_baja","pend_media","prec_alta","esc_media","aporte_bajo"
52,"Sec Bosque Tropical","Regosol","6°-15°",1719346.09875488,297176.278823852,294645319.31,19.5012828869229,"Media","Baja","Alta","forestal_secundaria","suelo_infiltracion_baja","pend_media","prec_media","esc_baja","aporte_alto"
53,"Pastizal","Regosol","6°-15°",2172069.56494141,389113.359161377,1070480.5,13.8836191052185,"Alta","Media","Baja","agropecuaria","suelo_infiltracion_baja","pend_media","prec_alta","esc_media","aporte_bajo"
54,"Sec Bosque Tropical","Regosol","6°-15°",1998935.28222656,255451.586380005,5467131.2,15.5142647590371,"Alta","Baja","Media","forestal_secundaria","suelo_infiltracion_baja","pend_media","prec_alta","esc_baja","aporte_medio"
55,"Pastizal","Regosol","6°-15°",326703.51940918,53291.1418151855,20836769.84,16.8522298127475,"Baja","Baja","Media","agropecuaria","suelo_infiltracion_baja","pend_media","prec_baja","esc_baja","aporte_medio"
56,"Sec Bosque Tropical","Regosol","6°-15°",2102008.21801758,232769.606082916,6289951.18,15.654464026104,"Alta","Baja","Media","forestal_secundaria","suelo_infiltracion_baja","pend_media","prec_alta","esc_baja","aporte_medio"
57,"Pastizal","Regosol","3°-6°",878324.415039062,205532.935455322,20234460.98,16.8228977473545,"Baja","Baja","Media","agropecuaria","suelo_infiltracion_baja","pend_media","prec_baja","esc_baja","aporte_medio"
58,"Sec Bosque Tropical","Cambisol","3°-6°",760005.008422852,139725.506118774,139725.51,11.8474422910217,"Baja","Baja","Baja","forestal_secundaria","suelo_infiltracion_media","pend_media","prec_baja","esc_baja","aporte_bajo"
59,"Sec Bosque Tropical","Regosol","6°-15°",2792647.45263672,489649.209564209,489649.21,13.1014465580266,"Alta","Media","Baja","forestal_secundaria","suelo_infiltracion_baja","pend_media","prec_alta","esc_media","aporte_bajo"
60,"Sec Bosque Tropical","Regosol","6°-15°",1038918.45874023,123773.860923767,317236776.98,19.5751589867163,"Baja","Baja","Alta","forestal_secundaria","suelo_infiltracion_baja","pend_media","prec_baja","esc_baja","aporte_alto"
61,"Pastizal","Regosol","3°-6°",2673868.91320801,489244.667785645,1559725.17,14.2600208317669,"Alta","Media","Media","agropecuaria","suelo_infiltracion_baja","pend_media","prec_alta","esc_media","aporte_medio"
62,"Pastizal","Regosol","6°-15°",2796407.44372559,408641.080047607,317113003.12,19.5747687481915,"Alta","Media","Alta","agropecuaria","suelo_infiltracion_baja","pend_media","prec_alta","esc_media","aporte_alto"
63,"Pastizal","Regosol","6°-15°",4140391.8659668,885954.142944336,885954.14,13.6944215962512,"Alta","Media","Baja","agropecuaria","suelo_infiltracion_baja","pend_media","prec_alta","esc_media","aporte_bajo"
64,"Pastizal","Regosol","6°-15°",772861.033081055,57383.0619163513,7007619.38,15.7625087406106,"Baja","Baja","Media","agropecuaria","suelo_infiltracion_baja","pend_media","prec_baja","esc_baja","aporte_medio"
65,"Sec Bosque Tropical","Regosol","6°-15°",2082107.33837891,302369.151069641,318731634.85,19.5798600397576,"Alta","Baja","Alta","forestal_secundaria","suelo_infiltracion_baja","pend_media","prec_alta","esc_baja","aporte_alto"
66,"Pastizal","Regosol","6°-15°",816868.316772461,122114.519775391,440087.09,12.9947301904016,"Baja","Baja","Baja","agropecuaria","suelo_infiltracion_baja","pend_media","prec_baja","esc_baja","aporte_bajo"
67,"Pastizal","Regosol","6°-15°",1859564.61804199,313597.676300049,313597.68,12.6558693582659,"Media","Baja","Baja","agropecuaria","suelo_infiltracion_baja","pend_media","prec_media","esc_baja","aporte_bajo"
68,"Pastizal","Regosol","3°-6°",2400252.5324707,512933.956100464,724171.7,13.4927851788343,"Alta","Media","Baja","agropecuaria","suelo_infiltracion_baja","pend_media","prec_alta","esc_media","aporte_bajo"
69,"Sec Bosque Tropical","Regosol","6°-15°",2502389.58752441,318371.411087036,320629469.98,19.5857967183691,"Alta","Baja","Alta","forestal_secundaria","suelo_infiltracion_baja","pend_media","prec_alta","esc_baja","aporte_alto"
70,"Sec Bosque Tropical","Regosol","6°-15°",1550000.89526367,183044.312011719,183044.31,12.1174889968052,"Media","Baja","Baja","forestal_secundaria","suelo_infiltracion_baja","pend_media","prec_media","esc_baja","aporte_bajo"
71,"Pastizal","Regosol","6°-15°",737581.770019531,128232.284606934,128232.28,11.7616063841637,"Baja","Baja","Baja","agropecuaria","suelo_infiltracion_baja","pend_media","prec_baja","esc_baja","aporte_bajo"
72,"Sec Bosque Tropical","Regosol","6°-15°",1659799.98931885,187527.51581192,187527.52,12.1416862194922,"Media","Baja","Baja","forestal_secundaria","suelo_infiltracion_baja","pend_media","prec_media","esc_baja","aporte_bajo"
73,"Pastizal","Regosol","6°-15°",2597601.73083496,596912.359191895,596912.36,13.2995272562149,"Alta","Media","Baja","agropecuaria","suelo_infiltracion_baja","pend_media","prec_alta","esc_media","aporte_bajo"
74,"Sec Bosque Tropical","Regosol","6°-15°",1724630.2265625,227150.175422668,320856620.16,19.5865049182577,"Media","Baja","Alta","forestal_secundaria","suelo_infiltracion_baja","pend_media","prec_media","esc_baja","aporte_alto"
75,"Sec Bosque Tropical","Regosol","6°-15°",3307435.59368896,145940.927201509,30505484.67,17.2334170834379,"Alta","Baja","Alta","forestal_secundaria","suelo_infiltracion_baja","pend_media","prec_alta","esc_baja","aporte_alto"
76,"Pastizal","Regosol","6°-15°",2024091.13037109,416783.654205322,1013696.01,13.8291146117755,"Alta","Media","Baja","agropecuaria","suelo_infiltracion_baja","pend_media","prec_alta","esc_media","aporte_bajo"
77,"Sec Bosque Tropical","Regosol","15°-35°",1613494.79589844,138221.269885063,321182368.95,19.5875196504545,"Media","Baja","Alta","forestal_secundaria","suelo_infiltracion_baja","pend_alta","prec_media","esc_baja","aporte_alto"
78,"Sec Bosque Tropical","Regosol","6°-15°",3204703.03149414,330856.349954605,1538286.63,14.2461804271672,"Alta","Baja","Media","forestal_secundaria","suelo_infiltracion_baja","pend_media","prec_alta","esc_baja","aporte_medio"
79,"Bosque Tropical","Regosol","6°-15°",955969.053405762,45167.0738082491,30550651.74,17.2348966096384,"Baja","Baja","Alta","forestal_conservada","suelo_infiltracion_baja","pend_media","prec_baja","esc_baja","aporte_alto"
80,"Pastizal","Regosol","6°-15°",1229245.31921387,22691.081584652,30624027.17,17.2372954931012,"Media","Baja","Alta","agropecuaria","suelo_infiltracion_baja","pend_media","prec_media","esc_baja","aporte_alto"
81,"Sec Bosque Tropical","Regosol","3°-6°",1172654.06311035,200457.262451172,2201149.62,14.6044907906979,"Media","Baja","Media","forestal_secundaria","suelo_infiltracion_baja","pend_media","prec_media","esc_baja","aporte_medio"
82,"Sec Bosque Tropical","Regosol","15°-35°",731946.040771484,26152.3647909164,325184622.37,19.5999036509099,"Baja","Baja","Alta","forestal_secundaria","suelo_infiltracion_baja","pend_alta","prec_baja","esc_baja","aporte_alto"
83,"Sec Bosque Tropical","Regosol","6°-15°",2311814.91137695,212584.537367821,212584.54,12.2670997275251,"Alta","Baja","Baja","forestal_secundaria","suelo_infiltracion_baja","pend_media","prec_alta","esc_baja","aporte_bajo"
84,"Pastizal","Cambisol","3°-6°",71817.1795654297,14658.1805725098,14658.18,9.59282203936056,"Baja","Baja","Baja","agropecuaria","suelo_infiltracion_media","pend_media","prec_baja","esc_baja","aporte_bajo"
85,"Pastizal","Regosol","6°-15°",551310.296813965,10077.8498372249,327434397.89,19.6067982842423,"Baja","Baja","Alta","agropecuaria","suelo_infiltracion_baja","pend_media","prec_baja","esc_baja","aporte_alto"
86,"Sec Bosque Tropical","Regosol","15°-35°",654899.351196289,10760.4233211856,325484317.95,19.6008248431836,"Baja","Baja","Alta","forestal_secundaria","suelo_infiltracion_baja","pend_alta","prec_baja","esc_baja","aporte_alto"
87,"Sec Bosque Tropical","Regosol","6°-15°",2341343.96484375,165948.47287479,327600346.36,19.6073049702601,"Alta","Baja","Alta","forestal_secundaria","suelo_infiltracion_baja","pend_media","prec_alta","esc_baja","aporte_alto"
88,"Pastizal","Regosol","3°-6°",1171564.97790527,218056.6043396,218056.6,12.2925145270547,"Media","Baja","Baja","agropecuaria","suelo_infiltracion_baja","pend_media","prec_media","esc_baja","aporte_bajo"
89,"Pastizal","Phaeozem","6°-15°",1277567.61480713,36844.8753167391,360495221.26,19.7029892615085,"Media","Baja","Alta","agropecuaria","suelo_infiltracion_alta","pend_media","prec_media","esc_baja","aporte_alto"
90,"Bosque Tropical","Regosol","6°-15°",1285206.41894531,23364.9446516037,23364.94,10.0590346854402,"Media","Baja","Baja","forestal_conservada","suelo_infiltracion_baja","pend_media","prec_media","esc_baja","aporte_bajo"
91,"Bosque Tropical","Regosol","6°-15°",960872.993103027,5750.47785842419,5750.48,8.65721249197628,"Baja","Baja","Baja","forestal_conservada","suelo_infiltracion_baja","pend_media","prec_baja","esc_baja","aporte_bajo"
92,"Sec Bosque Tropical","Regosol","6°-15°",1450637.42010498,66390.8761445116,327973940.9,19.6084447177656,"Media","Baja","Alta","forestal_secundaria","suelo_infiltracion_baja","pend_media","prec_media","esc_baja","aporte_alto"
93,"Pastizal","Regosol","3°-6°",1795016.04833984,350755.710006714,350755.71,12.7678481282165,"Media","Baja","Baja","agropecuaria","suelo_infiltracion_baja","pend_media","prec_media","esc_baja","aporte_bajo"
94,"Bosque Tropical","Phaeozem","6°-15°",493926.096923828,13038.9886341095,329357855.92,19.6126554286037,"Baja","Baja","Alta","forestal_conservada","suelo_infiltracion_alta","pend_media","prec_baja","esc_baja","aporte_alto"
95,"Bosque Tropical","Phaeozem","6°-15°",1604606.37420654,67224.1708431244,329593242.68,19.6133698572458,"Media","Baja","Alta","forestal_conservada","suelo_infiltracion_alta","pend_media","prec_media","esc_baja","aporte_alto"
96,"Bosque Tropical","Regosol","6°-15°",520019.140319824,50506.4282913208,50506.43,10.829875733154,"Baja","Baja","Baja","forestal_conservada","suelo_infiltracion_baja","pend_media","prec_baja","esc_baja","aporte_bajo"
97,"Bosque Tropical","Regosol","6°-15°",2024448.43939209,114740.938115248,327715087.3,19.6076551556363,"Alta","Baja","Alta","forestal_conservada","suelo_infiltracion_baja","pend_media","prec_alta","esc_baja","aporte_alto"
98,"Sec Bosque Tropical","Regosol","6°-15°",2749441.00317383,435524.22467041,435524.22,12.9843079840457,"Alta","Media","Baja","forestal_secundaria","suelo_infiltracion_baja","pend_media","prec_alta","esc_media","aporte_bajo"
99,"Sec Bosque Tropical","Regosol","15°-35°",1283834.83837891,43423.2400806062,601422.14,13.3070540256836,"Media","Baja","Baja","forestal_secundaria","suelo_infiltracion_baja","pend_alta","prec_media","esc_baja","aporte_bajo"
100,"Bosque Tropical","Regosol","15°-35°",1553780.18078613,93339.0564188957,328883726.01,19.611214832921,"Media","Baja","Alta","forestal_conservada","suelo_infiltracion_baja","pend_alta","prec_media","esc_baja","aporte_alto"
101,"Bosque Tropical","Regosol","6°-15°",583120.374389648,46981.9731445312,798895.73,13.5909869673337,"Baja","Baja","Baja","forestal_conservada","suelo_infiltracion_baja","pend_media","prec_baja","esc_baja","aporte_bajo"
102,"Pastizal","Phaeozem","15°-35°",794016.366027832,7371.00266001746,362696428.21,19.7090767591812,"Baja","Baja","Alta","agropecuaria","suelo_infiltracion_alta","pend_alta","prec_baja","esc_baja","aporte_alto"
103,"Sec Bosque Tropical","Regosol","6°-15°",2943636.17724609,115332.528160691,1507942.62,14.2262574395832,"Alta","Baja","Media","forestal_secundaria","suelo_infiltracion_baja","pend_media","prec_alta","esc_baja","aporte_medio"
104,"Sec Bosque Tropical","Cambisol","6°-15°",297637.934570312,50529.5809631348,50529.58,10.8303339765498,"Baja","Baja","Baja","forestal_secundaria","suelo_infiltracion_media","pend_media","prec_baja","esc_baja","aporte_bajo"
105,"Pastizal","Regosol","6°-15°",946816.97076416,52899.7359580994,1298540.36,14.0767521617148,"Baja","Baja","Baja","agropecuaria","suelo_infiltracion_baja","pend_media","prec_baja","esc_baja","aporte_bajo"
106,"Sec Bosque Tropical","Regosol","15°-35°",1894300.38543701,131145.517407358,362827573.73,19.7094382786367,"Media","Baja","Alta","forestal_secundaria","suelo_infiltracion_baja","pend_alta","prec_media","esc_baja","aporte_alto"
107,"Sec Bosque Tropical","Regosol","6°-15°",121474.82800293,7343.10126876831,1065091.11,13.8785718416487,"Baja","Baja","Baja","forestal_secundaria","suelo_infiltracion_baja","pend_media","prec_baja","esc_baja","aporte_bajo"
108,"Bosque Tropical","Regosol","6°-15°",1194509.02514648,124191.447761536,211156.2,12.2603581587625,"Media","Baja","Baja","forestal_conservada","suelo_infiltracion_baja","pend_media","prec_media","esc_baja","aporte_bajo"
109,"Sec Bosque Tropical","Regosol","6°-15°",986219.313842773,68180.5756835938,875262.76,13.6822805599158,"Baja","Baja","Baja","forestal_secundaria","suelo_infiltracion_baja","pend_media","prec_baja","esc_baja","aporte_bajo"
110,"Sec Bosque Tropical","Regosol","6°-15°",2258724.09942627,180549.514232635,1245640.62,14.0351613125596,"Alta","Baja","Baja","forestal_secundaria","suelo_infiltracion_baja","pend_media","prec_alta","esc_baja","aporte_bajo"
111,"Bosque Tropical","Regosol","3°-6°",1939976.07128906,204335.25328064,204335.25,12.2275222002104,"Media","Baja","Baja","forestal_conservada","suelo_infiltracion_baja","pend_media","prec_media","esc_baja","aporte_bajo"
112,"Bosque Tropical","Regosol","6°-15°",2227280.75964355,182485.248664856,182485.25,12.1144301067005,"Alta","Baja","Baja","forestal_conservada","suelo_infiltracion_baja","pend_media","prec_alta","esc_baja","aporte_bajo"
113,"Sec Bosque Tropical","Regosol","6°-15°",1024755.31726074,103992.189128876,318087.13,12.6700837617314,"Baja","Baja","Baja","forestal_secundaria","suelo_infiltracion_baja","pend_media","prec_baja","esc_baja","aporte_bajo"
114,"Sec Bosque Tropical","Regosol","6°-15°",2124056.32659912,214094.940982819,214094.94,12.2741795112966,"Alta","Baja","Baja","forestal_secundaria","suelo_infiltracion_baja","pend_media","prec_alta","esc_baja","aporte_bajo"
115,"Sec Bosque Tropical","Regosol","6°-15°",4264727.27593994,486788.275382996,486788.28,13.095586618489,"Alta","Media","Baja","forestal_secundaria","suelo_infiltracion_baja","pend_media","prec_alta","esc_media","aporte_bajo"
116,"Bosque Tropical","Regosol","15°-35°",2377381.45214844,18351.6507027978,367128748.85,19.7212231615269,"Alta","Baja","Alta","forestal_conservada","suelo_infiltracion_baja","pend_alta","prec_alta","esc_baja","aporte_alto"
117,"Bosque Tropical","Regosol","6°-15°",1500460.96350098,28043.09472543,983095.81,13.798462878512,"Media","Baja","Baja","forestal_conservada","suelo_infiltracion_baja","pend_media","prec_media","esc_baja","aporte_bajo"
118,"Agricultura","Phaeozem","15°-35°",582121.082275391,1121.24885928631,367266866.12,19.7215993001324,"Baja","Baja","Alta","agropecuaria","suelo_infiltracion_alta","pend_alta","prec_baja","esc_baja","aporte_alto"
119,"Sec Bosque Tropical","Regosol","15°-35°",3551134.37841797,253140.405277252,955052.72,13.7695228691897,"Alta","Baja","Baja","forestal_secundaria","suelo_infiltracion_baja","pend_alta","prec_alta","esc_baja","aporte_bajo"
120,"Sec Bosque Tropical","Regosol","6°-15°",2963407.11859131,383825.182121277,383825.18,12.8579450728401,"Alta","Media","Baja","forestal_secundaria","suelo_infiltracion_baja","pend_media","prec_alta","esc_media","aporte_bajo"
121,"Bosque Tropical","Regosol","15°-35°",2354819.33325195,32567.5575818745,136996.02,11.8277144527489,"Alta","Baja","Baja","forestal_conservada","suelo_infiltracion_baja","pend_alta","prec_alta","esc_baja","aporte_bajo"
122,"Pastizal","Regosol","6°-15°",4259967.92425537,547211.755092621,547211.76,13.2125929637321,"Alta","Media","Baja","agropecuaria","suelo_infiltracion_baja","pend_media","prec_alta","esc_media","aporte_bajo"
123,"Bosque de Encino","Cambisol","6°-15°",1010574.14477539,244285.077362061,3204187.77,14.9799695024136,"Baja","Baja","Media","forestal_conservada","suelo_infiltracion_media","pend_media","prec_baja","esc_baja","aporte_medio"
124,"Bosque de Encino","Cambisol","6°-15°",1857656.22473145,436863.271865845,436863.27,12.9873778308674,"Media","Media","Baja","forestal_conservada","suelo_infiltracion_media","pend_media","prec_media","esc_media","aporte_bajo"
125,"Bosque de Encino","Cambisol","6°-15°",1203475.08044434,278230.353210449,6136411.73,15.6297508834568,"Media","Baja","Media","forestal_conservada","suelo_infiltracion_media","pend_media","prec_media","esc_baja","aporte_medio"
126,"Bosque de Encino","Cambisol","6°-15°",2215381.50598145,500547.102081299,5405519.46,15.5029312967416,"Alta","Media","Media","forestal_conservada","suelo_infiltracion_media","pend_media","prec_alta","esc_media","aporte_medio"
127,"Bosque de Encino","Cambisol","15°-35°",1082303.70349121,251731.125671387,251731.13,12.4361208249432,"Media","Baja","Baja","forestal_conservada","suelo_infiltracion_media","pend_alta","prec_media","esc_baja","aporte_bajo"
128,"Bosque de Encino","Cambisol","15°-35°",984688.854614258,266389.818786621,266389.82,12.4927197575952,"Baja","Baja","Baja","forestal_conservada","suelo_infiltracion_media","pend_alta","prec_baja","esc_baja","aporte_bajo"
129,"Bosque de Encino","Cambisol","6°-15°",1471137.28308105,353626.207427979,353626.21,12.7759985581425,"Media","Baja","Baja","forestal_conservada","suelo_infiltracion_media","pend_media","prec_media","esc_baja","aporte_bajo"
130,"Bosque de Encino","Cambisol","6°-15°",1616951.14904785,374334.278137207,374334.28,12.8329071453951,"Media","Media","Baja","forestal_conservada","suelo_infiltracion_media","pend_media","prec_media","esc_media","aporte_bajo"
131,"Bosque de Encino","Cambisol","6°-15°",1961730.97167969,452661.916717529,5858181.38,15.5833499393778,"Media","Media","Media","forestal_conservada","suelo_infiltracion_media","pend_media","prec_media","esc_media","aporte_medio"
132,"Bosque de Encino","Cambisol","6°-15°",277845.198120117,65928.863571167,1051738.39,13.8659559134532,"Baja","Baja","Baja","forestal_conservada","suelo_infiltracion_media","pend_media","prec_baja","esc_baja","aporte_bajo"
133,"Bosque de Encino","Cambisol","6°-15°",2530375.69189453,639626.402328491,2792712.35,14.8425242080814,"Alta","Media","Media","forestal_conservada","suelo_infiltracion_media","pend_media","prec_alta","esc_media","aporte_medio"
134,"Bosque de Encino","Cambisol","15°-35°",1502074.0657959,440394.552246094,440394.55,12.9954285793291,"Media","Media","Baja","forestal_conservada","suelo_infiltracion_media","pend_alta","prec_media","esc_media","aporte_bajo"
135,"Bosque de Encino","Cambisol","15°-35°",2509594.69689941,600224.673339844,8676579.35,15.9761380401164,"Alta","Media","Media","forestal_conservada","suelo_infiltracion_media","pend_alta","prec_alta","esc_media","aporte_medio"
136,"Sec Bosque Templado","Luvisol","15°-35°",1347630.68115234,363224.154998779,363224.15,12.8027781689066,"Media","Baja","Baja","forestal_secundaria","suelo_infiltracion_media","pend_alta","prec_media","esc_baja","aporte_bajo"
137,"Bosque de Encino","Cambisol","6°-15°",3492631.89929199,820132.933258057,7884794.33,15.8804468211622,"Alta","Media","Media","forestal_conservada","suelo_infiltracion_media","pend_media","prec_alta","esc_media","aporte_medio"
138,"Bosque de Encino","Cambisol","6°-15°",2846560.92492676,701883.577636719,890068.4,13.6990547161963,"Alta","Media","Baja","forestal_conservada","suelo_infiltracion_media","pend_media","prec_alta","esc_media","aporte_bajo"
139,"Bosque de Encino","Cambisol","15°-35°",2471001.59533691,667165.600402832,667165.6,13.4107950688216,"Alta","Media","Baja","forestal_conservada","suelo_infiltracion_media","pend_alta","prec_alta","esc_media","aporte_bajo"
140,"Sec Bosque Templado","Luvisol","15°-35°",2064953.97473145,562132.051391602,562132.05,13.2394938446287,"Alta","Media","Baja","forestal_secundaria","suelo_infiltracion_media","pend_alta","prec_alta","esc_media","aporte_bajo"
141,"Sec Bosque Templado","Luvisol","15°-35°",1428177.16455078,373084.138458252,935216.19,13.748534070066,"Media","Media","Baja","forestal_secundaria","suelo_infiltracion_media","pend_alta","prec_media","esc_media","aporte_bajo"
142,"Sec Bosque Tropical","Luvisol","6°-15°",1759239.13806152,557069.45803833,14132454.14,16.4639844932828,"Media","Media","Media","forestal_secundaria","suelo_infiltracion_media","pend_media","prec_media","esc_media","aporte_medio"
143,"Bosque de Encino","Cambisol","15°-35°",2078024.33300781,503262.35824585,2478887.97,14.7233210217932,"Alta","Media","Media","forestal_conservada","suelo_infiltracion_media","pend_alta","prec_alta","esc_media","aporte_medio"
144,"Sec Bosque Templado","Luvisol","15°-35°",3221306.57348633,890927.020263672,890927.02,13.7000189175555,"Alta","Media","Baja","forestal_secundaria","suelo_infiltracion_media","pend_alta","prec_alta","esc_media","aporte_bajo"
145,"Sec Bosque Templado","Regosol","15°-35°",1041048.15539551,275308.373352051,9390351.01,16.0551933382347,"Baja","Baja","Media","forestal_secundaria","suelo_infiltracion_baja","pend_alta","prec_baja","esc_baja","aporte_medio"
146,"Pastizal","Luvisol","3°-6°",456220.80078125,156046.308654785,14825149.73,16.5118356700814,"Baja","Baja","Media","agropecuaria","suelo_infiltracion_media","pend_media","prec_baja","esc_baja","aporte_medio"
147,"Sec Bosque Tropical","Luvisol","6°-15°",1086514.33850098,339568.173126221,16248335.23,16.6035010756521,"Media","Baja","Media","forestal_secundaria","suelo_infiltracion_media","pend_media","prec_media","esc_baja","aporte_medio"
148,"Sec Bosque Templado","Luvisol","15°-35°",4648308.81152344,1204521.34146118,1204521.34,14.0015936479801,"Alta","Alta","Baja","forestal_secundaria","suelo_infiltracion_media","pend_alta","prec_alta","esc_alta","aporte_bajo"
149,"Sec Bosque Templado","Regosol","6°-15°",1620243.84692383,414532.443634033,414532.44,12.9349089258161,"Media","Media","Baja","forestal_secundaria","suelo_infiltracion_baja","pend_media","prec_media","esc_media","aporte_bajo"
150,"Sec Bosque Templado","Luvisol","15°-35°",4017405.86364746,1169397.54803467,1169397.55,13.9720001147708,"Alta","Alta","Baja","forestal_secundaria","suelo_infiltracion_media","pend_alta","prec_alta","esc_alta","aporte_bajo"
151,"Pastizal","Luvisol","6°-15°",1067961.8939209,346392.824584961,1536763.36,14.2451896991212,"Media","Baja","Media","agropecuaria","suelo_infiltracion_media","pend_media","prec_media","esc_baja","aporte_medio"
152,"Bosque de Encino","Cambisol","6°-15°",2993142.00488281,789951.270690918,789951.27,13.5797278048965,"Alta","Media","Baja","forestal_conservada","suelo_infiltracion_media","pend_media","prec_alta","esc_media","aporte_bajo"
153,"Sec Bosque Tropical","Regosol","6°-15°",426489.11340332,136006.993896484,4758596.15,15.3754634663836,"Baja","Baja","Media","forestal_secundaria","suelo_infiltracion_baja","pend_media","prec_baja","esc_baja","aporte_medio"
154,"Pastizal","Luvisol","6°-15°",2428424.08300781,665201.625854492,1869722.97,14.4413013683097,"Alta","Media","Media","agropecuaria","suelo_infiltracion_media","pend_media","prec_alta","esc_media","aporte_medio"
155,"Agricultura","Luvisol","1°-3°",218485.095703125,75814.2282409668,1563613.85,14.2625109101697,"Baja","Baja","Media","agropecuaria","suelo_infiltracion_media","pend_baja","prec_baja","esc_baja","aporte_medio"
156,"Sec Bosque Tropical","Luvisol","6°-15°",1491282.63427734,507070.650512695,4160745.09,15.2412049647141,"Media","Media","Media","forestal_secundaria","suelo_infiltracion_media","pend_media","prec_media","esc_media","aporte_medio"
157,"Sec Bosque Tropical","Regosol","6°-15°",1985207.77331543,638525.015533447,5682857.72,15.5529649598611,"Alta","Media","Media","forestal_secundaria","suelo_infiltracion_baja","pend_media","prec_alta","esc_media","aporte_medio"
158,"Sec Bosque Tropical","Regosol","15°-35°",1263214.58154297,363127.747344971,7265287.7,15.7986185926691,"Media","Baja","Media","forestal_secundaria","suelo_infiltracion_baja","pend_alta","prec_media","esc_baja","aporte_medio"
159,"Sec Bosque Tropical","Regosol","6°-15°",1412683.66003418,423986.161376953,6902159.95,15.7473451016959,"Media","Media","Media","forestal_secundaria","suelo_infiltracion_baja","pend_media","prec_media","esc_media","aporte_medio"
160,"Pastizal","Luvisol","6°-15°",2954167.18786621,947513.529449463,3653674.44,15.1112441887676,"Alta","Alta","Media","agropecuaria","suelo_infiltracion_media","pend_media","prec_alta","esc_alta","aporte_medio"
161,"Pastizal","Luvisol","6°-15°",1273511.03369141,389644.984222412,389644.98,12.8729938622674,"Media","Media","Baja","agropecuaria","suelo_infiltracion_media","pend_media","prec_media","esc_media","aporte_bajo"
162,"Bosque de Encino","Cambisol","6°-15°",3727139.62487793,960345.568359375,960345.57,13.7750495087121,"Alta","Alta","Baja","forestal_conservada","suelo_infiltracion_media","pend_media","prec_alta","esc_alta","aporte_bajo"
163,"Pastizal","Luvisol","6°-15°",2449971.0045166,803725.342468262,803725.34,13.5970141170867,"Alta","Media","Baja","agropecuaria","suelo_infiltracion_media","pend_media","prec_alta","esc_media","aporte_bajo"
164,"Pastizal","Luvisol","6°-15°",1065291.81335449,359421.736694336,2135969.42,14.5744316306517,"Media","Baja","Media","agropecuaria","suelo_infiltracion_media","pend_media","prec_media","esc_baja","aporte_medio"
165,"Pastizal","Luvisol","6°-15°",925414.694580078,289231.417297363,4966531.23,15.418232414096,"Baja","Baja","Media","agropecuaria","suelo_infiltracion_media","pend_media","prec_baja","esc_baja","aporte_medio"
166,"Bosque de Encino","Regosol","6°-15°",1501559.7734375,398981.469360352,931624.56,13.744686253284,"Media","Media","Baja","forestal_conservada","suelo_infiltracion_baja","pend_media","prec_media","esc_media","aporte_bajo"
167,"Sec Bosque Tropical","Phaeozem","6°-15°",1994823.61425781,660849.337585449,10462754.24,16.1633323891812,"Alta","Media","Media","forestal_secundaria","suelo_infiltracion_alta","pend_media","prec_alta","esc_media","aporte_medio"
168,"Sec Bosque Tropical","Regosol","15°-35°",507536.225219727,154531.74041748,154531.74,11.9481612622554,"Baja","Baja","Baja","forestal_secundaria","suelo_infiltracion_baja","pend_alta","prec_baja","esc_baja","aporte_bajo"
169,"Pastizal","Luvisol","6°-15°",1058340.23022461,356295.597015381,1332294.2,14.1024137271496,"Baja","Baja","Baja","agropecuaria","suelo_infiltracion_media","pend_media","prec_baja","esc_baja","aporte_bajo"
170,"Pastizal","Luvisol","6°-15°",11548267.7122803,3946624.24389648,27261269.68,17.1209775964992,"Alta","Alta","Alta","agropecuaria","suelo_infiltracion_media","pend_media","prec_alta","esc_alta","aporte_alto"
171,"Sec Bosque Tropical","Phaeozem","6°-15°",791865.307861328,266682.153594971,10729436.39,16.1885016798678,"Baja","Baja","Media","forestal_secundaria","suelo_infiltracion_alta","pend_media","prec_baja","esc_baja","aporte_medio"
172,"Pastizal","Regosol","15°-35°",790806.666748047,227406.477813721,1159031.04,13.9630957664609,"Baja","Baja","Baja","agropecuaria","suelo_infiltracion_baja","pend_alta","prec_baja","esc_baja","aporte_bajo"
173,"Pastizal","Luvisol","6°-15°",856883.072387695,286909.367401123,1619203.57,14.2974455804527,"Baja","Baja","Media","agropecuaria","suelo_infiltracion_media","pend_media","prec_baja","esc_baja","aporte_medio"
174,"Pastizal","Cambisol","6°-15°",954365.647094727,326143.017425537,3113811.14,14.9513583020033,"Baja","Baja","Media","agropecuaria","suelo_infiltracion_media","pend_media","prec_baja","esc_baja","aporte_medio"
175,"Sec Bosque Tropical","Regosol","6°-15°",1492199.79858398,458425.995269775,12139324.62,16.3119607918055,"Media","Media","Media","forestal_secundaria","suelo_infiltracion_baja","pend_media","prec_media","esc_media","aporte_medio"
176,"Pastizal","Luvisol","6°-15°",2544320.12316894,869790.157287598,2407980.72,14.6942994940199,"Alta","Media","Media","agropecuaria","suelo_infiltracion_media","pend_media","prec_alta","esc_media","aporte_medio"
177,"Sec Bosque Tropical","Luvisol","6°-15°",2296028.69067383,714870.276672363,36236147.3,17.405567750378,"Alta","Media","Alta","forestal_secundaria","suelo_infiltracion_media","pend_media","prec_alta","esc_media","aporte_alto"
178,"Pastizal","Regosol","15°-35°",2041334.63305664,606285.870758057,5715210.93,15.5586419376381,"Alta","Media","Media","agropecuaria","suelo_infiltracion_baja","pend_alta","prec_alta","esc_media","aporte_medio"
179,"Pastizal","Luvisol","1°-3°",954110.322631836,327444.996673584,327445,12.6990784349662,"Baja","Baja","Baja","agropecuaria","suelo_infiltracion_media","pend_baja","prec_baja","esc_baja","aporte_bajo"
180,"Sec Bosque Tropical","Cambisol","6°-15°",710031.724121094,230108.99609375,5108925.06,15.4464997757087,"Baja","Baja","Media","forestal_secundaria","suelo_infiltracion_media","pend_media","prec_baja","esc_baja","aporte_medio"
181,"Pastizal","Phaeozem","1°-3°",772879.707763672,230100.466888428,48995438.4,17.7072377782739,"Baja","Baja","Alta","agropecuaria","suelo_infiltracion_alta","pend_baja","prec_baja","esc_baja","aporte_alto"
182,"Pastizal","Phaeozem","1°-3°",3515727.44287109,1199744.98693848,22623005.2,16.9344779199102,"Alta","Alta","Media","agropecuaria","suelo_infiltracion_alta","pend_baja","prec_alta","esc_alta","aporte_medio"
183,"Sec Bosque Tropical","Regosol","6°-15°",1035579.9486084,301516.619293213,301516.62,12.6165837345695,"Baja","Baja","Baja","forestal_secundaria","suelo_infiltracion_baja","pend_media","prec_baja","esc_baja","aporte_bajo"
184,"Sec Bosque Tropical","Regosol","6°-15°",1540425.64868164,540945.410339355,3219865.43,14.9848504352938,"Media","Media","Media","forestal_secundaria","suelo_infiltracion_baja","pend_media","prec_media","esc_media","aporte_medio"
185,"Sec Bosque Tropical","Regosol","15°-35°",1916803.1829834,593530.271881104,593530.27,13.2938451790913,"Media","Media","Baja","forestal_secundaria","suelo_infiltracion_baja","pend_alta","prec_media","esc_media","aporte_bajo"
186,"Sec Bosque Tropical","Regosol","6°-15°",287687.37890625,93368.5971374512,2269010.88,14.634854999535,"Baja","Baja","Media","forestal_secundaria","suelo_infiltracion_baja","pend_media","prec_baja","esc_baja","aporte_medio"
187,"Pastizal","Phaeozem","1°-3°",5060309.29016113,1689964.15060425,2156064.85,14.5837957532162,"Alta","Alta","Media","agropecuaria","suelo_infiltracion_alta","pend_baja","prec_alta","esc_alta","aporte_medio"
188,"Pastizal","Phaeozem","1°-3°",1379262.77966309,417968.096099854,1146373.3,13.9521147372406,"Media","Media","Baja","agropecuaria","suelo_infiltracion_alta","pend_baja","prec_media","esc_media","aporte_bajo"
189,"Sec Bosque Tropical","Regosol","15°-35°",2719733.16967773,784872.508178711,1303648.74,14.0806783810937,"Alta","Media","Baja","forestal_secundaria","suelo_infiltracion_baja","pend_alta","prec_alta","esc_media","aporte_bajo"
190,"Pastizal","Phaeozem","1°-3°",961838.91015625,306725.740081787,1453099.04,14.1892097908361,"Baja","Baja","Media","agropecuaria","suelo_infiltracion_alta","pend_baja","prec_baja","esc_baja","aporte_medio"
191,"Sec Bosque Tropical","Regosol","15°-35°",1689241.43383789,552996.784210205,1194783.71,13.9934765681214,"Media","Media","Baja","forestal_secundaria","suelo_infiltracion_baja","pend_alta","prec_media","esc_media","aporte_bajo"
192,"Agricultura","Phaeozem","1°-3°",3481853.23083496,1154038.16195679,6316456.73,15.6586691232327,"Alta","Alta","Media","agropecuaria","suelo_infiltracion_alta","pend_baja","prec_alta","esc_alta","aporte_medio"
193,"Pastizal","Regosol","6°-15°",2856047.17492676,813731.251220703,53931599.83,17.8032271503514,"Alta","Media","Alta","agropecuaria","suelo_infiltracion_baja","pend_media","prec_alta","esc_media","aporte_alto"
194,"Sec Bosque Tropical","Regosol","15°-35°",2464115.2545166,686224.718994141,686224.72,13.4389618904878,"Alta","Media","Baja","forestal_secundaria","suelo_infiltracion_baja","pend_alta","prec_alta","esc_media","aporte_bajo"
195,"Sec Bosque Tropical","Regosol","15°-35°",2372320.16625977,659591.707489014,659591.71,13.3993778174537,"Alta","Media","Baja","forestal_secundaria","suelo_infiltracion_baja","pend_alta","prec_alta","esc_media","aporte_bajo"
196,"Pastizal","Regosol","1°-3°",1859450.71264648,540099.659515381,540099.66,13.1995108085762,"Media","Media","Baja","agropecuaria","suelo_infiltracion_baja","pend_baja","prec_media","esc_media","aporte_bajo"
197,"Pastizal","Phaeozem","1°-3°",4421870.84594727,1455899.11395264,1455899.11,14.1911348996161,"Alta","Alta","Media","agropecuaria","suelo_infiltracion_alta","pend_baja","prec_alta","esc_alta","aporte_medio"
198,"Sec Bosque Tropical","Regosol","6°-15°",3187601.87402344,1036619.26785278,1343245.42,14.1105999434098,"Alta","Alta","Baja","forestal_secundaria","suelo_infiltracion_baja","pend_media","prec_alta","esc_alta","aporte_bajo"
199,"Sec Bosque Tropical","Regosol","15°-35°",5541228.53527832,1622475.94549561,2308700.66,14.6521958725395,"Alta","Alta","Media","forestal_secundaria","suelo_infiltracion_baja","pend_alta","prec_alta","esc_alta","aporte_medio"
200,"Sec Bosque Templado","Regosol","6°-15°",1678696.49902344,476164.915222168,2807450.76,14.8477877829004,"Media","Media","Media","forestal_secundaria","suelo_infiltracion_baja","pend_media","prec_media","esc_media","aporte_medio"
201,"Sec Bosque Templado","Regosol","15°-35°",1254054.17272949,347901.272674561,3155352.03,14.9646109431017,"Media","Baja","Media","forestal_secundaria","suelo_infiltracion_baja","pend_alta","prec_media","esc_baja","aporte_medio"
202,"Pastizal","Regosol","15°-35°",3385528.52355957,1007802.26358032,5329457.28,15.4887601549542,"Alta","Alta","Media","agropecuaria","suelo_infiltracion_baja","pend_alta","prec_alta","esc_alta","aporte_medio"
203,"Sec Bosque Tropical","Regosol","6°-15°",1378108.23547363,363505.088562012,4321655.02,15.279149224728,"Media","Baja","Media","forestal_secundaria","suelo_infiltracion_baja","pend_media","prec_media","esc_baja","aporte_medio"
204,"Sec Bosque Templado","Regosol","15°-35°",3345971.33996582,892901.461975098,2331285.84,14.6619309649304,"Alta","Media","Media","forestal_secundaria","suelo_infiltracion_baja","pend_alta","prec_alta","esc_media","aporte_medio"
205,"Sec Bosque Templado","Regosol","6°-15°",1758559.39147949,460043.144714355,460043.14,13.0390777203835,"Media","Media","Baja","forestal_secundaria","suelo_infiltracion_baja","pend_media","prec_media","esc_media","aporte_bajo"
206,"Sec Bosque Tropical","Regosol","15°-35°",2967148.83435059,753279.859832764,1068045.08,13.8813414436389,"Alta","Media","Baja","forestal_secundaria","suelo_infiltracion_baja","pend_alta","prec_alta","esc_media","aporte_bajo"
207,"Bosque de Encino","Regosol","15°-35°",2298117.55969238,594974.286102295,594974.29,13.2962751542536,"Alta","Media","Baja","forestal_conservada","suelo_infiltracion_baja","pend_alta","prec_alta","esc_media","aporte_bajo"
208,"Sec Bosque Templado","Regosol","6°-15°",2810117.66931152,727539.617248535,727539.62,13.4974251115206,"Alta","Media","Baja","forestal_secundaria","suelo_infiltracion_baja","pend_media","prec_alta","esc_media","aporte_bajo"
209,"Sec Bosque Templado","Regosol","15°-35°",2395578.51574707,606734.77,606734.77,13.3158486704914,"Alta","Media","Baja","forestal_secundaria","suelo_infiltracion_baja","pend_alta","prec_alta","esc_media","aporte_bajo"
210,"Sec Bosque Tropical","Regosol","15°-35°",2494611.9407959,659944.402069092,2454273,14.7133415524618,"Alta","Media","Media","forestal_secundaria","suelo_infiltracion_baja","pend_alta","prec_alta","esc_media","aporte_medio"
211,"Sec Bosque Tropical","Regosol","15°-35°",2435244.33752441,633565.492553711,1701610.57,14.3470863423279,"Alta","Media","Media","forestal_secundaria","suelo_infiltracion_baja","pend_alta","prec_alta","esc_media","aporte_medio"
212,"Pastizal","Phaeozem","15°-35°",3304977.10949707,943212.07043457,7331672.68,15.8077143806774,"Alta","Alta","Media","agropecuaria","suelo_infiltracion_alta","pend_alta","prec_alta","esc_alta","aporte_medio"
213,"Pastizal","Regosol","15°-35°",2075354.22070312,570784.822570801,3934187.61,15.1852152203508,"Alta","Media","Media","agropecuaria","suelo_infiltracion_baja","pend_alta","prec_alta","esc_media","aporte_medio"
214,"Sec Bosque Templado","Regosol","15°-35°",1380422.55957031,354445.518798828,1049023.05,13.8633708137124,"Media","Baja","Baja","forestal_secundaria","suelo_infiltracion_baja","pend_alta","prec_media","esc_baja","aporte_bajo"
215,"Pastizal","Regosol","15°-35°",4129814.63513184,1214423.49908447,55146023.33,17.8254952127607,"Alta","Alta","Alta","agropecuaria","suelo_infiltracion_baja","pend_alta","prec_alta","esc_alta","aporte_alto"
216,"Sec Bosque Tropical","Phaeozem","6°-15°",798164.302856445,226629.404144287,10464202.86,16.163470834523,"Baja","Baja","Media","forestal_secundaria","suelo_infiltracion_alta","pend_media","prec_baja","esc_baja","aporte_medio"
217,"Sec Bosque Tropical","Regosol","6°-15°",1643453.9654541,472816.170623779,1485094.63,14.2109897254519,"Media","Media","Media","forestal_secundaria","suelo_infiltracion_baja","pend_media","prec_media","esc_media","aporte_medio"
218,"Pastizal","Phaeozem","6°-15°",1049482.07885742,309329.489349365,10237573.46,16.1415752803771,"Baja","Baja","Media","agropecuaria","suelo_infiltracion_alta","pend_media","prec_baja","esc_baja","aporte_medio"
219,"Sec Bosque Tropical","Leptosol","15°-35°",1144669.09399414,332943.379394531,3499817.43,15.0682216479711,"Media","Baja","Media","forestal_secundaria","suelo_infiltracion_baja","pend_alta","prec_media","esc_baja","aporte_medio"
220,"Pastizal","Leptosol","6°-15°",1260126.74206543,370706.705932617,5487066.81,15.5179045742662,"Media","Baja","Media","agropecuaria","suelo_infiltracion_baja","pend_media","prec_media","esc_baja","aporte_medio"
221,"Pastizal","Leptosol","15°-35°",2520694.27075195,685852.507019043,685852.51,13.4384193416306,"Alta","Media","Baja","agropecuaria","suelo_infiltracion_baja","pend_alta","prec_alta","esc_media","aporte_bajo"
222,"Sec Bosque Tropical","Leptosol","6°-15°",1215157.44934082,352184.140686035,5116360.1,15.4479540216764,"Media","Baja","Media","forestal_secundaria","suelo_infiltracion_baja","pend_media","prec_media","esc_baja","aporte_medio"
223,"Pastizal","Regosol","15°-35°",969324.944580078,264423.679016113,264423.68,12.4853117260225,"Baja","Baja","Baja","agropecuaria","suelo_infiltracion_baja","pend_alta","prec_baja","esc_baja","aporte_bajo"
224,"Sec Bosque Templado","Phaeozem","15°-35°",3728695.76171875,1012278.46096802,1012278.46,13.8277152369533,"Alta","Alta","Baja","forestal_secundaria","suelo_infiltracion_alta","pend_alta","prec_alta","esc_alta","aporte_bajo"
225,"Pastizal","Leptosol","15°-35°",2102814.45385742,578506.020141602,1264358.53,14.0500762515352,"Alta","Media","Baja","agropecuaria","suelo_infiltracion_baja","pend_alta","prec_alta","esc_media","aporte_bajo"
226,"Sec Bosque Templado","Phaeozem","15°-35°",3910582.66992188,1059819.39367676,2314379.74,14.6546527107982,"Alta","Alta","Media","forestal_secundaria","suelo_infiltracion_alta","pend_alta","prec_alta","esc_alta","aporte_medio"
227,"Sec Bosque Tropical","Phaeozem","6°-15°",1224250.98693848,329279.186126709,14894438.39,16.516498505959,"Media","Baja","Media","forestal_secundaria","suelo_infiltracion_alta","pend_media","prec_media","esc_baja","aporte_medio"
228,"Bosque de Encino","Phaeozem","15°-35°",4427140.4354248,1254560.35437012,1254560.35,14.0422965475386,"Alta","Alta","Baja","forestal_conservada","suelo_infiltracion_alta","pend_alta","prec_alta","esc_alta","aporte_bajo"
229,"Sec Bosque Tropical","Leptosol","6°-15°",2360343.52392578,661355.270812988,6513743.43,15.689425030091,"Alta","Media","Media","forestal_secundaria","suelo_infiltracion_baja","pend_media","prec_alta","esc_media","aporte_medio"
230,"Sec Bosque Tropical","Regosol","15°-35°",2234993.15917969,617212.220428467,14565159.2,16.4941429472853,"Alta","Media","Media","forestal_secundaria","suelo_infiltracion_baja","pend_alta","prec_alta","esc_media","aporte_medio"
231,"Sec Bosque Tropical","Regosol","15°-35°",6614687.59069824,1900822.45581055,65185779.31,17.9927519097061,"Alta","Alta","Alta","forestal_secundaria","suelo_infiltracion_baja","pend_alta","prec_alta","esc_alta","aporte_alto"
232,"Sec Bosque Tropical","Leptosol","15°-35°",3736301.95141602,1042823.23199463,7556566.66,15.837927631833,"Alta","Alta","Media","forestal_secundaria","suelo_infiltracion_baja","pend_alta","prec_alta","esc_alta","aporte_medio"
233,"Pastizal","Regosol","6°-15°",1010678.15087891,286364.985839844,2607107.52,14.7737523184398,"Baja","Baja","Media","agropecuaria","suelo_infiltracion_baja","pend_media","prec_baja","esc_baja","aporte_medio"
234,"Sec Bosque Tropical","Leptosol","15°-35°",1601440.06896973,441086.183959961,8138933.52,15.9121698350624,"Media","Media","Media","forestal_secundaria","suelo_infiltracion_baja","pend_alta","prec_media","esc_media","aporte_medio"
235,"Sec Bosque Tropical","Leptosol","15°-35°",1229691.86401367,329451.888092041,33889029.98,17.3386019500791,"Media","Baja","Alta","forestal_secundaria","suelo_infiltracion_baja","pend_alta","prec_media","esc_baja","aporte_alto"
236,"Sec Bosque Templado","Phaeozem","15°-35°",3898697.54394531,1091812.328125,1091812.33,13.9033504774511,"Alta","Alta","Baja","forestal_secundaria","suelo_infiltracion_alta","pend_alta","prec_alta","esc_alta","aporte_bajo"
237,"Sec Bosque Tropical","Phaeozem","15°-35°",341329.575439453,87916.757232666,74524000.24,18.1266317957613,"Baja","Baja","Alta","forestal_secundaria","suelo_infiltracion_alta","pend_alta","prec_baja","esc_baja","aporte_alto"
238,"Pastizal","Regosol","6°-15°",734544.125488281,200045.817810059,1770977.67,14.3870428726495,"Baja","Baja","Media","agropecuaria","suelo_infiltracion_baja","pend_media","prec_baja","esc_baja","aporte_medio"
239,"Sec Bosque Tropical","Regosol","6°-15°",2079968.65722656,572205.777526855,33174296.04,17.3172859485082,"Alta","Media","Alta","forestal_secundaria","suelo_infiltracion_baja","pend_media","prec_alta","esc_media","aporte_alto"
240,"Sec Bosque Tropical","Leptosol","15°-35°",1206470.09606934,331947.260009766,36564445.97,17.4145869320001,"Media","Baja","Alta","forestal_secundaria","suelo_infiltracion_baja","pend_alta","prec_media","esc_baja","aporte_alto"
241,"Pastizal","Leptosol","15°-35°",710987.758789062,200273.403533936,200273.4,12.2074437051982,"Baja","Baja","Baja","agropecuaria","suelo_infiltracion_baja","pend_alta","prec_baja","esc_baja","aporte_bajo"
242,"Sec Bosque Tropical","Regosol","15°-35°",3469909.08154297,909779.511169434,909779.51,13.720958651598,"Alta","Media","Baja","forestal_secundaria","suelo_infiltracion_baja","pend_alta","prec_alta","esc_media","aporte_bajo"
243,"Pastizal","Phaeozem","6°-15°",707718.260375977,184148.442077637,660222.87,13.400334253458,"Baja","Baja","Baja","agropecuaria","suelo_infiltracion_alta","pend_media","prec_baja","esc_baja","aporte_bajo"
244,"Pastizal","Leptosol","15°-35°",1570268.14660645,441266.527557373,37735926.9,17.4461231933021,"Media","Media","Alta","agropecuaria","suelo_infiltracion_baja","pend_alta","prec_media","esc_media","aporte_alto"
245,"Sec Bosque Templado","Phaeozem","15°-35°",3738012.2947998,1117533.80917358,1117533.81,13.9266357548729,"Alta","Alta","Baja","forestal_secundaria","suelo_infiltracion_alta","pend_alta","prec_alta","esc_alta","aporte_bajo"
246,"Pastizal","Regosol","15°-35°",1535137.87548828,447980.85760498,1013435.17,13.8288572631178,"Media","Media","Baja","agropecuaria","suelo_infiltracion_baja","pend_alta","prec_media","esc_media","aporte_bajo"
247,"Sec Bosque Tropical","Regosol","6°-15°",1703391.76513672,451096.271179199,451096.27,13.019438271505,"Media","Media","Baja","forestal_secundaria","suelo_infiltracion_baja","pend_media","prec_media","esc_media","aporte_bajo"
248,"Pastizal","Leptosol","15°-35°",1209488.41357422,342749.933502197,38400337.95,17.4635768443419,"Media","Baja","Alta","agropecuaria","suelo_infiltracion_baja","pend_alta","prec_media","esc_baja","aporte_alto"
249,"Pastizal","Regosol","6°-15°",1199896.13342285,321661.123535156,38057588.02,17.454611071005,"Media","Baja","Alta","agropecuaria","suelo_infiltracion_baja","pend_media","prec_media","esc_baja","aporte_alto"
250,"Sec Bosque Tropical","Phaeozem","15°-35°",2224974.1463623,600400.623779297,600400.62,13.305354076939,"Alta","Media","Baja","forestal_secundaria","suelo_infiltracion_alta","pend_alta","prec_alta","esc_media","aporte_bajo"
251,"Sec Bosque Templado","Phaeozem","15°-35°",2428407.29003906,704668.794189453,1822202.6,14.4155570958938,"Alta","Media","Media","forestal_secundaria","suelo_infiltracion_alta","pend_alta","prec_alta","esc_media","aporte_medio"
252,"Agricultura","Leptosol","1°-3°",957231.873779297,257357.163452148,250281942.39,19.3380986139276,"Baja","Baja","Alta","agropecuaria","suelo_infiltracion_baja","pend_baja","prec_baja","esc_baja","aporte_alto"
253,"Sec Bosque Templado","Phaeozem","15°-35°",3284881.1151123,853000.087493896,2675202.69,14.7995360812077,"Alta","Media","Media","forestal_secundaria","suelo_infiltracion_alta","pend_alta","prec_alta","esc_media","aporte_medio"
254,"Sec Bosque Tropical","Phaeozem","3°-6°",189180.796386719,49310.5808105469,3094057.05,14.9449940720594,"Baja","Baja","Media","forestal_secundaria","suelo_infiltracion_alta","pend_media","prec_baja","esc_baja","aporte_medio"
255,"Pastizal","Leptosol","1°-3°",1298375.46435547,358555.232330322,201199453.09,19.1198072829158,"Media","Baja","Alta","agropecuaria","suelo_infiltracion_baja","pend_baja","prec_media","esc_baja","aporte_alto"
256,"Sec Bosque Tropical","Regosol","6°-15°",3357183.36877441,908259.523406982,6983997.58,15.7591321731797,"Alta","Media","Media","forestal_secundaria","suelo_infiltracion_baja","pend_media","prec_alta","esc_media","aporte_medio"
257,"Pastizal","Regosol","6°-15°",1630473.70629883,435820.266113281,9267986.3,16.042076794227,"Media","Media","Media","agropecuaria","suelo_infiltracion_baja","pend_media","prec_media","esc_media","aporte_medio"
258,"Sec Bosque Templado","Phaeozem","15°-35°",3676832.33093262,1109512.83633423,1109512.84,13.9194324953644,"Alta","Alta","Baja","forestal_secundaria","suelo_infiltracion_alta","pend_alta","prec_alta","esc_alta","aporte_bajo"
259,"Sec Bosque Tropical","Phaeozem","6°-15°",428377.097900391,112750.685302734,6075738.06,15.6198141957585,"Baja","Baja","Media","forestal_secundaria","suelo_infiltracion_alta","pend_media","prec_baja","esc_baja","aporte_medio"
260,"Sec Bosque Templado","Phaeozem","15°-35°",2073187.80090332,578242.598571777,1687755.44,14.3389106546278,"Alta","Media","Media","forestal_secundaria","suelo_infiltracion_alta","pend_alta","prec_alta","esc_media","aporte_medio"
261,"Sec Bosque Tropical","Regosol","6°-15°",2200913.46838379,552217.510894775,1025867.26,13.8410498949092,"Alta","Media","Baja","forestal_secundaria","suelo_infiltracion_baja","pend_media","prec_alta","esc_media","aporte_bajo"
262,"Sec Bosque Tropical","Phaeozem","6°-15°",1298101.31750488,330247.411468506,2378946.66,14.6821687882024,"Media","Baja","Media","forestal_secundaria","suelo_infiltracion_alta","pend_media","prec_media","esc_baja","aporte_medio"
263,"Sec Bosque Tropical","Phaeozem","15°-35°",1336065.56738281,335976.590820312,4982029.18,15.421348032594,"Media","Baja","Media","forestal_secundaria","suelo_infiltracion_alta","pend_alta","prec_media","esc_baja","aporte_medio"
264,"Sec Bosque Tropical","Leptosol","6°-15°",1563364.54187012,394905.422607422,394905.42,12.8864041044229,"Media","Media","Baja","forestal_secundaria","suelo_infiltracion_baja","pend_media","prec_media","esc_media","aporte_bajo"
265,"Pastizal","Phaeozem","15°-35°",1105061.66650391,280980.319152832,280980.32,12.5460434692379,"Media","Baja","Baja","agropecuaria","suelo_infiltracion_alta","pend_alta","prec_media","esc_baja","aporte_bajo"
266,"Pastizal","Phaeozem","15°-35°",1083088.79150391,273175.163330078,273175.16,12.5178721407922,"Media","Baja","Baja","agropecuaria","suelo_infiltracion_alta","pend_alta","prec_media","esc_baja","aporte_bajo"
267,"Sec Bosque Tropical","Phaeozem","6°-15°",2640425.0291748,673204.61340332,5655233.79,15.5480921856802,"Alta","Media","Media","forestal_secundaria","suelo_infiltracion_alta","pend_media","prec_alta","esc_media","aporte_medio"
268,"Pastizal","Regosol","6°-15°",1652454.19799805,416112.816101074,2923786.12,14.8883902928239,"Media","Media","Media","agropecuaria","suelo_infiltracion_baja","pend_media","prec_media","esc_media","aporte_medio"
269,"Sec Bosque Tropical","Phaeozem","15°-35°",1158193.14331055,297068.025695801,5952301.82,15.599288731217,"Media","Baja","Media","forestal_secundaria","suelo_infiltracion_alta","pend_alta","prec_media","esc_baja","aporte_medio"
270,"Sec Bosque Tropical","Regosol","15°-35°",2002634.21740723,530290.210968018,530290.21,13.1811815874646,"Alta","Media","Baja","forestal_secundaria","suelo_infiltracion_baja","pend_alta","prec_alta","esc_media","aporte_bajo"
271,"Sec Bosque Templado","Phaeozem","15°-35°",3811897.49401855,1022647.54696655,1022647.55,13.8379064375204,"Alta","Alta","Baja","forestal_secundaria","suelo_infiltracion_alta","pend_alta","prec_alta","esc_alta","aporte_bajo"
272,"Pastizal","Regosol","6°-15°",1440382.99536133,358365.52444458,3282151.64,15.0040100577774,"Media","Baja","Media","agropecuaria","suelo_infiltracion_baja","pend_media","prec_media","esc_baja","aporte_medio"
273,"Sec Bosque Tropical","Phaeozem","15°-35°",2805922.37121582,719158.426696777,719158.43,13.4858383506486,"Alta","Media","Baja","forestal_secundaria","suelo_infiltracion_alta","pend_alta","prec_alta","esc_media","aporte_bajo"
274,"Pastizal","Phaeozem","6°-15°",1899881.47802734,510638.448547363,1809024.96,14.4082991147443,"Media","Media","Media","agropecuaria","suelo_infiltracion_alta","pend_media","prec_media","esc_media","aporte_medio"
275,"Sec Bosque Tropical","Regosol","6°-15°",2600242.49804688,637714.049316406,3016660.71,14.9196613839127,"Alta","Media","Media","forestal_secundaria","suelo_infiltracion_baja","pend_media","prec_alta","esc_media","aporte_medio"
276,"Sec Bosque Tropical","Phaeozem","15°-35°",3693691.78869629,948202.347808838,1970849.9,14.4939759363937,"Alta","Alta","Media","forestal_secundaria","suelo_infiltracion_alta","pend_alta","prec_alta","esc_alta","aporte_medio"
277,"Pastizal","Regosol","6°-15°",1204319.9296875,310543.002563477,3592694.64,15.0944133533509,"Media","Baja","Media","agropecuaria","suelo_infiltracion_baja","pend_media","prec_media","esc_baja","aporte_medio"
278,"Sec Bosque Tropical","Leptosol","6°-15°",2689320.35986328,648683.367980957,256170607.54,19.361354220081,"Alta","Media","Alta","forestal_secundaria","suelo_infiltracion_baja","pend_media","prec_alta","esc_media","aporte_alto"
279,"Sec Bosque Tropical","Regosol","3°-6°",365376.711914062,84606.6442565918,3820425.78,15.1558726968554,"Baja","Baja","Media","forestal_secundaria","suelo_infiltracion_baja","pend_media","prec_baja","esc_baja","aporte_medio"
280,"Sec Bosque Tropical","Phaeozem","6°-15°",2950331.76208496,744725.83996582,6697027.66,15.7171745024112,"Alta","Media","Media","forestal_secundaria","suelo_infiltracion_alta","pend_media","prec_alta","esc_media","aporte_medio"
281,"Sec Bosque Tropical","Phaeozem","15°-35°",2293727.83972168,572689.467285156,1298386.51,14.0766336756045,"Alta","Media","Baja","forestal_secundaria","suelo_infiltracion_alta","pend_alta","prec_alta","esc_media","aporte_bajo"
282,"Sec Bosque Tropical","Regosol","6°-15°",1307415.35778809,335649.856292725,725264.57,13.4942931702124,"Media","Baja","Baja","forestal_secundaria","suelo_infiltracion_baja","pend_media","prec_media","esc_baja","aporte_bajo"
283,"Sec Bosque Tropical","Phaeozem","15°-35°",1289002.52197266,321742.460144043,7018770.12,15.7640987065472,"Media","Baja","Media","forestal_secundaria","suelo_infiltracion_alta","pend_alta","prec_media","esc_baja","aporte_medio"
284,"Pastizal","Regosol","15°-35°",2122885.74841309,557523.956481934,557523.96,13.2312625526147,"Alta","Media","Baja","agropecuaria","suelo_infiltracion_baja","pend_alta","prec_alta","esc_media","aporte_bajo"
285,"Sec Bosque Tropical","Regosol","3°-6°",1019780.46459961,234634.74911499,5127670.8,15.4501622739744,"Baja","Baja","Media","forestal_secundaria","suelo_infiltracion_baja","pend_media","prec_baja","esc_baja","aporte_medio"
286,"Pastizal","Regosol","6°-15°",756050.670166016,187264.582183838,912529.15,13.7239764049888,"Baja","Baja","Baja","agropecuaria","suelo_infiltracion_baja","pend_media","prec_baja","esc_baja","aporte_bajo"
287,"Sec Bosque Tropical","Phaeozem","6°-15°",1215785.48901367,300180.702911377,5602924.69,15.5387994639215,"Media","Baja","Media","forestal_secundaria","suelo_infiltracion_alta","pend_media","prec_media","esc_baja","aporte_medio"
288,"Sec Bosque Tropical","Phaeozem","15°-35°",1073129.26184082,263334.119262695,9810758,16.0989901985792,"Media","Baja","Media","forestal_secundaria","suelo_infiltracion_alta","pend_alta","prec_media","esc_baja","aporte_medio"
289,"Sec Bosque Templado","Phaeozem","15°-35°",2965283.50378418,725697.044433594,725697.04,13.494889284422,"Alta","Media","Baja","forestal_secundaria","suelo_infiltracion_alta","pend_alta","prec_alta","esc_media","aporte_bajo"
290,"Pastizal","Regosol","6°-15°",1877047.93615723,458591.742858887,6061516.43,15.6174707276905,"Media","Media","Media","agropecuaria","suelo_infiltracion_baja","pend_media","prec_media","esc_media","aporte_medio"
291,"Sec Bosque Tropical","Phaeozem","15°-35°",1897763.60302734,473753.668518066,473753.67,13.06844489285,"Media","Media","Baja","forestal_secundaria","suelo_infiltracion_alta","pend_alta","prec_media","esc_media","aporte_bajo"
292,"Sec Bosque Tropical","Phaeozem","15°-35°",2844369.70324707,686792.859771729,686792.86,13.4397894679538,"Alta","Media","Baja","forestal_secundaria","suelo_infiltracion_alta","pend_alta","prec_alta","esc_media","aporte_bajo"
293,"Sec Bosque Tropical","Regosol","15°-35°",3348955.0880127,853182.001312256,257023789.54,19.3646792087697,"Alta","Media","Alta","forestal_secundaria","suelo_infiltracion_baja","pend_alta","prec_alta","esc_media","aporte_alto"
294,"Sec Bosque Tropical","Phaeozem","15°-35°",1648879.94274902,401896.626403809,401896.63,12.9039526834306,"Media","Media","Baja","forestal_secundaria","suelo_infiltracion_alta","pend_alta","prec_media","esc_media","aporte_bajo"
295,"Sec Bosque Tropical","Phaeozem","6°-15°",818181.770996094,165591.803497314,11286509.9,16.2391188449609,"Baja","Baja","Media","forestal_secundaria","suelo_infiltracion_alta","pend_media","prec_baja","esc_baja","aporte_medio"
296,"Sec Bosque Tropical","Phaeozem","15°-35°",2545574.55529785,615081.962402344,1301874.82,14.079316720858,"Alta","Media","Baja","forestal_secundaria","suelo_infiltracion_alta","pend_alta","prec_alta","esc_media","aporte_bajo"
297,"Sec Bosque Tropical","Regosol","6°-15°",2205779.4642334,506837.154785156,7944168.69,15.8879488452544,"Alta","Media","Media","forestal_secundaria","suelo_infiltracion_baja","pend_media","prec_alta","esc_media","aporte_medio"
298,"Sec Bosque Tropical","Phaeozem","15°-35°",529619.039428711,109420.562164307,260718548.7,19.3789520298055,"Baja","Baja","Alta","forestal_secundaria","suelo_infiltracion_alta","pend_alta","prec_baja","esc_baja","aporte_alto"
299,"Bosque de Encino","Regosol","15°-35°",1138013.60778809,316110.787994385,316110.79,12.6638511958315,"Media","Baja","Baja","forestal_conservada","suelo_infiltracion_baja","pend_alta","prec_media","esc_baja","aporte_bajo"
300,"Sec Bosque Tropical","Regosol","6°-15°",2829407.91223145,661690.182846069,661690.18,13.402554230608,"Alta","Media","Baja","forestal_secundaria","suelo_infiltracion_baja","pend_media","prec_alta","esc_media","aporte_bajo"
301,"Pastizal","Regosol","6°-15°",6323590.98815918,1435815.87423706,9379984.56,16.0540887815356,"Alta","Alta","Media","agropecuaria","suelo_infiltracion_baja","pend_media","prec_alta","esc_alta","aporte_medio"
302,"Sec Bosque Tropical","Phaeozem","15°-35°",3689251.36181641,885986.461608887,885986.46,13.6944580759882,"Alta","Media","Baja","forestal_secundaria","suelo_infiltracion_alta","pend_alta","prec_alta","esc_media","aporte_bajo"
303,"Pastizal","Regosol","6°-15°",4438167.14660645,996124.299346924,10530038.35,16.1697426210452,"Alta","Alta","Media","agropecuaria","suelo_infiltracion_baja","pend_media","prec_alta","esc_alta","aporte_medio"
304,"Pastizal","Regosol","6°-15°",4243158.81005859,901980.680557251,6963497.11,15.75619250806,"Alta","Media","Media","agropecuaria","suelo_infiltracion_baja","pend_media","prec_alta","esc_media","aporte_medio"
305,"Sec Bosque Tropical","Regosol","6°-15°",2049273.35534668,53798.0287356377,53798.03,10.8930107162476,"Alta","Baja","Baja","forestal_secundaria","suelo_infiltracion_baja","pend_media","prec_alta","esc_baja","aporte_bajo"
306,"Sec Bosque Tropical","Regosol","15°-35°",1852021.95178223,10353.4895934798,64151.52,11.0690186522029,"Media","Baja","Baja","forestal_secundaria","suelo_infiltracion_baja","pend_alta","prec_media","esc_baja","aporte_bajo"
307,"Bosque Tropical","Regosol","6°-15°",1869134.82061768,0.114654637873173,0.11,0.104360015324243,"Media","Baja","Muy Baja","forestal_conservada","suelo_infiltracion_baja","pend_media","prec_media","esc_baja","aporte_muy_bajo"
308,"Bosque Tropical","Cambisol","15°-35°",619283.537414551,5540.31120154262,367272406.43,19.7216143852618,"Baja","Baja","Alta","forestal_conservada","suelo_infiltracion_media","pend_alta","prec_baja","esc_baja","aporte_alto"
309,"Sec Bosque Tropical","Cambisol","15°-35°",1514434.16522217,14114.9388797503,367350802.64,19.7218278176966,"Media","Baja","Alta","forestal_secundaria","suelo_infiltracion_media","pend_alta","prec_media","esc_baja","aporte_alto"
310,"Sec Bosque Tropical","Phaeozem","6°-15°",1071778.66186523,838.56560860778,838.68,6.73302086687561,"Media","Baja","Baja","forestal_secundaria","suelo_infiltracion_alta","pend_media","prec_media","esc_baja","aporte_bajo"
311,"Sec Bosque Tropical","Regosol","6°-15°",1305022.68701172,53765.9037084281,53765.9,10.8924133151754,"Media","Baja","Baja","forestal_secundaria","suelo_infiltracion_baja","pend_media","prec_media","esc_baja","aporte_bajo"
312,"Bosque Tropical","Phaeozem","1°-3°",866847.846069336,0,76554.09,11.2457658913639,"Baja","Baja","Baja","forestal_conservada","suelo_infiltracion_alta","pend_baja","prec_baja","esc_baja","aporte_bajo"
313,"Agricultura","Arenosol","1°-3°",207570.917419434,0,0,0,"Baja","Baja","Muy Baja","agropecuaria","suelo_infiltracion_alta","pend_baja","prec_baja","esc_baja","aporte_muy_bajo"
314,"Pastizal","Regosol","15°-35°",1126231.55267334,49095.0882148743,273184,12.5179045003398,"Media","Baja","Baja","agropecuaria","suelo_infiltracion_baja","pend_alta","prec_media","esc_baja","aporte_bajo"
315,"Bosque Tropical","Regosol","6°-15°",2402900.90270996,0,0,0,"Alta","Baja","Muy Baja","forestal_conservada","suelo_infiltracion_baja","pend_media","prec_alta","esc_baja","aporte_muy_bajo"
316,"Bosque Tropical","Solonchank","1°-3°",670355.707824707,0,76554.09,11.2457658913639,"Baja","Baja","Baja","forestal_conservada","suelo_salino","pend_baja","prec_baja","esc_baja","aporte_bajo"
317,"Pastizal","Regosol","6°-15°",1599360.62634277,156101.528963089,951303.58,13.7655895636474,"Media","Baja","Baja","agropecuaria","suelo_infiltracion_baja","pend_media","prec_media","esc_baja","aporte_bajo"
318,"Agricultura","Phaeozem","1°-3°",1474230.59692383,130.182719991652,367386964.99,19.7219262537687,"Media","Baja","Alta","agropecuaria","suelo_infiltracion_alta","pend_baja","prec_media","esc_baja","aporte_alto"
319,"Agricultura","Phaeozem","1°-3°",2367388.67419434,0,367386964.99,19.7219262537687,"Alta","Baja","Alta","agropecuaria","suelo_infiltracion_alta","pend_baja","prec_alta","esc_baja","aporte_alto"
320,"Manglar","Regosol","1°-3°",1453024.59655762,0,76554.09,11.2457658913639,"Media","Baja","Baja","hidrofila_humedal","suelo_infiltracion_baja","pend_baja","prec_media","esc_baja","aporte_bajo"
321,"Agricultura","Phaeozem","1°-3°",785467.336791992,0,367386964.99,19.7219262537687,"Baja","Baja","Alta","agropecuaria","suelo_infiltracion_alta","pend_baja","prec_baja","esc_baja","aporte_alto"
322,"Pastizal","Phaeozem","6°-15°",400244.485900879,4.32343638502061,297708.23,12.6038725508901,"Baja","Baja","Baja","agropecuaria","suelo_infiltracion_alta","pend_media","prec_baja","esc_baja","aporte_bajo"
323,"Agricultura","Phaeozem","<1°",906738.136962891,0,367386964.99,19.7219262537687,"Baja","Baja","Alta","agropecuaria","suelo_infiltracion_alta","pend_baja","prec_baja","esc_baja","aporte_alto"
324,"Pastizal","Regosol","6°-15°",3138734.58758545,98927.9798750356,1050231.56,13.8645221833237,"Alta","Baja","Baja","agropecuaria","suelo_infiltracion_baja","pend_media","prec_alta","esc_baja","aporte_bajo"
325,"Agricultura","Phaeozem","1°-3°",614876.042785645,0,0,0,"Baja","Baja","Muy Baja","agropecuaria","suelo_infiltracion_alta","pend_baja","prec_baja","esc_baja","aporte_muy_bajo"
326,"Agricultura","Phaeozem","6°-15°",679400.958251953,0,367386964.99,19.7219262537687,"Baja","Baja","Alta","agropecuaria","suelo_infiltracion_alta","pend_media","prec_baja","esc_baja","aporte_alto"
327,"Pastizal","Regosol","6°-15°",1123992.13110352,15254.3805210497,1065485.94,13.8789424732894,"Media","Baja","Baja","agropecuaria","suelo_infiltracion_baja","pend_media","prec_media","esc_baja","aporte_bajo"
328,"Manglar","Solonchank","<1°",NA,0,0,0,NA,"Baja","Muy Baja","hidrofila_humedal","suelo_salino","pend_baja","prec_baja","esc_baja","aporte_muy_bajo"
329,"Pastizal","Phaeozem","6°-15°",2122995.93017578,0,44963.07,10.7136190053815,"Alta","Baja","Baja","agropecuaria","suelo_infiltracion_alta","pend_media","prec_alta","esc_baja","aporte_bajo"
330,"Bosque Tropical","Regosol","6°-15°",894594.826049805,0,0,0,"Baja","Baja","Muy Baja","forestal_conservada","suelo_infiltracion_baja","pend_media","prec_baja","esc_baja","aporte_muy_bajo"
331,"Manglar","Solonchank","1°-3°",NA,0,367386964.99,19.7219262537687,NA,"Baja","Alta","hidrofila_humedal","suelo_salino","pend_baja","prec_baja","esc_baja","aporte_alto"
332,"Manglar","Solonchank","1°-3°",NA,0,0,0,NA,"Baja","Muy Baja","hidrofila_humedal","suelo_salino","pend_baja","prec_baja","esc_baja","aporte_muy_bajo"
333,"Bosque Tropical","Cambisol","6°-15°",2363541.15118408,0,0,0,"Alta","Baja","Muy Baja","forestal_conservada","suelo_infiltracion_media","pend_media","prec_alta","esc_baja","aporte_muy_bajo"
334,"Bosque Tropical","Cambisol","6°-15°",1625469.77166748,0,0,0,"Media","Baja","Muy Baja","forestal_conservada","suelo_infiltracion_media","pend_media","prec_media","esc_baja","aporte_muy_bajo"
335,"Sec Bosque Tropical","Regosol","6°-15°",2802706.31158447,21698.3747588312,1091494.21,13.9030590665063,"Alta","Baja","Baja","forestal_secundaria","suelo_infiltracion_baja","pend_media","prec_alta","esc_baja","aporte_bajo"
336,"Bosque Tropical","Regosol","6°-15°",NA,0,0,0,NA,"Baja","Muy Baja","forestal_conservada","suelo_infiltracion_baja","pend_media","prec_baja","esc_baja","aporte_muy_bajo"
337,"Pastizal","Phaeozem","6°-15°",1147498.89355469,0,1091698.69,13.9032463883075,"Media","Baja","Baja","agropecuaria","suelo_infiltracion_alta","pend_media","prec_media","esc_baja","aporte_bajo"
338,"Bosque Tropical","Phaeozem","6°-15°",342169.901306152,0,1091698.69,13.9032463883075,"Baja","Baja","Baja","forestal_conservada","suelo_infiltracion_alta","pend_media","prec_baja","esc_baja","aporte_bajo"
339,"Agricultura","Cambisol","6°-15°",NA,0,0,0,NA,"Baja","Muy Baja","agropecuaria","suelo_infiltracion_media","pend_media","prec_baja","esc_baja","aporte_muy_bajo"
340,"Agricultura","Phaeozem","1°-3°",2033342.67028809,0,1091698.69,13.9032463883075,"Alta","Baja","Baja","agropecuaria","suelo_infiltracion_alta","pend_baja","prec_alta","esc_baja","aporte_bajo"
341,"Pastizal","Phaeozem","1°-3°",6079650.81542969,1871677.88320923,40126516.09,17.5075479477963,"Alta","Alta","Alta","agropecuaria","suelo_infiltracion_alta","pend_baja","prec_alta","esc_alta","aporte_alto"
342,"Sec Bosque Tropical","Regosol","15°-35°",1112039.29968262,324607.21697998,1573974.37,14.2691150598066,"Media","Baja","Media","forestal_secundaria","suelo_infiltracion_baja","pend_alta","prec_media","esc_baja","aporte_medio"
343,"Pastizal","Regosol","1°-3°",1168157.00524902,330251.887756348,330251.89,12.7076139732925,"Media","Baja","Baja","agropecuaria","suelo_infiltracion_baja","pend_baja","prec_media","esc_baja","aporte_bajo"
344,"Pastizal","Regosol","6°-15°",3018666.0690918,925391.327148438,925391.33,13.7379730671129,"Alta","Media","Baja","agropecuaria","suelo_infiltracion_baja","pend_media","prec_alta","esc_media","aporte_bajo"
345,"Sec Bosque Tropical","Regosol","6°-15°",3440855.43566895,1045899.18148804,6522631.45,15.6907886024177,"Alta","Alta","Media","forestal_secundaria","suelo_infiltracion_baja","pend_media","prec_alta","esc_alta","aporte_medio"
346,"Pastizal","Phaeozem","6°-15°",3253867.21582031,1055823.72787476,44160852.69,17.6033492914944,"Alta","Alta","Alta","agropecuaria","suelo_infiltracion_alta","pend_media","prec_alta","esc_alta","aporte_alto"
347,"Pastizal","Regosol","6°-15°",2698097.51379395,889347.304260254,45050199.99,17.6232880034959,"Alta","Media","Alta","agropecuaria","suelo_infiltracion_baja","pend_media","prec_alta","esc_media","aporte_alto"
348,"Sec Bosque Tropical","Regosol","6°-15°",6588891.91662598,2028671.3336792,2028671.33,14.52289211242,"Alta","Alta","Media","forestal_secundaria","suelo_infiltracion_baja","pend_media","prec_alta","esc_alta","aporte_medio"
349,"Pastizal","Regosol","15°-35°",4899628.50817871,1586113.21194458,118094257.94,18.5869936681316,"Alta","Alta","Alta","agropecuaria","suelo_infiltracion_baja","pend_alta","prec_alta","esc_alta","aporte_alto"
350,"Pastizal","Regosol","15°-35°",4303586.48632812,1388583.85446167,119482841.79,18.5986833440489,"Alta","Alta","Alta","agropecuaria","suelo_infiltracion_baja","pend_alta","prec_alta","esc_alta","aporte_alto"
351,"Pastizal","Phaeozem","1°-3°",342939.797241211,104066.520782471,115780724.51,18.5672086628764,"Baja","Baja","Alta","agropecuaria","suelo_infiltracion_alta","pend_baja","prec_baja","esc_baja","aporte_alto"
352,"Pastizal","Phaeozem","1°-3°",907465.25012207,267494.589263916,121255218.75,18.6134081363398,"Baja","Baja","Alta","agropecuaria","suelo_infiltracion_alta","pend_baja","prec_baja","esc_baja","aporte_alto"
353,"Pastizal","Phaeozem","1°-3°",929276.094116211,274730.259338379,115676657.99,18.5663094344742,"Baja","Baja","Alta","agropecuaria","suelo_infiltracion_alta","pend_baja","prec_baja","esc_baja","aporte_alto"
354,"Pastizal","Phaeozem","1°-3°",2403914.12573242,727420.216705322,116508144.73,18.5734717489549,"Alta","Media","Alta","agropecuaria","suelo_infiltracion_alta","pend_baja","prec_alta","esc_media","aporte_alto"
355,"Sec Bosque Tropical","Leptosol","6°-15°",1745043.47949219,489443.497497559,198658882.73,19.1070997597384,"Media","Media","Alta","forestal_secundaria","suelo_infiltracion_baja","pend_media","prec_media","esc_media","aporte_alto"
356,"Sec Bosque Tropical","Leptosol","15°-35°",3009957.13537598,833573.223083496,198169439.23,19.1046329814434,"Alta","Media","Alta","forestal_secundaria","suelo_infiltracion_baja","pend_alta","prec_alta","esc_media","aporte_alto"
357,"Pastizal","Phaeozem","3°-6°",1502632.41809082,433875.827331543,433875.83,12.9805159709599,"Media","Media","Baja","agropecuaria","suelo_infiltracion_alta","pend_media","prec_media","esc_media","aporte_bajo"
358,"Pastizal","Phaeozem","1°-3°",1661434.32202148,478880.210083008,99274619.04,18.413400507626,"Media","Media","Alta","agropecuaria","suelo_infiltracion_alta","pend_baja","prec_media","esc_media","aporte_alto"
359,"Pastizal","Phaeozem","3°-6°",2190662.64953613,617897.662689209,96548065.19,18.3855515375341,"Alta","Media","Alta","agropecuaria","suelo_infiltracion_alta","pend_media","prec_alta","esc_media","aporte_alto"
360,"Pastizal","Phaeozem","1°-3°",831654.349731445,249578.906524658,40133960.82,17.507733462015,"Baja","Baja","Alta","agropecuaria","suelo_infiltracion_alta","pend_baja","prec_baja","esc_baja","aporte_alto"
361,"Pastizal","Phaeozem","3°-6°",789042.540527344,237403.617950439,237403.62,12.377521221794,"Baja","Baja","Baja","agropecuaria","suelo_infiltracion_alta","pend_media","prec_baja","esc_baja","aporte_bajo"
362,"Sec Bosque Tropical","Leptosol","15°-35°",1024280.09375,307387.094940186,307387.09,12.635866365029,"Baja","Baja","Baja","forestal_secundaria","suelo_infiltracion_baja","pend_alta","prec_baja","esc_baja","aporte_bajo"
363,"Pastizal","Phaeozem","15°-35°",1923193.09155273,580124.589477539,580124.59,13.2709998935652,"Media","Media","Baja","agropecuaria","suelo_infiltracion_alta","pend_alta","prec_media","esc_media","aporte_bajo"
364,"Sec Bosque Tropical","Leptosol","15°-35°",4657192.046875,1313884.34246826,1313884.34,14.0884992139453,"Alta","Alta","Baja","forestal_secundaria","suelo_infiltracion_baja","pend_alta","prec_alta","esc_alta","aporte_bajo"
365,"Sec Bosque Tropical","Leptosol","15°-35°",2265467.33325195,562835.886871338,251661387.98,19.3435950473849,"Alta","Media","Alta","forestal_secundaria","suelo_infiltracion_baja","pend_alta","prec_alta","esc_media","aporte_alto"
366,"Sec Bosque Tropical","Leptosol","15°-35°",1921497.26428223,537938.205810547,537938.21,13.1955008401947,"Media","Media","Baja","forestal_secundaria","suelo_infiltracion_baja","pend_alta","prec_media","esc_media","aporte_bajo"
367,"Sec Bosque Tropical","Regosol","6°-15°",3133123.71398926,970333.271850586,970333.27,13.7853958993632,"Alta","Alta","Baja","forestal_secundaria","suelo_infiltracion_baja","pend_media","prec_alta","esc_alta","aporte_bajo"
368,"Pastizal","Regosol","6°-15°",1618905.61035156,417418.346710205,2948007.04,14.8966402595604,"Media","Media","Media","agropecuaria","suelo_infiltracion_baja","pend_media","prec_media","esc_media","aporte_medio"
369,"Pastizal","Phaeozem","3°-6°",1123797.79516602,331939.761291504,1806060.56,14.4066590987569,"Media","Baja","Media","agropecuaria","suelo_infiltracion_alta","pend_media","prec_media","esc_baja","aporte_medio"
370,"Sec Bosque Tropical","Regosol","6°-15°",3817693.9473877,1204255.69372559,2174588.96,14.5923506805941,"Alta","Alta","Media","forestal_secundaria","suelo_infiltracion_baja","pend_media","prec_alta","esc_alta","aporte_medio"
371,"Pastizal","Regosol","6°-15°",1437677.15869141,452200.948730469,7528909.1,15.8342608482642,"Media","Media","Media","agropecuaria","suelo_infiltracion_baja","pend_media","prec_media","esc_media","aporte_medio"
372,"Bosque de Encino","Regosol","15°-35°",3672639.90856934,1065848.09979248,1065848.1,13.8792823164645,"Alta","Alta","Baja","forestal_conservada","suelo_infiltracion_baja","pend_alta","prec_alta","esc_alta","aporte_bajo"
373,"Sec Bosque Tropical","Regosol","15°-35°",2740167.03759766,750149.891296387,2530588.69,14.7439629125964,"Alta","Media","Media","forestal_secundaria","suelo_infiltracion_baja","pend_alta","prec_alta","esc_media","aporte_medio"
374,"Sec Bosque Tropical","Regosol","15°-35°",2367736.58447266,658041.396118164,658041.4,13.3970246459214,"Alta","Media","Baja","forestal_secundaria","suelo_infiltracion_baja","pend_alta","prec_alta","esc_media","aporte_bajo"
375,"Sec Bosque Tropical","Regosol","15°-35°",3262744.21887207,936182.589569092,936182.59,13.7495668793886,"Alta","Alta","Baja","forestal_secundaria","suelo_infiltracion_baja","pend_alta","prec_alta","esc_alta","aporte_bajo"
376,"Pastizal","Phaeozem","1°-3°",1244122.0904541,410064.325164795,38254838.21,17.4597806255286,"Media","Media","Alta","agropecuaria","suelo_infiltracion_alta","pend_baja","prec_media","esc_media","aporte_alto"
377,"Sec Bosque Tropical","Phaeozem","1°-3°",574179.363037109,180219.529815674,5416140.08,15.5048941419794,"Baja","Baja","Media","forestal_secundaria","suelo_infiltracion_alta","pend_baja","prec_baja","esc_baja","aporte_medio"
378,"Pastizal","Phaeozem","1°-3°",872938.704589844,285165.038452148,3780021.44,15.1452405040861,"Baja","Baja","Media","agropecuaria","suelo_infiltracion_alta","pend_baja","prec_baja","esc_baja","aporte_medio"
379,"Sec Bosque Tropical","Phaeozem","1°-3°",2519743.01379395,808931.030731201,12541527.84,16.3445560028032,"Alta","Media","Media","forestal_secundaria","suelo_infiltracion_alta","pend_baja","prec_alta","esc_media","aporte_medio"
380,"Agricultura","Cambisol","1°-3°",1095272.87731934,388425.609130859,2207737.45,14.6074792237468,"Media","Media","Media","agropecuaria","suelo_infiltracion_media","pend_baja","prec_media","esc_media","aporte_medio"
381,"Pastizal","Phaeozem","3°-6°",912763.305053711,299624.957427979,41837694.59,17.5493082994833,"Baja","Baja","Alta","agropecuaria","suelo_infiltracion_alta","pend_media","prec_baja","esc_baja","aporte_alto"
382,"Pastizal","Regosol","6°-15°",2368036.29101562,818521.108154297,818521.11,13.6152556882568,"Alta","Media","Baja","agropecuaria","suelo_infiltracion_baja","pend_media","prec_alta","esc_media","aporte_bajo"
383,"Pastizal","Phaeozem","1°-3°",2228192.42492676,727849.990203857,2151610.98,14.5817278773152,"Alta","Media","Media","agropecuaria","suelo_infiltracion_alta","pend_baja","prec_alta","esc_media","aporte_medio"
384,"Pastizal","Regosol","6°-15°",2368685.65515137,809217.932556152,1481198.74,14.2083629524882,"Alta","Media","Media","agropecuaria","suelo_infiltracion_baja","pend_media","prec_alta","esc_media","aporte_medio"
385,"Sec Bosque Tropical","Phaeozem","3°-6°",1187091.08044434,389324.474243164,389324.47,12.8721709565804,"Media","Media","Baja","forestal_secundaria","suelo_infiltracion_alta","pend_media","prec_media","esc_media","aporte_bajo"
386,"Agricultura","Cambisol","1°-3°",2043523.61047363,703120.123474121,3793012.17,15.1486712928506,"Alta","Media","Media","agropecuaria","suelo_infiltracion_media","pend_baja","prec_alta","esc_media","aporte_medio"
387,"Sec Bosque Tropical","Regosol","6°-15°",1967078.68969727,655966.244445801,2137164.98,14.5749912009155,"Media","Media","Media","forestal_secundaria","suelo_infiltracion_baja","pend_media","prec_media","esc_media","aporte_medio"
388,"Agricultura","Cambisol","1°-3°",1560335.54931641,531034.907714844,12408732.32,16.3339110826724,"Media","Media","Media","agropecuaria","suelo_infiltracion_media","pend_baja","prec_media","esc_media","aporte_medio"
389,"Sec Bosque Tropical","Regosol","1°-3°",901624.780273438,302091.841796875,49870208.01,17.7249343686104,"Baja","Baja","Alta","forestal_secundaria","suelo_infiltracion_baja","pend_baja","prec_baja","esc_baja","aporte_alto"
390,"Pastizal","Regosol","6°-15°",3484286.57507324,1197617.06036377,1197617.06,13.9958451921342,"Alta","Alta","Baja","agropecuaria","suelo_infiltracion_baja","pend_media","prec_alta","esc_alta","aporte_bajo"
391,"Sec Bosque Tropical","Regosol","6°-15°",1768742.90112305,576450.699005127,576450.7,13.2646468337417,"Media","Media","Baja","forestal_secundaria","suelo_infiltracion_baja","pend_media","prec_media","esc_media","aporte_bajo"
392,"Pastizal","Phaeozem","1°-3°",1629457.24633789,536264.371490479,51723603.56,17.7614248031749,"Media","Media","Alta","agropecuaria","suelo_infiltracion_alta","pend_baja","prec_media","esc_media","aporte_alto"
393,"Pastizal","Cambisol","1°-3°",1667722.23461914,555342.873535156,20245335.88,16.823435047468,"Media","Media","Media","agropecuaria","suelo_infiltracion_media","pend_baja","prec_media","esc_media","aporte_medio"
394,"Pastizal","Regosol","1°-3°",3503948.49511719,1201081.80255127,21446417.68,16.8810682280933,"Alta","Alta","Media","agropecuaria","suelo_infiltracion_baja","pend_baja","prec_alta","esc_alta","aporte_medio"
395,"Agricultura","Cambisol","1°-3°",1931103.41308594,639156.404846191,19689993.01,16.7956211463999,"Media","Media","Media","agropecuaria","suelo_infiltracion_media","pend_baja","prec_media","esc_media","aporte_medio"
396,"Agricultura","Phaeozem","1°-3°",1137078.76269531,356091.514312744,39384630.27,17.488886228882,"Media","Baja","Alta","agropecuaria","suelo_infiltracion_alta","pend_baja","prec_media","esc_baja","aporte_alto"
397,"Pastizal","Regosol","1°-3°",1692476.28857422,543343.313354492,543343.31,13.2054984863648,"Media","Media","Baja","agropecuaria","suelo_infiltracion_baja","pend_baja","prec_media","esc_media","aporte_bajo"
398,"Pastizal","Regosol","6°-15°",4243525.68688965,1384482.01239014,30781702.24,17.2424310207765,"Alta","Alta","Alta","agropecuaria","suelo_infiltracion_baja","pend_media","prec_alta","esc_alta","aporte_alto"
399,"Pastizal","Cambisol","1°-3°",2678060.62072754,882419.54800415,24148426.58,16.9997298253841,"Alta","Media","Media","agropecuaria","suelo_infiltracion_media","pend_baja","prec_alta","esc_media","aporte_medio"
400,"Pastizal","Regosol","1°-3°",804505.67578125,247331.021759033,35824084.1,17.3941309933203,"Baja","Baja","Alta","agropecuaria","suelo_infiltracion_baja","pend_baja","prec_baja","esc_baja","aporte_alto"
401,"Pastizal","Regosol","1°-3°",1189639.53393555,361752.880401611,36185836.98,17.4041783842289,"Media","Baja","Alta","agropecuaria","suelo_infiltracion_baja","pend_baja","prec_media","esc_baja","aporte_alto"
402,"Pastizal","Cambisol","1°-3°",5634413.59179687,1819589.3453064,23266007.03,16.9625039704976,"Alta","Alta","Media","agropecuaria","suelo_infiltracion_media","pend_baja","prec_alta","esc_alta","aporte_medio"
403,"Sec Bosque Tropical","Regosol","6°-15°",1625380.58056641,526173.595916748,526173.6,13.1733883758037,"Media","Media","Baja","forestal_secundaria","suelo_infiltracion_baja","pend_media","prec_media","esc_media","aporte_bajo"
404,"Sec Bosque Tropical","Regosol","6°-15°",1347094.87487793,430061.374908447,4325982.08,15.2801499742531,"Media","Media","Media","forestal_secundaria","suelo_infiltracion_baja","pend_media","prec_media","esc_media","aporte_medio"
405,"Sec Bosque Tropical","Regosol","6°-15°",1155498.25305176,344856.62298584,344856.62,12.750886915179,"Media","Baja","Baja","forestal_secundaria","suelo_infiltracion_baja","pend_media","prec_media","esc_baja","aporte_bajo"
406,"Sec Bosque Tropical","Regosol","15°-35°",2181515.46191406,638235.452819824,638235.45,13.3664641049528,"Alta","Media","Baja","forestal_secundaria","suelo_infiltracion_baja","pend_alta","prec_alta","esc_media","aporte_bajo"
407,"Bosque de Encino","Regosol","15°-35°",960698.677124023,278893.317138672,278893.32,12.5385882076857,"Baja","Baja","Baja","forestal_conservada","suelo_infiltracion_baja","pend_alta","prec_baja","esc_baja","aporte_bajo"
408,"Sec Bosque Tropical","Regosol","6°-15°",2352284.84777832,720952.484375,3231347.86,14.9884102117418,"Alta","Media","Media","forestal_secundaria","suelo_infiltracion_baja","pend_media","prec_alta","esc_media","aporte_medio"
409,"Bosque de Encino","Regosol","15°-35°",1003658.78564453,279374.953369141,279374.95,12.5403136447916,"Baja","Baja","Baja","forestal_conservada","suelo_infiltracion_baja","pend_alta","prec_baja","esc_baja","aporte_bajo"
410,"Bosque de Encino","Regosol","15°-35°",3586527.59399414,1015269.48883057,1015269.49,13.830665627566,"Alta","Alta","Baja","forestal_conservada","suelo_infiltracion_baja","pend_alta","prec_alta","esc_alta","aporte_bajo"
411,"Sec Bosque Tropical","Regosol","6°-15°",1079234.5769043,320822.077728271,3552169.94,15.0830695069362,"Media","Baja","Media","forestal_secundaria","suelo_infiltracion_baja","pend_media","prec_media","esc_baja","aporte_medio"
412,"Sec Bosque Tropical","Regosol","15°-35°",3621230.9876709,1137830.78689575,7076708.15,15.7723195482905,"Alta","Alta","Media","forestal_secundaria","suelo_infiltracion_baja","pend_alta","prec_alta","esc_alta","aporte_medio"
413,"Bosque de Encino","Regosol","15°-35°",4027602.92956543,1122397.39529419,1122397.4,13.9309783822526,"Alta","Alta","Baja","forestal_conservada","suelo_infiltracion_baja","pend_alta","prec_alta","esc_alta","aporte_bajo"
414,"Bosque de Encino","Regosol","15°-35°",819892.839355469,231094.171447754,1524147.38,14.2369463726941,"Baja","Baja","Media","forestal_conservada","suelo_infiltracion_baja","pend_alta","prec_baja","esc_baja","aporte_medio"
415,"Bosque de Encino","Regosol","6°-15°",3456679.96765137,991483.407287598,3424156.15,15.0463659118027,"Alta","Alta","Media","forestal_conservada","suelo_infiltracion_baja","pend_media","prec_alta","esc_alta","aporte_medio"
416,"Bosque de Encino","Regosol","15°-35°",1618190.88659668,455751.283996582,455751.28,13.0297046952711,"Media","Media","Baja","forestal_conservada","suelo_infiltracion_baja","pend_alta","prec_media","esc_media","aporte_bajo"
417,"Sec Bosque Templado","Regosol","15°-35°",1493854.67382812,423059.903442383,423059.9,12.9552714192967,"Media","Media","Baja","forestal_secundaria","suelo_infiltracion_baja","pend_alta","prec_media","esc_media","aporte_bajo"
418,"Bosque de Encino","Regosol","15°-35°",4576776.6105957,1293053.21121216,1293053.21,14.0725175826292,"Alta","Alta","Baja","forestal_conservada","suelo_infiltracion_baja","pend_alta","prec_alta","esc_alta","aporte_bajo"
419,"Sec Bosque Tropical","Regosol","6°-15°",1188113.05871582,335763.501800537,1179877.99,13.9809224403357,"Media","Baja","Baja","forestal_secundaria","suelo_infiltracion_baja","pend_media","prec_media","esc_baja","aporte_bajo"
420,"Sec Bosque Tropical","Regosol","15°-35°",1292396.1685791,365876.835540771,365876.84,12.8100547861779,"Media","Baja","Baja","forestal_secundaria","suelo_infiltracion_baja","pend_alta","prec_media","esc_baja","aporte_bajo"
421,"Sec Bosque Templado","Regosol","15°-35°",1284200.99133301,366592.067443848,366592.07,12.8120077107721,"Media","Baja","Baja","forestal_secundaria","suelo_infiltracion_baja","pend_alta","prec_media","esc_baja","aporte_bajo"
422,"Sec Bosque Templado","Regosol","6°-15°",1621812.99377441,459462.537872314,459462.54,13.0378148705133,"Media","Media","Baja","forestal_secundaria","suelo_infiltracion_baja","pend_media","prec_media","esc_media","aporte_bajo"
423,"Bosque de Encino","Regosol","15°-35°",3554655.30004883,1013367.6098938,1013367.61,13.8287905966084,"Alta","Alta","Baja","forestal_conservada","suelo_infiltracion_baja","pend_alta","prec_alta","esc_alta","aporte_bajo"
424,"Sec Bosque Tropical","Regosol","3°-6°",1033888.45336914,259435.673583984,2244597.88,14.6240373905888,"Baja","Baja","Media","forestal_secundaria","suelo_infiltracion_baja","pend_media","prec_baja","esc_baja","aporte_medio"
425,"Sec Bosque Tropical","Regosol","3°-6°",1623098.73156738,362184.949798584,1023875.13,13.8391061104676,"Media","Baja","Baja","forestal_secundaria","suelo_infiltracion_baja","pend_media","prec_media","esc_baja","aporte_bajo"
426,"Pastizal","Regosol","3°-6°",1539672.32629395,331185.923309326,331185.92,12.7104382079598,"Media","Baja","Baja","agropecuaria","suelo_infiltracion_baja","pend_media","prec_media","esc_baja","aporte_bajo"
427,"Sec Bosque Tropical","Phaeozem","3°-6°",2343794.99108887,506172.694656372,12497076.19,16.3410053501312,"Alta","Media","Media","forestal_secundaria","suelo_infiltracion_alta","pend_media","prec_alta","esc_media","aporte_medio"
428,"Pastizal","Regosol","6°-15°",1447550.12841797,271401.102294922,11990903.5,16.2996589620233,"Media","Baja","Media","agropecuaria","suelo_infiltracion_baja","pend_media","prec_media","esc_baja","aporte_medio"
429,"Sec Bosque Tropical","Regosol","3°-6°",5060386.58959961,1024422.92793274,2048298.06,14.5325202798715,"Alta","Alta","Media","forestal_secundaria","suelo_infiltracion_baja","pend_media","prec_alta","esc_alta","aporte_medio"
430,"Pastizal","Regosol","6°-15°",1243123.32165527,256675.263320923,2511958.14,14.7365735405144,"Media","Baja","Media","agropecuaria","suelo_infiltracion_baja","pend_media","prec_media","esc_baja","aporte_medio"
431,"Sec Bosque Tropical","Phaeozem","6°-15°",2986978.93383789,661318.796905518,661318.8,13.4019928142398,"Alta","Media","Baja","forestal_secundaria","suelo_infiltracion_alta","pend_media","prec_alta","esc_media","aporte_bajo"
432,"Pastizal","Regosol","6°-15°",1462616.40307617,277451.300872803,2789409.44,14.8413408196401,"Media","Baja","Media","agropecuaria","suelo_infiltracion_baja","pend_media","prec_media","esc_baja","aporte_medio"
433,"Sec Bosque Tropical","Phaeozem","3°-6°",490783.133666992,91089.1295928955,1045777.63,13.86027226641,"Baja","Baja","Baja","forestal_secundaria","suelo_infiltracion_alta","pend_media","prec_baja","esc_baja","aporte_bajo"
434,"Pastizal","Regosol","6°-15°",1125268.91430664,217406.632888794,18797742.94,16.7492474174077,"Media","Baja","Media","agropecuaria","suelo_infiltracion_baja","pend_media","prec_media","esc_baja","aporte_medio"
435,"Pastizal","Regosol","6°-15°",2845317.10705566,573880.728103638,1273294.88,14.0571192778695,"Alta","Media","Baja","agropecuaria","suelo_infiltracion_baja","pend_media","prec_alta","esc_media","aporte_bajo"
436,"Sec Bosque Tropical","Regosol","6°-15°",2646800.97070312,638990.331756592,1240747.63,14.0312254892782,"Alta","Media","Baja","forestal_secundaria","suelo_infiltracion_baja","pend_media","prec_alta","esc_media","aporte_bajo"
437,"Pastizal","Regosol","6°-15°",983612.625488281,241058.407775879,2507673.3,14.734866307868,"Baja","Baja","Media","agropecuaria","suelo_infiltracion_baja","pend_media","prec_baja","esc_baja","aporte_medio"
438,"Sec Bosque Tropical","Regosol","6°-15°",2221528.57910156,601757.3046875,601757.3,13.3076111486536,"Alta","Media","Baja","forestal_secundaria","suelo_infiltracion_baja","pend_media","prec_alta","esc_media","aporte_bajo"
439,"Pastizal","Regosol","15°-35°",648502.900146484,173350.974884033,173350.97,12.0630793153405,"Baja","Baja","Baja","agropecuaria","suelo_infiltracion_baja","pend_alta","prec_baja","esc_baja","aporte_bajo"
440,"Sec Bosque Tropical","Regosol","15°-35°",466669.744628906,119945.203491211,696121.74,13.4532812743433,"Baja","Baja","Baja","forestal_secundaria","suelo_infiltracion_baja","pend_alta","prec_baja","esc_baja","aporte_bajo"
441,"Sec Bosque Tropical","Regosol","6°-15°",1288084.25476074,312261.365875244,312261.37,12.6515990428957,"Media","Baja","Baja","forestal_secundaria","suelo_infiltracion_baja","pend_media","prec_media","esc_baja","aporte_bajo"
442,"Pastizal","Regosol","3°-6°",3252992.86743164,719222.03302002,7191332.92,15.7883872368291,"Alta","Media","Media","agropecuaria","suelo_infiltracion_baja","pend_media","prec_alta","esc_media","aporte_medio"
443,"Pastizal","Regosol","6°-15°",469623.630859375,111647.508087158,111647.51,11.6231109119038,"Baja","Baja","Baja","agropecuaria","suelo_infiltracion_baja","pend_media","prec_baja","esc_baja","aporte_bajo"
444,"Sec Bosque Tropical","Regosol","3°-6°",3437683.42407227,639402.324752808,11328941.56,16.2428712976689,"Alta","Media","Media","forestal_secundaria","suelo_infiltracion_baja","pend_media","prec_alta","esc_media","aporte_medio"
445,"Pastizal","Regosol","3°-6°",1555567.30432129,287897.642105103,18580336.31,16.7376144456523,"Media","Baja","Media","agropecuaria","suelo_infiltracion_baja","pend_media","prec_media","esc_baja","aporte_medio"
446,"Sec Bosque Tropical","Cambisol","6°-15°",1097955.55725098,210257.382659912,3989307.49,15.1991284630691,"Media","Baja","Media","forestal_secundaria","suelo_infiltracion_media","pend_media","prec_media","esc_baja","aporte_medio"
447,"Pastizal","Regosol","6°-15°",4238533.81213379,916566.379577637,261635115.08,19.3824614043183,"Alta","Media","Alta","agropecuaria","suelo_infiltracion_baja","pend_media","prec_alta","esc_media","aporte_alto"
448,"Sec Bosque Tropical","Regosol","6°-15°",2264163.48950195,551204.699005127,979368.01,13.7946637759282,"Alta","Media","Baja","forestal_secundaria","suelo_infiltracion_baja","pend_media","prec_alta","esc_media","aporte_bajo"
449,"Sec Bosque Tropical","Regosol","3°-6°",581527.859741211,123870.051620483,3945975.24,15.1882069442592,"Baja","Baja","Media","forestal_secundaria","suelo_infiltracion_baja","pend_media","prec_baja","esc_baja","aporte_medio"
450,"Bosque de Encino","Regosol","15°-35°",1901724.49865723,545674.404541016,1559042.01,14.2595827358569,"Media","Media","Media","forestal_conservada","suelo_infiltracion_baja","pend_alta","prec_media","esc_media","aporte_medio"
451,"Sec Bosque Tropical","Regosol","6°-15°",2412433.20422363,598139.297729492,2842737.18,14.8602782935327,"Alta","Media","Media","forestal_secundaria","suelo_infiltracion_baja","pend_media","prec_alta","esc_media","aporte_medio"
452,"Sec Bosque Tropical","Regosol","15°-35°",1950818.39685059,565316.864440918,565316.86,13.2451434360083,"Media","Media","Baja","forestal_secundaria","suelo_infiltracion_baja","pend_alta","prec_media","esc_media","aporte_bajo"
453,"Bosque de Encino","Regosol","6°-15°",4200907.39990234,1179038.35513306,2048998.44,14.5328621539169,"Alta","Alta","Media","forestal_conservada","suelo_infiltracion_baja","pend_media","prec_alta","esc_alta","aporte_medio"
454,"Bosque de Encino","Regosol","6°-15°",2686238.67272949,782949.250427246,2341991.26,14.6665125182667,"Alta","Media","Media","forestal_conservada","suelo_infiltracion_baja","pend_media","prec_alta","esc_media","aporte_medio"
455,"Pastizal","Regosol","3°-6°",701875.09362793,203609.860290527,7260592.88,15.7979721851083,"Baja","Baja","Media","agropecuaria","suelo_infiltracion_baja","pend_media","prec_baja","esc_baja","aporte_medio"
456,"Sec Bosque Tropical","Regosol","3°-6°",286418.385131836,71453.3409118652,1280469.31,14.0627379980975,"Baja","Baja","Baja","forestal_secundaria","suelo_infiltracion_baja","pend_media","prec_baja","esc_baja","aporte_bajo"
457,"Sec Bosque Tropical","Regosol","6°-15°",2145331.64868164,581171.464355469,2630169.9,14.7825593830314,"Alta","Media","Media","forestal_secundaria","suelo_infiltracion_baja","pend_media","prec_alta","esc_media","aporte_medio"
458,"Sec Bosque Templado","Regosol","15°-35°",2595069.84472656,744329.449493408,744329.45,13.5202403684342,"Alta","Media","Baja","forestal_secundaria","suelo_infiltracion_baja","pend_alta","prec_alta","esc_media","aporte_bajo"
459,"Sec Bosque Tropical","Regosol","6°-15°",1793823.24719238,530799.649108887,6312653.57,15.6580668386026,"Media","Media","Media","forestal_secundaria","suelo_infiltracion_baja","pend_media","prec_media","esc_media","aporte_medio"
460,"Pastizal","Regosol","3°-6°",942082.545288086,227248.491836548,6046961.53,15.6150666427751,"Baja","Baja","Media","agropecuaria","suelo_infiltracion_baja","pend_media","prec_baja","esc_baja","aporte_medio"
461,"Pastizal","Regosol","3°-6°",723244.688598633,183064.600280762,3526587.72,15.0758415934027,"Baja","Baja","Media","agropecuaria","suelo_infiltracion_baja","pend_media","prec_baja","esc_baja","aporte_medio"
462,"Sec Bosque Tropical","Regosol","3°-6°",1074362.89038086,265161.113372803,265161.11,12.4880966537833,"Media","Baja","Baja","forestal_secundaria","suelo_infiltracion_baja","pend_media","prec_media","esc_baja","aporte_bajo"
463,"Sec Bosque Tropical","Regosol","15°-35°",2255548.72937012,646583.056213379,8521896.65,15.9581496028783,"Alta","Media","Media","forestal_secundaria","suelo_infiltracion_baja","pend_alta","prec_alta","esc_media","aporte_medio"
464,"Sec Bosque Tropical","Regosol","3°-6°",1406287.62854004,335787.942779541,15380233.04,16.5485937390911,"Media","Baja","Media","forestal_secundaria","suelo_infiltracion_baja","pend_media","prec_media","esc_baja","aporte_medio"
465,"Pastizal","Regosol","6°-15°",1174433.22338867,322566.387268066,10766441.47,16.1919446760882,"Media","Baja","Media","agropecuaria","suelo_infiltracion_baja","pend_media","prec_media","esc_baja","aporte_medio"
466,"Sec Bosque Tropical","Leptosol","6°-15°",3310950.36999512,964390.11227417,964390.11,13.7792522070799,"Alta","Alta","Baja","forestal_secundaria","suelo_infiltracion_baja","pend_media","prec_alta","esc_alta","aporte_bajo"
467,"Pastizal","Regosol","6°-15°",3542285.82824707,984095.606414795,984095.61,13.7994793521093,"Alta","Alta","Baja","agropecuaria","suelo_infiltracion_baja","pend_media","prec_alta","esc_alta","aporte_bajo"
468,"Pastizal","Phaeozem","3°-6°",399309.105957031,92267.1819458008,16698973.05,16.6308578413681,"Baja","Baja","Media","agropecuaria","suelo_infiltracion_alta","pend_media","prec_baja","esc_baja","aporte_medio"
469,"Pastizal","Cambisol","1°-3°",1096348.21679688,278035.929443359,18527232.67,16.7347522978561,"Media","Baja","Media","agropecuaria","suelo_infiltracion_media","pend_baja","prec_media","esc_baja","aporte_medio"
470,"Agricultura","Cambisol","1°-3°",4559770.78845215,1621010.03204346,8084685.24,15.9054822425718,"Alta","Alta","Media","agropecuaria","suelo_infiltracion_media","pend_baja","prec_alta","esc_alta","aporte_medio"
471,"Pastizal","Cambisol","1°-3°",5566599.82299805,1914287.76757812,2788397.06,14.8409778168546,"Alta","Alta","Media","agropecuaria","suelo_infiltracion_media","pend_baja","prec_alta","esc_alta","aporte_medio"
472,"Agricultura","Cambisol","1°-3°",1481463.06726074,497667.349822998,16257781.12,16.6040822517965,"Media","Media","Media","agropecuaria","suelo_infiltracion_media","pend_baja","prec_media","esc_media","aporte_medio"
473,"Bosque de Encino","Regosol","15°-35°",649488.041870117,181249.802398682,181249.8,12.1076369865003,"Baja","Baja","Baja","forestal_conservada","suelo_infiltracion_baja","pend_alta","prec_baja","esc_baja","aporte_bajo"
474,"Bosque de Encino","Regosol","6°-15°",5542422.12878418,1610455.23178101,1610455.23,14.292028069489,"Alta","Alta","Media","forestal_conservada","suelo_infiltracion_baja","pend_media","prec_alta","esc_alta","aporte_medio"
475,"Bosque Tropical","Arenosol","1°-3°",165946.890258789,0,0,0,"Baja","Baja","Muy Baja","forestal_conservada","suelo_infiltracion_alta","pend_baja","prec_baja","esc_baja","aporte_muy_bajo"
476,"Bosque Tropical","Cambisol","1°-3°",NA,0,1091698.69,13.9032463883075,NA,"Baja","Baja","forestal_conservada","suelo_infiltracion_media","pend_baja","prec_baja","esc_baja","aporte_bajo"
477,"Bosque Tropical","Regosol","6°-15°",NA,0,0,0,NA,"Baja","Muy Baja","forestal_conservada","suelo_infiltracion_baja","pend_media","prec_baja","esc_baja","aporte_muy_bajo"
478,"Bosque Tropical","Cambisol","6°-15°",NA,0,0,0,NA,"Baja","Muy Baja","forestal_conservada","suelo_infiltracion_media","pend_media","prec_baja","esc_baja","aporte_muy_bajo"
479,"Bosque Tropical","Arenosol","1°-3°",NA,0,0,0,NA,"Baja","Muy Baja","forestal_conservada","suelo_infiltracion_alta","pend_baja","prec_baja","esc_baja","aporte_muy_bajo"
480,"Manglar","Solonchank","1°-3°",NA,0,76554.09,11.2457658913639,NA,"Baja","Baja","hidrofila_humedal","suelo_salino","pend_baja","prec_baja","esc_baja","aporte_bajo"
481,"Bosque de Encino","Cambisol","6°-15°",288915.945556641,64084.1719970703,274820.12,12.5238756922723,"Baja","Baja","Baja","forestal_conservada","suelo_infiltracion_media","pend_media","prec_baja","esc_baja","aporte_bajo"
482,"Pastizal","Regosol","15°-35°",2656187.44677734,694577.53326416,694577.53,13.4510605089382,"Alta","Media","Baja","agropecuaria","suelo_infiltracion_baja","pend_alta","prec_alta","esc_media","aporte_bajo"
483,"Sec Bosque Tropical","Regosol","15°-35°",6944807.49194336,1921978.4251709,10443875.08,16.161526343545,"Alta","Alta","Media","forestal_secundaria","suelo_infiltracion_baja","pend_alta","prec_alta","esc_alta","aporte_medio"
484,"Sec Bosque Templado","Luvisol","15°-35°",2029903.15490723,602611.198455811,602611.2,13.3090291510758,"Alta","Media","Baja","forestal_secundaria","suelo_infiltracion_media","pend_alta","prec_alta","esc_media","aporte_bajo"
485,"Sec Bosque Templado","Luvisol","6°-15°",1408197.28613281,433995.752716064,2966701.19,14.9029615201199,"Media","Media","Media","forestal_secundaria","suelo_infiltracion_media","pend_media","prec_media","esc_media","aporte_medio"
486,"Pastizal","Cambisol","1°-3°",2905211.55969238,1036008.9385376,6463675.21,15.6817087866537,"Alta","Alta","Media","agropecuaria","suelo_infiltracion_media","pend_baja","prec_alta","esc_alta","aporte_medio"
487,"Agricultura","Cambisol","1°-3°",3178525.67858887,1065209.33959961,19050836.61,16.7626216275992,"Alta","Alta","Media","agropecuaria","suelo_infiltracion_media","pend_baja","prec_alta","esc_alta","aporte_medio"
488,"Sec Bosque Tropical","Regosol","6°-15°",3709015.17388916,444200.299755096,540757.56,13.2007281735559,"Alta","Media","Baja","forestal_secundaria","suelo_infiltracion_baja","pend_media","prec_alta","esc_media","aporte_bajo"
489,"Bosque Tropical","Regosol","6°-15°",1488616.97796631,134094.362281799,620882.64,13.3388989681574,"Media","Baja","Baja","forestal_conservada","suelo_infiltracion_baja","pend_media","prec_media","esc_baja","aporte_bajo"
490,"Sec Bosque Tropical","Cambisol","6°-15°",701870.601074219,128928.819442749,4250469.97,15.2625403512315,"Baja","Baja","Media","forestal_secundaria","suelo_infiltracion_media","pend_media","prec_baja","esc_baja","aporte_medio"
491,"Sec Bosque Tropical","Regosol","6°-15°",1240894.87792969,381717.91506958,1447566.01,14.1853947809674,"Media","Media","Media","forestal_secundaria","suelo_infiltracion_baja","pend_media","prec_media","esc_media","aporte_medio"
492,"Sec Bosque Tropical","Regosol","15°-35°",1026512.34521484,300611.149627686,300611.15,12.6135761746459,"Baja","Baja","Baja","forestal_secundaria","suelo_infiltracion_baja","pend_alta","prec_baja","esc_baja","aporte_bajo"
493,"Sec Bosque Tropical","Regosol","6°-15°",1995925.40246582,605163.831695557,884538.78,13.6928227661326,"Alta","Media","Baja","forestal_secundaria","suelo_infiltracion_baja","pend_media","prec_alta","esc_media","aporte_bajo"
494,"Bosque de Encino","Regosol","6°-15°",1201941.35510254,343750.766693115,343750.77,12.7476750770406,"Media","Baja","Baja","forestal_conservada","suelo_infiltracion_baja","pend_media","prec_media","esc_baja","aporte_bajo"
495,"Sec Bosque Tropical","Regosol","6°-15°",1638197.90405273,536763.178527832,4862745.26,15.3971139103565,"Media","Media","Media","forestal_secundaria","suelo_infiltracion_baja","pend_media","prec_media","esc_media","aporte_medio"
496,"Agricultura","Cambisol","1°-3°",410125.121582031,131789.386901855,29397220.23,17.1964107118556,"Baja","Baja","Alta","agropecuaria","suelo_infiltracion_media","pend_baja","prec_baja","esc_baja","aporte_alto"
497,"Sec Bosque Tropical","Phaeozem","1°-3°",256935.585693359,81407.9797363281,31389283.82,17.2619771448695,"Baja","Baja","Alta","forestal_secundaria","suelo_infiltracion_alta","pend_baja","prec_baja","esc_baja","aporte_alto"
498,"Bosque de Encino","Regosol","15°-35°",1446743.70507812,410497.540313721,410497.54,12.92512765123,"Media","Media","Baja","forestal_conservada","suelo_infiltracion_baja","pend_alta","prec_media","esc_media","aporte_bajo"
499,"Sec Bosque Tropical","Regosol","15°-35°",1421464.69616699,427783.98638916,2514721.21,14.7376729021352,"Media","Media","Media","forestal_secundaria","suelo_infiltracion_baja","pend_alta","prec_media","esc_media","aporte_medio"
500,"Sec Bosque Tropical","Regosol","6°-15°",1552011.9354248,441956.004516602,1988426.06,14.5028544620419,"Media","Media","Media","forestal_secundaria","suelo_infiltracion_baja","pend_media","prec_media","esc_media","aporte_medio"
501,"Pastizal","Luvisol","6°-15°",2073035.4765625,684074.280548096,684074.28,13.4358232490282,"Alta","Media","Baja","agropecuaria","suelo_infiltracion_media","pend_media","prec_alta","esc_media","aporte_bajo"
502,"Pastizal","Regosol","6°-15°",1035797.74755859,293296.622650146,293296.62,12.5889431403741,"Baja","Baja","Baja","agropecuaria","suelo_infiltracion_baja","pend_media","prec_baja","esc_baja","aporte_bajo"
503,"Sec Bosque Tropical","Regosol","6°-15°",877157.00378418,272182.957489014,10608683.49,16.1771835151556,"Baja","Baja","Media","forestal_secundaria","suelo_infiltracion_baja","pend_media","prec_baja","esc_baja","aporte_medio"
504,"Sec Bosque Tropical","Luvisol","6°-15°",2318675.74047852,652852.899841309,10043203.91,16.1224068354333,"Alta","Media","Media","forestal_secundaria","suelo_infiltracion_media","pend_media","prec_alta","esc_media","aporte_medio"
505,"Bosque de Encino","Cambisol","6°-15°",1427652.46447754,331930.82989502,331930.83,12.71268489549,"Media","Baja","Baja","forestal_conservada","suelo_infiltracion_media","pend_media","prec_media","esc_baja","aporte_bajo"
506,"Bosque de Encino","Regosol","6°-15°",2119981.3347168,632425.284423828,1225674.33,14.0190025398525,"Alta","Media","Baja","forestal_conservada","suelo_infiltracion_baja","pend_media","prec_alta","esc_media","aporte_bajo"
507,"Sec Bosque Templado","Regosol","3°-6°",668630.875976562,189701.991882324,1150047.56,13.9553147255349,"Baja","Baja","Baja","forestal_secundaria","suelo_infiltracion_baja","pend_media","prec_baja","esc_baja","aporte_bajo"
508,"Sec Bosque Tropical","Regosol","15°-35°",601472.497680664,180106.879364014,7445394.58,15.8231063563354,"Baja","Baja","Media","forestal_secundaria","suelo_infiltracion_baja","pend_alta","prec_baja","esc_baja","aporte_medio"
509,"Pastizal","Phaeozem","1°-3°",1042605.6730957,330151.825500488,638237.01,13.366466549185,"Baja","Baja","Baja","agropecuaria","suelo_infiltracion_alta","pend_baja","prec_baja","esc_baja","aporte_bajo"
510,"Pastizal","Phaeozem","6°-15°",2392361.16210938,735842.557647705,42317369.38,17.5607082070053,"Alta","Media","Alta","agropecuaria","suelo_infiltracion_alta","pend_media","prec_alta","esc_media","aporte_alto"
511,"Pastizal","Phaeozem","1°-3°",2150980.68212891,654723.562194824,2829312.52,14.8555446677558,"Alta","Media","Media","agropecuaria","suelo_infiltracion_alta","pend_baja","prec_alta","esc_media","aporte_medio"
512,"Agricultura","Phaeozem","1°-3°",2287584.18847656,691963.481018066,8220872.58,15.9221870363248,"Alta","Media","Media","agropecuaria","suelo_infiltracion_alta","pend_baja","prec_alta","esc_media","aporte_medio"
513,"Pastizal","Regosol","6°-15°",1078250.68347168,279118.130249023,37294660.37,17.4343607475608,"Media","Baja","Alta","agropecuaria","suelo_infiltracion_baja","pend_media","prec_media","esc_baja","aporte_alto"
514,"Sec Bosque Tropical","Phaeozem","15°-35°",862142.762695312,228816.444671631,74953090.08,18.1323730235571,"Baja","Baja","Alta","forestal_secundaria","suelo_infiltracion_alta","pend_alta","prec_baja","esc_baja","aporte_alto"
515,"Pastizal","Leptosol","6°-15°",489590.875366211,141280.682281494,7697847.34,15.8564514114107,"Baja","Baja","Media","agropecuaria","suelo_infiltracion_baja","pend_media","prec_baja","esc_baja","aporte_medio"
516,"Sec Bosque Templado","Phaeozem","15°-35°",942559.993041992,253422.431762695,253422.43,12.4428170051046,"Baja","Baja","Baja","forestal_secundaria","suelo_infiltracion_alta","pend_alta","prec_baja","esc_baja","aporte_bajo"
517,"Sec Bosque Templado","Phaeozem","15°-35°",3496575.41455078,952148.854797363,952148.85,13.7664777068487,"Alta","Alta","Baja","forestal_secundaria","suelo_infiltracion_alta","pend_alta","prec_alta","esc_alta","aporte_bajo"
518,"Pastizal","Luvisol","15°-35°",1705495.484375,508788.111053467,508788.11,13.1397888874771,"Media","Media","Baja","agropecuaria","suelo_infiltracion_media","pend_alta","prec_media","esc_media","aporte_bajo"
519,"Pastizal","Phaeozem","1°-3°",1058970.70239258,357847.463867188,6569419.46,15.6979361765244,"Baja","Baja","Media","agropecuaria","suelo_infiltracion_alta","pend_baja","prec_baja","esc_baja","aporte_medio"
520,"Pastizal","Phaeozem","6°-15°",1453529.42407227,483728.933532715,2902565.55,14.8811059208012,"Media","Media","Media","agropecuaria","suelo_infiltracion_alta","pend_media","prec_media","esc_media","aporte_medio"
521,"Sec Bosque Templado","Regosol","15°-35°",3832884.15551758,1065362.2467041,2224393.29,14.6149952073079,"Alta","Alta","Media","forestal_secundaria","suelo_infiltracion_baja","pend_alta","prec_alta","esc_alta","aporte_medio"
522,"Sec Bosque Tropical","Regosol","15°-35°",2908945.98132324,903254.697479248,3127647.99,14.9557921588776,"Alta","Media","Media","forestal_secundaria","suelo_infiltracion_baja","pend_alta","prec_alta","esc_media","aporte_medio"
523,"Sec Bosque Templado","Regosol","15°-35°",3784482.02062988,1121000.56726074,1121000.57,13.9297331025886,"Alta","Alta","Baja","forestal_secundaria","suelo_infiltracion_baja","pend_alta","prec_alta","esc_alta","aporte_bajo"
524,"Agricultura","Phaeozem","1°-3°",648445.363647461,216799.984588623,2342393.71,14.6666843443791,"Baja","Baja","Media","agropecuaria","suelo_infiltracion_alta","pend_baja","prec_baja","esc_baja","aporte_medio"
525,"Sec Bosque Tropical","Luvisol","15°-35°",1520779.29699707,506390.155334473,506390.16,13.1350646931037,"Media","Media","Baja","forestal_secundaria","suelo_infiltracion_media","pend_alta","prec_media","esc_media","aporte_bajo"
526,"Pastizal","Regosol","6°-15°",1237084.93518066,389866.005157471,48765337.93,17.7025303506358,"Media","Media","Alta","agropecuaria","suelo_infiltracion_baja","pend_media","prec_media","esc_media","aporte_alto"
527,"Sec Bosque Tropical","Luvisol","6°-15°",919646.520141602,268174.460357666,2137897.43,14.5753338624227,"Baja","Baja","Media","forestal_secundaria","suelo_infiltracion_media","pend_media","prec_baja","esc_baja","aporte_medio"
528,"Sec Bosque Tropical","Luvisol","15°-35°",487514.728027344,141503.932250977,1289316.72,14.0696237371965,"Baja","Baja","Baja","forestal_secundaria","suelo_infiltracion_media","pend_alta","prec_baja","esc_baja","aporte_bajo"
529,"Pastizal","Luvisol","15°-35°",1238003.88427734,318729.66708374,318729.67,12.6721017304786,"Media","Baja","Baja","agropecuaria","suelo_infiltracion_media","pend_alta","prec_media","esc_baja","aporte_bajo"
530,"Pastizal","Cambisol","1°-3°",536439.463378906,190481.489807129,190481.49,12.1573155533139,"Baja","Baja","Baja","agropecuaria","suelo_infiltracion_media","pend_baja","prec_baja","esc_baja","aporte_bajo"
531,"Pastizal","Regosol","6°-15°",1899961.52929688,641786.92855835,641786.93,13.3720132009993,"Media","Media","Baja","agropecuaria","suelo_infiltracion_baja","pend_media","prec_media","esc_media","aporte_bajo"
532,"Pastizal","Regosol","6°-15°",2846917.00756836,1005547.94631958,1628830.35,14.3033733524517,"Alta","Alta","Media","agropecuaria","suelo_infiltracion_baja","pend_media","prec_alta","esc_alta","aporte_medio"
533,"Pastizal","Regosol","6°-15°",6178503.42248535,2207800.8380127,5427666.27,15.5070199992371,"Alta","Alta","Media","agropecuaria","suelo_infiltracion_baja","pend_media","prec_alta","esc_alta","aporte_medio"
534,"Sec Bosque Tropical","Regosol","6°-15°",1645275.2565918,542943.453857422,542943.45,13.2047622916571,"Media","Media","Baja","forestal_secundaria","suelo_infiltracion_baja","pend_media","prec_media","esc_media","aporte_bajo"
535,"Pastizal","Regosol","6°-15°",1073752.31152344,369762.08605957,369762.09,12.8206177822453,"Media","Baja","Baja","agropecuaria","suelo_infiltracion_baja","pend_media","prec_media","esc_baja","aporte_bajo"
536,"Pastizal","Regosol","1°-3°",1474821.30432129,512392.514770508,512392.51,13.1468481830385,"Media","Media","Baja","agropecuaria","suelo_infiltracion_baja","pend_baja","prec_media","esc_media","aporte_bajo"
537,"Pastizal","Regosol","6°-15°",1067039.20556641,363135.745605469,1484136.31,14.2103442253833,"Media","Baja","Media","agropecuaria","suelo_infiltracion_baja","pend_media","prec_media","esc_baja","aporte_medio"
538,"Pastizal","Phaeozem","1°-3°",1411796.31384277,457337.098114014,42684356.16,17.5693430682218,"Media","Media","Alta","agropecuaria","suelo_infiltracion_alta","pend_baja","prec_media","esc_media","aporte_alto"
539,"Pastizal","Regosol","6°-15°",2111115.81872559,668665.914642334,3902757.9,15.1771942712596,"Alta","Media","Media","agropecuaria","suelo_infiltracion_baja","pend_media","prec_alta","esc_media","aporte_medio"
540,"Sec Bosque Tropical","Regosol","6°-15°",1944830.62902832,671980.806396484,671980.81,13.4179865506865,"Media","Media","Baja","forestal_secundaria","suelo_infiltracion_baja","pend_media","prec_media","esc_media","aporte_bajo"
541,"Urbano","Cambisol","1°-3°",2444570.14660645,874109.290893555,874109.29,13.6809618366077,"Alta","Media","Baja","antropica","suelo_infiltracion_media","pend_baja","prec_alta","esc_media","aporte_bajo"
542,"Pastizal","Cambisol","1°-3°",1588029.97766113,530229.085601807,1727846.15,14.3623867695727,"Media","Media","Media","agropecuaria","suelo_infiltracion_media","pend_baja","prec_media","esc_media","aporte_medio"
543,"Pastizal","Phaeozem","1°-3°",2270899.82800293,740680.476226807,1317131.18,14.0909673401539,"Alta","Media","Baja","agropecuaria","suelo_infiltracion_alta","pend_baja","prec_alta","esc_media","aporte_bajo"
544,"Pastizal","Cambisol","1°-3°",1651452.58972168,562984.387329102,3351381.45,15.0248834903175,"Media","Media","Media","agropecuaria","suelo_infiltracion_media","pend_baja","prec_media","esc_media","aporte_medio"
545,"Agricultura","Phaeozem","3°-6°",596447.159790039,185220.45993042,39569850.73,17.493578066324,"Baja","Baja","Alta","agropecuaria","suelo_infiltracion_alta","pend_media","prec_baja","esc_baja","aporte_alto"
546,"Agricultura","Phaeozem","1°-3°",3584012.11730957,1097785.51135254,39028538.76,17.4798037251851,"Alta","Alta","Alta","agropecuaria","suelo_infiltracion_alta","pend_baja","prec_alta","esc_alta","aporte_alto"
547,"Pastizal","Phaeozem","1°-3°",1028614.70605469,327871.549316406,32895188.6,17.3088369922795,"Baja","Baja","Alta","agropecuaria","suelo_infiltracion_alta","pend_baja","prec_baja","esc_baja","aporte_alto"
548,"Agricultura","Phaeozem","1°-3°",913402.022460938,293494.45413208,31682778.27,17.2712838505448,"Baja","Baja","Alta","agropecuaria","suelo_infiltracion_alta","pend_baja","prec_baja","esc_baja","aporte_alto"
549,"Pastizal","Cambisol","3°-6°",779348.861450195,254259.000152588,5117004.26,15.4480799157328,"Baja","Baja","Media","agropecuaria","suelo_infiltracion_media","pend_media","prec_baja","esc_baja","aporte_medio"
550,"Pastizal","Leptosol","15°-35°",3287824.35754395,949962.559814453,2694424.23,14.8066954668521,"Alta","Alta","Media","agropecuaria","suelo_infiltracion_baja","pend_alta","prec_alta","esc_alta","aporte_medio"
551,"Sec Bosque Templado","Leptosol","15°-35°",6645304.35754395,1744461.67312622,1744461.67,14.3719571406984,"Alta","Alta","Media","forestal_secundaria","suelo_infiltracion_baja","pend_alta","prec_alta","esc_alta","aporte_medio"
552,"Bosque de Encino","Regosol","15°-35°",1301268.59143066,314765.218536377,314765.22,12.6595854835415,"Media","Baja","Baja","forestal_conservada","suelo_infiltracion_baja","pend_alta","prec_media","esc_baja","aporte_bajo"
553,"Sec Bosque Templado","Leptosol","15°-35°",1537786.84692383,390590.447692871,390590.45,12.8754174077842,"Media","Media","Baja","forestal_secundaria","suelo_infiltracion_baja","pend_alta","prec_media","esc_media","aporte_bajo"
554,"Pastizal","Phaeozem","6°-15°",917907.305541992,270115.253875732,9086882.56,16.0223425646854,"Baja","Baja","Media","agropecuaria","suelo_infiltracion_alta","pend_media","prec_baja","esc_baja","aporte_medio"
555,"Sec Bosque Tropical","Regosol","6°-15°",1637237.31420898,450770.962524414,841361.41,13.6427777735998,"Media","Media","Baja","forestal_secundaria","suelo_infiltracion_baja","pend_media","prec_media","esc_media","aporte_bajo"
556,"Sec Bosque Templado","Regosol","15°-35°",1802022.2878418,504221.151397705,504221.15,13.1307722237508,"Media","Media","Baja","forestal_secundaria","suelo_infiltracion_baja","pend_alta","prec_media","esc_media","aporte_bajo"
557,"Sec Bosque Tropical","Regosol","15°-35°",1998301.37890625,549764.864654541,2320742.53,14.6573981793664,"Alta","Media","Media","forestal_secundaria","suelo_infiltracion_baja","pend_alta","prec_alta","esc_media","aporte_medio"
558,"Pastizal","Leptosol","15°-35°",3866934.48718262,1036733.80758667,34925763.79,17.3687353609348,"Alta","Alta","Alta","agropecuaria","suelo_infiltracion_baja","pend_alta","prec_alta","esc_alta","aporte_alto"
559,"Pastizal","Regosol","3°-6°",466477.360961914,104152.534362793,104152.53,11.5536213395377,"Baja","Baja","Baja","agropecuaria","suelo_infiltracion_baja","pend_media","prec_baja","esc_baja","aporte_bajo"
560,"Sec Bosque Tropical","Phaeozem","15°-35°",3231577.00524902,699414.146591187,699414.15,13.4579997648009,"Alta","Media","Baja","forestal_secundaria","suelo_infiltracion_alta","pend_alta","prec_alta","esc_media","aporte_bajo"
561,"Sec Bosque Tropical","Phaeozem","15°-35°",2731281.06665039,649321.274230957,649321.27,13.3836844363837,"Alta","Media","Baja","forestal_secundaria","suelo_infiltracion_alta","pend_alta","prec_alta","esc_media","aporte_bajo"
562,"Pastizal","Cambisol","3°-6°",982028.779174805,212563.483703613,1804278.73,14.4056720285596,"Baja","Baja","Media","agropecuaria","suelo_infiltracion_media","pend_media","prec_baja","esc_baja","aporte_medio"
563,"Pastizal","Regosol","3°-6°",2456075.81591797,542165.635620117,1574783.83,14.2696292050361,"Alta","Media","Media","agropecuaria","suelo_infiltracion_baja","pend_media","prec_alta","esc_media","aporte_medio"
564,"Sec Bosque Tropical","Regosol","1°-3°",2243688.15161133,462314.297470093,4408289.54,15.298997539621,"Alta","Media","Media","forestal_secundaria","suelo_infiltracion_baja","pend_baja","prec_alta","esc_media","aporte_medio"
565,"Pastizal","Regosol","1°-3°",1965191.51928711,430526.837417603,20760279.06,16.8485521065371,"Media","Media","Media","agropecuaria","suelo_infiltracion_baja","pend_baja","prec_media","esc_media","aporte_medio"
566,"Sec Bosque Tropical","Regosol","15°-35°",1671976.54516602,458199.498535156,774310.29,13.5597292551803,"Media","Media","Baja","forestal_secundaria","suelo_infiltracion_baja","pend_alta","prec_media","esc_media","aporte_bajo"
567,"Sec Bosque Tropical","Phaeozem","3°-6°",640556.497192383,129918,20028928.04,16.8126882384142,"Baja","Baja","Media","forestal_secundaria","suelo_infiltracion_alta","pend_media","prec_baja","esc_baja","aporte_medio"
568,"Pastizal","Regosol","3°-6°",1446808.79626465,337405.099945068,337405.1,12.7290425283615,"Media","Baja","Baja","agropecuaria","suelo_infiltracion_baja","pend_media","prec_media","esc_baja","aporte_bajo"
569,"Sec Bosque Tropical","Regosol","6°-15°",733115.063232422,91121.6387329102,590050.37,13.2879648798883,"Baja","Baja","Baja","forestal_secundaria","suelo_infiltracion_baja","pend_media","prec_baja","esc_baja","aporte_bajo"
570,"Sec Bosque Tropical","Regosol","6°-15°",856164.643066406,80342.994934082,6370294.17,15.6671563639944,"Baja","Baja","Media","forestal_secundaria","suelo_infiltracion_baja","pend_media","prec_baja","esc_baja","aporte_medio"
571,"Pastizal","Regosol","15°-35°",514743.44342041,11799.2567214966,321194168.21,19.5875563867277,"Baja","Baja","Alta","agropecuaria","suelo_infiltracion_baja","pend_alta","prec_baja","esc_baja","aporte_alto"
572,"Sec Bosque Tropical","Regosol","6°-15°",2563930.01263428,280022.286903381,3885480.03,15.172757351365,"Alta","Baja","Media","forestal_secundaria","suelo_infiltracion_baja","pend_media","prec_alta","esc_baja","aporte_medio"
573,"Pastizal","Regosol","6°-15°",1812046.28637695,275435.801361084,710960.02,13.4743728830912,"Media","Baja","Baja","agropecuaria","suelo_infiltracion_baja","pend_media","prec_media","esc_baja","aporte_bajo"
574,"Pastizal","Regosol","1°-3°",1212028.92419434,169479.284095764,256852.23,12.4562601112495,"Media","Baja","Baja","agropecuaria","suelo_infiltracion_baja","pend_baja","prec_media","esc_baja","aporte_bajo"
575,"Pastizal","Regosol","1°-3°",1146223.31726074,174745.891891479,174745.89,12.071093863085,"Media","Baja","Baja","agropecuaria","suelo_infiltracion_baja","pend_baja","prec_media","esc_baja","aporte_bajo"
576,"Pastizal","Regosol","6°-15°",1126456.88696289,143117.922241211,385096.23,12.8612511268402,"Media","Baja","Baja","agropecuaria","suelo_infiltracion_baja","pend_media","prec_media","esc_baja","aporte_bajo"
577,"Bosque Tropical","Regosol","6°-15°",305123.815368652,4622.10895711486,30574614.63,17.2356806680766,"Baja","Baja","Alta","forestal_conservada","suelo_infiltracion_baja","pend_media","prec_baja","esc_baja","aporte_alto"
578,"Sec Bosque Tropical","Regosol","6°-15°",1226769.31622314,19340.7824522369,30569992.52,17.2355294818945,"Media","Baja","Alta","forestal_secundaria","suelo_infiltracion_baja","pend_media","prec_media","esc_baja","aporte_alto"
579,"Pastizal","Regosol","3°-6°",170628.626831055,844.208084374666,30639302.02,17.2377941551889,"Baja","Baja","Alta","agropecuaria","suelo_infiltracion_baja","pend_media","prec_baja","esc_baja","aporte_alto"
580,"Bosque Tropical","Regosol","6°-15°",515720.98815918,14430.6388649941,14430.64,9.57717829742366,"Baja","Baja","Baja","forestal_conservada","suelo_infiltracion_baja","pend_media","prec_baja","esc_baja","aporte_bajo"
581,"Sec Bosque Tropical","Regosol","15°-35°",1491795.83050537,56517.1706825579,1594803.8,14.2822619042666,"Media","Baja","Media","forestal_secundaria","suelo_infiltracion_baja","pend_alta","prec_media","esc_baja","aporte_medio"
582,"Sec Bosque Tropical","Regosol","6°-15°",1856313.94177246,168162.591041565,168162.59,12.0326925345984,"Media","Baja","Baja","forestal_secundaria","suelo_infiltracion_baja","pend_media","prec_media","esc_baja","aporte_bajo"
583,"Sec Bosque Tropical","Regosol","6°-15°",1656084.10241699,87601.3502795696,87601.35,11.3805631030487,"Media","Baja","Baja","forestal_secundaria","suelo_infiltracion_baja","pend_media","prec_media","esc_baja","aporte_bajo"
584,"Sec Bosque Tropical","Regosol","6°-15°",2657519.98504639,279790.747193575,325829516.24,19.6018848492917,"Alta","Baja","Alta","forestal_secundaria","suelo_infiltracion_baja","pend_media","prec_alta","esc_baja","aporte_alto"
585,"Sec Bosque Tropical","Regosol","15°-35°",386667.045471191,17550.3158304691,327991491.22,19.6084982276584,"Baja","Baja","Alta","forestal_secundaria","suelo_infiltracion_baja","pend_alta","prec_baja","esc_baja","aporte_alto"
586,"Sec Bosque Tropical","Regosol","6°-15°",767931.47644043,86964.7537612915,86964.75,11.3732696419642,"Baja","Baja","Baja","forestal_secundaria","suelo_infiltracion_baja","pend_media","prec_baja","esc_baja","aporte_bajo"
587,"Pastizal","Regosol","6°-15°",321452.001708984,3498.38724647462,42011.58,10.6457243762267,"Baja","Baja","Baja","agropecuaria","suelo_infiltracion_baja","pend_media","prec_baja","esc_baja","aporte_bajo"
588,"Bosque Tropical","Regosol","6°-15°",1106975.80413818,73912.196805954,362901485.93,19.7096419695295,"Media","Baja","Alta","forestal_conservada","suelo_infiltracion_baja","pend_media","prec_media","esc_baja","aporte_alto"
589,"Pastizal","Regosol","15°-35°",1267420.11413574,11834.5106103616,363079006.93,19.7101310212459,"Media","Baja","Alta","agropecuaria","suelo_infiltracion_baja","pend_alta","prec_media","esc_baja","aporte_alto"
590,"Sec Bosque Tropical","Regosol","6°-15°",1980681.99835205,186199.535621643,807082.18,13.6011820150507,"Media","Baja","Baja","forestal_secundaria","suelo_infiltracion_baja","pend_media","prec_media","esc_baja","aporte_bajo"
591,"Sec Bosque Tropical","Regosol","6°-15°",4595760.83428955,76554.0917127709,76554.09,11.2457658913639,"Alta","Baja","Baja","forestal_secundaria","suelo_infiltracion_baja","pend_media","prec_alta","esc_baja","aporte_bajo"
592,"Sec Bosque Tropical","Regosol","15°-35°",702464.920837402,24849.8529955745,24849.85,10.1206472361712,"Baja","Baja","Baja","forestal_secundaria","suelo_infiltracion_baja","pend_alta","prec_baja","esc_baja","aporte_bajo"
593,"Sec Bosque Tropical","Regosol","6°-15°",1373632.93817139,94069.7252416611,1392610.09,14.1466910249803,"Media","Baja","Media","forestal_secundaria","suelo_infiltracion_baja","pend_media","prec_media","esc_baja","aporte_medio"
594,"Sec Bosque Tropical","Regosol","15°-35°",3347022.77093506,169154.318439584,329257215.58,19.6123498165859,"Alta","Baja","Alta","forestal_secundaria","suelo_infiltracion_baja","pend_alta","prec_alta","esc_baja","aporte_alto"
595,"Bosque Tropical","Regosol","6°-15°",997327.809875488,5036.04226352647,69187.56,11.1445908100202,"Baja","Baja","Baja","forestal_conservada","suelo_infiltracion_baja","pend_media","prec_baja","esc_baja","aporte_bajo"
596,"Agricultura","Phaeozem","15°-35°",413465.756469727,634.020778656006,367336687.7,19.7217893933593,"Baja","Baja","Alta","agropecuaria","suelo_infiltracion_alta","pend_alta","prec_baja","esc_baja","aporte_alto"
597,"Sec Bosque Tropical","Regosol","6°-15°",658250.853515625,0,0,0,"Baja","Baja","Muy Baja","forestal_secundaria","suelo_infiltracion_baja","pend_media","prec_baja","esc_baja","aporte_muy_bajo"
598,"Pastizal","Regosol","6°-15°",1639363.2644043,877.78332708776,877.78,6.7785345819447,"Media","Baja","Baja","agropecuaria","suelo_infiltracion_baja","pend_media","prec_media","esc_baja","aporte_bajo"
599,"Sec Bosque Tropical","Regosol","6°-15°",896067.388244629,40964.1398286819,40964.14,10.6204767401216,"Baja","Baja","Baja","forestal_secundaria","suelo_infiltracion_baja","pend_media","prec_baja","esc_baja","aporte_bajo"
600,"Sec Bosque Tropical","Regosol","6°-15°",1192750.2130127,124351.43453598,124351.43,11.730874990657,"Media","Baja","Baja","forestal_secundaria","suelo_infiltracion_baja","pend_media","prec_media","esc_baja","aporte_bajo"
601,"Sec Bosque Tropical","Regosol","3°-6°",1476063.40966797,247990.290939331,247990.29,12.4211489035626,"Media","Baja","Baja","forestal_secundaria","suelo_infiltracion_baja","pend_media","prec_media","esc_baja","aporte_bajo"
602,"Bosque Tropical","Cambisol","15°-35°",361798.072692871,18.4406901886687,18.44,2.96733279903229,"Baja","Baja","Muy Baja","forestal_conservada","suelo_infiltracion_media","pend_alta","prec_baja","esc_baja","aporte_muy_bajo"
603,"Sec Bosque Tropical","Regosol","15°-35°",706855.006591797,21770.8847551346,21770.88,9.98837450787254,"Baja","Baja","Baja","forestal_secundaria","suelo_infiltracion_baja","pend_alta","prec_baja","esc_baja","aporte_bajo"
604,"Pastizal","Regosol","6°-15°",1028019.6496582,7271.54422996082,29042.42,10.2765472305996,"Baja","Baja","Baja","agropecuaria","suelo_infiltracion_baja","pend_media","prec_baja","esc_baja","aporte_bajo"
605,"Agricultura","Phaeozem","6°-15°",1238290.6027832,0,0,0,"Media","Baja","Muy Baja","agropecuaria","suelo_infiltracion_alta","pend_media","prec_media","esc_baja","aporte_muy_bajo"
606,"Bosque Tropical","Cambisol","6°-15°",1220789.13543701,0,0,0,"Media","Baja","Muy Baja","forestal_conservada","suelo_infiltracion_media","pend_media","prec_media","esc_baja","aporte_muy_bajo"
607,"Bosque Tropical","Cambisol","6°-15°",2538776.14898682,0,0,0,"Alta","Baja","Muy Baja","forestal_conservada","suelo_infiltracion_media","pend_media","prec_alta","esc_baja","aporte_muy_bajo"
608,"Sec Bosque Tropical","Cambisol","6°-15°",633514.750488281,204.484535433352,204.48,5.32534870559907,"Baja","Baja","Muy Baja","forestal_secundaria","suelo_infiltracion_media","pend_media","prec_baja","esc_baja","aporte_muy_bajo"
609,"Sec Bosque Tropical","Regosol","6°-15°",460280.674560547,4309.89846965298,4309.9,8.36890197800396,"Baja","Baja","Baja","forestal_secundaria","suelo_infiltracion_baja","pend_media","prec_baja","esc_baja","aporte_bajo"
610,"Manglar","Solonchank","1°-3°",366768.398986816,0,76554.09,11.2457658913639,"Baja","Baja","Baja","hidrofila_humedal","suelo_salino","pend_baja","prec_baja","esc_baja","aporte_bajo"
611,"Bosque Tropical","Regosol","1°-3°",NA,0,0,0,NA,"Baja","Muy Baja","forestal_conservada","suelo_infiltracion_baja","pend_baja","prec_baja","esc_baja","aporte_muy_bajo"
612,"Bosque Tropical","Phaeozem","6°-15°",504264.392272949,0,0,0,"Baja","Baja","Muy Baja","forestal_conservada","suelo_infiltracion_alta","pend_media","prec_baja","esc_baja","aporte_muy_bajo"
613,"Bosque Tropical","Regosol","1°-3°",1132926.8059082,0,76554.09,11.2457658913639,"Media","Baja","Baja","forestal_conservada","suelo_infiltracion_baja","pend_baja","prec_media","esc_baja","aporte_bajo"
614,"Pastizal","Regosol","6°-15°",1119676.59777832,350414.392242432,11002224.84,16.2136081593837,"Media","Baja","Media","agropecuaria","suelo_infiltracion_baja","pend_media","prec_media","esc_baja","aporte_medio"
615,"Sec Bosque Templado","Regosol","6°-15°",1092299.4621582,313880.712738037,1058081.98,13.8719693193267,"Media","Baja","Baja","forestal_secundaria","suelo_infiltracion_baja","pend_media","prec_media","esc_baja","aporte_bajo"
616,"Sec Bosque Templado","Cambisol","15°-35°",2809858.2199707,744201.267425537,744201.27,13.5200681451453,"Alta","Media","Baja","forestal_secundaria","suelo_infiltracion_media","pend_alta","prec_alta","esc_media","aporte_bajo"
617,"Sec Bosque Templado","Cambisol","15°-35°",1779745.59863281,438463.292358398,9115042.64,16.025436753796,"Media","Media","Media","forestal_secundaria","suelo_infiltracion_media","pend_alta","prec_media","esc_media","aporte_medio"
618,"Bosque de Encino","Cambisol","6°-15°",1071227.3963623,261318.220672607,593249.05,13.2933712585795,"Media","Baja","Baja","forestal_conservada","suelo_infiltracion_media","pend_media","prec_media","esc_baja","aporte_bajo"
619,"Sec Bosque Tropical","Regosol","6°-15°",1644798.91894531,515598.613464355,7960993.19,15.8900644482626,"Media","Media","Media","forestal_secundaria","suelo_infiltracion_baja","pend_media","prec_media","esc_media","aporte_medio"
620,"Sec Bosque Tropical","Regosol","6°-15°",1892055.0880127,615237.377807617,1840911.71,14.4257720446424,"Media","Media","Media","forestal_secundaria","suelo_infiltracion_baja","pend_media","prec_media","esc_media","aporte_medio"
621,"Sec Bosque Tropical","Phaeozem","1°-3°",1154763.55175781,370686.060211182,737342.84,13.5108096024026,"Media","Baja","Baja","forestal_secundaria","suelo_infiltracion_alta","pend_baja","prec_media","esc_baja","aporte_bajo"
622,"Sec Bosque Tropical","Phaeozem","6°-15°",1786105.15563965,543873.127716064,35155272.33,17.3752851885816,"Media","Media","Alta","forestal_secundaria","suelo_infiltracion_alta","pend_media","prec_media","esc_media","aporte_alto"
623,"Pastizal","Phaeozem","6°-15°",1175520.22497559,382162.607543945,382162.61,12.8536040943244,"Media","Media","Baja","agropecuaria","suelo_infiltracion_alta","pend_media","prec_media","esc_media","aporte_bajo"
624,"Pastizal","Cambisol","6°-15°",1352060.40393066,458072.32321167,27719342,17.1376410307064,"Media","Media","Alta","agropecuaria","suelo_infiltracion_media","pend_media","prec_media","esc_media","aporte_alto"
625,"Pastizal","Cambisol","6°-15°",2505273.51037598,794683.658752441,34611399.2,17.3596936713086,"Alta","Media","Alta","agropecuaria","suelo_infiltracion_media","pend_media","prec_alta","esc_media","aporte_alto"
626,"Sec Bosque Tropical","Luvisol","6°-15°",2088851.02624512,719434.601226807,719434.6,13.4862222947018,"Alta","Media","Baja","forestal_secundaria","suelo_infiltracion_media","pend_media","prec_alta","esc_media","aporte_bajo"
627,"Pastizal","Regosol","6°-15°",1105634.07971191,379687.396362305,379687.4,12.8471061953187,"Media","Media","Baja","agropecuaria","suelo_infiltracion_baja","pend_media","prec_media","esc_media","aporte_bajo"
628,"Pastizal","Regosol","6°-15°",1399713.6842041,413983.566589355,1654425.84,14.3189651865689,"Media","Media","Media","agropecuaria","suelo_infiltracion_baja","pend_media","prec_media","esc_media","aporte_medio"
629,"Sec Bosque Tropical","Regosol","3°-6°",722113.39440918,219628.354675293,51171009.21,17.7506837228182,"Baja","Baja","Alta","forestal_secundaria","suelo_infiltracion_baja","pend_media","prec_baja","esc_baja","aporte_alto"
630,"Sec Bosque Tropical","Phaeozem","15°-35°",1150440.53234863,341302.012695313,52815959.96,17.7823239939049,"Media","Baja","Alta","forestal_secundaria","suelo_infiltracion_alta","pend_alta","prec_media","esc_baja","aporte_alto"
631,"Sec Bosque Tropical","Regosol","6°-15°",3380246.75683594,1045570.31814575,4159381.46,15.2408771741027,"Alta","Alta","Media","forestal_secundaria","suelo_infiltracion_baja","pend_media","prec_alta","esc_alta","aporte_medio"
632,"Pastizal","Luvisol","1°-3°",658881.903808594,222138.519866943,22845143.72,16.9442491678248,"Baja","Baja","Media","agropecuaria","suelo_infiltracion_media","pend_baja","prec_baja","esc_baja","aporte_medio"
633,"Pastizal","Phaeozem","1°-3°",1454865.52978516,464903.618469238,25303246.04,17.0464432869647,"Media","Media","Alta","agropecuaria","suelo_infiltracion_alta","pend_baja","prec_media","esc_media","aporte_alto"
634,"Pastizal","Luvisol","1°-3°",2268140.00146484,728405.201965332,728405.2,13.4986141386061,"Alta","Media","Baja","agropecuaria","suelo_infiltracion_media","pend_baja","prec_alta","esc_media","aporte_bajo"
635,"Pastizal","Phaeozem","6°-15°",1969799.77661133,649512.652587891,649512.65,13.3839791310382,"Media","Media","Baja","agropecuaria","suelo_infiltracion_alta","pend_media","prec_media","esc_media","aporte_bajo"
636,"Pastizal","Phaeozem","3°-6°",1796787.56091309,565740.033996582,1227164.42,14.020217531232,"Media","Media","Baja","agropecuaria","suelo_infiltracion_alta","pend_media","prec_media","esc_media","aporte_bajo"
637,"Pastizal","Regosol","1°-3°",1388357.23840332,420672.801177979,420672.8,12.9496129904822,"Media","Media","Baja","agropecuaria","suelo_infiltracion_baja","pend_baja","prec_media","esc_media","aporte_bajo"
638,"Pastizal","Phaeozem","1°-3°",1774059.61621094,605239.882904053,1423760.99,14.1688132151304,"Media","Media","Media","agropecuaria","suelo_infiltracion_alta","pend_baja","prec_media","esc_media","aporte_medio"
639,"Pastizal","Regosol","15°-35°",1771748.71520996,472449.816772461,472449.82,13.0656889358427,"Media","Media","Baja","agropecuaria","suelo_infiltracion_baja","pend_alta","prec_media","esc_media","aporte_bajo"
640,"Sec Bosque Tropical","Regosol","15°-35°",1460746.22045898,377113.179199219,377113.18,12.8403032852974,"Media","Media","Baja","forestal_secundaria","suelo_infiltracion_baja","pend_alta","prec_media","esc_media","aporte_bajo"
641,"Sec Bosque Tropical","Phaeozem","1°-3°",105514.791503906,27020.5680236816,8576364.35,15.9645207628312,"Baja","Baja","Media","forestal_secundaria","suelo_infiltracion_alta","pend_baja","prec_baja","esc_baja","aporte_medio"
642,"Sec Bosque Tropical","Regosol","6°-15°",1368405.18310547,406014.28237915,122382775.93,18.6226642067855,"Media","Media","Alta","forestal_secundaria","suelo_infiltracion_baja","pend_media","prec_media","esc_media","aporte_alto"
643,"Sec Bosque Tropical","Phaeozem","15°-35°",1853166.29064941,496282.15814209,65682061.47,18.000336424412,"Media","Media","Alta","forestal_secundaria","suelo_infiltracion_alta","pend_alta","prec_media","esc_media","aporte_alto"
644,"Sec Bosque Tropical","Regosol","15°-35°",6833072.69921875,2026712.33319092,8549343.78,15.9613652040583,"Alta","Alta","Media","forestal_secundaria","suelo_infiltracion_baja","pend_alta","prec_alta","esc_alta","aporte_medio"
645,"Pastizal","Regosol","15°-35°",2289623.3425293,745283.275512695,745283.28,13.5215210084697,"Alta","Media","Baja","agropecuaria","suelo_infiltracion_baja","pend_alta","prec_alta","esc_media","aporte_bajo"
646,"Pastizal","Regosol","6°-15°",2438882.92272949,775574.011993408,52499177.57,17.7763080811537,"Alta","Media","Alta","agropecuaria","suelo_infiltracion_baja","pend_media","prec_alta","esc_media","aporte_alto"
647,"Pastizal","Regosol","6°-15°",765486.393554688,219002.305999756,96767067.5,18.3878172929189,"Baja","Baja","Alta","agropecuaria","suelo_infiltracion_baja","pend_media","prec_baja","esc_baja","aporte_alto"
648,"Sec Bosque Tropical","Leptosol","15°-35°",2286757.85021973,631631.313415527,15526069.7,16.5580311495893,"Alta","Media","Media","forestal_secundaria","suelo_infiltracion_baja","pend_alta","prec_alta","esc_media","aporte_medio"
649,"Pastizal","Leptosol","15°-35°",547234.920654297,155189.888397217,15944606.96,16.5846312711062,"Baja","Baja","Media","agropecuaria","suelo_infiltracion_baja","pend_alta","prec_baja","esc_baja","aporte_medio"
650,"Pastizal","Phaeozem","6°-15°",2479697.20117188,712876.338256836,32602090.26,17.2998869933592,"Alta","Media","Alta","agropecuaria","suelo_infiltracion_alta","pend_media","prec_alta","esc_media","aporte_alto"
651,"Sec Bosque Tropical","Leptosol","15°-35°",1059904.38366699,287370.090393066,33461666.13,17.3259110768484,"Media","Baja","Alta","forestal_secundaria","suelo_infiltracion_baja","pend_alta","prec_media","esc_baja","aporte_alto"
652,"Sec Bosque Tropical","Phaeozem","15°-35°",360204.149658203,97911.9588623047,33559578.09,17.3288328974703,"Baja","Baja","Alta","forestal_secundaria","suelo_infiltracion_alta","pend_alta","prec_baja","esc_baja","aporte_alto"
653,"Sec Bosque Tropical","Phaeozem","1°-3°",673803.388793945,177657.656677246,8754022.01,15.9850239252422,"Baja","Baja","Media","forestal_secundaria","suelo_infiltracion_alta","pend_baja","prec_baja","esc_baja","aporte_medio"
654,"Sec Bosque Tropical","Phaeozem","6°-15°",704191.244506836,211419.937438965,121707623.4,18.6171322051326,"Baja","Baja","Alta","forestal_secundaria","suelo_infiltracion_alta","pend_media","prec_baja","esc_baja","aporte_alto"
655,"Sec Bosque Tropical","Leptosol","15°-35°",939234.231689453,269138.249725342,269138.25,12.5029841826379,"Baja","Baja","Baja","forestal_secundaria","suelo_infiltracion_baja","pend_alta","prec_baja","esc_baja","aporte_bajo"
656,"Sec Bosque Tropical","Phaeozem","15°-35°",606267.03137207,173496.824462891,173496.82,12.0639203134486,"Baja","Baja","Baja","forestal_secundaria","suelo_infiltracion_alta","pend_alta","prec_baja","esc_baja","aporte_bajo"
657,"Sec Bosque Tropical","Phaeozem","15°-35°",804183.524169922,240984.711669922,121496203.46,18.6153935812446,"Baja","Baja","Alta","forestal_secundaria","suelo_infiltracion_alta","pend_alta","prec_baja","esc_baja","aporte_alto"
658,"Sec Bosque Tropical","Leptosol","15°-35°",845077.382080078,254644.002166748,254644,12.4476256973271,"Baja","Baja","Baja","forestal_secundaria","suelo_infiltracion_baja","pend_alta","prec_baja","esc_baja","aporte_bajo"
659,"Sec Bosque Tropical","Phaeozem","15°-35°",2573114.60144043,769354.464569092,1331385.55,14.1017314759496,"Alta","Media","Baja","forestal_secundaria","suelo_infiltracion_alta","pend_alta","prec_alta","esc_media","aporte_bajo"
660,"Pastizal","Regosol","6°-15°",908099.494018555,263347.373413086,15789417.07,16.5748505312145,"Baja","Baja","Media","agropecuaria","suelo_infiltracion_baja","pend_media","prec_baja","esc_baja","aporte_medio"
661,"Sec Bosque Templado","Leptosol","15°-35°",1225603.90771484,331801.470031738,807875.9,13.6021649744114,"Media","Baja","Baja","forestal_secundaria","suelo_infiltracion_baja","pend_alta","prec_media","esc_baja","aporte_bajo"
662,"Pastizal","Leptosol","6°-15°",394021.388549805,102833.075317383,1570931.85,14.2671801728487,"Baja","Baja","Media","agropecuaria","suelo_infiltracion_baja","pend_media","prec_baja","esc_baja","aporte_medio"
663,"Sec Bosque Tropical","Regosol","6°-15°",2751651.12402344,786737.960754395,786737.96,13.5756517824164,"Alta","Media","Baja","forestal_secundaria","suelo_infiltracion_baja","pend_media","prec_alta","esc_media","aporte_bajo"
664,"Sec Bosque Tropical","Regosol","6°-15°",2257069.76489258,564976.003540039,257588765.54,19.3668749430914,"Alta","Media","Alta","forestal_secundaria","suelo_infiltracion_baja","pend_media","prec_alta","esc_media","aporte_alto"
665,"Sec Bosque Tropical","Regosol","15°-35°",2565265.0345459,596131.92616272,259307253.32,19.3735242266698,"Alta","Media","Alta","forestal_secundaria","suelo_infiltracion_baja","pend_alta","prec_alta","esc_media","aporte_alto"
666,"Sec Bosque Tropical","Phaeozem","6°-15°",1305040.28845215,293369.703155518,293369.7,12.589192276037,"Media","Baja","Baja","forestal_secundaria","suelo_infiltracion_alta","pend_media","prec_media","esc_baja","aporte_bajo"
667,"Sec Bosque Tropical","Leptosol","15°-35°",1530573.01525879,396955.413543701,36232498.71,17.4054670560749,"Media","Media","Alta","forestal_secundaria","suelo_infiltracion_baja","pend_alta","prec_media","esc_media","aporte_alto"
668,"Pastizal","Leptosol","6°-15°",2284809.01916504,595914.180419922,48264238.43,17.6922014599308,"Alta","Media","Alta","agropecuaria","suelo_infiltracion_baja","pend_media","prec_alta","esc_media","aporte_alto"
669,"Sec Bosque Tropical","Phaeozem","15°-35°",4117315.8873291,1072610.27435303,1072610.27,13.8856066726546,"Alta","Alta","Baja","forestal_secundaria","suelo_infiltracion_alta","pend_alta","prec_alta","esc_alta","aporte_bajo"
670,"Pastizal","Phaeozem","3°-6°",520812.165283203,101806.580429077,11388316.48,16.24809860546,"Baja","Baja","Media","agropecuaria","suelo_infiltracion_alta","pend_media","prec_baja","esc_baja","aporte_medio"
671,"Pastizal","Phaeozem","6°-15°",1819598.47424316,410131.12562561,410131.13,12.9242346550559,"Media","Media","Baja","agropecuaria","suelo_infiltracion_alta","pend_media","prec_media","esc_media","aporte_bajo"
672,"Sec Bosque Tropical","Regosol","6°-15°",747975.081054688,175073.190368652,5302743.99,15.4837351670882,"Baja","Baja","Media","forestal_secundaria","suelo_infiltracion_baja","pend_media","prec_baja","esc_baja","aporte_medio"
673,"Sec Bosque Tropical","Phaeozem","6°-15°",1836177.26464844,473649.753540039,473649.75,13.0682255147501,"Media","Media","Baja","forestal_secundaria","suelo_infiltracion_alta","pend_media","prec_media","esc_media","aporte_bajo"
674,"Pastizal","Regosol","6°-15°",691001.639404297,125364.61126709,12622440.8,16.3509868828906,"Baja","Baja","Media","agropecuaria","suelo_infiltracion_baja","pend_media","prec_baja","esc_baja","aporte_medio"
675,"Pastizal","Phaeozem","6°-15°",871725.157714844,146308.434875488,12768749.24,16.362511356344,"Baja","Baja","Media","agropecuaria","suelo_infiltracion_alta","pend_media","prec_baja","esc_baja","aporte_medio"
676,"Sec Bosque Tropical","Regosol","15°-35°",1035637.72277832,296913.655517578,296913.66,12.6012000364274,"Baja","Baja","Baja","forestal_secundaria","suelo_infiltracion_baja","pend_alta","prec_baja","esc_baja","aporte_bajo"
677,"Sec Bosque Tropical","Phaeozem","1°-3°",303360.167480469,66708.339050293,19284443.65,16.7748093522173,"Baja","Baja","Media","forestal_secundaria","suelo_infiltracion_alta","pend_baja","prec_baja","esc_baja","aporte_medio"
678,"Sec Bosque Tropical","Regosol","3°-6°",743549.518066406,158540.729370117,158540.73,11.9737731184043,"Baja","Baja","Baja","forestal_secundaria","suelo_infiltracion_baja","pend_media","prec_baja","esc_baja","aporte_bajo"
679,"Pastizal","Phaeozem","1°-3°",540048.585083008,123860.177612305,18928373.79,16.7561726658284,"Baja","Baja","Media","agropecuaria","suelo_infiltracion_alta","pend_baja","prec_baja","esc_baja","aporte_medio"
680,"Pastizal","Cambisol","6°-15°",1533221.06140137,396470.432922363,1380566.04,14.1380048712884,"Media","Media","Media","agropecuaria","suelo_infiltracion_media","pend_media","prec_media","esc_media","aporte_medio"
681,"Pastizal","Regosol","3°-6°",681662.166015625,169657.652038574,18249196.74,16.7196316775745,"Baja","Baja","Media","agropecuaria","suelo_infiltracion_baja","pend_media","prec_baja","esc_baja","aporte_medio"
682,"Pastizal","Cambisol","3°-6°",514675.818237305,129321.125427246,18656553.8,16.7417081061121,"Baja","Baja","Media","agropecuaria","suelo_infiltracion_media","pend_media","prec_baja","esc_baja","aporte_medio"
683,"Pastizal","Phaeozem","1°-3°",563454.092285156,130820.791351318,19059194.58,16.7630602506827,"Baja","Baja","Media","agropecuaria","suelo_infiltracion_alta","pend_baja","prec_baja","esc_baja","aporte_medio"
684,"Pastizal","Phaeozem","3°-6°",54491.4279785156,12785.056427002,18669338.86,16.7423931565639,"Baja","Baja","Media","agropecuaria","suelo_infiltracion_alta","pend_media","prec_baja","esc_baja","aporte_medio"
685,"Pastizal","Regosol","3°-6°",544798.956787109,135174.749267578,135174.75,11.814331062598,"Baja","Baja","Baja","agropecuaria","suelo_infiltracion_baja","pend_media","prec_baja","esc_baja","aporte_bajo"
686,"Pastizal","Phaeozem","6°-15°",285793.508300781,54535.2188110352,2000692.36,14.5090043584446,"Baja","Baja","Media","agropecuaria","suelo_infiltracion_alta","pend_media","prec_baja","esc_baja","aporte_medio"
687,"Pastizal","Phaeozem","3°-6°",2090476.97570801,393784.150177002,1317000.15,14.0908678539217,"Alta","Media","Baja","agropecuaria","suelo_infiltracion_alta","pend_media","prec_alta","esc_media","aporte_bajo"
688,"Pastizal","Phaeozem","3°-6°",312360.672973633,60344.681350708,1728100.54,14.3625339881938,"Baja","Baja","Media","agropecuaria","suelo_infiltracion_alta","pend_media","prec_baja","esc_baja","aporte_medio"
689,"Pastizal","Regosol","3°-6°",4544534.43041992,908557.817550659,923216,13.7356195887779,"Alta","Media","Baja","agropecuaria","suelo_infiltracion_baja","pend_media","prec_alta","esc_media","aporte_bajo"
690,"Sec Bosque Tropical","Regosol","6°-15°",2844293.34875488,430213.880493164,21717310.39,16.8936202603772,"Alta","Media","Media","forestal_secundaria","suelo_infiltracion_baja","pend_media","prec_alta","esc_media","aporte_medio"
691,"Sec Bosque Tropical","Regosol","3°-6°",671410.923217773,132233.664550781,132233.66,11.7923333505543,"Baja","Baja","Baja","forestal_secundaria","suelo_infiltracion_baja","pend_media","prec_baja","esc_baja","aporte_bajo"
692,"Sec Bosque Tropical","Regosol","3°-6°",1984052.66943359,399987.548736572,1974771.38,14.4959636990426,"Alta","Media","Media","forestal_secundaria","suelo_infiltracion_baja","pend_media","prec_alta","esc_media","aporte_medio"
693,"Sec Bosque Tropical","Cambisol","6°-15°",2236670.39465332,359001.964866638,359001.96,12.7910859125618,"Alta","Baja","Baja","forestal_secundaria","suelo_infiltracion_media","pend_media","prec_alta","esc_baja","aporte_bajo"
694,"Sec Bosque Tropical","Regosol","6°-15°",3263230.42053223,490227.984970093,490227.98,13.1026278670558,"Alta","Media","Baja","forestal_secundaria","suelo_infiltracion_baja","pend_media","prec_alta","esc_media","aporte_bajo"
695,"Sec Bosque Tropical","Regosol","6°-15°",427247.268737793,13247.1401834488,13247.14,9.49161244420205,"Baja","Baja","Baja","forestal_secundaria","suelo_infiltracion_baja","pend_media","prec_baja","esc_baja","aporte_bajo"
696,"Sec Bosque Tropical","Phaeozem","6°-15°",517729.795410156,13834.4587917328,362016998.34,19.7072017281902,"Baja","Baja","Alta","forestal_secundaria","suelo_infiltracion_alta","pend_media","prec_baja","esc_baja","aporte_alto"
697,"Sec Bosque Tropical","Phaeozem","6°-15°",987504.17565918,37348.7430676222,362689057.21,19.709056436194,"Baja","Baja","Alta","forestal_secundaria","suelo_infiltracion_alta","pend_media","prec_baja","esc_baja","aporte_alto"
698,"Pastizal","Regosol","6°-15°",1193296.06439209,38513.1908691637,38513.19,10.5587820237987,"Media","Baja","Baja","agropecuaria","suelo_infiltracion_baja","pend_media","prec_media","esc_baja","aporte_bajo"
699,"Sec Bosque Tropical","Phaeozem","6°-15°",247881.40045166,1053.97324299812,363148844.07,19.7103233497002,"Baja","Baja","Alta","forestal_secundaria","suelo_infiltracion_alta","pend_media","prec_baja","esc_baja","aporte_alto"
700,"Sec Bosque Tropical","Regosol","6°-15°",302971.539733887,14773.457075119,68783.17,11.138728910238,"Baja","Baja","Baja","forestal_secundaria","suelo_infiltracion_baja","pend_media","prec_baja","esc_baja","aporte_bajo"
701,"Bosque Tropical","Regosol","15°-35°",2532713.77050781,25941.0833465261,366124850.77,19.7184849582504,"Alta","Baja","Alta","forestal_conservada","suelo_infiltracion_baja","pend_alta","prec_alta","esc_baja","aporte_alto"
702,"Sec Bosque Tropical","Regosol","6°-15°",803102.050109863,599.89662194252,983695.71,13.7990729069797,"Baja","Baja","Baja","forestal_secundaria","suelo_infiltracion_baja","pend_media","prec_baja","esc_baja","aporte_bajo"
703,"Sec Bosque Tropical","Phaeozem","6°-15°",615113.730163574,61349.0469894409,362962834.98,19.7098110067675,"Baja","Baja","Alta","forestal_secundaria","suelo_infiltracion_alta","pend_media","prec_baja","esc_baja","aporte_alto"
704,"Bosque Tropical","Regosol","1°-3°",538573.316833496,0,0,0,"Baja","Baja","Muy Baja","forestal_conservada","suelo_infiltracion_baja","pend_baja","prec_baja","esc_baja","aporte_muy_bajo"
705,"Bosque Tropical","Regosol","1°-3°",696806.784118652,0,0,0,"Baja","Baja","Muy Baja","forestal_conservada","suelo_infiltracion_baja","pend_baja","prec_baja","esc_baja","aporte_muy_bajo"
706,"Bosque Tropical","Cambisol","6°-15°",849908.542785645,0,0,0,"Baja","Baja","Muy Baja","forestal_conservada","suelo_infiltracion_media","pend_media","prec_baja","esc_baja","aporte_muy_bajo"
707,"Pastizal","Cambisol","6°-15°",1299278.09002686,17953.7735137045,44962.49,10.7136061061101,"Media","Baja","Baja","agropecuaria","suelo_infiltracion_media","pend_media","prec_media","esc_baja","aporte_bajo"
708,"Pastizal","Phaeozem","6°-15°",531727.778076172,0.584499001502991,44963.07,10.7136190053815,"Baja","Baja","Baja","agropecuaria","suelo_infiltracion_alta","pend_media","prec_baja","esc_baja","aporte_bajo"
709,"Pastizal","Regosol","6°-15°",895258.704162598,27008.7233734131,27008.72,10.203952080202,"Baja","Baja","Baja","agropecuaria","suelo_infiltracion_baja","pend_media","prec_baja","esc_baja","aporte_bajo"
710,"Pastizal","Phaeozem","1°-3°",636430.945617676,0,297708.23,12.6038725508901,"Baja","Baja","Baja","agropecuaria","suelo_infiltracion_alta","pend_baja","prec_baja","esc_baja","aporte_bajo"
711,"Pastizal","Regosol","6°-15°",716759.372924805,431.976251274347,297703.91,12.6038580399817,"Baja","Baja","Baja","agropecuaria","suelo_infiltracion_baja","pend_media","prec_baja","esc_baja","aporte_bajo"
712,"Pastizal","Regosol","6°-15°",1410203.83349609,24087.9333885908,297271.93,12.602405952032,"Media","Baja","Baja","agropecuaria","suelo_infiltracion_baja","pend_media","prec_media","esc_baja","aporte_bajo"
713,"Agricultura","Phaeozem","1°-3°",3444186.90637207,5254.85116833777,367385957.03,19.7219235101728,"Alta","Baja","Alta","agropecuaria","suelo_infiltracion_alta","pend_baja","prec_alta","esc_baja","aporte_alto"
714,"Bosque de Encino","Cambisol","15°-35°",804640.793457031,205142.479431152,205142.48,12.2314649157421,"Baja","Baja","Baja","forestal_conservada","suelo_infiltracion_media","pend_alta","prec_baja","esc_baja","aporte_bajo"
715,"Bosque de Encino","Cambisol","6°-15°",800982.360229492,196018.837142944,401161.32,12.9021214124141,"Baja","Baja","Baja","forestal_conservada","suelo_infiltracion_media","pend_media","prec_baja","esc_baja","aporte_bajo"
716,"Bosque de Encino","Cambisol","15°-35°",159441.066040039,40537.5240783691,829992.69,13.6291733773342,"Baja","Baja","Baja","forestal_conservada","suelo_infiltracion_media","pend_alta","prec_baja","esc_baja","aporte_bajo"
717,"Bosque de Encino","Cambisol","6°-15°",879085.665649414,243651.473144531,243651.47,12.4034981857126,"Baja","Baja","Baja","forestal_conservada","suelo_infiltracion_media","pend_media","prec_baja","esc_baja","aporte_bajo"
718,"Bosque de Encino","Cambisol","15°-35°",906093.290527344,232944.174407959,673338.72,13.4200052658128,"Baja","Baja","Baja","forestal_conservada","suelo_infiltracion_media","pend_alta","prec_baja","esc_baja","aporte_bajo"
719,"Bosque de Encino","Cambisol","6°-15°",116137.992797852,26847.5213012695,700186.24,13.4591030639719,"Baja","Baja","Baja","forestal_conservada","suelo_infiltracion_media","pend_media","prec_baja","esc_baja","aporte_bajo"
720,"Bosque de Encino","Cambisol","15°-35°",651315.456787109,174151.792327881,174151.79,12.0676882963377,"Baja","Baja","Baja","forestal_conservada","suelo_infiltracion_media","pend_alta","prec_baja","esc_baja","aporte_bajo"
721,"Bosque de Encino","Cambisol","15°-35°",932686.685668945,210735.950073242,210735.95,12.2583659522387,"Baja","Baja","Baja","forestal_conservada","suelo_infiltracion_media","pend_alta","prec_baja","esc_baja","aporte_bajo"
722,"Bosque de Encino","Cambisol","15°-35°",1111620.04516602,253851.583526611,253851.58,12.4445089838063,"Media","Baja","Baja","forestal_conservada","suelo_infiltracion_media","pend_alta","prec_media","esc_baja","aporte_bajo"
723,"Bosque de Encino","Cambisol","15°-35°",709799.961669922,159847.81338501,3364035.58,15.0286521739754,"Baja","Baja","Media","forestal_conservada","suelo_infiltracion_media","pend_alta","prec_baja","esc_baja","aporte_medio"
724,"Bosque de Encino","Cambisol","15°-35°",976464.705078125,221775.598892212,3939437.39,15.1865487305051,"Baja","Baja","Media","forestal_conservada","suelo_infiltracion_media","pend_alta","prec_baja","esc_baja","aporte_medio"
725,"Bosque de Encino","Cambisol","15°-35°",680906.327758789,167190.342956543,167190.34,12.026894184033,"Baja","Baja","Baja","forestal_conservada","suelo_infiltracion_media","pend_alta","prec_baja","esc_baja","aporte_bajo"
726,"Bosque de Encino","Cambisol","6°-15°",1286820.93237305,302184.258178711,7064661.4,15.7706157881041,"Media","Baja","Media","forestal_conservada","suelo_infiltracion_media","pend_media","prec_media","esc_baja","aporte_medio"
727,"Bosque de Encino","Cambisol","15°-35°",817028.880981445,188184.824249268,188184.82,12.1451851579176,"Baja","Baja","Baja","forestal_conservada","suelo_infiltracion_media","pend_alta","prec_baja","esc_baja","aporte_bajo"
728,"Bosque de Encino","Cambisol","6°-15°",812440.400268555,191560.349182129,8076354.68,15.9044512990498,"Baja","Baja","Media","forestal_conservada","suelo_infiltracion_media","pend_media","prec_baja","esc_baja","aporte_medio"
729,"Bosque de Encino","Cambisol","6°-15°",1815033.58154297,418391.607513428,1085557.21,13.8976048919203,"Media","Media","Baja","forestal_conservada","suelo_infiltracion_media","pend_media","prec_media","esc_media","aporte_bajo"
730,"Sec Bosque Templado","Regosol","15°-35°",3538267.1640625,939217.480895996,3832637.89,15.1590641291236,"Alta","Alta","Media","forestal_secundaria","suelo_infiltracion_baja","pend_alta","prec_alta","esc_alta","aporte_medio"
731,"Sec Bosque Tropical","Regosol","3°-6°",1036990.29040527,338400.261291504,6021257.98,15.6108069283101,"Baja","Baja","Media","forestal_secundaria","suelo_infiltracion_baja","pend_media","prec_baja","esc_baja","aporte_medio"
732,"Sec Bosque Tropical","Regosol","15°-35°",940643.668457031,285736.54876709,285736.55,12.5628290111541,"Baja","Baja","Baja","forestal_secundaria","suelo_infiltracion_baja","pend_alta","prec_baja","esc_baja","aporte_bajo"
733,"Sec Bosque Tropical","Luvisol","6°-15°",457996.557006836,148401.136199951,14973550.87,16.5217959941178,"Baja","Baja","Media","forestal_secundaria","suelo_infiltracion_media","pend_media","prec_baja","esc_baja","aporte_medio"
734,"Pastizal","Luvisol","6°-15°",188178.141235352,58002.2632751465,1190370.54,13.9897760348451,"Baja","Baja","Baja","agropecuaria","suelo_infiltracion_media","pend_media","prec_baja","esc_baja","aporte_bajo"
735,"Pastizal","Luvisol","15°-35°",827674.692260742,241441.258575439,241441.26,12.3943856344615,"Baja","Baja","Baja","agropecuaria","suelo_infiltracion_media","pend_alta","prec_baja","esc_baja","aporte_bajo"
736,"Pastizal","Luvisol","6°-15°",1651367.29931641,536649.282623291,14669103.42,16.5012540998575,"Media","Media","Media","agropecuaria","suelo_infiltracion_media","pend_media","prec_media","esc_media","aporte_medio"
737,"Pastizal","Luvisol","6°-15°",864487.307983399,265907.735412598,16514242.97,16.6197338373759,"Baja","Baja","Media","agropecuaria","suelo_infiltracion_media","pend_media","prec_baja","esc_baja","aporte_medio"
738,"Bosque de Encino","Regosol","6°-15°",1380486.67297363,345715.895446777,345715.9,12.7533755110324,"Media","Baja","Baja","forestal_conservada","suelo_infiltracion_baja","pend_media","prec_media","esc_baja","aporte_bajo"
739,"Bosque de Encino","Regosol","6°-15°",659535.194824219,186927.190551758,532643.09,13.1856087315117,"Baja","Baja","Baja","forestal_conservada","suelo_infiltracion_baja","pend_media","prec_baja","esc_baja","aporte_bajo"
740,"Sec Bosque Tropical","Regosol","6°-15°",3747847.47546387,1114257.32235718,2418836.62,14.6987976604271,"Alta","Alta","Media","forestal_secundaria","suelo_infiltracion_baja","pend_media","prec_alta","esc_alta","aporte_medio"
741,"Sec Bosque Tropical","Regosol","6°-15°",1641512.24536133,456915.805053711,456915.81,13.032256618295,"Media","Media","Baja","forestal_secundaria","suelo_infiltracion_baja","pend_media","prec_media","esc_media","aporte_bajo"
742,"Pastizal","Luvisol","3°-6°",1016379.99328613,341032.3203125,16855275.29,16.6401742986844,"Baja","Baja","Media","agropecuaria","suelo_infiltracion_media","pend_media","prec_baja","esc_baja","aporte_medio"
743,"Pastizal","Phaeozem","6°-15°",1373749.00463867,466100.702911377,466100.7,13.0521591296402,"Media","Media","Baja","agropecuaria","suelo_infiltracion_alta","pend_media","prec_media","esc_media","aporte_bajo"
744,"Pastizal","Luvisol","1°-3°",468376.099487305,162655.637481689,19153900.35,16.7680169786902,"Baja","Baja","Media","agropecuaria","suelo_infiltracion_media","pend_baja","prec_baja","esc_baja","aporte_medio"
745,"Pastizal","Luvisol","6°-15°",617746.731201172,212933.834320068,1776547.68,14.3901830962631,"Baja","Baja","Media","agropecuaria","suelo_infiltracion_media","pend_media","prec_baja","esc_baja","aporte_medio"
746,"Pastizal","Luvisol","15°-35°",2060905.40649414,682781.550292969,682781.55,13.4339317130439,"Alta","Media","Baja","agropecuaria","suelo_infiltracion_media","pend_alta","prec_alta","esc_media","aporte_bajo"
747,"Sec Bosque Tropical","Regosol","6°-15°",535443.339233398,181358.460327148,6211572,15.6419247229616,"Baja","Baja","Media","forestal_secundaria","suelo_infiltracion_baja","pend_media","prec_baja","esc_baja","aporte_medio"
748,"Sec Bosque Tropical","Luvisol","15°-35°",1200264.21728516,366004.689819336,366004.69,12.8104041587107,"Media","Baja","Baja","forestal_secundaria","suelo_infiltracion_media","pend_alta","prec_media","esc_baja","aporte_bajo"
749,"Sec Bosque Tropical","Luvisol","6°-15°",1187449.89416504,360451.257171631,3387983.09,15.0357456387572,"Media","Baja","Media","forestal_secundaria","suelo_infiltracion_media","pend_media","prec_media","esc_baja","aporte_medio"
750,"Sec Bosque Tropical","Luvisol","15°-35°",1061524.56616211,290824.036010742,1147812.79,13.9533696388724,"Media","Baja","Baja","forestal_secundaria","suelo_infiltracion_media","pend_alta","prec_media","esc_baja","aporte_bajo"
751,"Sec Bosque Tropical","Luvisol","15°-35°",2025923.69580078,538259.081329346,856988.75,13.6611812371817,"Alta","Media","Baja","forestal_secundaria","suelo_infiltracion_media","pend_alta","prec_alta","esc_media","aporte_bajo"
752,"Sec Bosque Tropical","Phaeozem","6°-15°",1160311.47802734,366656.780212402,366656.78,12.8121842124431,"Media","Baja","Baja","forestal_secundaria","suelo_infiltracion_alta","pend_media","prec_media","esc_baja","aporte_bajo"
753,"Sec Bosque Tropical","Regosol","15°-35°",1060640.43066406,328050.011230469,2175642.28,14.5928349396958,"Media","Baja","Media","forestal_secundaria","suelo_infiltracion_baja","pend_alta","prec_media","esc_baja","aporte_medio"
754,"Sec Bosque Tropical","Regosol","6°-15°",2745625.55847168,807848.133575439,1847592.27,14.4293944149686,"Alta","Media","Media","forestal_secundaria","suelo_infiltracion_baja","pend_media","prec_alta","esc_media","aporte_medio"
755,"Sec Bosque Tropical","Regosol","15°-35°",3497376.98730469,1039744.13253784,1039744.13,13.854486173776,"Alta","Alta","Baja","forestal_secundaria","suelo_infiltracion_baja","pend_alta","prec_alta","esc_alta","aporte_bajo"
756,"Sec Bosque Tropical","Regosol","15°-35°",1074802.58435059,306626.149047852,306626.15,12.6333877933585,"Media","Baja","Baja","forestal_secundaria","suelo_infiltracion_baja","pend_alta","prec_media","esc_baja","aporte_bajo"
757,"Sec Bosque Tropical","Regosol","15°-35°",547543.503051758,161154.640441895,161154.64,11.9901258850798,"Baja","Baja","Baja","forestal_secundaria","suelo_infiltracion_baja","pend_alta","prec_baja","esc_baja","aporte_bajo"
758,"Sec Bosque Tropical","Regosol","6°-15°",1765769.72875977,517519.139526367,11680898.62,16.2734655546586,"Media","Media","Media","forestal_secundaria","suelo_infiltracion_baja","pend_media","prec_media","esc_media","aporte_medio"
759,"Sec Bosque Tropical","Luvisol","6°-15°",915221.917114258,276174.379394531,3027531.83,14.9232585982812,"Baja","Baja","Media","forestal_secundaria","suelo_infiltracion_media","pend_media","prec_baja","esc_baja","aporte_medio"
760,"Sec Bosque Tropical","Luvisol","6°-15°",745317.590942383,223815.033081055,2751357.45,14.8276053294921,"Baja","Baja","Media","forestal_secundaria","suelo_infiltracion_media","pend_media","prec_baja","esc_baja","aporte_medio"
761,"Pastizal","Regosol","6°-15°",1161811.86877441,355821.941192627,5322353.17,15.4874262765956,"Media","Baja","Media","agropecuaria","suelo_infiltracion_baja","pend_media","prec_media","esc_baja","aporte_medio"
762,"Sec Bosque Templado","Regosol","6°-15°",2958526.42199707,802797.898040771,3958149.93,15.191287537313,"Alta","Media","Media","forestal_secundaria","suelo_infiltracion_baja","pend_media","prec_alta","esc_media","aporte_medio"
763,"Sec Bosque Templado","Regosol","6°-15°",345620.212890625,88709.5226745605,88709.52,11.3931337632943,"Baja","Baja","Baja","forestal_secundaria","suelo_infiltracion_baja","pend_media","prec_baja","esc_baja","aporte_bajo"
764,"Sec Bosque Templado","Regosol","15°-35°",630587.813842773,162092.091522217,1438384.38,14.1790317785766,"Baja","Baja","Media","forestal_secundaria","suelo_infiltracion_baja","pend_alta","prec_baja","esc_baja","aporte_medio"
765,"Sec Bosque Templado","Regosol","15°-35°",6531989.0592041,1724020.52172852,1023802.45,13.8390351227987,"Alta","Alta","Baja","forestal_secundaria","suelo_infiltracion_baja","pend_alta","prec_alta","esc_alta","aporte_bajo"
766,"Sec Bosque Templado","Regosol","6°-15°",814106.750854492,208533.844848633,815268.61,13.6112741473334,"Baja","Baja","Baja","forestal_secundaria","suelo_infiltracion_baja","pend_media","prec_baja","esc_baja","aporte_bajo"
767,"Pastizal","Regosol","15°-35°",1003296.94335938,301908.615112305,53117868.58,17.78802395653,"Baja","Baja","Alta","agropecuaria","suelo_infiltracion_baja","pend_alta","prec_baja","esc_baja","aporte_alto"
768,"Pastizal","Regosol","15°-35°",762651.343505859,216639.820678711,1240442.27,14.0309793495084,"Baja","Baja","Baja","agropecuaria","suelo_infiltracion_baja","pend_alta","prec_baja","esc_baja","aporte_bajo"
769,"Sec Bosque Tropical","Regosol","1°-3°",2340125.20996094,644057.025421143,644057.03,13.3755441097226,"Alta","Media","Baja","forestal_secundaria","suelo_infiltracion_baja","pend_baja","prec_alta","esc_media","aporte_bajo"
770,"Sec Bosque Tropical","Regosol","1°-3°",1150071.5144043,313406.434936523,313406.43,12.6552593163448,"Media","Baja","Baja","forestal_secundaria","suelo_infiltracion_baja","pend_baja","prec_media","esc_baja","aporte_bajo"
771,"Sec Bosque Tropical","Regosol","15°-35°",1285654.79821777,385438.000671387,978968.27,13.7942555318474,"Media","Media","Baja","forestal_secundaria","suelo_infiltracion_baja","pend_alta","prec_media","esc_media","aporte_bajo"
772,"Sec Bosque Tropical","Regosol","15°-35°",804130.370361328,245815.860015869,1538190.56,14.2461179726573,"Baja","Baja","Media","forestal_secundaria","suelo_infiltracion_baja","pend_alta","prec_baja","esc_baja","aporte_medio"
773,"Pastizal","Luvisol","1°-3°",1113726.47937012,374066.458099365,3222850.33,14.9857770319024,"Media","Media","Media","agropecuaria","suelo_infiltracion_media","pend_baja","prec_media","esc_media","aporte_medio"
774,"Pastizal","Luvisol","15°-35°",1689373.34887695,574109.03314209,901554.03,13.7118763624691,"Media","Media","Baja","agropecuaria","suelo_infiltracion_media","pend_alta","prec_media","esc_media","aporte_bajo"
775,"Sec Bosque Tropical","Regosol","6°-15°",6684956.02941895,2201000.30584717,4517916.18,15.3235616447221,"Alta","Alta","Media","forestal_secundaria","suelo_infiltracion_baja","pend_media","prec_alta","esc_alta","aporte_medio"
776,"Pastizal","Phaeozem","6°-15°",952344.762573242,308085.175323486,308085.18,12.6381348280123,"Baja","Baja","Baja","agropecuaria","suelo_infiltracion_alta","pend_media","prec_baja","esc_baja","aporte_bajo"
777,"Pastizal","Phaeozem","1°-3°",566870.405029297,184389.124572754,184389.12,12.1248090094935,"Baja","Baja","Baja","agropecuaria","suelo_infiltracion_alta","pend_baja","prec_baja","esc_baja","aporte_bajo"
778,"Sec Bosque Tropical","Regosol","6°-15°",359225.124633789,92718.0311279297,1794328.6,14.4001420282486,"Baja","Baja","Media","forestal_secundaria","suelo_infiltracion_baja","pend_media","prec_baja","esc_baja","aporte_medio"
779,"Pastizal","Regosol","6°-15°",4297029.39978027,1182511.47375488,11911138.01,16.2929845715195,"Alta","Alta","Media","agropecuaria","suelo_infiltracion_baja","pend_media","prec_alta","esc_alta","aporte_medio"
780,"Sec Bosque Templado","Regosol","6°-15°",1599515.64453125,440775.490386963,2036808.97,14.5268954017065,"Media","Media","Media","forestal_secundaria","suelo_infiltracion_baja","pend_media","prec_media","esc_media","aporte_medio"
781,"Pastizal","Regosol","6°-15°",1093886.4942627,312031.886047363,565454.32,13.245386561691,"Media","Baja","Baja","agropecuaria","suelo_infiltracion_baja","pend_media","prec_media","esc_baja","aporte_bajo"
782,"Pastizal","Leptosol","15°-35°",1187512.98547363,365321.352783203,365321.35,12.8085353935014,"Media","Baja","Baja","agropecuaria","suelo_infiltracion_baja","pend_alta","prec_media","esc_baja","aporte_bajo"
783,"Pastizal","Phaeozem","6°-15°",1108476.82189941,331172.506774902,661424.39,13.4021524670603,"Media","Baja","Baja","agropecuaria","suelo_infiltracion_alta","pend_media","prec_media","esc_baja","aporte_bajo"
784,"Sec Bosque Tropical","Regosol","6°-15°",4422203.67749023,1249367.14529419,1249367.15,14.0381485014804,"Alta","Alta","Baja","forestal_secundaria","suelo_infiltracion_baja","pend_media","prec_alta","esc_alta","aporte_bajo"
785,"Sec Bosque Tropical","Regosol","1°-3°",529215.213012695,179750.893859863,179750.89,12.0993327901316,"Baja","Baja","Baja","forestal_secundaria","suelo_infiltracion_baja","pend_baja","prec_baja","esc_baja","aporte_bajo"
786,"Pastizal","Phaeozem","6°-15°",1021370.67150879,297278.719360352,52983251.28,17.7854864268626,"Baja","Baja","Alta","agropecuaria","suelo_infiltracion_alta","pend_media","prec_baja","esc_baja","aporte_alto"
787,"Pastizal","Phaeozem","3°-6°",622309.982666016,186794.986297607,186794.99,12.137772337737,"Baja","Baja","Baja","agropecuaria","suelo_infiltracion_alta","pend_media","prec_baja","esc_baja","aporte_bajo"
788,"Pastizal","Phaeozem","6°-15°",337159.139526367,101312.094696045,101312.09,11.5259709020268,"Baja","Baja","Baja","agropecuaria","suelo_infiltracion_alta","pend_media","prec_baja","esc_baja","aporte_bajo"
789,"Pastizal","Phaeozem","1°-3°",1217044.21337891,373366.498962402,100081861.37,18.4214990327627,"Media","Media","Alta","agropecuaria","suelo_infiltracion_alta","pend_baja","prec_media","esc_media","aporte_alto"
790,"Pastizal","Phaeozem","1°-3°",1339447.44104004,392143.252685547,42946916.25,17.5754754284984,"Media","Media","Alta","agropecuaria","suelo_infiltracion_alta","pend_baja","prec_media","esc_media","aporte_alto"
791,"Pastizal","Phaeozem","1°-3°",2166806.1418457,638663.383026123,14886190.53,16.5159445982709,"Alta","Media","Media","agropecuaria","suelo_infiltracion_alta","pend_baja","prec_alta","esc_media","aporte_medio"
792,"Pastizal","Phaeozem","1°-3°",2732205.94213867,811156.897216797,13667402.56,16.4305242535713,"Alta","Media","Media","agropecuaria","suelo_infiltracion_alta","pend_baja","prec_alta","esc_media","aporte_medio"
793,"Pastizal","Leptosol","15°-35°",1970892.01989746,560893.713653564,560893.71,13.2372884841808,"Media","Media","Baja","agropecuaria","suelo_infiltracion_baja","pend_alta","prec_media","esc_media","aporte_bajo"
794,"Sec Bosque Tropical","Leptosol","15°-35°",635641.541870117,173680.947906494,173680.95,12.0649810320341,"Baja","Baja","Baja","forestal_secundaria","suelo_infiltracion_baja","pend_alta","prec_baja","esc_baja","aporte_bajo"
795,"Sec Bosque Tropical","Leptosol","1°-3°",2567080.02392578,694449.841217041,200840897.86,19.1180236046237,"Alta","Media","Alta","forestal_secundaria","suelo_infiltracion_baja","pend_baja","prec_alta","esc_media","aporte_alto"
796,"Sec Bosque Tropical","Phaeozem","15°-35°",1709593.5748291,466708.569244385,2080544.36,14.5481406096188,"Media","Media","Media","forestal_secundaria","suelo_infiltracion_alta","pend_alta","prec_media","esc_media","aporte_medio"
797,"Pastizal","Phaeozem","3°-6°",158214.657714844,42916.0398864746,1851941,14.4317453762033,"Baja","Baja","Media","agropecuaria","suelo_infiltracion_alta","pend_media","prec_baja","esc_baja","aporte_medio"
798,"Pastizal","Phaeozem","1°-3°",537875.628295898,135911.045471191,1016989.32,13.8323581567946,"Baja","Baja","Baja","agropecuaria","suelo_infiltracion_alta","pend_baja","prec_baja","esc_baja","aporte_bajo"
799,"Pastizal","Regosol","6°-15°",2532075.24633789,711421.64465332,8252943.18,15.9260805649508,"Alta","Media","Media","agropecuaria","suelo_infiltracion_baja","pend_media","prec_alta","esc_media","aporte_medio"
800,"Sec Bosque Tropical","Regosol","1°-3°",178382.419067383,48932.636932373,8832166.03,15.9939109592314,"Baja","Baja","Media","forestal_secundaria","suelo_infiltracion_baja","pend_baja","prec_baja","esc_baja","aporte_medio"
801,"Pastizal","Phaeozem","6°-15°",1293614.79174805,326922.786712647,326922.79,12.6974823646132,"Media","Baja","Baja","agropecuaria","suelo_infiltracion_alta","pend_media","prec_media","esc_baja","aporte_bajo"
802,"Sec Bosque Tropical","Regosol","15°-35°",1476431.61035156,389614.711120605,389614.71,12.8729161733462,"Media","Media","Baja","forestal_secundaria","suelo_infiltracion_baja","pend_alta","prec_media","esc_media","aporte_bajo"
803,"Sec Bosque Tropical","Phaeozem","15°-35°",691441.723754883,177464.147979736,2258008.51,14.6299942353746,"Baja","Baja","Media","forestal_secundaria","suelo_infiltracion_alta","pend_alta","prec_baja","esc_baja","aporte_medio"
804,"Sec Bosque Tropical","Leptosol","6°-15°",931517.826660156,234199.828582764,250516142.22,19.3390339204048,"Baja","Baja","Alta","forestal_secundaria","suelo_infiltracion_baja","pend_media","prec_baja","esc_baja","aporte_alto"
805,"Sec Bosque Tropical","Leptosol","15°-35°",731158.58605957,187504.4480896,250703646.67,19.3397821129628,"Baja","Baja","Alta","forestal_secundaria","suelo_infiltracion_baja","pend_alta","prec_baja","esc_baja","aporte_alto"
806,"Sec Bosque Tropical","Regosol","6°-15°",794260.417114258,194793.972595215,257783559.51,19.3676308780497,"Baja","Baja","Alta","forestal_secundaria","suelo_infiltracion_baja","pend_media","prec_baja","esc_baja","aporte_alto"
807,"Sec Bosque Tropical","Regosol","15°-35°",600118.304443359,153251.594238281,927561.88,13.740315866314,"Baja","Baja","Baja","forestal_secundaria","suelo_infiltracion_baja","pend_alta","prec_baja","esc_baja","aporte_bajo"
808,"Sec Bosque Tropical","Phaeozem","15°-35°",1329919.95019531,360943.814910889,360943.81,12.7964803447411,"Media","Baja","Baja","forestal_secundaria","suelo_infiltracion_alta","pend_alta","prec_media","esc_baja","aporte_bajo"
809,"Sec Bosque Tropical","Phaeozem","15°-35°",891723.002929688,217452.551208496,217452.55,12.2897405434846,"Baja","Baja","Baja","forestal_secundaria","suelo_infiltracion_alta","pend_alta","prec_baja","esc_baja","aporte_bajo"
810,"Sec Bosque Tropical","Phaeozem","6°-15°",4557334.86462402,1086319.35189819,8724438.65,15.9816388004946,"Alta","Alta","Media","forestal_secundaria","suelo_infiltracion_alta","pend_media","prec_alta","esc_alta","aporte_medio"
811,"Sec Bosque Tropical","Regosol","6°-15°",663735.903808594,198590.58895874,2138221.17,14.5754852800421,"Baja","Baja","Media","forestal_secundaria","suelo_infiltracion_baja","pend_media","prec_baja","esc_baja","aporte_medio"
812,"Sec Bosque Tropical","Regosol","6°-15°",1541524.73120117,468443.814331055,1106679.26,13.9168753352817,"Media","Media","Baja","forestal_secundaria","suelo_infiltracion_baja","pend_media","prec_media","esc_media","aporte_bajo"
813,"Bosque de Encino","Regosol","6°-15°",2547837.84179688,718690.349029541,899940.15,13.7100846512796,"Alta","Media","Baja","forestal_conservada","suelo_infiltracion_baja","pend_media","prec_alta","esc_media","aporte_bajo"
814,"Sec Bosque Templado","Regosol","6°-15°",4224091.47912598,1208126.04443359,1631185.94,14.3048184918347,"Alta","Alta","Media","forestal_secundaria","suelo_infiltracion_baja","pend_media","prec_alta","esc_alta","aporte_medio"
815,"Bosque de Encino","Regosol","15°-35°",1604731.65783691,468972.682128906,2432672.74,14.7045015149521,"Media","Media","Media","forestal_conservada","suelo_infiltracion_baja","pend_alta","prec_media","esc_media","aporte_medio"
816,"Bosque de Encino","Regosol","6°-15°",1548566.90661621,439552.675842285,1963700.06,14.4903415465355,"Media","Media","Media","forestal_conservada","suelo_infiltracion_baja","pend_media","prec_media","esc_media","aporte_medio"
817,"Sec Bosque Tropical","Regosol","6°-15°",1696731.5513916,478237.645629883,478237.65,13.0778651546633,"Media","Media","Baja","forestal_secundaria","suelo_infiltracion_baja","pend_media","prec_media","esc_media","aporte_bajo"
818,"Sec Bosque Tropical","Regosol","15°-35°",1568925.95410156,428163.310150146,428163.31,12.9672623027616,"Media","Media","Baja","forestal_secundaria","suelo_infiltracion_baja","pend_alta","prec_media","esc_media","aporte_bajo"
819,"Bosque Tropical","Cambisol","6°-15°",NA,0,1091698.69,13.9032463883075,NA,"Baja","Baja","forestal_conservada","suelo_infiltracion_media","pend_media","prec_baja","esc_baja","aporte_bajo"
820,"Bosque Tropical","Phaeozem","15°-35°",914632.302001953,0,1091698.69,13.9032463883075,"Baja","Baja","Baja","forestal_conservada","suelo_infiltracion_alta","pend_alta","prec_baja","esc_baja","aporte_bajo"
821,"Bosque Tropical","Cambisol","15°-35°",491378.484924316,0,0,0,"Baja","Baja","Muy Baja","forestal_conservada","suelo_infiltracion_media","pend_alta","prec_baja","esc_baja","aporte_muy_bajo"
822,"Sec Bosque Tropical","Regosol","15°-35°",1811486.56848145,472165.688537598,472165.69,13.0650873590022,"Media","Media","Baja","forestal_secundaria","suelo_infiltracion_baja","pend_alta","prec_media","esc_media","aporte_bajo"
823,"Sec Bosque Tropical","Regosol","15°-35°",398303.998168945,104010.841674805,576176.53,13.2641711039961,"Baja","Baja","Baja","forestal_secundaria","suelo_infiltracion_baja","pend_alta","prec_baja","esc_baja","aporte_bajo"
824,"Sec Bosque Tropical","Regosol","6°-15°",4048693.40844727,1017964.01611328,1714085.76,14.3543909952952,"Alta","Alta","Media","forestal_secundaria","suelo_infiltracion_baja","pend_media","prec_alta","esc_alta","aporte_medio"
825,"Pastizal","Regosol","6°-15°",1479121.09436035,371892.504608154,4137938.11,15.2357084223413,"Media","Baja","Media","agropecuaria","suelo_infiltracion_baja","pend_media","prec_media","esc_baja","aporte_medio"
826,"Pastizal","Regosol","15°-35°",1279587.20654297,307825.648040771,4445763.76,15.3074624616251,"Media","Baja","Media","agropecuaria","suelo_infiltracion_baja","pend_alta","prec_media","esc_baja","aporte_medio"
827,"Pastizal","Regosol","15°-35°",2013077.38806152,507111.23236084,507111.23,13.1364876190233,"Alta","Media","Baja","agropecuaria","suelo_infiltracion_baja","pend_alta","prec_alta","esc_media","aporte_bajo"
828,"Sec Bosque Tropical","Regosol","6°-15°",398452.679443359,97217.1430053711,0,0,"Baja","Baja","Muy Baja","forestal_secundaria","suelo_infiltracion_baja","pend_media","prec_baja","esc_baja","aporte_muy_bajo"
829,"Sec Bosque Tropical","Phaeozem","15°-35°",5629221.12109375,1310160.09960938,11120918.1,16.2243384962488,"Alta","Alta","Media","forestal_secundaria","suelo_infiltracion_alta","pend_alta","prec_alta","esc_alta","aporte_medio"
830,"Pastizal","Regosol","3°-6°",725255.687866211,153929.490478516,153929.49,11.9442564158642,"Baja","Baja","Baja","agropecuaria","suelo_infiltracion_baja","pend_media","prec_baja","esc_baja","aporte_bajo"
831,"Sec Bosque Tropical","Regosol","3°-6°",882814.794921875,159500.889389038,10689539.24,16.1847762736573,"Baja","Baja","Media","forestal_secundaria","suelo_infiltracion_baja","pend_media","prec_baja","esc_baja","aporte_medio"
832,"Bosque Tropical","Regosol","1°-3°",300199.138427734,0,0,0,"Baja","Baja","Muy Baja","forestal_conservada","suelo_infiltracion_baja","pend_baja","prec_baja","esc_baja","aporte_muy_bajo"
833,"Bosque Tropical","Regosol","1°-3°",NA,0,0,0,NA,"Baja","Muy Baja","forestal_conservada","suelo_infiltracion_baja","pend_baja","prec_baja","esc_baja","aporte_muy_bajo"
834,"Pastizal","Regosol","6°-15°",659428.901367188,141846.088897705,7333179.01,15.8079198147086,"Baja","Baja","Media","agropecuaria","suelo_infiltracion_baja","pend_media","prec_baja","esc_baja","aporte_medio"
835,"Agricultura","Phaeozem","<1°",1126509.65771484,0,367386964.99,19.7219262537687,"Media","Baja","Alta","agropecuaria","suelo_infiltracion_alta","pend_baja","prec_media","esc_baja","aporte_alto"
836,"Pastizal","Regosol","6°-15°",1075488.95404053,58773.3435173035,183124.77,12.1179284635228,"Media","Baja","Baja","agropecuaria","suelo_infiltracion_baja","pend_media","prec_media","esc_baja","aporte_bajo"
837,"Sec Bosque Tropical","Regosol","15°-35°",912514.811462402,50662.5602531433,104428.46,11.5562670985323,"Baja","Baja","Baja","forestal_secundaria","suelo_infiltracion_baja","pend_alta","prec_baja","esc_baja","aporte_bajo"
838,"Sec Bosque Tropical","Regosol","15°-35°",1468548.02587891,1603.5777875231,366126454.35,19.7184893381128,"Media","Baja","Alta","forestal_secundaria","suelo_infiltracion_baja","pend_alta","prec_media","esc_baja","aporte_alto"
839,"Sec Bosque Tropical","Regosol","6°-15°",1212906.52197266,40398.8131780028,1746910.84,14.3733601241909,"Media","Baja","Media","forestal_secundaria","suelo_infiltracion_baja","pend_media","prec_media","esc_baja","aporte_medio"
840,"Sec Bosque Tropical","Regosol","3°-6°",1111948.72570801,38019.4006640911,38019.4,10.5458781367656,"Media","Baja","Baja","forestal_secundaria","suelo_infiltracion_baja","pend_media","prec_media","esc_baja","aporte_bajo"
841,"Sec Bosque Tropical","Regosol","6°-15°",3004435.40209961,886119.743713379,3439862.66,15.0509423948432,"Alta","Media","Media","forestal_secundaria","suelo_infiltracion_baja","pend_media","prec_alta","esc_media","aporte_medio"
842,"Sec Bosque Tropical","Regosol","6°-15°",2843952.1809082,723718.9012146,723718.9,13.492159718058,"Alta","Media","Baja","forestal_secundaria","suelo_infiltracion_baja","pend_media","prec_alta","esc_media","aporte_bajo"
843,"Pastizal","Regosol","3°-6°",108774.748168945,27697.0098876953,14320726.2,16.4772185003303,"Baja","Baja","Media","agropecuaria","suelo_infiltracion_baja","pend_media","prec_baja","esc_baja","aporte_medio"
844,"Pastizal","Regosol","6°-15°",2637249.78588867,713353.217376709,713353.22,13.4777333782751,"Alta","Media","Baja","agropecuaria","suelo_infiltracion_baja","pend_media","prec_alta","esc_media","aporte_bajo"
845,"Sec Bosque Tropical","Regosol","3°-6°",153791.491088867,17117.3795471191,438154.7,12.9903296056428,"Baja","Baja","Baja","forestal_secundaria","suelo_infiltracion_baja","pend_media","prec_baja","esc_baja","aporte_bajo"
846,"Sec Bosque Tropical","Regosol","6°-15°",2566488.39172363,247012.196281433,1432609.99,14.1750092044998,"Alta","Baja","Media","forestal_secundaria","suelo_infiltracion_baja","pend_media","prec_alta","esc_baja","aporte_medio"
847,"Pastizal","Regosol","6°-15°",1922721.55236816,447133.642272949,954244.87,13.7686766425918,"Media","Media","Baja","agropecuaria","suelo_infiltracion_baja","pend_media","prec_media","esc_media","aporte_bajo"
848,"Pastizal","Regosol","6°-15°",350098.80859375,78373.3203277588,78373.32,11.2692516016615,"Baja","Baja","Baja","agropecuaria","suelo_infiltracion_baja","pend_media","prec_baja","esc_baja","aporte_bajo"
849,"Pastizal","Regosol","6°-15°",950372.635986328,214330.526977539,214330.53,12.2752793008304,"Baja","Baja","Baja","agropecuaria","suelo_infiltracion_baja","pend_media","prec_baja","esc_baja","aporte_bajo"
850,"Pastizal","Regosol","3°-6°",5425688.9699707,1265737.20899963,1591715.25,14.2803233945761,"Alta","Alta","Media","agropecuaria","suelo_infiltracion_baja","pend_media","prec_alta","esc_alta","aporte_medio"
851,"Bosque de Encino","Regosol","6°-15°",2048602.92889404,241224.633270264,579942.15,13.2706853604772,"Alta","Baja","Baja","forestal_conservada","suelo_infiltracion_baja","pend_media","prec_alta","esc_baja","aporte_bajo"
852,"Bosque de Encino","Regosol","3°-6°",527917.642944336,59792.2327880859,59792.23,10.9986477228276,"Baja","Baja","Baja","forestal_conservada","suelo_infiltracion_baja","pend_media","prec_baja","esc_baja","aporte_bajo"
853,"Sec Bosque Tropical","Regosol","15°-35°",286982.883850098,14901.1076574326,325499219.06,19.600870623481,"Baja","Baja","Alta","forestal_secundaria","suelo_infiltracion_baja","pend_alta","prec_baja","esc_baja","aporte_alto"
854,"Sec Bosque Tropical","Regosol","3°-6°",1458065.28747559,192462.719482422,192462.72,12.1676629474153,"Media","Baja","Baja","forestal_secundaria","suelo_infiltracion_baja","pend_media","prec_media","esc_baja","aporte_bajo"
855,"Bosque Tropical","Regosol","6°-15°",515778.071350098,25463.3902635574,25463.39,10.1450362845845,"Baja","Baja","Baja","forestal_conservada","suelo_infiltracion_baja","pend_media","prec_baja","esc_baja","aporte_bajo"
856,"Bosque Tropical","Regosol","3°-6°",101895.587158203,1258.06854605675,30601336.09,17.2365542617196,"Baja","Baja","Alta","forestal_conservada","suelo_infiltracion_baja","pend_media","prec_baja","esc_baja","aporte_alto"
857,"Bosque Tropical","Regosol","3°-6°",341706.729064941,4172.56612285972,362044535.85,19.7072777921949,"Baja","Baja","Alta","forestal_conservada","suelo_infiltracion_baja","pend_media","prec_baja","esc_baja","aporte_alto"
858,"Sec Bosque Tropical","Regosol","6°-15°",1822296.9810791,238909.143878937,238909.14,12.3838427769506,"Media","Baja","Baja","forestal_secundaria","suelo_infiltracion_baja","pend_media","prec_media","esc_baja","aporte_bajo"
859,"Sec Bosque Tropical","Regosol","15°-35°",517990.396057129,50026.0199775696,288935.16,12.5739610430387,"Baja","Baja","Baja","forestal_secundaria","suelo_infiltracion_baja","pend_alta","prec_baja","esc_baja","aporte_bajo"
860,"Sec Bosque Tropical","Regosol","6°-15°",812734.873352051,78821.773021698,3964301.8,15.192840559002,"Baja","Baja","Media","forestal_secundaria","suelo_infiltracion_baja","pend_media","prec_baja","esc_baja","aporte_medio"
861,"Sec Bosque Tropical","Regosol","15°-35°",4606471.63641357,456255.785009384,22173566.18,16.9144114698671,"Alta","Media","Media","forestal_secundaria","suelo_infiltracion_baja","pend_alta","prec_alta","esc_media","aporte_medio"
862,"Pastizal","Regosol","6°-15°",1324507.45068359,125705.62338829,320311098.57,19.5848032676474,"Media","Baja","Alta","agropecuaria","suelo_infiltracion_baja","pend_media","prec_media","esc_baja","aporte_alto"
863,"Pastizal","Regosol","3°-6°",822577.454956055,170782.310440063,1184478.32,13.9848138435852,"Baja","Baja","Baja","agropecuaria","suelo_infiltracion_baja","pend_media","prec_baja","esc_baja","aporte_bajo"
864,"Pastizal","Regosol","6°-15°",1682219.68383789,269279.78086853,1453758.1,14.1896632424687,"Media","Baja","Media","agropecuaria","suelo_infiltracion_baja","pend_media","prec_media","esc_baja","aporte_medio"
865,"Sec Bosque Tropical","Regosol","3°-6°",728659.175415039,89768.955291748,89768.96,11.4050056771675,"Baja","Baja","Baja","forestal_secundaria","suelo_infiltracion_baja","pend_media","prec_baja","esc_baja","aporte_bajo"
866,"Pastizal","Regosol","6°-15°",1134335.13378906,167968.463470459,167968.46,12.0315374561461,"Media","Baja","Baja","agropecuaria","suelo_infiltracion_baja","pend_media","prec_media","esc_baja","aporte_bajo"
867,"Pastizal","Regosol","3°-6°",965753.945800781,157544.77204895,285777.05,12.5629707395691,"Baja","Baja","Baja","agropecuaria","suelo_infiltracion_baja","pend_media","prec_baja","esc_baja","aporte_bajo"
868,"Pastizal","Regosol","3°-6°",1372140.44067383,258359.196136475,258359.2,12.4621100142597,"Media","Baja","Baja","agropecuaria","suelo_infiltracion_baja","pend_media","prec_media","esc_baja","aporte_bajo"
869,"Pastizal","Regosol","3°-6°",340162.997802734,59613.3706512451,317972.57,12.6697235451007,"Baja","Baja","Baja","agropecuaria","suelo_infiltracion_baja","pend_media","prec_baja","esc_baja","aporte_bajo"
870,"Sec Bosque Tropical","Regosol","6°-15°",3978798.13122559,603579.144638062,2894497.72,14.8783225002831,"Alta","Media","Media","forestal_secundaria","suelo_infiltracion_baja","pend_media","prec_alta","esc_media","aporte_medio"
871,"Sec Bosque Tropical","Cambisol","6°-15°",1571934.28088379,310601.161621094,310601.16,12.6462681439546,"Media","Baja","Baja","forestal_secundaria","suelo_infiltracion_media","pend_media","prec_media","esc_baja","aporte_bajo"
872,"Sec Bosque Tropical","Regosol","6°-15°",598708.514282227,107416.535934448,19041191.3,16.7621152061652,"Baja","Baja","Media","forestal_secundaria","suelo_infiltracion_baja","pend_media","prec_baja","esc_baja","aporte_medio"
873,"Sec Bosque Tropical","Regosol","3°-6°",709937.392456055,136031.822769165,18933774.76,16.7564579623559,"Baja","Baja","Media","forestal_secundaria","suelo_infiltracion_baja","pend_media","prec_baja","esc_baja","aporte_medio"
874,"Sec Bosque Tropical","Regosol","6°-15°",761648.994262695,141430.29524231,141430.3,11.8595693657986,"Baja","Baja","Baja","forestal_secundaria","suelo_infiltracion_baja","pend_media","prec_baja","esc_baja","aporte_bajo"
875,"Pastizal","Regosol","3°-6°",981445.470214844,206984.822967529,206984.82,12.2404055674857,"Baja","Baja","Baja","agropecuaria","suelo_infiltracion_baja","pend_media","prec_baja","esc_baja","aporte_bajo"
876,"Pastizal","Regosol","6°-15°",2768145.76342773,535013.952316284,13303763.19,16.4035575749534,"Alta","Media","Media","agropecuaria","suelo_infiltracion_baja","pend_media","prec_alta","esc_media","aporte_medio"
877,"Sec Bosque Tropical","Regosol","15°-35°",3423270.39526367,964307.628356934,964307.63,13.7791666779555,"Alta","Alta","Baja","forestal_secundaria","suelo_infiltracion_baja","pend_alta","prec_alta","esc_alta","aporte_bajo"
878,"Sec Bosque Tropical","Regosol","6°-15°",3810518.67822266,1020854.58486938,1020854.58,13.8361516375826,"Alta","Alta","Baja","forestal_secundaria","suelo_infiltracion_baja","pend_media","prec_alta","esc_alta","aporte_bajo"
879,"Pastizal","Regosol","3°-6°",1152932.28210449,250480.421905518,250480.42,12.4311400250995,"Media","Baja","Baja","agropecuaria","suelo_infiltracion_baja","pend_media","prec_media","esc_baja","aporte_bajo"
880,"Pastizal","Regosol","15°-35°",1391608.80773926,219128.380950928,315144636.87,19.5685422592459,"Media","Baja","Alta","agropecuaria","suelo_infiltracion_baja","pend_alta","prec_media","esc_baja","aporte_alto"
881,"Pastizal","Regosol","6°-15°",1055157.44433594,211237.743667603,211237.74,12.2607442420237,"Baja","Baja","Baja","agropecuaria","suelo_infiltracion_baja","pend_media","prec_baja","esc_baja","aporte_bajo"
882,"Sec Bosque Tropical","Regosol","3°-6°",2164086.85913086,297435.950668335,317534212.93,19.5760961309007,"Alta","Baja","Alta","forestal_secundaria","suelo_infiltracion_baja","pend_media","prec_alta","esc_baja","aporte_alto"
883,"Sec Bosque Tropical","Regosol","3°-6°",896518.104736328,170881.068649292,895052.77,13.7046390736647,"Baja","Baja","Baja","forestal_secundaria","suelo_infiltracion_baja","pend_media","prec_baja","esc_baja","aporte_bajo"
884,"Pastizal","Regosol","6°-15°",1240687.85925293,236034.889251709,271010848.27,19.4176694122493,"Media","Baja","Alta","agropecuaria","suelo_infiltracion_baja","pend_media","prec_media","esc_baja","aporte_alto"
885,"Pastizal","Regosol","3°-6°",937293.921630859,195986.533966064,845307.8,13.647457283368,"Baja","Baja","Baja","agropecuaria","suelo_infiltracion_baja","pend_media","prec_baja","esc_baja","aporte_bajo"
886,"Sec Bosque Tropical","Regosol","6°-15°",1415846.22192383,253358.245483398,269540774.05,19.4122302357556,"Media","Baja","Alta","forestal_secundaria","suelo_infiltracion_baja","pend_media","prec_media","esc_baja","aporte_alto"
887,"Sec Bosque Tropical","Regosol","3°-6°",1143932.52734375,207291.438812256,263181546.23,19.3883546456492,"Media","Baja","Alta","forestal_secundaria","suelo_infiltracion_baja","pend_media","prec_media","esc_baja","aporte_alto"
888,"Sec Bosque Tropical","Regosol","6°-15°",2306174.72631836,453153.251068115,262974254.79,19.3875666986208,"Alta","Media","Alta","forestal_secundaria","suelo_infiltracion_baja","pend_media","prec_alta","esc_media","aporte_alto"
889,"Pastizal","Regosol","3°-6°",514231.337036133,0,1411423.5,14.1601100360492,"Baja","Baja","Media","agropecuaria","suelo_infiltracion_baja","pend_media","prec_baja","esc_baja","aporte_medio"
890,"Sec Bosque Tropical","Regosol","3°-6°",1946026.54284668,448105.169891357,448105.17,13.0127854699274,"Media","Media","Baja","forestal_secundaria","suelo_infiltracion_baja","pend_media","prec_media","esc_media","aporte_bajo"
891,"Sec Bosque Tropical","Regosol","3°-6°",2068392.53295898,495749.685028076,495749.69,13.1138284382116,"Alta","Media","Baja","forestal_secundaria","suelo_infiltracion_baja","pend_media","prec_alta","esc_media","aporte_bajo"
892,"Sec Bosque Tropical","Regosol","1°-3°",1299086.70361328,277161.289916992,19561604.94,16.7890793224726,"Media","Baja","Media","forestal_secundaria","suelo_infiltracion_baja","pend_baja","prec_media","esc_baja","aporte_medio"
893,"Pastizal","Regosol","3°-6°",459993.287963867,95291.2403411865,20329752.22,16.8275960468196,"Baja","Baja","Media","agropecuaria","suelo_infiltracion_baja","pend_media","prec_baja","esc_baja","aporte_medio"
894,"Pastizal","Regosol","3°-6°",911214.356323242,219863.669952393,16606705.87,16.6253172000426,"Baja","Baja","Media","agropecuaria","suelo_infiltracion_baja","pend_media","prec_baja","esc_baja","aporte_medio"
895,"Pastizal","Regosol","3°-6°",1031877.29162598,255844.712158203,15636077.75,16.5650915423366,"Baja","Baja","Media","agropecuaria","suelo_infiltracion_baja","pend_media","prec_baja","esc_baja","aporte_medio"
896,"Pastizal","Regosol","6°-15°",2956367.11120605,750764.44845581,16386842.2,16.6119893269221,"Alta","Media","Media","agropecuaria","suelo_infiltracion_baja","pend_media","prec_alta","esc_media","aporte_medio"
897,"Bosque de Encino","Cambisol","15°-35°",1036844.10620117,279413.876037598,523065.35,13.1674635992452,"Baja","Baja","Baja","forestal_conservada","suelo_infiltracion_media","pend_alta","prec_baja","esc_baja","aporte_bajo"
898,"Bosque de Encino","Cambisol","15°-35°",582300.586791992,155816.835601807,155816.84,11.9564429116401,"Baja","Baja","Baja","forestal_conservada","suelo_infiltracion_media","pend_alta","prec_baja","esc_baja","aporte_bajo"
899,"Pastizal","Phaeozem","1°-3°",693767.887207031,213219.087188721,39884381.91,17.5014953994765,"Baja","Baja","Alta","agropecuaria","suelo_infiltracion_alta","pend_baja","prec_baja","esc_baja","aporte_alto"
